# k=5 n=11 D_B=8 (k-1)(k-3)=8 #maximisers=3 lambda^(k) in maximisers: True
  (3, 3, 2, 2, 1)
  (3, 3, 2, 1, 1, 1)
  (3, 2, 2, 2, 1, 1)
# k=6 n=16 D_B=15 (k-1)(k-3)=15 #maximisers=12 lambda^(k) in maximisers: True
  (4, 4, 3, 2, 2, 1)
  (4, 4, 3, 2, 1, 1, 1)
  (4, 4, 2, 2, 2, 1, 1)
  (4, 3, 3, 3, 2, 1)
  (4, 3, 3, 3, 1, 1, 1)
  (4, 3, 3, 2, 2, 2)
  (4, 3, 3, 2, 1, 1, 1, 1)
  (4, 3, 2, 2, 2, 2, 1)
  (4, 3, 2, 2, 2, 1, 1, 1)
  (3, 3, 3, 3, 2, 1, 1)
  (3, 3, 3, 2, 2, 2, 1)
  (3, 3, 3, 2, 2, 1, 1, 1)
# k=7 n=22 D_B=24 (k-1)(k-3)=24 #maximisers=62 lambda^(k) in maximisers: True
  (5, 5, 4, 3, 2, 2, 1)
  (5, 5, 4, 3, 2, 1, 1, 1)
  (5, 5, 4, 2, 2, 2, 1, 1)
  (5, 5, 3, 3, 3, 2, 1)
  (5, 5, 3, 3, 3, 1, 1, 1)
  (5, 5, 3, 3, 2, 2, 2)
  (5, 5, 3, 3, 2, 1, 1, 1, 1)
  (5, 5, 3, 2, 2, 2, 2, 1)
  (5, 5, 3, 2, 2, 2, 1, 1, 1)
  (5, 4, 4, 4, 2, 2, 1)
  (5, 4, 4, 4, 2, 1, 1, 1)
  (5, 4, 4, 3, 3, 2, 1)
  (5, 4, 4, 3, 3, 1, 1, 1)
  (5, 4, 4, 3, 2, 2, 2)
  (5, 4, 4, 3, 2, 2, 1, 1)
  (5, 4, 4, 3, 2, 1, 1, 1, 1)
  (5, 4, 4, 2, 2, 2, 2, 1)
  (5, 4, 4, 2, 2, 2, 1, 1, 1)
  (5, 4, 3, 3, 3, 3, 1)
  (5, 4, 3, 3, 3, 2, 2)
  (5, 4, 3, 3, 3, 2, 1, 1)
  (5, 4, 3, 3, 3, 1, 1, 1, 1)
  (5, 4, 3, 3, 2, 2, 2, 1)
  (5, 4, 3, 3, 2, 2, 1, 1, 1)
  (5, 4, 3, 3, 2, 1, 1, 1, 1, 1)
  (5, 4, 3, 2, 2, 2, 2, 2)
  (5, 4, 3, 2, 2, 2, 2, 1, 1)
  (5, 4, 3, 2, 2, 2, 1, 1, 1, 1)
  (5, 3, 3, 3, 3, 3, 1, 1)
  (5, 3, 3, 3, 3, 2, 2, 1)
  (5, 3, 3, 3, 3, 2, 1, 1, 1)
  (5, 3, 3, 3, 2, 2, 2, 2)
  (5, 3, 3, 3, 2, 2, 2, 1, 1)
  (5, 3, 3, 3, 2, 2, 1, 1, 1, 1)
  (4, 4, 4, 4, 3, 2, 1)
  (4, 4, 4, 4, 3, 1, 1, 1)
  (4, 4, 4, 4, 2, 2, 2)
  (4, 4, 4, 4, 2, 1, 1, 1, 1)
  (4, 4, 4, 3, 3, 3, 1)
  (4, 4, 4, 3, 3, 2, 2)
  (4, 4, 4, 3, 3, 2, 1, 1)
  (4, 4, 4, 3, 3, 1, 1, 1, 1)
  (4, 4, 4, 3, 2, 2, 2, 1)
  (4, 4, 4, 3, 2, 2, 1, 1, 1)
  (4, 4, 4, 3, 2, 1, 1, 1, 1, 1)
  (4, 4, 4, 2, 2, 2, 2, 2)
  (4, 4, 4, 2, 2, 2, 2, 1, 1)
  (4, 4, 4, 2, 2, 2, 1, 1, 1, 1)
  (4, 4, 3, 3, 3, 3, 2)
  (4, 4, 3, 3, 3, 2, 2, 1)
  (4, 4, 3, 3, 3, 2, 1, 1, 1)
  (4, 4, 3, 3, 3, 1, 1, 1, 1, 1)
  (4, 4, 3, 3, 2, 2, 2, 1, 1)
  (4, 4, 3, 2, 2, 2, 2, 2, 1)
  (4, 4, 3, 2, 2, 2, 2, 1, 1, 1)
  (4, 3, 3, 3, 3, 3, 2, 1)
  (4, 3, 3, 3, 3, 3, 1, 1, 1)
  (4, 3, 3, 3, 3, 2, 2, 2)
  (4, 3, 3, 3, 3, 2, 2, 1, 1)
  (4, 3, 3, 3, 3, 2, 1, 1, 1, 1)
  (4, 3, 3, 3, 2, 2, 2, 2, 1)
  (4, 3, 3, 3, 2, 2, 2, 1, 1, 1)
# k=8 n=29 D_B=35 (k-1)(k-3)=35 #maximisers=288 lambda^(k) in maximisers: True
  (6, 6, 5, 4, 3, 2, 2, 1)
  (6, 6, 5, 4, 3, 2, 1, 1, 1)
  (6, 6, 5, 4, 2, 2, 2, 1, 1)
  (6, 6, 5, 3, 3, 3, 2, 1)
  (6, 6, 5, 3, 3, 3, 1, 1, 1)
  (6, 6, 5, 3, 3, 2, 2, 2)
  (6, 6, 5, 3, 3, 2, 1, 1, 1, 1)
  (6, 6, 5, 3, 2, 2, 2, 2, 1)
  (6, 6, 5, 3, 2, 2, 2, 1, 1, 1)
  (6, 6, 4, 4, 4, 2, 2, 1)
  (6, 6, 4, 4, 4, 2, 1, 1, 1)
  (6, 6, 4, 4, 3, 3, 2, 1)
  (6, 6, 4, 4, 3, 3, 1, 1, 1)
  (6, 6, 4, 4, 3, 2, 2, 2)
  (6, 6, 4, 4, 3, 2, 2, 1, 1)
  (6, 6, 4, 4, 3, 2, 1, 1, 1, 1)
  (6, 6, 4, 4, 2, 2, 2, 2, 1)
  (6, 6, 4, 4, 2, 2, 2, 1, 1, 1)
  (6, 6, 4, 3, 3, 3, 3, 1)
  (6, 6, 4, 3, 3, 3, 2, 2)
  (6, 6, 4, 3, 3, 3, 2, 1, 1)
  (6, 6, 4, 3, 3, 3, 1, 1, 1, 1)
  (6, 6, 4, 3, 3, 2, 2, 2, 1)
  (6, 6, 4, 3, 3, 2, 2, 1, 1, 1)
  (6, 6, 4, 3, 3, 2, 1, 1, 1, 1, 1)
  (6, 6, 4, 3, 2, 2, 2, 2, 2)
  (6, 6, 4, 3, 2, 2, 2, 2, 1, 1)
  (6, 6, 4, 3, 2, 2, 2, 1, 1, 1, 1)
  (6, 6, 3, 3, 3, 3, 3, 1, 1)
  (6, 6, 3, 3, 3, 3, 2, 2, 1)
  (6, 6, 3, 3, 3, 3, 2, 1, 1, 1)
  (6, 6, 3, 3, 3, 2, 2, 2, 2)
  (6, 6, 3, 3, 3, 2, 2, 2, 1, 1)
  (6, 6, 3, 3, 3, 2, 2, 1, 1, 1, 1)
  (6, 5, 5, 5, 3, 2, 2, 1)
  (6, 5, 5, 5, 3, 2, 1, 1, 1)
  (6, 5, 5, 5, 2, 2, 2, 1, 1)
  (6, 5, 5, 4, 4, 2, 2, 1)
  (6, 5, 5, 4, 4, 2, 1, 1, 1)
  (6, 5, 5, 4, 3, 3, 2, 1)
  (6, 5, 5, 4, 3, 3, 1, 1, 1)
  (6, 5, 5, 4, 3, 2, 2, 2)
  (6, 5, 5, 4, 3, 2, 2, 1, 1)
  (6, 5, 5, 4, 3, 2, 1, 1, 1, 1)
  (6, 5, 5, 4, 2, 2, 2, 2, 1)
  (6, 5, 5, 4, 2, 2, 2, 1, 1, 1)
  (6, 5, 5, 3, 3, 3, 3, 1)
  (6, 5, 5, 3, 3, 3, 2, 2)
  (6, 5, 5, 3, 3, 3, 2, 1, 1)
  (6, 5, 5, 3, 3, 3, 1, 1, 1, 1)
  (6, 5, 5, 3, 3, 2, 2, 2, 1)
  (6, 5, 5, 3, 3, 2, 2, 1, 1, 1)
  (6, 5, 5, 3, 3, 2, 1, 1, 1, 1, 1)
  (6, 5, 5, 3, 2, 2, 2, 2, 2)
  (6, 5, 5, 3, 2, 2, 2, 2, 1, 1)
  (6, 5, 5, 3, 2, 2, 2, 1, 1, 1, 1)
  (6, 5, 4, 4, 4, 3, 2, 1)
  (6, 5, 4, 4, 4, 3, 1, 1, 1)
  (6, 5, 4, 4, 4, 2, 2, 2)
  (6, 5, 4, 4, 4, 2, 2, 1, 1)
  (6, 5, 4, 4, 4, 2, 1, 1, 1, 1)
  (6, 5, 4, 4, 3, 3, 3, 1)
  (6, 5, 4, 4, 3, 3, 2, 2)
  (6, 5, 4, 4, 3, 3, 2, 1, 1)
  (6, 5, 4, 4, 3, 3, 1, 1, 1, 1)
  (6, 5, 4, 4, 3, 2, 2, 2, 1)
  (6, 5, 4, 4, 3, 2, 2, 1, 1, 1)
  (6, 5, 4, 4, 3, 2, 1, 1, 1, 1, 1)
  (6, 5, 4, 4, 2, 2, 2, 2, 2)
  (6, 5, 4, 4, 2, 2, 2, 2, 1, 1)
  (6, 5, 4, 4, 2, 2, 2, 1, 1, 1, 1)
  (6, 5, 4, 3, 3, 3, 3, 2)
  (6, 5, 4, 3, 3, 3, 3, 1, 1)
  (6, 5, 4, 3, 3, 3, 2, 2, 1)
  (6, 5, 4, 3, 3, 3, 2, 1, 1, 1)
  (6, 5, 4, 3, 3, 3, 1, 1, 1, 1, 1)
  (6, 5, 4, 3, 3, 2, 2, 2, 2)
  (6, 5, 4, 3, 3, 2, 2, 2, 1, 1)
  (6, 5, 4, 3, 3, 2, 2, 1, 1, 1, 1)
  (6, 5, 4, 3, 3, 2, 1, 1, 1, 1, 1, 1)
  (6, 5, 4, 3, 2, 2, 2, 2, 2, 1)
  (6, 5, 4, 3, 2, 2, 2, 2, 1, 1, 1)
  (6, 5, 4, 3, 2, 2, 2, 1, 1, 1, 1, 1)
  (6, 5, 3, 3, 3, 3, 3, 2, 1)
  (6, 5, 3, 3, 3, 3, 3, 1, 1, 1)
  (6, 5, 3, 3, 3, 3, 2, 2, 2)
  (6, 5, 3, 3, 3, 3, 2, 2, 1, 1)
  (6, 5, 3, 3, 3, 3, 2, 1, 1, 1, 1)
  (6, 5, 3, 3, 3, 2, 2, 2, 2, 1)
  (6, 5, 3, 3, 3, 2, 2, 2, 1, 1, 1)
  (6, 5, 3, 3, 3, 2, 2, 1, 1, 1, 1, 1)
  (6, 4, 4, 4, 4, 4, 2, 1)
  (6, 4, 4, 4, 4, 4, 1, 1, 1)
  (6, 4, 4, 4, 4, 3, 3, 1)
  (6, 4, 4, 4, 4, 3, 2, 2)
  (6, 4, 4, 4, 4, 3, 2, 1, 1)
  (6, 4, 4, 4, 4, 3, 1, 1, 1, 1)
  (6, 4, 4, 4, 4, 2, 2, 2, 1)
  (6, 4, 4, 4, 4, 2, 2, 1, 1, 1)
  (6, 4, 4, 4, 4, 2, 1, 1, 1, 1, 1)
  (6, 4, 4, 4, 3, 3, 3, 2)
  (6, 4, 4, 4, 3, 3, 3, 1, 1)
  (6, 4, 4, 4, 3, 3, 2, 2, 1)
  (6, 4, 4, 4, 3, 3, 2, 1, 1, 1)
  (6, 4, 4, 4, 3, 3, 1, 1, 1, 1, 1)
  (6, 4, 4, 4, 3, 2, 2, 2, 2)
  (6, 4, 4, 4, 3, 2, 2, 2, 1, 1)
  (6, 4, 4, 4, 3, 2, 2, 1, 1, 1, 1)
  (6, 4, 4, 4, 3, 2, 1, 1, 1, 1, 1, 1)
  (6, 4, 4, 4, 2, 2, 2, 2, 2, 1)
  (6, 4, 4, 4, 2, 2, 2, 2, 1, 1, 1)
  (6, 4, 4, 4, 2, 2, 2, 1, 1, 1, 1, 1)
  (6, 4, 4, 3, 3, 3, 3, 3)
  (6, 4, 4, 3, 3, 3, 3, 2, 1)
  (6, 4, 4, 3, 3, 3, 3, 1, 1, 1)
  (6, 4, 4, 3, 3, 3, 2, 2, 2)
  (6, 4, 4, 3, 3, 3, 2, 2, 1, 1)
  (6, 4, 4, 3, 3, 3, 2, 1, 1, 1, 1)
  (6, 4, 4, 3, 3, 3, 1, 1, 1, 1, 1, 1)
  (6, 4, 4, 3, 3, 2, 2, 2, 2, 1)
  (6, 4, 4, 3, 3, 2, 2, 2, 1, 1, 1)
  (6, 4, 4, 3, 2, 2, 2, 2, 2, 2)
  (6, 4, 4, 3, 2, 2, 2, 2, 2, 1, 1)
  (6, 4, 4, 3, 2, 2, 2, 2, 1, 1, 1, 1)
  (6, 4, 3, 3, 3, 3, 3, 3, 1)
  (6, 4, 3, 3, 3, 3, 3, 2, 2)
  (6, 4, 3, 3, 3, 3, 3, 2, 1, 1)
  (6, 4, 3, 3, 3, 3, 3, 1, 1, 1, 1)
  (6, 4, 3, 3, 3, 3, 2, 2, 2, 1)
  (6, 4, 3, 3, 3, 3, 2, 2, 1, 1, 1)
  (6, 4, 3, 3, 3, 3, 2, 1, 1, 1, 1, 1)
  (6, 4, 3, 3, 3, 2, 2, 2, 2, 2)
  (6, 4, 3, 3, 3, 2, 2, 2, 2, 1, 1)
  (6, 4, 3, 3, 3, 2, 2, 2, 1, 1, 1, 1)
  (5, 5, 5, 5, 4, 2, 2, 1)
  (5, 5, 5, 5, 4, 2, 1, 1, 1)
  (5, 5, 5, 5, 3, 3, 2, 1)
  (5, 5, 5, 5, 3, 3, 1, 1, 1)
  (5, 5, 5, 5, 3, 2, 2, 2)
  (5, 5, 5, 5, 3, 2, 2, 1, 1)
  (5, 5, 5, 5, 3, 2, 1, 1, 1, 1)
  (5, 5, 5, 5, 2, 2, 2, 2, 1)
  (5, 5, 5, 5, 2, 2, 2, 1, 1, 1)
  (5, 5, 5, 4, 4, 3, 2, 1)
  (5, 5, 5, 4, 4, 3, 1, 1, 1)
  (5, 5, 5, 4, 4, 2, 2, 2)
  (5, 5, 5, 4, 4, 2, 2, 1, 1)
  (5, 5, 5, 4, 4, 2, 1, 1, 1, 1)
  (5, 5, 5, 4, 3, 3, 3, 1)
  (5, 5, 5, 4, 3, 3, 2, 2)
  (5, 5, 5, 4, 3, 3, 2, 1, 1)
  (5, 5, 5, 4, 3, 3, 1, 1, 1, 1)
  (5, 5, 5, 4, 3, 2, 2, 2, 1)
  (5, 5, 5, 4, 3, 2, 2, 1, 1, 1)
  (5, 5, 5, 4, 3, 2, 1, 1, 1, 1, 1)
  (5, 5, 5, 4, 2, 2, 2, 2, 2)
  (5, 5, 5, 4, 2, 2, 2, 2, 1, 1)
  (5, 5, 5, 4, 2, 2, 2, 1, 1, 1, 1)
  (5, 5, 5, 3, 3, 3, 3, 2)
  (5, 5, 5, 3, 3, 3, 3, 1, 1)
  (5, 5, 5, 3, 3, 3, 2, 2, 1)
  (5, 5, 5, 3, 3, 3, 2, 1, 1, 1)
  (5, 5, 5, 3, 3, 3, 1, 1, 1, 1, 1)
  (5, 5, 5, 3, 3, 2, 2, 2, 2)
  (5, 5, 5, 3, 3, 2, 2, 2, 1, 1)
  (5, 5, 5, 3, 3, 2, 2, 1, 1, 1, 1)
  (5, 5, 5, 3, 3, 2, 1, 1, 1, 1, 1, 1)
  (5, 5, 5, 3, 2, 2, 2, 2, 2, 1)
  (5, 5, 5, 3, 2, 2, 2, 2, 1, 1, 1)
  (5, 5, 5, 3, 2, 2, 2, 1, 1, 1, 1, 1)
  (5, 5, 4, 4, 4, 4, 2, 1)
  (5, 5, 4, 4, 4, 4, 1, 1, 1)
  (5, 5, 4, 4, 4, 3, 3, 1)
  (5, 5, 4, 4, 4, 3, 2, 2)
  (5, 5, 4, 4, 4, 3, 2, 1, 1)
  (5, 5, 4, 4, 4, 3, 1, 1, 1, 1)
  (5, 5, 4, 4, 4, 2, 2, 2, 1)
  (5, 5, 4, 4, 4, 2, 2, 1, 1, 1)
  (5, 5, 4, 4, 4, 2, 1, 1, 1, 1, 1)
  (5, 5, 4, 4, 3, 3, 3, 2)
  (5, 5, 4, 4, 3, 3, 3, 1, 1)
  (5, 5, 4, 4, 3, 3, 1, 1, 1, 1, 1)
  (5, 5, 4, 4, 3, 2, 2, 2, 2)
  (5, 5, 4, 4, 3, 2, 2, 1, 1, 1, 1)
  (5, 5, 4, 4, 3, 2, 1, 1, 1, 1, 1, 1)
  (5, 5, 4, 4, 2, 2, 2, 2, 2, 1)
  (5, 5, 4, 4, 2, 2, 2, 2, 1, 1, 1)
  (5, 5, 4, 4, 2, 2, 2, 1, 1, 1, 1, 1)
  (5, 5, 4, 3, 3, 3, 3, 3)
  (5, 5, 4, 3, 3, 3, 3, 2, 1)
  (5, 5, 4, 3, 3, 3, 3, 1, 1, 1)
  (5, 5, 4, 3, 3, 3, 2, 2, 2)
  (5, 5, 4, 3, 3, 3, 2, 1, 1, 1, 1)
  (5, 5, 4, 3, 3, 3, 1, 1, 1, 1, 1, 1)
  (5, 5, 4, 3, 3, 2, 2, 2, 2, 1)
  (5, 5, 4, 3, 3, 2, 2, 2, 1, 1, 1)
  (5, 5, 4, 3, 3, 2, 2, 1, 1, 1, 1, 1)
  (5, 5, 4, 3, 2, 2, 2, 2, 2, 2)
  (5, 5, 4, 3, 2, 2, 2, 2, 2, 1, 1)
  (5, 5, 4, 3, 2, 2, 2, 2, 1, 1, 1, 1)
  (5, 5, 3, 3, 3, 3, 3, 3, 1)
  (5, 5, 3, 3, 3, 3, 3, 2, 2)
  (5, 5, 3, 3, 3, 3, 3, 2, 1, 1)
  (5, 5, 3, 3, 3, 3, 3, 1, 1, 1, 1)
  (5, 5, 3, 3, 3, 3, 2, 2, 2, 1)
  (5, 5, 3, 3, 3, 3, 2, 2, 1, 1, 1)
  (5, 5, 3, 3, 3, 3, 2, 1, 1, 1, 1, 1)
  (5, 5, 3, 3, 3, 2, 2, 2, 2, 2)
  (5, 5, 3, 3, 3, 2, 2, 2, 2, 1, 1)
  (5, 5, 3, 3, 3, 2, 2, 2, 1, 1, 1, 1)
  (5, 4, 4, 4, 4, 4, 3, 1)
  (5, 4, 4, 4, 4, 4, 2, 2)
  (5, 4, 4, 4, 4, 4, 2, 1, 1)
  (5, 4, 4, 4, 4, 4, 1, 1, 1, 1)
  (5, 4, 4, 4, 4, 3, 3, 2)
  (5, 4, 4, 4, 4, 3, 3, 1, 1)
  (5, 4, 4, 4, 4, 3, 2, 2, 1)
  (5, 4, 4, 4, 4, 3, 2, 1, 1, 1)
  (5, 4, 4, 4, 4, 3, 1, 1, 1, 1, 1)
  (5, 4, 4, 4, 4, 2, 2, 2, 2)
  (5, 4, 4, 4, 4, 2, 2, 2, 1, 1)
  (5, 4, 4, 4, 4, 2, 2, 1, 1, 1, 1)
  (5, 4, 4, 4, 4, 2, 1, 1, 1, 1, 1, 1)
  (5, 4, 4, 4, 3, 3, 3, 3)
  (5, 4, 4, 4, 3, 3, 3, 2, 1)
  (5, 4, 4, 4, 3, 3, 3, 1, 1, 1)
  (5, 4, 4, 4, 3, 3, 2, 2, 2)
  (5, 4, 4, 4, 3, 3, 2, 1, 1, 1, 1)
  (5, 4, 4, 4, 3, 3, 1, 1, 1, 1, 1, 1)
  (5, 4, 4, 4, 3, 2, 2, 2, 2, 1)
  (5, 4, 4, 4, 3, 2, 2, 2, 1, 1, 1)
  (5, 4, 4, 4, 3, 2, 2, 1, 1, 1, 1, 1)
  (5, 4, 4, 4, 2, 2, 2, 2, 2, 2)
  (5, 4, 4, 4, 2, 2, 2, 2, 2, 1, 1)
  (5, 4, 4, 4, 2, 2, 2, 2, 1, 1, 1, 1)
  (5, 4, 4, 3, 3, 3, 3, 3, 1)
  (5, 4, 4, 3, 3, 3, 3, 2, 2)
  (5, 4, 4, 3, 3, 3, 3, 2, 1, 1)
  (5, 4, 4, 3, 3, 3, 3, 1, 1, 1, 1)
  (5, 4, 4, 3, 3, 3, 2, 2, 2, 1)
  (5, 4, 4, 3, 3, 3, 2, 2, 1, 1, 1)
  (5, 4, 4, 3, 3, 3, 2, 1, 1, 1, 1, 1)
  (5, 4, 4, 3, 3, 2, 2, 2, 2, 2)
  (5, 4, 4, 3, 3, 2, 2, 2, 2, 1, 1)
  (5, 4, 4, 3, 3, 2, 2, 2, 1, 1, 1, 1)
  (5, 4, 4, 3, 2, 2, 2, 2, 2, 2, 1)
  (5, 4, 4, 3, 2, 2, 2, 2, 2, 1, 1, 1)
  (5, 4, 3, 3, 3, 3, 3, 3, 2)
  (5, 4, 3, 3, 3, 3, 3, 3, 1, 1)
  (5, 4, 3, 3, 3, 3, 3, 2, 2, 1)
  (5, 4, 3, 3, 3, 3, 3, 2, 1, 1, 1)
  (5, 4, 3, 3, 3, 3, 3, 1, 1, 1, 1, 1)
  (5, 4, 3, 3, 3, 3, 2, 2, 2, 2)
  (5, 4, 3, 3, 3, 3, 2, 2, 2, 1, 1)
  (5, 4, 3, 3, 3, 3, 2, 2, 1, 1, 1, 1)
  (5, 4, 3, 3, 3, 2, 2, 2, 2, 2, 1)
  (5, 4, 3, 3, 3, 2, 2, 2, 2, 1, 1, 1)
  (4, 4, 4, 4, 4, 4, 3, 1, 1)
  (4, 4, 4, 4, 4, 4, 2, 2, 1)
  (4, 4, 4, 4, 4, 4, 2, 1, 1, 1)
  (4, 4, 4, 4, 4, 3, 3, 2, 1)
  (4, 4, 4, 4, 4, 3, 3, 1, 1, 1)
  (4, 4, 4, 4, 4, 3, 2, 2, 2)
  (4, 4, 4, 4, 4, 3, 2, 2, 1, 1)
  (4, 4, 4, 4, 4, 3, 2, 1, 1, 1, 1)
  (4, 4, 4, 4, 4, 2, 2, 2, 2, 1)
  (4, 4, 4, 4, 4, 2, 2, 2, 1, 1, 1)
  (4, 4, 4, 4, 4, 2, 2, 1, 1, 1, 1, 1)
  (4, 4, 4, 4, 3, 3, 3, 3, 1)
  (4, 4, 4, 4, 3, 3, 3, 2, 2)
  (4, 4, 4, 4, 3, 3, 3, 2, 1, 1)
  (4, 4, 4, 4, 3, 3, 3, 1, 1, 1, 1)
  (4, 4, 4, 4, 3, 3, 2, 2, 2, 1)
  (4, 4, 4, 4, 3, 3, 2, 2, 1, 1, 1)
  (4, 4, 4, 4, 3, 3, 2, 1, 1, 1, 1, 1)
  (4, 4, 4, 4, 3, 2, 2, 2, 2, 2)
  (4, 4, 4, 4, 3, 2, 2, 2, 2, 1, 1)
  (4, 4, 4, 4, 3, 2, 2, 2, 1, 1, 1, 1)
  (4, 4, 4, 3, 3, 3, 3, 3, 2)
  (4, 4, 4, 3, 3, 3, 3, 3, 1, 1)
  (4, 4, 4, 3, 3, 3, 3, 2, 2, 1)
  (4, 4, 4, 3, 3, 3, 3, 2, 1, 1, 1)
  (4, 4, 4, 3, 3, 3, 3, 1, 1, 1, 1, 1)
  (4, 4, 4, 3, 3, 3, 2, 2, 2, 2)
  (4, 4, 4, 3, 3, 3, 2, 2, 2, 1, 1)
  (4, 4, 4, 3, 3, 3, 2, 2, 1, 1, 1, 1)
  (4, 4, 4, 3, 3, 2, 2, 2, 2, 2, 1)
  (4, 4, 4, 3, 3, 2, 2, 2, 2, 1, 1, 1)
# k=9 n=37 D_B=48 (k-1)(k-3)=48 #maximisers=1310 lambda^(k) in maximisers: True
  (7, 7, 6, 5, 4, 3, 2, 2, 1)
  (7, 7, 6, 5, 4, 3, 2, 1, 1, 1)
  (7, 7, 6, 5, 4, 2, 2, 2, 1, 1)
  (7, 7, 6, 5, 3, 3, 3, 2, 1)
  (7, 7, 6, 5, 3, 3, 3, 1, 1, 1)
  (7, 7, 6, 5, 3, 3, 2, 2, 2)
  (7, 7, 6, 5, 3, 3, 2, 1, 1, 1, 1)
  (7, 7, 6, 5, 3, 2, 2, 2, 2, 1)
  (7, 7, 6, 5, 3, 2, 2, 2, 1, 1, 1)
  (7, 7, 6, 4, 4, 4, 2, 2, 1)
  (7, 7, 6, 4, 4, 4, 2, 1, 1, 1)
  (7, 7, 6, 4, 4, 3, 3, 2, 1)
  (7, 7, 6, 4, 4, 3, 3, 1, 1, 1)
  (7, 7, 6, 4, 4, 3, 2, 2, 2)
  (7, 7, 6, 4, 4, 3, 2, 2, 1, 1)
  (7, 7, 6, 4, 4, 3, 2, 1, 1, 1, 1)
  (7, 7, 6, 4, 4, 2, 2, 2, 2, 1)
  (7, 7, 6, 4, 4, 2, 2, 2, 1, 1, 1)
  (7, 7, 6, 4, 3, 3, 3, 3, 1)
  (7, 7, 6, 4, 3, 3, 3, 2, 2)
  (7, 7, 6, 4, 3, 3, 3, 2, 1, 1)
  (7, 7, 6, 4, 3, 3, 3, 1, 1, 1, 1)
  (7, 7, 6, 4, 3, 3, 2, 2, 2, 1)
  (7, 7, 6, 4, 3, 3, 2, 2, 1, 1, 1)
  (7, 7, 6, 4, 3, 3, 2, 1, 1, 1, 1, 1)
  (7, 7, 6, 4, 3, 2, 2, 2, 2, 2)
  (7, 7, 6, 4, 3, 2, 2, 2, 2, 1, 1)
  (7, 7, 6, 4, 3, 2, 2, 2, 1, 1, 1, 1)
  (7, 7, 6, 3, 3, 3, 3, 3, 1, 1)
  (7, 7, 6, 3, 3, 3, 3, 2, 2, 1)
  (7, 7, 6, 3, 3, 3, 3, 2, 1, 1, 1)
  (7, 7, 6, 3, 3, 3, 2, 2, 2, 2)
  (7, 7, 6, 3, 3, 3, 2, 2, 2, 1, 1)
  (7, 7, 6, 3, 3, 3, 2, 2, 1, 1, 1, 1)
  (7, 7, 5, 5, 5, 3, 2, 2, 1)
  (7, 7, 5, 5, 5, 3, 2, 1, 1, 1)
  (7, 7, 5, 5, 5, 2, 2, 2, 1, 1)
  (7, 7, 5, 5, 4, 4, 2, 2, 1)
  (7, 7, 5, 5, 4, 4, 2, 1, 1, 1)
  (7, 7, 5, 5, 4, 3, 3, 2, 1)
  (7, 7, 5, 5, 4, 3, 3, 1, 1, 1)
  (7, 7, 5, 5, 4, 3, 2, 2, 2)
  (7, 7, 5, 5, 4, 3, 2, 2, 1, 1)
  (7, 7, 5, 5, 4, 3, 2, 1, 1, 1, 1)
  (7, 7, 5, 5, 4, 2, 2, 2, 2, 1)
  (7, 7, 5, 5, 4, 2, 2, 2, 1, 1, 1)
  (7, 7, 5, 5, 3, 3, 3, 3, 1)
  (7, 7, 5, 5, 3, 3, 3, 2, 2)
  (7, 7, 5, 5, 3, 3, 3, 2, 1, 1)
  (7, 7, 5, 5, 3, 3, 3, 1, 1, 1, 1)
  (7, 7, 5, 5, 3, 3, 2, 2, 2, 1)
  (7, 7, 5, 5, 3, 3, 2, 2, 1, 1, 1)
  (7, 7, 5, 5, 3, 3, 2, 1, 1, 1, 1, 1)
  (7, 7, 5, 5, 3, 2, 2, 2, 2, 2)
  (7, 7, 5, 5, 3, 2, 2, 2, 2, 1, 1)
  (7, 7, 5, 5, 3, 2, 2, 2, 1, 1, 1, 1)
  (7, 7, 5, 4, 4, 4, 3, 2, 1)
  (7, 7, 5, 4, 4, 4, 3, 1, 1, 1)
  (7, 7, 5, 4, 4, 4, 2, 2, 2)
  (7, 7, 5, 4, 4, 4, 2, 2, 1, 1)
  (7, 7, 5, 4, 4, 4, 2, 1, 1, 1, 1)
  (7, 7, 5, 4, 4, 3, 3, 3, 1)
  (7, 7, 5, 4, 4, 3, 3, 2, 2)
  (7, 7, 5, 4, 4, 3, 3, 2, 1, 1)
  (7, 7, 5, 4, 4, 3, 3, 1, 1, 1, 1)
  (7, 7, 5, 4, 4, 3, 2, 2, 2, 1)
  (7, 7, 5, 4, 4, 3, 2, 2, 1, 1, 1)
  (7, 7, 5, 4, 4, 3, 2, 1, 1, 1, 1, 1)
  (7, 7, 5, 4, 4, 2, 2, 2, 2, 2)
  (7, 7, 5, 4, 4, 2, 2, 2, 2, 1, 1)
  (7, 7, 5, 4, 4, 2, 2, 2, 1, 1, 1, 1)
  (7, 7, 5, 4, 3, 3, 3, 3, 2)
  (7, 7, 5, 4, 3, 3, 3, 3, 1, 1)
  (7, 7, 5, 4, 3, 3, 3, 2, 2, 1)
  (7, 7, 5, 4, 3, 3, 3, 2, 1, 1, 1)
  (7, 7, 5, 4, 3, 3, 3, 1, 1, 1, 1, 1)
  (7, 7, 5, 4, 3, 3, 2, 2, 2, 2)
  (7, 7, 5, 4, 3, 3, 2, 2, 2, 1, 1)
  (7, 7, 5, 4, 3, 3, 2, 2, 1, 1, 1, 1)
  (7, 7, 5, 4, 3, 3, 2, 1, 1, 1, 1, 1, 1)
  (7, 7, 5, 4, 3, 2, 2, 2, 2, 2, 1)
  (7, 7, 5, 4, 3, 2, 2, 2, 2, 1, 1, 1)
  (7, 7, 5, 4, 3, 2, 2, 2, 1, 1, 1, 1, 1)
  (7, 7, 5, 3, 3, 3, 3, 3, 2, 1)
  (7, 7, 5, 3, 3, 3, 3, 3, 1, 1, 1)
  (7, 7, 5, 3, 3, 3, 3, 2, 2, 2)
  (7, 7, 5, 3, 3, 3, 3, 2, 2, 1, 1)
  (7, 7, 5, 3, 3, 3, 3, 2, 1, 1, 1, 1)
  (7, 7, 5, 3, 3, 3, 2, 2, 2, 2, 1)
  (7, 7, 5, 3, 3, 3, 2, 2, 2, 1, 1, 1)
  (7, 7, 5, 3, 3, 3, 2, 2, 1, 1, 1, 1, 1)
  (7, 7, 4, 4, 4, 4, 4, 2, 1)
  (7, 7, 4, 4, 4, 4, 4, 1, 1, 1)
  (7, 7, 4, 4, 4, 4, 3, 3, 1)
  (7, 7, 4, 4, 4, 4, 3, 2, 2)
  (7, 7, 4, 4, 4, 4, 3, 2, 1, 1)
  (7, 7, 4, 4, 4, 4, 3, 1, 1, 1, 1)
  (7, 7, 4, 4, 4, 4, 2, 2, 2, 1)
  (7, 7, 4, 4, 4, 4, 2, 2, 1, 1, 1)
  (7, 7, 4, 4, 4, 4, 2, 1, 1, 1, 1, 1)
  (7, 7, 4, 4, 4, 3, 3, 3, 2)
  (7, 7, 4, 4, 4, 3, 3, 3, 1, 1)
  (7, 7, 4, 4, 4, 3, 3, 2, 2, 1)
  (7, 7, 4, 4, 4, 3, 3, 2, 1, 1, 1)
  (7, 7, 4, 4, 4, 3, 3, 1, 1, 1, 1, 1)
  (7, 7, 4, 4, 4, 3, 2, 2, 2, 2)
  (7, 7, 4, 4, 4, 3, 2, 2, 2, 1, 1)
  (7, 7, 4, 4, 4, 3, 2, 2, 1, 1, 1, 1)
  (7, 7, 4, 4, 4, 3, 2, 1, 1, 1, 1, 1, 1)
  (7, 7, 4, 4, 4, 2, 2, 2, 2, 2, 1)
  (7, 7, 4, 4, 4, 2, 2, 2, 2, 1, 1, 1)
  (7, 7, 4, 4, 4, 2, 2, 2, 1, 1, 1, 1, 1)
  (7, 7, 4, 4, 3, 3, 3, 3, 3)
  (7, 7, 4, 4, 3, 3, 3, 3, 2, 1)
  (7, 7, 4, 4, 3, 3, 3, 3, 1, 1, 1)
  (7, 7, 4, 4, 3, 3, 3, 2, 2, 2)
  (7, 7, 4, 4, 3, 3, 3, 2, 2, 1, 1)
  (7, 7, 4, 4, 3, 3, 3, 2, 1, 1, 1, 1)
  (7, 7, 4, 4, 3, 3, 3, 1, 1, 1, 1, 1, 1)
  (7, 7, 4, 4, 3, 3, 2, 2, 2, 2, 1)
  (7, 7, 4, 4, 3, 3, 2, 2, 2, 1, 1, 1)
  (7, 7, 4, 4, 3, 2, 2, 2, 2, 2, 2)
  (7, 7, 4, 4, 3, 2, 2, 2, 2, 2, 1, 1)
  (7, 7, 4, 4, 3, 2, 2, 2, 2, 1, 1, 1, 1)
  (7, 7, 4, 3, 3, 3, 3, 3, 3, 1)
  (7, 7, 4, 3, 3, 3, 3, 3, 2, 2)
  (7, 7, 4, 3, 3, 3, 3, 3, 2, 1, 1)
  (7, 7, 4, 3, 3, 3, 3, 3, 1, 1, 1, 1)
  (7, 7, 4, 3, 3, 3, 3, 2, 2, 2, 1)
  (7, 7, 4, 3, 3, 3, 3, 2, 2, 1, 1, 1)
  (7, 7, 4, 3, 3, 3, 3, 2, 1, 1, 1, 1, 1)
  (7, 7, 4, 3, 3, 3, 2, 2, 2, 2, 2)
  (7, 7, 4, 3, 3, 3, 2, 2, 2, 2, 1, 1)
  (7, 7, 4, 3, 3, 3, 2, 2, 2, 1, 1, 1, 1)
  (7, 6, 6, 6, 4, 3, 2, 2, 1)
  (7, 6, 6, 6, 4, 3, 2, 1, 1, 1)
  (7, 6, 6, 6, 4, 2, 2, 2, 1, 1)
  (7, 6, 6, 6, 3, 3, 3, 2, 1)
  (7, 6, 6, 6, 3, 3, 3, 1, 1, 1)
  (7, 6, 6, 6, 3, 3, 2, 2, 2)
  (7, 6, 6, 6, 3, 3, 2, 1, 1, 1, 1)
  (7, 6, 6, 6, 3, 2, 2, 2, 2, 1)
  (7, 6, 6, 6, 3, 2, 2, 2, 1, 1, 1)
  (7, 6, 6, 5, 5, 3, 2, 2, 1)
  (7, 6, 6, 5, 5, 3, 2, 1, 1, 1)
  (7, 6, 6, 5, 5, 2, 2, 2, 1, 1)
  (7, 6, 6, 5, 4, 4, 2, 2, 1)
  (7, 6, 6, 5, 4, 4, 2, 1, 1, 1)
  (7, 6, 6, 5, 4, 3, 3, 2, 1)
  (7, 6, 6, 5, 4, 3, 3, 1, 1, 1)
  (7, 6, 6, 5, 4, 3, 2, 2, 2)
  (7, 6, 6, 5, 4, 3, 2, 2, 1, 1)
  (7, 6, 6, 5, 4, 3, 2, 1, 1, 1, 1)
  (7, 6, 6, 5, 4, 2, 2, 2, 2, 1)
  (7, 6, 6, 5, 4, 2, 2, 2, 1, 1, 1)
  (7, 6, 6, 5, 3, 3, 3, 3, 1)
  (7, 6, 6, 5, 3, 3, 3, 2, 2)
  (7, 6, 6, 5, 3, 3, 3, 2, 1, 1)
  (7, 6, 6, 5, 3, 3, 3, 1, 1, 1, 1)
  (7, 6, 6, 5, 3, 3, 2, 2, 2, 1)
  (7, 6, 6, 5, 3, 3, 2, 2, 1, 1, 1)
  (7, 6, 6, 5, 3, 3, 2, 1, 1, 1, 1, 1)
  (7, 6, 6, 5, 3, 2, 2, 2, 2, 2)
  (7, 6, 6, 5, 3, 2, 2, 2, 2, 1, 1)
  (7, 6, 6, 5, 3, 2, 2, 2, 1, 1, 1, 1)
  (7, 6, 6, 4, 4, 4, 3, 2, 1)
  (7, 6, 6, 4, 4, 4, 3, 1, 1, 1)
  (7, 6, 6, 4, 4, 4, 2, 2, 2)
  (7, 6, 6, 4, 4, 4, 2, 2, 1, 1)
  (7, 6, 6, 4, 4, 4, 2, 1, 1, 1, 1)
  (7, 6, 6, 4, 4, 3, 3, 3, 1)
  (7, 6, 6, 4, 4, 3, 3, 2, 2)
  (7, 6, 6, 4, 4, 3, 3, 2, 1, 1)
  (7, 6, 6, 4, 4, 3, 3, 1, 1, 1, 1)
  (7, 6, 6, 4, 4, 3, 2, 2, 2, 1)
  (7, 6, 6, 4, 4, 3, 2, 2, 1, 1, 1)
  (7, 6, 6, 4, 4, 3, 2, 1, 1, 1, 1, 1)
  (7, 6, 6, 4, 4, 2, 2, 2, 2, 2)
  (7, 6, 6, 4, 4, 2, 2, 2, 2, 1, 1)
  (7, 6, 6, 4, 4, 2, 2, 2, 1, 1, 1, 1)
  (7, 6, 6, 4, 3, 3, 3, 3, 2)
  (7, 6, 6, 4, 3, 3, 3, 3, 1, 1)
  (7, 6, 6, 4, 3, 3, 3, 2, 2, 1)
  (7, 6, 6, 4, 3, 3, 3, 2, 1, 1, 1)
  (7, 6, 6, 4, 3, 3, 3, 1, 1, 1, 1, 1)
  (7, 6, 6, 4, 3, 3, 2, 2, 2, 2)
  (7, 6, 6, 4, 3, 3, 2, 2, 2, 1, 1)
  (7, 6, 6, 4, 3, 3, 2, 2, 1, 1, 1, 1)
  (7, 6, 6, 4, 3, 3, 2, 1, 1, 1, 1, 1, 1)
  (7, 6, 6, 4, 3, 2, 2, 2, 2, 2, 1)
  (7, 6, 6, 4, 3, 2, 2, 2, 2, 1, 1, 1)
  (7, 6, 6, 4, 3, 2, 2, 2, 1, 1, 1, 1, 1)
  (7, 6, 6, 3, 3, 3, 3, 3, 2, 1)
  (7, 6, 6, 3, 3, 3, 3, 3, 1, 1, 1)
  (7, 6, 6, 3, 3, 3, 3, 2, 2, 2)
  (7, 6, 6, 3, 3, 3, 3, 2, 2, 1, 1)
  (7, 6, 6, 3, 3, 3, 3, 2, 1, 1, 1, 1)
  (7, 6, 6, 3, 3, 3, 2, 2, 2, 2, 1)
  (7, 6, 6, 3, 3, 3, 2, 2, 2, 1, 1, 1)
  (7, 6, 6, 3, 3, 3, 2, 2, 1, 1, 1, 1, 1)
  (7, 6, 5, 5, 5, 4, 2, 2, 1)
  (7, 6, 5, 5, 5, 4, 2, 1, 1, 1)
  (7, 6, 5, 5, 5, 3, 3, 2, 1)
  (7, 6, 5, 5, 5, 3, 3, 1, 1, 1)
  (7, 6, 5, 5, 5, 3, 2, 2, 2)
  (7, 6, 5, 5, 5, 3, 2, 2, 1, 1)
  (7, 6, 5, 5, 5, 3, 2, 1, 1, 1, 1)
  (7, 6, 5, 5, 5, 2, 2, 2, 2, 1)
  (7, 6, 5, 5, 5, 2, 2, 2, 1, 1, 1)
  (7, 6, 5, 5, 4, 4, 3, 2, 1)
  (7, 6, 5, 5, 4, 4, 3, 1, 1, 1)
  (7, 6, 5, 5, 4, 4, 2, 2, 2)
  (7, 6, 5, 5, 4, 4, 2, 2, 1, 1)
  (7, 6, 5, 5, 4, 4, 2, 1, 1, 1, 1)
  (7, 6, 5, 5, 4, 3, 3, 3, 1)
  (7, 6, 5, 5, 4, 3, 3, 2, 2)
  (7, 6, 5, 5, 4, 3, 3, 2, 1, 1)
  (7, 6, 5, 5, 4, 3, 3, 1, 1, 1, 1)
  (7, 6, 5, 5, 4, 3, 2, 2, 2, 1)
  (7, 6, 5, 5, 4, 3, 2, 2, 1, 1, 1)
  (7, 6, 5, 5, 4, 3, 2, 1, 1, 1, 1, 1)
  (7, 6, 5, 5, 4, 2, 2, 2, 2, 2)
  (7, 6, 5, 5, 4, 2, 2, 2, 2, 1, 1)
  (7, 6, 5, 5, 4, 2, 2, 2, 1, 1, 1, 1)
  (7, 6, 5, 5, 3, 3, 3, 3, 2)
  (7, 6, 5, 5, 3, 3, 3, 3, 1, 1)
  (7, 6, 5, 5, 3, 3, 3, 2, 2, 1)
  (7, 6, 5, 5, 3, 3, 3, 2, 1, 1, 1)
  (7, 6, 5, 5, 3, 3, 3, 1, 1, 1, 1, 1)
  (7, 6, 5, 5, 3, 3, 2, 2, 2, 2)
  (7, 6, 5, 5, 3, 3, 2, 2, 2, 1, 1)
  (7, 6, 5, 5, 3, 3, 2, 2, 1, 1, 1, 1)
  (7, 6, 5, 5, 3, 3, 2, 1, 1, 1, 1, 1, 1)
  (7, 6, 5, 5, 3, 2, 2, 2, 2, 2, 1)
  (7, 6, 5, 5, 3, 2, 2, 2, 2, 1, 1, 1)
  (7, 6, 5, 5, 3, 2, 2, 2, 1, 1, 1, 1, 1)
  (7, 6, 5, 4, 4, 4, 4, 2, 1)
  (7, 6, 5, 4, 4, 4, 4, 1, 1, 1)
  (7, 6, 5, 4, 4, 4, 3, 3, 1)
  (7, 6, 5, 4, 4, 4, 3, 2, 2)
  (7, 6, 5, 4, 4, 4, 3, 2, 1, 1)
  (7, 6, 5, 4, 4, 4, 3, 1, 1, 1, 1)
  (7, 6, 5, 4, 4, 4, 2, 2, 2, 1)
  (7, 6, 5, 4, 4, 4, 2, 2, 1, 1, 1)
  (7, 6, 5, 4, 4, 4, 2, 1, 1, 1, 1, 1)
  (7, 6, 5, 4, 4, 3, 3, 3, 2)
  (7, 6, 5, 4, 4, 3, 3, 3, 1, 1)
  (7, 6, 5, 4, 4, 3, 3, 2, 2, 1)
  (7, 6, 5, 4, 4, 3, 3, 2, 1, 1, 1)
  (7, 6, 5, 4, 4, 3, 3, 1, 1, 1, 1, 1)
  (7, 6, 5, 4, 4, 3, 2, 2, 2, 2)
  (7, 6, 5, 4, 4, 3, 2, 2, 2, 1, 1)
  (7, 6, 5, 4, 4, 3, 2, 2, 1, 1, 1, 1)
  (7, 6, 5, 4, 4, 3, 2, 1, 1, 1, 1, 1, 1)
  (7, 6, 5, 4, 4, 2, 2, 2, 2, 2, 1)
  (7, 6, 5, 4, 4, 2, 2, 2, 2, 1, 1, 1)
  (7, 6, 5, 4, 4, 2, 2, 2, 1, 1, 1, 1, 1)
  (7, 6, 5, 4, 3, 3, 3, 3, 3)
  (7, 6, 5, 4, 3, 3, 3, 3, 2, 1)
  (7, 6, 5, 4, 3, 3, 3, 3, 1, 1, 1)
  (7, 6, 5, 4, 3, 3, 3, 2, 2, 2)
  (7, 6, 5, 4, 3, 3, 3, 2, 2, 1, 1)
  (7, 6, 5, 4, 3, 3, 3, 2, 1, 1, 1, 1)
  (7, 6, 5, 4, 3, 3, 3, 1, 1, 1, 1, 1, 1)
  (7, 6, 5, 4, 3, 3, 2, 2, 2, 2, 1)
  (7, 6, 5, 4, 3, 3, 2, 2, 2, 1, 1, 1)
  (7, 6, 5, 4, 3, 3, 2, 2, 1, 1, 1, 1, 1)
  (7, 6, 5, 4, 3, 3, 2, 1, 1, 1, 1, 1, 1, 1)
  (7, 6, 5, 4, 3, 2, 2, 2, 2, 2, 2)
  (7, 6, 5, 4, 3, 2, 2, 2, 2, 2, 1, 1)
  (7, 6, 5, 4, 3, 2, 2, 2, 2, 1, 1, 1, 1)
  (7, 6, 5, 4, 3, 2, 2, 2, 1, 1, 1, 1, 1, 1)
  (7, 6, 5, 3, 3, 3, 3, 3, 3, 1)
  (7, 6, 5, 3, 3, 3, 3, 3, 2, 2)
  (7, 6, 5, 3, 3, 3, 3, 3, 2, 1, 1)
  (7, 6, 5, 3, 3, 3, 3, 3, 1, 1, 1, 1)
  (7, 6, 5, 3, 3, 3, 3, 2, 2, 2, 1)
  (7, 6, 5, 3, 3, 3, 3, 2, 2, 1, 1, 1)
  (7, 6, 5, 3, 3, 3, 3, 2, 1, 1, 1, 1, 1)
  (7, 6, 5, 3, 3, 3, 2, 2, 2, 2, 2)
  (7, 6, 5, 3, 3, 3, 2, 2, 2, 2, 1, 1)
  (7, 6, 5, 3, 3, 3, 2, 2, 2, 1, 1, 1, 1)
  (7, 6, 5, 3, 3, 3, 2, 2, 1, 1, 1, 1, 1, 1)
  (7, 6, 4, 4, 4, 4, 4, 3, 1)
  (7, 6, 4, 4, 4, 4, 4, 2, 2)
  (7, 6, 4, 4, 4, 4, 4, 2, 1, 1)
  (7, 6, 4, 4, 4, 4, 4, 1, 1, 1, 1)
  (7, 6, 4, 4, 4, 4, 3, 3, 2)
  (7, 6, 4, 4, 4, 4, 3, 3, 1, 1)
  (7, 6, 4, 4, 4, 4, 3, 2, 2, 1)
  (7, 6, 4, 4, 4, 4, 3, 2, 1, 1, 1)
  (7, 6, 4, 4, 4, 4, 3, 1, 1, 1, 1, 1)
  (7, 6, 4, 4, 4, 4, 2, 2, 2, 2)
  (7, 6, 4, 4, 4, 4, 2, 2, 2, 1, 1)
  (7, 6, 4, 4, 4, 4, 2, 2, 1, 1, 1, 1)
  (7, 6, 4, 4, 4, 4, 2, 1, 1, 1, 1, 1, 1)
  (7, 6, 4, 4, 4, 3, 3, 3, 3)
  (7, 6, 4, 4, 4, 3, 3, 3, 2, 1)
  (7, 6, 4, 4, 4, 3, 3, 3, 1, 1, 1)
  (7, 6, 4, 4, 4, 3, 3, 2, 2, 2)
  (7, 6, 4, 4, 4, 3, 3, 2, 2, 1, 1)
  (7, 6, 4, 4, 4, 3, 3, 2, 1, 1, 1, 1)
  (7, 6, 4, 4, 4, 3, 3, 1, 1, 1, 1, 1, 1)
  (7, 6, 4, 4, 4, 3, 2, 2, 2, 2, 1)
  (7, 6, 4, 4, 4, 3, 2, 2, 2, 1, 1, 1)
  (7, 6, 4, 4, 4, 3, 2, 2, 1, 1, 1, 1, 1)
  (7, 6, 4, 4, 4, 3, 2, 1, 1, 1, 1, 1, 1, 1)
  (7, 6, 4, 4, 4, 2, 2, 2, 2, 2, 2)
  (7, 6, 4, 4, 4, 2, 2, 2, 2, 2, 1, 1)
  (7, 6, 4, 4, 4, 2, 2, 2, 2, 1, 1, 1, 1)
  (7, 6, 4, 4, 4, 2, 2, 2, 1, 1, 1, 1, 1, 1)
  (7, 6, 4, 4, 3, 3, 3, 3, 3, 1)
  (7, 6, 4, 4, 3, 3, 3, 3, 2, 2)
  (7, 6, 4, 4, 3, 3, 3, 3, 2, 1, 1)
  (7, 6, 4, 4, 3, 3, 3, 3, 1, 1, 1, 1)
  (7, 6, 4, 4, 3, 3, 3, 2, 2, 2, 1)
  (7, 6, 4, 4, 3, 3, 3, 2, 2, 1, 1, 1)
  (7, 6, 4, 4, 3, 3, 3, 2, 1, 1, 1, 1, 1)
  (7, 6, 4, 4, 3, 3, 3, 1, 1, 1, 1, 1, 1, 1)
  (7, 6, 4, 4, 3, 3, 2, 2, 2, 2, 2)
  (7, 6, 4, 4, 3, 3, 2, 2, 2, 2, 1, 1)
  (7, 6, 4, 4, 3, 3, 2, 2, 2, 1, 1, 1, 1)
  (7, 6, 4, 4, 3, 2, 2, 2, 2, 2, 2, 1)
  (7, 6, 4, 4, 3, 2, 2, 2, 2, 2, 1, 1, 1)
  (7, 6, 4, 4, 3, 2, 2, 2, 2, 1, 1, 1, 1, 1)
  (7, 6, 4, 3, 3, 3, 3, 3, 3, 2)
  (7, 6, 4, 3, 3, 3, 3, 3, 3, 1, 1)
  (7, 6, 4, 3, 3, 3, 3, 3, 2, 2, 1)
  (7, 6, 4, 3, 3, 3, 3, 3, 2, 1, 1, 1)
  (7, 6, 4, 3, 3, 3, 3, 3, 1, 1, 1, 1, 1)
  (7, 6, 4, 3, 3, 3, 3, 2, 2, 2, 2)
  (7, 6, 4, 3, 3, 3, 3, 2, 2, 2, 1, 1)
  (7, 6, 4, 3, 3, 3, 3, 2, 2, 1, 1, 1, 1)
  (7, 6, 4, 3, 3, 3, 3, 2, 1, 1, 1, 1, 1, 1)
  (7, 6, 4, 3, 3, 3, 2, 2, 2, 2, 2, 1)
  (7, 6, 4, 3, 3, 3, 2, 2, 2, 2, 1, 1, 1)
  (7, 6, 4, 3, 3, 3, 2, 2, 2, 1, 1, 1, 1, 1)
  (7, 5, 5, 5, 5, 5, 2, 2, 1)
  (7, 5, 5, 5, 5, 5, 2, 1, 1, 1)
  (7, 5, 5, 5, 5, 4, 3, 2, 1)
  (7, 5, 5, 5, 5, 4, 3, 1, 1, 1)
  (7, 5, 5, 5, 5, 4, 2, 2, 2)
  (7, 5, 5, 5, 5, 4, 2, 2, 1, 1)
  (7, 5, 5, 5, 5, 4, 2, 1, 1, 1, 1)
  (7, 5, 5, 5, 5, 3, 3, 3, 1)
  (7, 5, 5, 5, 5, 3, 3, 2, 2)
  (7, 5, 5, 5, 5, 3, 3, 2, 1, 1)
  (7, 5, 5, 5, 5, 3, 3, 1, 1, 1, 1)
  (7, 5, 5, 5, 5, 3, 2, 2, 2, 1)
  (7, 5, 5, 5, 5, 3, 2, 2, 1, 1, 1)
  (7, 5, 5, 5, 5, 3, 2, 1, 1, 1, 1, 1)
  (7, 5, 5, 5, 5, 2, 2, 2, 2, 2)
  (7, 5, 5, 5, 5, 2, 2, 2, 2, 1, 1)
  (7, 5, 5, 5, 5, 2, 2, 2, 1, 1, 1, 1)
  (7, 5, 5, 5, 4, 4, 4, 2, 1)
  (7, 5, 5, 5, 4, 4, 4, 1, 1, 1)
  (7, 5, 5, 5, 4, 4, 3, 3, 1)
  (7, 5, 5, 5, 4, 4, 3, 2, 2)
  (7, 5, 5, 5, 4, 4, 3, 2, 1, 1)
  (7, 5, 5, 5, 4, 4, 3, 1, 1, 1, 1)
  (7, 5, 5, 5, 4, 4, 2, 2, 2, 1)
  (7, 5, 5, 5, 4, 4, 2, 2, 1, 1, 1)
  (7, 5, 5, 5, 4, 4, 2, 1, 1, 1, 1, 1)
  (7, 5, 5, 5, 4, 3, 3, 3, 2)
  (7, 5, 5, 5, 4, 3, 3, 3, 1, 1)
  (7, 5, 5, 5, 4, 3, 3, 2, 2, 1)
  (7, 5, 5, 5, 4, 3, 3, 2, 1, 1, 1)
  (7, 5, 5, 5, 4, 3, 3, 1, 1, 1, 1, 1)
  (7, 5, 5, 5, 4, 3, 2, 2, 2, 2)
  (7, 5, 5, 5, 4, 3, 2, 2, 2, 1, 1)
  (7, 5, 5, 5, 4, 3, 2, 2, 1, 1, 1, 1)
  (7, 5, 5, 5, 4, 3, 2, 1, 1, 1, 1, 1, 1)
  (7, 5, 5, 5, 4, 2, 2, 2, 2, 2, 1)
  (7, 5, 5, 5, 4, 2, 2, 2, 2, 1, 1, 1)
  (7, 5, 5, 5, 4, 2, 2, 2, 1, 1, 1, 1, 1)
  (7, 5, 5, 5, 3, 3, 3, 3, 3)
  (7, 5, 5, 5, 3, 3, 3, 3, 2, 1)
  (7, 5, 5, 5, 3, 3, 3, 3, 1, 1, 1)
  (7, 5, 5, 5, 3, 3, 3, 2, 2, 2)
  (7, 5, 5, 5, 3, 3, 3, 2, 2, 1, 1)
  (7, 5, 5, 5, 3, 3, 3, 2, 1, 1, 1, 1)
  (7, 5, 5, 5, 3, 3, 3, 1, 1, 1, 1, 1, 1)
  (7, 5, 5, 5, 3, 3, 2, 2, 2, 2, 1)
  (7, 5, 5, 5, 3, 3, 2, 2, 2, 1, 1, 1)
  (7, 5, 5, 5, 3, 3, 2, 2, 1, 1, 1, 1, 1)
  (7, 5, 5, 5, 3, 3, 2, 1, 1, 1, 1, 1, 1, 1)
  (7, 5, 5, 5, 3, 2, 2, 2, 2, 2, 2)
  (7, 5, 5, 5, 3, 2, 2, 2, 2, 2, 1, 1)
  (7, 5, 5, 5, 3, 2, 2, 2, 2, 1, 1, 1, 1)
  (7, 5, 5, 5, 3, 2, 2, 2, 1, 1, 1, 1, 1, 1)
  (7, 5, 5, 4, 4, 4, 4, 3, 1)
  (7, 5, 5, 4, 4, 4, 4, 2, 2)
  (7, 5, 5, 4, 4, 4, 4, 2, 1, 1)
  (7, 5, 5, 4, 4, 4, 4, 1, 1, 1, 1)
  (7, 5, 5, 4, 4, 4, 3, 3, 2)
  (7, 5, 5, 4, 4, 4, 3, 3, 1, 1)
  (7, 5, 5, 4, 4, 4, 3, 2, 2, 1)
  (7, 5, 5, 4, 4, 4, 3, 2, 1, 1, 1)
  (7, 5, 5, 4, 4, 4, 3, 1, 1, 1, 1, 1)
  (7, 5, 5, 4, 4, 4, 2, 2, 2, 2)
  (7, 5, 5, 4, 4, 4, 2, 2, 2, 1, 1)
  (7, 5, 5, 4, 4, 4, 2, 2, 1, 1, 1, 1)
  (7, 5, 5, 4, 4, 4, 2, 1, 1, 1, 1, 1, 1)
  (7, 5, 5, 4, 4, 3, 3, 3, 3)
  (7, 5, 5, 4, 4, 3, 3, 3, 2, 1)
  (7, 5, 5, 4, 4, 3, 3, 3, 1, 1, 1)
  (7, 5, 5, 4, 4, 3, 3, 2, 2, 2)
  (7, 5, 5, 4, 4, 3, 3, 2, 1, 1, 1, 1)
  (7, 5, 5, 4, 4, 3, 3, 1, 1, 1, 1, 1, 1)
  (7, 5, 5, 4, 4, 3, 2, 2, 2, 2, 1)
  (7, 5, 5, 4, 4, 3, 2, 2, 2, 1, 1, 1)
  (7, 5, 5, 4, 4, 3, 2, 2, 1, 1, 1, 1, 1)
  (7, 5, 5, 4, 4, 3, 2, 1, 1, 1, 1, 1, 1, 1)
  (7, 5, 5, 4, 4, 2, 2, 2, 2, 2, 2)
  (7, 5, 5, 4, 4, 2, 2, 2, 2, 2, 1, 1)
  (7, 5, 5, 4, 4, 2, 2, 2, 2, 1, 1, 1, 1)
  (7, 5, 5, 4, 4, 2, 2, 2, 1, 1, 1, 1, 1, 1)
  (7, 5, 5, 4, 3, 3, 3, 3, 3, 1)
  (7, 5, 5, 4, 3, 3, 3, 3, 2, 2)
  (7, 5, 5, 4, 3, 3, 3, 3, 2, 1, 1)
  (7, 5, 5, 4, 3, 3, 3, 3, 1, 1, 1, 1)
  (7, 5, 5, 4, 3, 3, 3, 2, 2, 2, 1)
  (7, 5, 5, 4, 3, 3, 3, 2, 2, 1, 1, 1)
  (7, 5, 5, 4, 3, 3, 3, 2, 1, 1, 1, 1, 1)
  (7, 5, 5, 4, 3, 3, 3, 1, 1, 1, 1, 1, 1, 1)
  (7, 5, 5, 4, 3, 3, 2, 2, 2, 2, 2)
  (7, 5, 5, 4, 3, 3, 2, 2, 2, 2, 1, 1)
  (7, 5, 5, 4, 3, 3, 2, 2, 2, 1, 1, 1, 1)
  (7, 5, 5, 4, 3, 3, 2, 2, 1, 1, 1, 1, 1, 1)
  (7, 5, 5, 4, 3, 2, 2, 2, 2, 2, 2, 1)
  (7, 5, 5, 4, 3, 2, 2, 2, 2, 2, 1, 1, 1)
  (7, 5, 5, 4, 3, 2, 2, 2, 2, 1, 1, 1, 1, 1)
  (7, 5, 5, 3, 3, 3, 3, 3, 3, 2)
  (7, 5, 5, 3, 3, 3, 3, 3, 3, 1, 1)
  (7, 5, 5, 3, 3, 3, 3, 3, 2, 2, 1)
  (7, 5, 5, 3, 3, 3, 3, 3, 2, 1, 1, 1)
  (7, 5, 5, 3, 3, 3, 3, 3, 1, 1, 1, 1, 1)
  (7, 5, 5, 3, 3, 3, 3, 2, 2, 2, 2)
  (7, 5, 5, 3, 3, 3, 3, 2, 2, 2, 1, 1)
  (7, 5, 5, 3, 3, 3, 3, 2, 2, 1, 1, 1, 1)
  (7, 5, 5, 3, 3, 3, 3, 2, 1, 1, 1, 1, 1, 1)
  (7, 5, 5, 3, 3, 3, 2, 2, 2, 2, 2, 1)
  (7, 5, 5, 3, 3, 3, 2, 2, 2, 2, 1, 1, 1)
  (7, 5, 5, 3, 3, 3, 2, 2, 2, 1, 1, 1, 1, 1)
  (7, 5, 4, 4, 4, 4, 4, 4, 1)
  (7, 5, 4, 4, 4, 4, 4, 3, 2)
  (7, 5, 4, 4, 4, 4, 4, 3, 1, 1)
  (7, 5, 4, 4, 4, 4, 4, 2, 2, 1)
  (7, 5, 4, 4, 4, 4, 4, 2, 1, 1, 1)
  (7, 5, 4, 4, 4, 4, 4, 1, 1, 1, 1, 1)
  (7, 5, 4, 4, 4, 4, 3, 3, 3)
  (7, 5, 4, 4, 4, 4, 3, 3, 2, 1)
  (7, 5, 4, 4, 4, 4, 3, 3, 1, 1, 1)
  (7, 5, 4, 4, 4, 4, 3, 2, 2, 2)
  (7, 5, 4, 4, 4, 4, 3, 2, 2, 1, 1)
  (7, 5, 4, 4, 4, 4, 3, 2, 1, 1, 1, 1)
  (7, 5, 4, 4, 4, 4, 3, 1, 1, 1, 1, 1, 1)
  (7, 5, 4, 4, 4, 4, 2, 2, 2, 2, 1)
  (7, 5, 4, 4, 4, 4, 2, 2, 2, 1, 1, 1)
  (7, 5, 4, 4, 4, 4, 2, 2, 1, 1, 1, 1, 1)
  (7, 5, 4, 4, 4, 4, 2, 1, 1, 1, 1, 1, 1, 1)
  (7, 5, 4, 4, 4, 3, 3, 3, 3, 1)
  (7, 5, 4, 4, 4, 3, 3, 3, 2, 2)
  (7, 5, 4, 4, 4, 3, 3, 3, 2, 1, 1)
  (7, 5, 4, 4, 4, 3, 3, 3, 1, 1, 1, 1)
  (7, 5, 4, 4, 4, 3, 3, 2, 2, 2, 1)
  (7, 5, 4, 4, 4, 3, 3, 2, 2, 1, 1, 1)
  (7, 5, 4, 4, 4, 3, 3, 2, 1, 1, 1, 1, 1)
  (7, 5, 4, 4, 4, 3, 3, 1, 1, 1, 1, 1, 1, 1)
  (7, 5, 4, 4, 4, 3, 2, 2, 2, 2, 2)
  (7, 5, 4, 4, 4, 3, 2, 2, 2, 2, 1, 1)
  (7, 5, 4, 4, 4, 3, 2, 2, 2, 1, 1, 1, 1)
  (7, 5, 4, 4, 4, 3, 2, 2, 1, 1, 1, 1, 1, 1)
  (7, 5, 4, 4, 4, 2, 2, 2, 2, 2, 2, 1)
  (7, 5, 4, 4, 4, 2, 2, 2, 2, 2, 1, 1, 1)
  (7, 5, 4, 4, 4, 2, 2, 2, 2, 1, 1, 1, 1, 1)
  (7, 5, 4, 4, 3, 3, 3, 3, 3, 2)
  (7, 5, 4, 4, 3, 3, 3, 3, 3, 1, 1)
  (7, 5, 4, 4, 3, 3, 3, 3, 2, 2, 1)
  (7, 5, 4, 4, 3, 3, 3, 3, 2, 1, 1, 1)
  (7, 5, 4, 4, 3, 3, 3, 3, 1, 1, 1, 1, 1)
  (7, 5, 4, 4, 3, 3, 3, 2, 2, 2, 2)
  (7, 5, 4, 4, 3, 3, 3, 2, 2, 2, 1, 1)
  (7, 5, 4, 4, 3, 3, 3, 2, 2, 1, 1, 1, 1)
  (7, 5, 4, 4, 3, 3, 3, 2, 1, 1, 1, 1, 1, 1)
  (7, 5, 4, 4, 3, 3, 2, 2, 2, 2, 2, 1)
  (7, 5, 4, 4, 3, 3, 2, 2, 2, 2, 1, 1, 1)
  (7, 5, 4, 4, 3, 3, 2, 2, 2, 1, 1, 1, 1, 1)
  (7, 5, 4, 4, 3, 2, 2, 2, 2, 2, 2, 2)
  (7, 5, 4, 4, 3, 2, 2, 2, 2, 2, 2, 1, 1)
  (7, 5, 4, 4, 3, 2, 2, 2, 2, 2, 1, 1, 1, 1)
  (7, 5, 4, 3, 3, 3, 3, 3, 3, 3)
  (7, 5, 4, 3, 3, 3, 3, 3, 3, 2, 1)
  (7, 5, 4, 3, 3, 3, 3, 3, 3, 1, 1, 1)
  (7, 5, 4, 3, 3, 3, 3, 3, 2, 2, 2)
  (7, 5, 4, 3, 3, 3, 3, 3, 2, 2, 1, 1)
  (7, 5, 4, 3, 3, 3, 3, 3, 2, 1, 1, 1, 1)
  (7, 5, 4, 3, 3, 3, 3, 3, 1, 1, 1, 1, 1, 1)
  (7, 5, 4, 3, 3, 3, 3, 2, 2, 2, 2, 1)
  (7, 5, 4, 3, 3, 3, 3, 2, 2, 2, 1, 1, 1)
  (7, 5, 4, 3, 3, 3, 3, 2, 2, 1, 1, 1, 1, 1)
  (7, 5, 4, 3, 3, 3, 2, 2, 2, 2, 2, 2)
  (7, 5, 4, 3, 3, 3, 2, 2, 2, 2, 2, 1, 1)
  (7, 5, 4, 3, 3, 3, 2, 2, 2, 2, 1, 1, 1, 1)
  (7, 4, 4, 4, 4, 4, 4, 4, 1, 1)
  (7, 4, 4, 4, 4, 4, 4, 3, 2, 1)
  (7, 4, 4, 4, 4, 4, 4, 3, 1, 1, 1)
  (7, 4, 4, 4, 4, 4, 4, 2, 2, 2)
  (7, 4, 4, 4, 4, 4, 4, 2, 2, 1, 1)
  (7, 4, 4, 4, 4, 4, 4, 2, 1, 1, 1, 1)
  (7, 4, 4, 4, 4, 4, 3, 3, 3, 1)
  (7, 4, 4, 4, 4, 4, 3, 3, 2, 2)
  (7, 4, 4, 4, 4, 4, 3, 3, 2, 1, 1)
  (7, 4, 4, 4, 4, 4, 3, 3, 1, 1, 1, 1)
  (7, 4, 4, 4, 4, 4, 3, 2, 2, 2, 1)
  (7, 4, 4, 4, 4, 4, 3, 2, 2, 1, 1, 1)
  (7, 4, 4, 4, 4, 4, 3, 2, 1, 1, 1, 1, 1)
  (7, 4, 4, 4, 4, 4, 2, 2, 2, 2, 2)
  (7, 4, 4, 4, 4, 4, 2, 2, 2, 2, 1, 1)
  (7, 4, 4, 4, 4, 4, 2, 2, 2, 1, 1, 1, 1)
  (7, 4, 4, 4, 4, 4, 2, 2, 1, 1, 1, 1, 1, 1)
  (7, 4, 4, 4, 4, 3, 3, 3, 3, 2)
  (7, 4, 4, 4, 4, 3, 3, 3, 3, 1, 1)
  (7, 4, 4, 4, 4, 3, 3, 3, 2, 2, 1)
  (7, 4, 4, 4, 4, 3, 3, 3, 2, 1, 1, 1)
  (7, 4, 4, 4, 4, 3, 3, 3, 1, 1, 1, 1, 1)
  (7, 4, 4, 4, 4, 3, 3, 2, 2, 2, 2)
  (7, 4, 4, 4, 4, 3, 3, 2, 2, 2, 1, 1)
  (7, 4, 4, 4, 4, 3, 3, 2, 2, 1, 1, 1, 1)
  (7, 4, 4, 4, 4, 3, 3, 2, 1, 1, 1, 1, 1, 1)
  (7, 4, 4, 4, 4, 3, 2, 2, 2, 2, 2, 1)
  (7, 4, 4, 4, 4, 3, 2, 2, 2, 2, 1, 1, 1)
  (7, 4, 4, 4, 4, 3, 2, 2, 2, 1, 1, 1, 1, 1)
  (7, 4, 4, 4, 3, 3, 3, 3, 3, 3)
  (7, 4, 4, 4, 3, 3, 3, 3, 3, 2, 1)
  (7, 4, 4, 4, 3, 3, 3, 3, 3, 1, 1, 1)
  (7, 4, 4, 4, 3, 3, 3, 3, 2, 2, 2)
  (7, 4, 4, 4, 3, 3, 3, 3, 2, 2, 1, 1)
  (7, 4, 4, 4, 3, 3, 3, 3, 2, 1, 1, 1, 1)
  (7, 4, 4, 4, 3, 3, 3, 3, 1, 1, 1, 1, 1, 1)
  (7, 4, 4, 4, 3, 3, 3, 2, 2, 2, 2, 1)
  (7, 4, 4, 4, 3, 3, 3, 2, 2, 2, 1, 1, 1)
  (7, 4, 4, 4, 3, 3, 3, 2, 2, 1, 1, 1, 1, 1)
  (7, 4, 4, 4, 3, 3, 2, 2, 2, 2, 2, 2)
  (7, 4, 4, 4, 3, 3, 2, 2, 2, 2, 2, 1, 1)
  (7, 4, 4, 4, 3, 3, 2, 2, 2, 2, 1, 1, 1, 1)
  (6, 6, 6, 6, 5, 3, 2, 2, 1)
  (6, 6, 6, 6, 5, 3, 2, 1, 1, 1)
  (6, 6, 6, 6, 5, 2, 2, 2, 1, 1)
  (6, 6, 6, 6, 4, 4, 2, 2, 1)
  (6, 6, 6, 6, 4, 4, 2, 1, 1, 1)
  (6, 6, 6, 6, 4, 3, 3, 2, 1)
  (6, 6, 6, 6, 4, 3, 3, 1, 1, 1)
  (6, 6, 6, 6, 4, 3, 2, 2, 2)
  (6, 6, 6, 6, 4, 3, 2, 2, 1, 1)
  (6, 6, 6, 6, 4, 3, 2, 1, 1, 1, 1)
  (6, 6, 6, 6, 4, 2, 2, 2, 2, 1)
  (6, 6, 6, 6, 4, 2, 2, 2, 1, 1, 1)
  (6, 6, 6, 6, 3, 3, 3, 3, 1)
  (6, 6, 6, 6, 3, 3, 3, 2, 2)
  (6, 6, 6, 6, 3, 3, 3, 2, 1, 1)
  (6, 6, 6, 6, 3, 3, 3, 1, 1, 1, 1)
  (6, 6, 6, 6, 3, 3, 2, 2, 2, 1)
  (6, 6, 6, 6, 3, 3, 2, 2, 1, 1, 1)
  (6, 6, 6, 6, 3, 3, 2, 1, 1, 1, 1, 1)
  (6, 6, 6, 6, 3, 2, 2, 2, 2, 2)
  (6, 6, 6, 6, 3, 2, 2, 2, 2, 1, 1)
  (6, 6, 6, 6, 3, 2, 2, 2, 1, 1, 1, 1)
  (6, 6, 6, 5, 5, 4, 2, 2, 1)
  (6, 6, 6, 5, 5, 4, 2, 1, 1, 1)
  (6, 6, 6, 5, 5, 3, 3, 2, 1)
  (6, 6, 6, 5, 5, 3, 3, 1, 1, 1)
  (6, 6, 6, 5, 5, 3, 2, 2, 2)
  (6, 6, 6, 5, 5, 3, 2, 2, 1, 1)
  (6, 6, 6, 5, 5, 3, 2, 1, 1, 1, 1)
  (6, 6, 6, 5, 5, 2, 2, 2, 2, 1)
  (6, 6, 6, 5, 5, 2, 2, 2, 1, 1, 1)
  (6, 6, 6, 5, 4, 4, 3, 2, 1)
  (6, 6, 6, 5, 4, 4, 3, 1, 1, 1)
  (6, 6, 6, 5, 4, 4, 2, 2, 2)
  (6, 6, 6, 5, 4, 4, 2, 2, 1, 1)
  (6, 6, 6, 5, 4, 4, 2, 1, 1, 1, 1)
  (6, 6, 6, 5, 4, 3, 3, 3, 1)
  (6, 6, 6, 5, 4, 3, 3, 2, 2)
  (6, 6, 6, 5, 4, 3, 3, 2, 1, 1)
  (6, 6, 6, 5, 4, 3, 3, 1, 1, 1, 1)
  (6, 6, 6, 5, 4, 3, 2, 2, 2, 1)
  (6, 6, 6, 5, 4, 3, 2, 2, 1, 1, 1)
  (6, 6, 6, 5, 4, 3, 2, 1, 1, 1, 1, 1)
  (6, 6, 6, 5, 4, 2, 2, 2, 2, 2)
  (6, 6, 6, 5, 4, 2, 2, 2, 2, 1, 1)
  (6, 6, 6, 5, 4, 2, 2, 2, 1, 1, 1, 1)
  (6, 6, 6, 5, 3, 3, 3, 3, 2)
  (6, 6, 6, 5, 3, 3, 3, 3, 1, 1)
  (6, 6, 6, 5, 3, 3, 3, 2, 2, 1)
  (6, 6, 6, 5, 3, 3, 3, 2, 1, 1, 1)
  (6, 6, 6, 5, 3, 3, 3, 1, 1, 1, 1, 1)
  (6, 6, 6, 5, 3, 3, 2, 2, 2, 2)
  (6, 6, 6, 5, 3, 3, 2, 2, 2, 1, 1)
  (6, 6, 6, 5, 3, 3, 2, 2, 1, 1, 1, 1)
  (6, 6, 6, 5, 3, 3, 2, 1, 1, 1, 1, 1, 1)
  (6, 6, 6, 5, 3, 2, 2, 2, 2, 2, 1)
  (6, 6, 6, 5, 3, 2, 2, 2, 2, 1, 1, 1)
  (6, 6, 6, 5, 3, 2, 2, 2, 1, 1, 1, 1, 1)
  (6, 6, 6, 4, 4, 4, 4, 2, 1)
  (6, 6, 6, 4, 4, 4, 4, 1, 1, 1)
  (6, 6, 6, 4, 4, 4, 3, 3, 1)
  (6, 6, 6, 4, 4, 4, 3, 2, 2)
  (6, 6, 6, 4, 4, 4, 3, 2, 1, 1)
  (6, 6, 6, 4, 4, 4, 3, 1, 1, 1, 1)
  (6, 6, 6, 4, 4, 4, 2, 2, 2, 1)
  (6, 6, 6, 4, 4, 4, 2, 2, 1, 1, 1)
  (6, 6, 6, 4, 4, 4, 2, 1, 1, 1, 1, 1)
  (6, 6, 6, 4, 4, 3, 3, 3, 2)
  (6, 6, 6, 4, 4, 3, 3, 3, 1, 1)
  (6, 6, 6, 4, 4, 3, 3, 2, 2, 1)
  (6, 6, 6, 4, 4, 3, 3, 2, 1, 1, 1)
  (6, 6, 6, 4, 4, 3, 3, 1, 1, 1, 1, 1)
  (6, 6, 6, 4, 4, 3, 2, 2, 2, 2)
  (6, 6, 6, 4, 4, 3, 2, 2, 2, 1, 1)
  (6, 6, 6, 4, 4, 3, 2, 2, 1, 1, 1, 1)
  (6, 6, 6, 4, 4, 3, 2, 1, 1, 1, 1, 1, 1)
  (6, 6, 6, 4, 4, 2, 2, 2, 2, 2, 1)
  (6, 6, 6, 4, 4, 2, 2, 2, 2, 1, 1, 1)
  (6, 6, 6, 4, 4, 2, 2, 2, 1, 1, 1, 1, 1)
  (6, 6, 6, 4, 3, 3, 3, 3, 3)
  (6, 6, 6, 4, 3, 3, 3, 3, 2, 1)
  (6, 6, 6, 4, 3, 3, 3, 3, 1, 1, 1)
  (6, 6, 6, 4, 3, 3, 3, 2, 2, 2)
  (6, 6, 6, 4, 3, 3, 3, 2, 2, 1, 1)
  (6, 6, 6, 4, 3, 3, 3, 2, 1, 1, 1, 1)
  (6, 6, 6, 4, 3, 3, 3, 1, 1, 1, 1, 1, 1)
  (6, 6, 6, 4, 3, 3, 2, 2, 2, 2, 1)
  (6, 6, 6, 4, 3, 3, 2, 2, 2, 1, 1, 1)
  (6, 6, 6, 4, 3, 3, 2, 2, 1, 1, 1, 1, 1)
  (6, 6, 6, 4, 3, 3, 2, 1, 1, 1, 1, 1, 1, 1)
  (6, 6, 6, 4, 3, 2, 2, 2, 2, 2, 2)
  (6, 6, 6, 4, 3, 2, 2, 2, 2, 2, 1, 1)
  (6, 6, 6, 4, 3, 2, 2, 2, 2, 1, 1, 1, 1)
  (6, 6, 6, 4, 3, 2, 2, 2, 1, 1, 1, 1, 1, 1)
  (6, 6, 6, 3, 3, 3, 3, 3, 3, 1)
  (6, 6, 6, 3, 3, 3, 3, 3, 2, 2)
  (6, 6, 6, 3, 3, 3, 3, 3, 2, 1, 1)
  (6, 6, 6, 3, 3, 3, 3, 3, 1, 1, 1, 1)
  (6, 6, 6, 3, 3, 3, 3, 2, 2, 2, 1)
  (6, 6, 6, 3, 3, 3, 3, 2, 2, 1, 1, 1)
  (6, 6, 6, 3, 3, 3, 3, 2, 1, 1, 1, 1, 1)
  (6, 6, 6, 3, 3, 3, 2, 2, 2, 2, 2)
  (6, 6, 6, 3, 3, 3, 2, 2, 2, 2, 1, 1)
  (6, 6, 6, 3, 3, 3, 2, 2, 2, 1, 1, 1, 1)
  (6, 6, 6, 3, 3, 3, 2, 2, 1, 1, 1, 1, 1, 1)
  (6, 6, 5, 5, 5, 5, 2, 2, 1)
  (6, 6, 5, 5, 5, 5, 2, 1, 1, 1)
  (6, 6, 5, 5, 5, 4, 3, 2, 1)
  (6, 6, 5, 5, 5, 4, 3, 1, 1, 1)
  (6, 6, 5, 5, 5, 4, 2, 2, 2)
  (6, 6, 5, 5, 5, 4, 2, 2, 1, 1)
  (6, 6, 5, 5, 5, 4, 2, 1, 1, 1, 1)
  (6, 6, 5, 5, 5, 3, 3, 3, 1)
  (6, 6, 5, 5, 5, 3, 3, 2, 2)
  (6, 6, 5, 5, 5, 3, 3, 2, 1, 1)
  (6, 6, 5, 5, 5, 3, 3, 1, 1, 1, 1)
  (6, 6, 5, 5, 5, 3, 2, 2, 2, 1)
  (6, 6, 5, 5, 5, 3, 2, 2, 1, 1, 1)
  (6, 6, 5, 5, 5, 3, 2, 1, 1, 1, 1, 1)
  (6, 6, 5, 5, 5, 2, 2, 2, 2, 2)
  (6, 6, 5, 5, 5, 2, 2, 2, 2, 1, 1)
  (6, 6, 5, 5, 5, 2, 2, 2, 1, 1, 1, 1)
  (6, 6, 5, 5, 4, 4, 4, 2, 1)
  (6, 6, 5, 5, 4, 4, 4, 1, 1, 1)
  (6, 6, 5, 5, 4, 4, 3, 3, 1)
  (6, 6, 5, 5, 4, 4, 3, 2, 2)
  (6, 6, 5, 5, 4, 4, 3, 2, 1, 1)
  (6, 6, 5, 5, 4, 4, 3, 1, 1, 1, 1)
  (6, 6, 5, 5, 4, 4, 2, 2, 2, 1)
  (6, 6, 5, 5, 4, 4, 2, 2, 1, 1, 1)
  (6, 6, 5, 5, 4, 4, 2, 1, 1, 1, 1, 1)
  (6, 6, 5, 5, 4, 3, 3, 3, 2)
  (6, 6, 5, 5, 4, 3, 3, 3, 1, 1)
  (6, 6, 5, 5, 4, 3, 3, 2, 2, 1)
  (6, 6, 5, 5, 4, 3, 3, 2, 1, 1, 1)
  (6, 6, 5, 5, 4, 3, 3, 1, 1, 1, 1, 1)
  (6, 6, 5, 5, 4, 3, 2, 2, 2, 2)
  (6, 6, 5, 5, 4, 3, 2, 2, 2, 1, 1)
  (6, 6, 5, 5, 4, 3, 2, 2, 1, 1, 1, 1)
  (6, 6, 5, 5, 4, 3, 2, 1, 1, 1, 1, 1, 1)
  (6, 6, 5, 5, 4, 2, 2, 2, 2, 2, 1)
  (6, 6, 5, 5, 4, 2, 2, 2, 2, 1, 1, 1)
  (6, 6, 5, 5, 4, 2, 2, 2, 1, 1, 1, 1, 1)
  (6, 6, 5, 5, 3, 3, 3, 3, 3)
  (6, 6, 5, 5, 3, 3, 3, 3, 2, 1)
  (6, 6, 5, 5, 3, 3, 3, 3, 1, 1, 1)
  (6, 6, 5, 5, 3, 3, 3, 2, 2, 2)
  (6, 6, 5, 5, 3, 3, 3, 2, 2, 1, 1)
  (6, 6, 5, 5, 3, 3, 3, 2, 1, 1, 1, 1)
  (6, 6, 5, 5, 3, 3, 3, 1, 1, 1, 1, 1, 1)
  (6, 6, 5, 5, 3, 3, 2, 2, 2, 2, 1)
  (6, 6, 5, 5, 3, 3, 2, 2, 2, 1, 1, 1)
  (6, 6, 5, 5, 3, 3, 2, 2, 1, 1, 1, 1, 1)
  (6, 6, 5, 5, 3, 3, 2, 1, 1, 1, 1, 1, 1, 1)
  (6, 6, 5, 5, 3, 2, 2, 2, 2, 2, 2)
  (6, 6, 5, 5, 3, 2, 2, 2, 2, 2, 1, 1)
  (6, 6, 5, 5, 3, 2, 2, 2, 2, 1, 1, 1, 1)
  (6, 6, 5, 5, 3, 2, 2, 2, 1, 1, 1, 1, 1, 1)
  (6, 6, 5, 4, 4, 4, 4, 3, 1)
  (6, 6, 5, 4, 4, 4, 4, 2, 2)
  (6, 6, 5, 4, 4, 4, 4, 2, 1, 1)
  (6, 6, 5, 4, 4, 4, 4, 1, 1, 1, 1)
  (6, 6, 5, 4, 4, 4, 3, 3, 2)
  (6, 6, 5, 4, 4, 4, 3, 3, 1, 1)
  (6, 6, 5, 4, 4, 4, 3, 2, 2, 1)
  (6, 6, 5, 4, 4, 4, 3, 2, 1, 1, 1)
  (6, 6, 5, 4, 4, 4, 3, 1, 1, 1, 1, 1)
  (6, 6, 5, 4, 4, 4, 2, 2, 2, 2)
  (6, 6, 5, 4, 4, 4, 2, 2, 2, 1, 1)
  (6, 6, 5, 4, 4, 4, 2, 2, 1, 1, 1, 1)
  (6, 6, 5, 4, 4, 4, 2, 1, 1, 1, 1, 1, 1)
  (6, 6, 5, 4, 4, 3, 3, 3, 3)
  (6, 6, 5, 4, 4, 3, 3, 3, 2, 1)
  (6, 6, 5, 4, 4, 3, 3, 3, 1, 1, 1)
  (6, 6, 5, 4, 4, 3, 3, 2, 2, 2)
  (6, 6, 5, 4, 4, 3, 3, 2, 2, 1, 1)
  (6, 6, 5, 4, 4, 3, 3, 2, 1, 1, 1, 1)
  (6, 6, 5, 4, 4, 3, 3, 1, 1, 1, 1, 1, 1)
  (6, 6, 5, 4, 4, 3, 2, 2, 2, 2, 1)
  (6, 6, 5, 4, 4, 3, 2, 2, 2, 1, 1, 1)
  (6, 6, 5, 4, 4, 3, 2, 2, 1, 1, 1, 1, 1)
  (6, 6, 5, 4, 4, 3, 2, 1, 1, 1, 1, 1, 1, 1)
  (6, 6, 5, 4, 4, 2, 2, 2, 2, 2, 2)
  (6, 6, 5, 4, 4, 2, 2, 2, 2, 2, 1, 1)
  (6, 6, 5, 4, 4, 2, 2, 2, 2, 1, 1, 1, 1)
  (6, 6, 5, 4, 4, 2, 2, 2, 1, 1, 1, 1, 1, 1)
  (6, 6, 5, 4, 3, 3, 3, 3, 3, 1)
  (6, 6, 5, 4, 3, 3, 3, 3, 2, 2)
  (6, 6, 5, 4, 3, 3, 3, 3, 2, 1, 1)
  (6, 6, 5, 4, 3, 3, 3, 3, 1, 1, 1, 1)
  (6, 6, 5, 4, 3, 3, 3, 2, 2, 2, 1)
  (6, 6, 5, 4, 3, 3, 3, 2, 2, 1, 1, 1)
  (6, 6, 5, 4, 3, 3, 3, 2, 1, 1, 1, 1, 1)
  (6, 6, 5, 4, 3, 3, 3, 1, 1, 1, 1, 1, 1, 1)
  (6, 6, 5, 4, 3, 3, 2, 2, 2, 2, 2)
  (6, 6, 5, 4, 3, 3, 2, 2, 2, 2, 1, 1)
  (6, 6, 5, 4, 3, 3, 2, 2, 2, 1, 1, 1, 1)
  (6, 6, 5, 4, 3, 3, 2, 2, 1, 1, 1, 1, 1, 1)
  (6, 6, 5, 4, 3, 2, 2, 2, 2, 2, 2, 1)
  (6, 6, 5, 4, 3, 2, 2, 2, 2, 2, 1, 1, 1)
  (6, 6, 5, 4, 3, 2, 2, 2, 2, 1, 1, 1, 1, 1)
  (6, 6, 5, 3, 3, 3, 3, 3, 3, 2)
  (6, 6, 5, 3, 3, 3, 3, 3, 3, 1, 1)
  (6, 6, 5, 3, 3, 3, 3, 3, 2, 2, 1)
  (6, 6, 5, 3, 3, 3, 3, 3, 2, 1, 1, 1)
  (6, 6, 5, 3, 3, 3, 3, 3, 1, 1, 1, 1, 1)
  (6, 6, 5, 3, 3, 3, 3, 2, 2, 2, 2)
  (6, 6, 5, 3, 3, 3, 3, 2, 2, 2, 1, 1)
  (6, 6, 5, 3, 3, 3, 3, 2, 2, 1, 1, 1, 1)
  (6, 6, 5, 3, 3, 3, 3, 2, 1, 1, 1, 1, 1, 1)
  (6, 6, 5, 3, 3, 3, 2, 2, 2, 2, 2, 1)
  (6, 6, 5, 3, 3, 3, 2, 2, 2, 2, 1, 1, 1)
  (6, 6, 5, 3, 3, 3, 2, 2, 2, 1, 1, 1, 1, 1)
  (6, 6, 4, 4, 4, 4, 4, 4, 1)
  (6, 6, 4, 4, 4, 4, 4, 3, 2)
  (6, 6, 4, 4, 4, 4, 4, 3, 1, 1)
  (6, 6, 4, 4, 4, 4, 4, 2, 2, 1)
  (6, 6, 4, 4, 4, 4, 4, 2, 1, 1, 1)
  (6, 6, 4, 4, 4, 4, 4, 1, 1, 1, 1, 1)
  (6, 6, 4, 4, 4, 4, 3, 3, 3)
  (6, 6, 4, 4, 4, 4, 3, 3, 2, 1)
  (6, 6, 4, 4, 4, 4, 3, 3, 1, 1, 1)
  (6, 6, 4, 4, 4, 4, 3, 2, 2, 2)
  (6, 6, 4, 4, 4, 4, 3, 2, 2, 1, 1)
  (6, 6, 4, 4, 4, 4, 3, 2, 1, 1, 1, 1)
  (6, 6, 4, 4, 4, 4, 3, 1, 1, 1, 1, 1, 1)
  (6, 6, 4, 4, 4, 4, 2, 2, 2, 2, 1)
  (6, 6, 4, 4, 4, 4, 2, 2, 2, 1, 1, 1)
  (6, 6, 4, 4, 4, 4, 2, 2, 1, 1, 1, 1, 1)
  (6, 6, 4, 4, 4, 4, 2, 1, 1, 1, 1, 1, 1, 1)
  (6, 6, 4, 4, 4, 3, 3, 3, 3, 1)
  (6, 6, 4, 4, 4, 3, 3, 3, 2, 2)
  (6, 6, 4, 4, 4, 3, 3, 3, 2, 1, 1)
  (6, 6, 4, 4, 4, 3, 3, 3, 1, 1, 1, 1)
  (6, 6, 4, 4, 4, 3, 3, 2, 2, 2, 1)
  (6, 6, 4, 4, 4, 3, 3, 2, 2, 1, 1, 1)
  (6, 6, 4, 4, 4, 3, 3, 2, 1, 1, 1, 1, 1)
  (6, 6, 4, 4, 4, 3, 3, 1, 1, 1, 1, 1, 1, 1)
  (6, 6, 4, 4, 4, 3, 2, 2, 2, 2, 2)
  (6, 6, 4, 4, 4, 3, 2, 2, 2, 2, 1, 1)
  (6, 6, 4, 4, 4, 3, 2, 2, 2, 1, 1, 1, 1)
  (6, 6, 4, 4, 4, 3, 2, 2, 1, 1, 1, 1, 1, 1)
  (6, 6, 4, 4, 4, 2, 2, 2, 2, 2, 2, 1)
  (6, 6, 4, 4, 4, 2, 2, 2, 2, 2, 1, 1, 1)
  (6, 6, 4, 4, 4, 2, 2, 2, 2, 1, 1, 1, 1, 1)
  (6, 6, 4, 4, 3, 3, 3, 3, 3, 2)
  (6, 6, 4, 4, 3, 3, 3, 3, 3, 1, 1)
  (6, 6, 4, 4, 3, 3, 3, 3, 2, 2, 1)
  (6, 6, 4, 4, 3, 3, 3, 3, 2, 1, 1, 1)
  (6, 6, 4, 4, 3, 3, 3, 3, 1, 1, 1, 1, 1)
  (6, 6, 4, 4, 3, 3, 3, 2, 2, 2, 2)
  (6, 6, 4, 4, 3, 3, 3, 2, 2, 2, 1, 1)
  (6, 6, 4, 4, 3, 3, 3, 2, 2, 1, 1, 1, 1)
  (6, 6, 4, 4, 3, 3, 3, 2, 1, 1, 1, 1, 1, 1)
  (6, 6, 4, 4, 3, 3, 2, 2, 2, 2, 2, 1)
  (6, 6, 4, 4, 3, 3, 2, 2, 2, 2, 1, 1, 1)
  (6, 6, 4, 4, 3, 3, 2, 2, 2, 1, 1, 1, 1, 1)
  (6, 6, 4, 4, 3, 2, 2, 2, 2, 2, 2, 2)
  (6, 6, 4, 4, 3, 2, 2, 2, 2, 2, 2, 1, 1)
  (6, 6, 4, 4, 3, 2, 2, 2, 2, 2, 1, 1, 1, 1)
  (6, 6, 4, 3, 3, 3, 3, 3, 3, 3)
  (6, 6, 4, 3, 3, 3, 3, 3, 3, 2, 1)
  (6, 6, 4, 3, 3, 3, 3, 3, 3, 1, 1, 1)
  (6, 6, 4, 3, 3, 3, 3, 3, 2, 2, 2)
  (6, 6, 4, 3, 3, 3, 3, 3, 2, 2, 1, 1)
  (6, 6, 4, 3, 3, 3, 3, 3, 2, 1, 1, 1, 1)
  (6, 6, 4, 3, 3, 3, 3, 3, 1, 1, 1, 1, 1, 1)
  (6, 6, 4, 3, 3, 3, 3, 2, 2, 2, 2, 1)
  (6, 6, 4, 3, 3, 3, 3, 2, 2, 2, 1, 1, 1)
  (6, 6, 4, 3, 3, 3, 3, 2, 2, 1, 1, 1, 1, 1)
  (6, 6, 4, 3, 3, 3, 2, 2, 2, 2, 2, 2)
  (6, 6, 4, 3, 3, 3, 2, 2, 2, 2, 2, 1, 1)
  (6, 6, 4, 3, 3, 3, 2, 2, 2, 2, 1, 1, 1, 1)
  (6, 5, 5, 5, 5, 5, 3, 2, 1)
  (6, 5, 5, 5, 5, 5, 3, 1, 1, 1)
  (6, 5, 5, 5, 5, 5, 2, 2, 2)
  (6, 5, 5, 5, 5, 5, 2, 2, 1, 1)
  (6, 5, 5, 5, 5, 5, 2, 1, 1, 1, 1)
  (6, 5, 5, 5, 5, 4, 4, 2, 1)
  (6, 5, 5, 5, 5, 4, 4, 1, 1, 1)
  (6, 5, 5, 5, 5, 4, 3, 3, 1)
  (6, 5, 5, 5, 5, 4, 3, 2, 2)
  (6, 5, 5, 5, 5, 4, 3, 2, 1, 1)
  (6, 5, 5, 5, 5, 4, 3, 1, 1, 1, 1)
  (6, 5, 5, 5, 5, 4, 2, 2, 2, 1)
  (6, 5, 5, 5, 5, 4, 2, 2, 1, 1, 1)
  (6, 5, 5, 5, 5, 4, 2, 1, 1, 1, 1, 1)
  (6, 5, 5, 5, 5, 3, 3, 3, 2)
  (6, 5, 5, 5, 5, 3, 3, 3, 1, 1)
  (6, 5, 5, 5, 5, 3, 3, 2, 2, 1)
  (6, 5, 5, 5, 5, 3, 3, 2, 1, 1, 1)
  (6, 5, 5, 5, 5, 3, 3, 1, 1, 1, 1, 1)
  (6, 5, 5, 5, 5, 3, 2, 2, 2, 2)
  (6, 5, 5, 5, 5, 3, 2, 2, 2, 1, 1)
  (6, 5, 5, 5, 5, 3, 2, 2, 1, 1, 1, 1)
  (6, 5, 5, 5, 5, 3, 2, 1, 1, 1, 1, 1, 1)
  (6, 5, 5, 5, 5, 2, 2, 2, 2, 2, 1)
  (6, 5, 5, 5, 5, 2, 2, 2, 2, 1, 1, 1)
  (6, 5, 5, 5, 5, 2, 2, 2, 1, 1, 1, 1, 1)
  (6, 5, 5, 5, 4, 4, 4, 3, 1)
  (6, 5, 5, 5, 4, 4, 4, 2, 2)
  (6, 5, 5, 5, 4, 4, 4, 2, 1, 1)
  (6, 5, 5, 5, 4, 4, 4, 1, 1, 1, 1)
  (6, 5, 5, 5, 4, 4, 3, 3, 2)
  (6, 5, 5, 5, 4, 4, 3, 3, 1, 1)
  (6, 5, 5, 5, 4, 4, 3, 2, 2, 1)
  (6, 5, 5, 5, 4, 4, 3, 2, 1, 1, 1)
  (6, 5, 5, 5, 4, 4, 3, 1, 1, 1, 1, 1)
  (6, 5, 5, 5, 4, 4, 2, 2, 2, 2)
  (6, 5, 5, 5, 4, 4, 2, 2, 2, 1, 1)
  (6, 5, 5, 5, 4, 4, 2, 2, 1, 1, 1, 1)
  (6, 5, 5, 5, 4, 4, 2, 1, 1, 1, 1, 1, 1)
  (6, 5, 5, 5, 4, 3, 3, 3, 3)
  (6, 5, 5, 5, 4, 3, 3, 3, 2, 1)
  (6, 5, 5, 5, 4, 3, 3, 3, 1, 1, 1)
  (6, 5, 5, 5, 4, 3, 3, 2, 2, 2)
  (6, 5, 5, 5, 4, 3, 3, 2, 2, 1, 1)
  (6, 5, 5, 5, 4, 3, 3, 2, 1, 1, 1, 1)
  (6, 5, 5, 5, 4, 3, 3, 1, 1, 1, 1, 1, 1)
  (6, 5, 5, 5, 4, 3, 2, 2, 2, 2, 1)
  (6, 5, 5, 5, 4, 3, 2, 2, 2, 1, 1, 1)
  (6, 5, 5, 5, 4, 3, 2, 2, 1, 1, 1, 1, 1)
  (6, 5, 5, 5, 4, 3, 2, 1, 1, 1, 1, 1, 1, 1)
  (6, 5, 5, 5, 4, 2, 2, 2, 2, 2, 2)
  (6, 5, 5, 5, 4, 2, 2, 2, 2, 2, 1, 1)
  (6, 5, 5, 5, 4, 2, 2, 2, 2, 1, 1, 1, 1)
  (6, 5, 5, 5, 4, 2, 2, 2, 1, 1, 1, 1, 1, 1)
  (6, 5, 5, 5, 3, 3, 3, 3, 3, 1)
  (6, 5, 5, 5, 3, 3, 3, 3, 2, 2)
  (6, 5, 5, 5, 3, 3, 3, 3, 2, 1, 1)
  (6, 5, 5, 5, 3, 3, 3, 3, 1, 1, 1, 1)
  (6, 5, 5, 5, 3, 3, 3, 2, 2, 2, 1)
  (6, 5, 5, 5, 3, 3, 3, 2, 2, 1, 1, 1)
  (6, 5, 5, 5, 3, 3, 3, 2, 1, 1, 1, 1, 1)
  (6, 5, 5, 5, 3, 3, 3, 1, 1, 1, 1, 1, 1, 1)
  (6, 5, 5, 5, 3, 3, 2, 2, 2, 2, 2)
  (6, 5, 5, 5, 3, 3, 2, 2, 2, 2, 1, 1)
  (6, 5, 5, 5, 3, 3, 2, 2, 2, 1, 1, 1, 1)
  (6, 5, 5, 5, 3, 3, 2, 2, 1, 1, 1, 1, 1, 1)
  (6, 5, 5, 5, 3, 2, 2, 2, 2, 2, 2, 1)
  (6, 5, 5, 5, 3, 2, 2, 2, 2, 2, 1, 1, 1)
  (6, 5, 5, 5, 3, 2, 2, 2, 2, 1, 1, 1, 1, 1)
  (6, 5, 5, 4, 4, 4, 4, 4, 1)
  (6, 5, 5, 4, 4, 4, 4, 3, 2)
  (6, 5, 5, 4, 4, 4, 4, 3, 1, 1)
  (6, 5, 5, 4, 4, 4, 4, 2, 2, 1)
  (6, 5, 5, 4, 4, 4, 4, 2, 1, 1, 1)
  (6, 5, 5, 4, 4, 4, 4, 1, 1, 1, 1, 1)
  (6, 5, 5, 4, 4, 4, 3, 3, 3)
  (6, 5, 5, 4, 4, 4, 3, 3, 2, 1)
  (6, 5, 5, 4, 4, 4, 3, 3, 1, 1, 1)
  (6, 5, 5, 4, 4, 4, 3, 2, 2, 2)
  (6, 5, 5, 4, 4, 4, 3, 2, 2, 1, 1)
  (6, 5, 5, 4, 4, 4, 3, 2, 1, 1, 1, 1)
  (6, 5, 5, 4, 4, 4, 3, 1, 1, 1, 1, 1, 1)
  (6, 5, 5, 4, 4, 4, 2, 2, 2, 2, 1)
  (6, 5, 5, 4, 4, 4, 2, 2, 2, 1, 1, 1)
  (6, 5, 5, 4, 4, 4, 2, 2, 1, 1, 1, 1, 1)
  (6, 5, 5, 4, 4, 4, 2, 1, 1, 1, 1, 1, 1, 1)
  (6, 5, 5, 4, 4, 3, 3, 3, 3, 1)
  (6, 5, 5, 4, 4, 3, 3, 3, 2, 2)
  (6, 5, 5, 4, 4, 3, 3, 3, 2, 1, 1)
  (6, 5, 5, 4, 4, 3, 3, 3, 1, 1, 1, 1)
  (6, 5, 5, 4, 4, 3, 3, 2, 2, 2, 1)
  (6, 5, 5, 4, 4, 3, 3, 2, 2, 1, 1, 1)
  (6, 5, 5, 4, 4, 3, 3, 2, 1, 1, 1, 1, 1)
  (6, 5, 5, 4, 4, 3, 3, 1, 1, 1, 1, 1, 1, 1)
  (6, 5, 5, 4, 4, 3, 2, 2, 2, 2, 2)
  (6, 5, 5, 4, 4, 3, 2, 2, 2, 2, 1, 1)
  (6, 5, 5, 4, 4, 3, 2, 2, 2, 1, 1, 1, 1)
  (6, 5, 5, 4, 4, 3, 2, 2, 1, 1, 1, 1, 1, 1)
  (6, 5, 5, 4, 4, 2, 2, 2, 2, 2, 2, 1)
  (6, 5, 5, 4, 4, 2, 2, 2, 2, 2, 1, 1, 1)
  (6, 5, 5, 4, 4, 2, 2, 2, 2, 1, 1, 1, 1, 1)
  (6, 5, 5, 4, 3, 3, 3, 3, 3, 2)
  (6, 5, 5, 4, 3, 3, 3, 3, 3, 1, 1)
  (6, 5, 5, 4, 3, 3, 3, 3, 2, 2, 1)
  (6, 5, 5, 4, 3, 3, 3, 3, 2, 1, 1, 1)
  (6, 5, 5, 4, 3, 3, 3, 3, 1, 1, 1, 1, 1)
  (6, 5, 5, 4, 3, 3, 3, 2, 2, 2, 2)
  (6, 5, 5, 4, 3, 3, 3, 2, 2, 2, 1, 1)
  (6, 5, 5, 4, 3, 3, 3, 2, 2, 1, 1, 1, 1)
  (6, 5, 5, 4, 3, 3, 3, 2, 1, 1, 1, 1, 1, 1)
  (6, 5, 5, 4, 3, 3, 2, 2, 2, 2, 2, 1)
  (6, 5, 5, 4, 3, 3, 2, 2, 2, 2, 1, 1, 1)
  (6, 5, 5, 4, 3, 3, 2, 2, 2, 1, 1, 1, 1, 1)
  (6, 5, 5, 4, 3, 2, 2, 2, 2, 2, 2, 2)
  (6, 5, 5, 4, 3, 2, 2, 2, 2, 2, 2, 1, 1)
  (6, 5, 5, 4, 3, 2, 2, 2, 2, 2, 1, 1, 1, 1)
  (6, 5, 5, 3, 3, 3, 3, 3, 3, 3)
  (6, 5, 5, 3, 3, 3, 3, 3, 3, 2, 1)
  (6, 5, 5, 3, 3, 3, 3, 3, 3, 1, 1, 1)
  (6, 5, 5, 3, 3, 3, 3, 3, 2, 2, 2)
  (6, 5, 5, 3, 3, 3, 3, 3, 2, 2, 1, 1)
  (6, 5, 5, 3, 3, 3, 3, 3, 2, 1, 1, 1, 1)
  (6, 5, 5, 3, 3, 3, 3, 3, 1, 1, 1, 1, 1, 1)
  (6, 5, 5, 3, 3, 3, 3, 2, 2, 2, 2, 1)
  (6, 5, 5, 3, 3, 3, 3, 2, 2, 2, 1, 1, 1)
  (6, 5, 5, 3, 3, 3, 3, 2, 2, 1, 1, 1, 1, 1)
  (6, 5, 5, 3, 3, 3, 2, 2, 2, 2, 2, 2)
  (6, 5, 5, 3, 3, 3, 2, 2, 2, 2, 2, 1, 1)
  (6, 5, 5, 3, 3, 3, 2, 2, 2, 2, 1, 1, 1, 1)
  (6, 5, 4, 4, 4, 4, 4, 4, 2)
  (6, 5, 4, 4, 4, 4, 4, 4, 1, 1)
  (6, 5, 4, 4, 4, 4, 4, 3, 3)
  (6, 5, 4, 4, 4, 4, 4, 3, 2, 1)
  (6, 5, 4, 4, 4, 4, 4, 3, 1, 1, 1)
  (6, 5, 4, 4, 4, 4, 4, 2, 2, 2)
  (6, 5, 4, 4, 4, 4, 4, 2, 2, 1, 1)
  (6, 5, 4, 4, 4, 4, 4, 2, 1, 1, 1, 1)
  (6, 5, 4, 4, 4, 4, 4, 1, 1, 1, 1, 1, 1)
  (6, 5, 4, 4, 4, 4, 3, 3, 3, 1)
  (6, 5, 4, 4, 4, 4, 3, 3, 2, 2)
  (6, 5, 4, 4, 4, 4, 3, 3, 2, 1, 1)
  (6, 5, 4, 4, 4, 4, 3, 3, 1, 1, 1, 1)
  (6, 5, 4, 4, 4, 4, 3, 2, 2, 2, 1)
  (6, 5, 4, 4, 4, 4, 3, 2, 2, 1, 1, 1)
  (6, 5, 4, 4, 4, 4, 3, 2, 1, 1, 1, 1, 1)
  (6, 5, 4, 4, 4, 4, 3, 1, 1, 1, 1, 1, 1, 1)
  (6, 5, 4, 4, 4, 4, 2, 2, 2, 2, 2)
  (6, 5, 4, 4, 4, 4, 2, 2, 2, 2, 1, 1)
  (6, 5, 4, 4, 4, 4, 2, 2, 2, 1, 1, 1, 1)
  (6, 5, 4, 4, 4, 4, 2, 2, 1, 1, 1, 1, 1, 1)
  (6, 5, 4, 4, 4, 3, 3, 3, 3, 2)
  (6, 5, 4, 4, 4, 3, 3, 3, 3, 1, 1)
  (6, 5, 4, 4, 4, 3, 3, 3, 2, 2, 1)
  (6, 5, 4, 4, 4, 3, 3, 3, 2, 1, 1, 1)
  (6, 5, 4, 4, 4, 3, 3, 3, 1, 1, 1, 1, 1)
  (6, 5, 4, 4, 4, 3, 3, 2, 2, 2, 2)
  (6, 5, 4, 4, 4, 3, 3, 2, 2, 2, 1, 1)
  (6, 5, 4, 4, 4, 3, 3, 2, 2, 1, 1, 1, 1)
  (6, 5, 4, 4, 4, 3, 3, 2, 1, 1, 1, 1, 1, 1)
  (6, 5, 4, 4, 4, 3, 2, 2, 2, 2, 2, 1)
  (6, 5, 4, 4, 4, 3, 2, 2, 2, 2, 1, 1, 1)
  (6, 5, 4, 4, 4, 3, 2, 2, 2, 1, 1, 1, 1, 1)
  (6, 5, 4, 4, 4, 2, 2, 2, 2, 2, 2, 2)
  (6, 5, 4, 4, 4, 2, 2, 2, 2, 2, 2, 1, 1)
  (6, 5, 4, 4, 4, 2, 2, 2, 2, 2, 1, 1, 1, 1)
  (6, 5, 4, 4, 3, 3, 3, 3, 3, 3)
  (6, 5, 4, 4, 3, 3, 3, 3, 3, 2, 1)
  (6, 5, 4, 4, 3, 3, 3, 3, 3, 1, 1, 1)
  (6, 5, 4, 4, 3, 3, 3, 3, 2, 2, 2)
  (6, 5, 4, 4, 3, 3, 3, 3, 2, 2, 1, 1)
  (6, 5, 4, 4, 3, 3, 3, 3, 2, 1, 1, 1, 1)
  (6, 5, 4, 4, 3, 3, 3, 3, 1, 1, 1, 1, 1, 1)
  (6, 5, 4, 4, 3, 3, 3, 2, 2, 2, 2, 1)
  (6, 5, 4, 4, 3, 3, 3, 2, 2, 2, 1, 1, 1)
  (6, 5, 4, 4, 3, 3, 3, 2, 2, 1, 1, 1, 1, 1)
  (6, 5, 4, 4, 3, 3, 2, 2, 2, 2, 2, 2)
  (6, 5, 4, 4, 3, 3, 2, 2, 2, 2, 2, 1, 1)
  (6, 5, 4, 4, 3, 3, 2, 2, 2, 2, 1, 1, 1, 1)
  (6, 5, 4, 4, 3, 2, 2, 2, 2, 2, 2, 2, 1)
  (6, 5, 4, 4, 3, 2, 2, 2, 2, 2, 2, 1, 1, 1)
  (6, 5, 4, 3, 3, 3, 3, 3, 3, 3, 1)
  (6, 5, 4, 3, 3, 3, 3, 3, 3, 2, 2)
  (6, 5, 4, 3, 3, 3, 3, 3, 3, 2, 1, 1)
  (6, 5, 4, 3, 3, 3, 3, 3, 3, 1, 1, 1, 1)
  (6, 5, 4, 3, 3, 3, 3, 3, 2, 2, 2, 1)
  (6, 5, 4, 3, 3, 3, 3, 3, 2, 2, 1, 1, 1)
  (6, 5, 4, 3, 3, 3, 3, 3, 2, 1, 1, 1, 1, 1)
  (6, 5, 4, 3, 3, 3, 3, 2, 2, 2, 2, 2)
  (6, 5, 4, 3, 3, 3, 3, 2, 2, 2, 2, 1, 1)
  (6, 5, 4, 3, 3, 3, 3, 2, 2, 2, 1, 1, 1, 1)
  (6, 5, 4, 3, 3, 3, 2, 2, 2, 2, 2, 2, 1)
  (6, 5, 4, 3, 3, 3, 2, 2, 2, 2, 2, 1, 1, 1)
  (6, 4, 4, 4, 4, 4, 4, 4, 2, 1)
  (6, 4, 4, 4, 4, 4, 4, 4, 1, 1, 1)
  (6, 4, 4, 4, 4, 4, 4, 3, 3, 1)
  (6, 4, 4, 4, 4, 4, 4, 3, 2, 2)
  (6, 4, 4, 4, 4, 4, 4, 3, 2, 1, 1)
  (6, 4, 4, 4, 4, 4, 4, 3, 1, 1, 1, 1)
  (6, 4, 4, 4, 4, 4, 4, 2, 2, 2, 1)
  (6, 4, 4, 4, 4, 4, 4, 2, 2, 1, 1, 1)
  (6, 4, 4, 4, 4, 4, 4, 2, 1, 1, 1, 1, 1)
  (6, 4, 4, 4, 4, 4, 3, 3, 3, 2)
  (6, 4, 4, 4, 4, 4, 3, 3, 3, 1, 1)
  (6, 4, 4, 4, 4, 4, 3, 3, 2, 2, 1)
  (6, 4, 4, 4, 4, 4, 3, 3, 2, 1, 1, 1)
  (6, 4, 4, 4, 4, 4, 3, 3, 1, 1, 1, 1, 1)
  (6, 4, 4, 4, 4, 4, 3, 2, 2, 2, 2)
  (6, 4, 4, 4, 4, 4, 3, 2, 2, 2, 1, 1)
  (6, 4, 4, 4, 4, 4, 3, 2, 2, 1, 1, 1, 1)
  (6, 4, 4, 4, 4, 4, 3, 2, 1, 1, 1, 1, 1, 1)
  (6, 4, 4, 4, 4, 4, 2, 2, 2, 2, 2, 1)
  (6, 4, 4, 4, 4, 4, 2, 2, 2, 2, 1, 1, 1)
  (6, 4, 4, 4, 4, 4, 2, 2, 2, 1, 1, 1, 1, 1)
  (6, 4, 4, 4, 4, 3, 3, 3, 3, 3)
  (6, 4, 4, 4, 4, 3, 3, 3, 3, 2, 1)
  (6, 4, 4, 4, 4, 3, 3, 3, 3, 1, 1, 1)
  (6, 4, 4, 4, 4, 3, 3, 3, 2, 2, 2)
  (6, 4, 4, 4, 4, 3, 3, 3, 2, 2, 1, 1)
  (6, 4, 4, 4, 4, 3, 3, 3, 2, 1, 1, 1, 1)
  (6, 4, 4, 4, 4, 3, 3, 3, 1, 1, 1, 1, 1, 1)
  (6, 4, 4, 4, 4, 3, 3, 2, 2, 2, 2, 1)
  (6, 4, 4, 4, 4, 3, 3, 2, 2, 2, 1, 1, 1)
  (6, 4, 4, 4, 4, 3, 3, 2, 2, 1, 1, 1, 1, 1)
  (6, 4, 4, 4, 4, 3, 2, 2, 2, 2, 2, 2)
  (6, 4, 4, 4, 4, 3, 2, 2, 2, 2, 2, 1, 1)
  (6, 4, 4, 4, 4, 3, 2, 2, 2, 2, 1, 1, 1, 1)
  (6, 4, 4, 4, 3, 3, 3, 3, 3, 3, 1)
  (6, 4, 4, 4, 3, 3, 3, 3, 3, 2, 2)
  (6, 4, 4, 4, 3, 3, 3, 3, 3, 2, 1, 1)
  (6, 4, 4, 4, 3, 3, 3, 3, 3, 1, 1, 1, 1)
  (6, 4, 4, 4, 3, 3, 3, 3, 2, 2, 2, 1)
  (6, 4, 4, 4, 3, 3, 3, 3, 2, 2, 1, 1, 1)
  (6, 4, 4, 4, 3, 3, 3, 3, 2, 1, 1, 1, 1, 1)
  (6, 4, 4, 4, 3, 3, 3, 2, 2, 2, 2, 2)
  (6, 4, 4, 4, 3, 3, 3, 2, 2, 2, 2, 1, 1)
  (6, 4, 4, 4, 3, 3, 3, 2, 2, 2, 1, 1, 1, 1)
  (6, 4, 4, 4, 3, 3, 2, 2, 2, 2, 2, 2, 1)
  (6, 4, 4, 4, 3, 3, 2, 2, 2, 2, 2, 1, 1, 1)
  (5, 5, 5, 5, 5, 5, 4, 2, 1)
  (5, 5, 5, 5, 5, 5, 4, 1, 1, 1)
  (5, 5, 5, 5, 5, 5, 3, 3, 1)
  (5, 5, 5, 5, 5, 5, 3, 2, 2)
  (5, 5, 5, 5, 5, 5, 3, 2, 1, 1)
  (5, 5, 5, 5, 5, 5, 3, 1, 1, 1, 1)
  (5, 5, 5, 5, 5, 5, 2, 2, 2, 1)
  (5, 5, 5, 5, 5, 5, 2, 2, 1, 1, 1)
  (5, 5, 5, 5, 5, 5, 2, 1, 1, 1, 1, 1)
  (5, 5, 5, 5, 5, 4, 4, 3, 1)
  (5, 5, 5, 5, 5, 4, 4, 2, 2)
  (5, 5, 5, 5, 5, 4, 4, 2, 1, 1)
  (5, 5, 5, 5, 5, 4, 4, 1, 1, 1, 1)
  (5, 5, 5, 5, 5, 4, 3, 3, 2)
  (5, 5, 5, 5, 5, 4, 3, 3, 1, 1)
  (5, 5, 5, 5, 5, 4, 3, 2, 2, 1)
  (5, 5, 5, 5, 5, 4, 3, 2, 1, 1, 1)
  (5, 5, 5, 5, 5, 4, 3, 1, 1, 1, 1, 1)
  (5, 5, 5, 5, 5, 4, 2, 2, 2, 2)
  (5, 5, 5, 5, 5, 4, 2, 2, 2, 1, 1)
  (5, 5, 5, 5, 5, 4, 2, 2, 1, 1, 1, 1)
  (5, 5, 5, 5, 5, 4, 2, 1, 1, 1, 1, 1, 1)
  (5, 5, 5, 5, 5, 3, 3, 3, 3)
  (5, 5, 5, 5, 5, 3, 3, 3, 2, 1)
  (5, 5, 5, 5, 5, 3, 3, 3, 1, 1, 1)
  (5, 5, 5, 5, 5, 3, 3, 2, 2, 2)
  (5, 5, 5, 5, 5, 3, 3, 2, 2, 1, 1)
  (5, 5, 5, 5, 5, 3, 3, 2, 1, 1, 1, 1)
  (5, 5, 5, 5, 5, 3, 3, 1, 1, 1, 1, 1, 1)
  (5, 5, 5, 5, 5, 3, 2, 2, 2, 2, 1)
  (5, 5, 5, 5, 5, 3, 2, 2, 2, 1, 1, 1)
  (5, 5, 5, 5, 5, 3, 2, 2, 1, 1, 1, 1, 1)
  (5, 5, 5, 5, 5, 3, 2, 1, 1, 1, 1, 1, 1, 1)
  (5, 5, 5, 5, 5, 2, 2, 2, 2, 2, 2)
  (5, 5, 5, 5, 5, 2, 2, 2, 2, 2, 1, 1)
  (5, 5, 5, 5, 5, 2, 2, 2, 2, 1, 1, 1, 1)
  (5, 5, 5, 5, 5, 2, 2, 2, 1, 1, 1, 1, 1, 1)
  (5, 5, 5, 5, 4, 4, 4, 4, 1)
  (5, 5, 5, 5, 4, 4, 4, 3, 2)
  (5, 5, 5, 5, 4, 4, 4, 3, 1, 1)
  (5, 5, 5, 5, 4, 4, 4, 2, 2, 1)
  (5, 5, 5, 5, 4, 4, 4, 2, 1, 1, 1)
  (5, 5, 5, 5, 4, 4, 4, 1, 1, 1, 1, 1)
  (5, 5, 5, 5, 4, 4, 3, 3, 3)
  (5, 5, 5, 5, 4, 4, 3, 3, 2, 1)
  (5, 5, 5, 5, 4, 4, 3, 3, 1, 1, 1)
  (5, 5, 5, 5, 4, 4, 3, 2, 2, 2)
  (5, 5, 5, 5, 4, 4, 3, 2, 2, 1, 1)
  (5, 5, 5, 5, 4, 4, 3, 2, 1, 1, 1, 1)
  (5, 5, 5, 5, 4, 4, 3, 1, 1, 1, 1, 1, 1)
  (5, 5, 5, 5, 4, 4, 2, 2, 2, 2, 1)
  (5, 5, 5, 5, 4, 4, 2, 2, 2, 1, 1, 1)
  (5, 5, 5, 5, 4, 4, 2, 2, 1, 1, 1, 1, 1)
  (5, 5, 5, 5, 4, 4, 2, 1, 1, 1, 1, 1, 1, 1)
  (5, 5, 5, 5, 4, 3, 3, 3, 3, 1)
  (5, 5, 5, 5, 4, 3, 3, 3, 2, 2)
  (5, 5, 5, 5, 4, 3, 3, 3, 2, 1, 1)
  (5, 5, 5, 5, 4, 3, 3, 3, 1, 1, 1, 1)
  (5, 5, 5, 5, 4, 3, 3, 2, 2, 2, 1)
  (5, 5, 5, 5, 4, 3, 3, 2, 2, 1, 1, 1)
  (5, 5, 5, 5, 4, 3, 3, 2, 1, 1, 1, 1, 1)
  (5, 5, 5, 5, 4, 3, 3, 1, 1, 1, 1, 1, 1, 1)
  (5, 5, 5, 5, 4, 3, 2, 2, 2, 2, 2)
  (5, 5, 5, 5, 4, 3, 2, 2, 2, 2, 1, 1)
  (5, 5, 5, 5, 4, 3, 2, 2, 2, 1, 1, 1, 1)
  (5, 5, 5, 5, 4, 3, 2, 2, 1, 1, 1, 1, 1, 1)
  (5, 5, 5, 5, 4, 2, 2, 2, 2, 2, 2, 1)
  (5, 5, 5, 5, 4, 2, 2, 2, 2, 2, 1, 1, 1)
  (5, 5, 5, 5, 4, 2, 2, 2, 2, 1, 1, 1, 1, 1)
  (5, 5, 5, 5, 3, 3, 3, 3, 3, 2)
  (5, 5, 5, 5, 3, 3, 3, 3, 3, 1, 1)
  (5, 5, 5, 5, 3, 3, 3, 3, 2, 2, 1)
  (5, 5, 5, 5, 3, 3, 3, 3, 2, 1, 1, 1)
  (5, 5, 5, 5, 3, 3, 3, 3, 1, 1, 1, 1, 1)
  (5, 5, 5, 5, 3, 3, 3, 2, 2, 2, 2)
  (5, 5, 5, 5, 3, 3, 3, 2, 2, 2, 1, 1)
  (5, 5, 5, 5, 3, 3, 3, 2, 2, 1, 1, 1, 1)
  (5, 5, 5, 5, 3, 3, 3, 2, 1, 1, 1, 1, 1, 1)
  (5, 5, 5, 5, 3, 3, 2, 2, 2, 2, 2, 1)
  (5, 5, 5, 5, 3, 3, 2, 2, 2, 2, 1, 1, 1)
  (5, 5, 5, 5, 3, 3, 2, 2, 2, 1, 1, 1, 1, 1)
  (5, 5, 5, 5, 3, 2, 2, 2, 2, 2, 2, 2)
  (5, 5, 5, 5, 3, 2, 2, 2, 2, 2, 2, 1, 1)
  (5, 5, 5, 5, 3, 2, 2, 2, 2, 2, 1, 1, 1, 1)
  (5, 5, 5, 4, 4, 4, 4, 4, 2)
  (5, 5, 5, 4, 4, 4, 4, 4, 1, 1)
  (5, 5, 5, 4, 4, 4, 4, 3, 3)
  (5, 5, 5, 4, 4, 4, 4, 3, 2, 1)
  (5, 5, 5, 4, 4, 4, 4, 3, 1, 1, 1)
  (5, 5, 5, 4, 4, 4, 4, 2, 2, 2)
  (5, 5, 5, 4, 4, 4, 4, 2, 2, 1, 1)
  (5, 5, 5, 4, 4, 4, 4, 2, 1, 1, 1, 1)
  (5, 5, 5, 4, 4, 4, 4, 1, 1, 1, 1, 1, 1)
  (5, 5, 5, 4, 4, 4, 3, 3, 3, 1)
  (5, 5, 5, 4, 4, 4, 3, 3, 2, 2)
  (5, 5, 5, 4, 4, 4, 3, 3, 2, 1, 1)
  (5, 5, 5, 4, 4, 4, 3, 3, 1, 1, 1, 1)
  (5, 5, 5, 4, 4, 4, 3, 2, 2, 2, 1)
  (5, 5, 5, 4, 4, 4, 3, 2, 2, 1, 1, 1)
  (5, 5, 5, 4, 4, 4, 3, 2, 1, 1, 1, 1, 1)
  (5, 5, 5, 4, 4, 4, 3, 1, 1, 1, 1, 1, 1, 1)
  (5, 5, 5, 4, 4, 4, 2, 2, 2, 2, 2)
  (5, 5, 5, 4, 4, 4, 2, 2, 2, 2, 1, 1)
  (5, 5, 5, 4, 4, 4, 2, 2, 2, 1, 1, 1, 1)
  (5, 5, 5, 4, 4, 4, 2, 2, 1, 1, 1, 1, 1, 1)
  (5, 5, 5, 4, 4, 3, 3, 3, 3, 2)
  (5, 5, 5, 4, 4, 3, 3, 3, 3, 1, 1)
  (5, 5, 5, 4, 4, 3, 3, 3, 2, 2, 1)
  (5, 5, 5, 4, 4, 3, 3, 3, 2, 1, 1, 1)
  (5, 5, 5, 4, 4, 3, 3, 3, 1, 1, 1, 1, 1)
  (5, 5, 5, 4, 4, 3, 3, 2, 2, 2, 2)
  (5, 5, 5, 4, 4, 3, 3, 2, 2, 2, 1, 1)
  (5, 5, 5, 4, 4, 3, 3, 2, 2, 1, 1, 1, 1)
  (5, 5, 5, 4, 4, 3, 3, 2, 1, 1, 1, 1, 1, 1)
  (5, 5, 5, 4, 4, 3, 2, 2, 2, 2, 2, 1)
  (5, 5, 5, 4, 4, 3, 2, 2, 2, 2, 1, 1, 1)
  (5, 5, 5, 4, 4, 3, 2, 2, 2, 1, 1, 1, 1, 1)
  (5, 5, 5, 4, 4, 2, 2, 2, 2, 2, 2, 2)
  (5, 5, 5, 4, 4, 2, 2, 2, 2, 2, 2, 1, 1)
  (5, 5, 5, 4, 4, 2, 2, 2, 2, 2, 1, 1, 1, 1)
  (5, 5, 5, 4, 3, 3, 3, 3, 3, 3)
  (5, 5, 5, 4, 3, 3, 3, 3, 3, 2, 1)
  (5, 5, 5, 4, 3, 3, 3, 3, 3, 1, 1, 1)
  (5, 5, 5, 4, 3, 3, 3, 3, 2, 2, 2)
  (5, 5, 5, 4, 3, 3, 3, 3, 2, 2, 1, 1)
  (5, 5, 5, 4, 3, 3, 3, 3, 2, 1, 1, 1, 1)
  (5, 5, 5, 4, 3, 3, 3, 3, 1, 1, 1, 1, 1, 1)
  (5, 5, 5, 4, 3, 3, 3, 2, 2, 2, 2, 1)
  (5, 5, 5, 4, 3, 3, 3, 2, 2, 2, 1, 1, 1)
  (5, 5, 5, 4, 3, 3, 3, 2, 2, 1, 1, 1, 1, 1)
  (5, 5, 5, 4, 3, 3, 2, 2, 2, 2, 2, 2)
  (5, 5, 5, 4, 3, 3, 2, 2, 2, 2, 2, 1, 1)
  (5, 5, 5, 4, 3, 3, 2, 2, 2, 2, 1, 1, 1, 1)
  (5, 5, 5, 4, 3, 2, 2, 2, 2, 2, 2, 2, 1)
  (5, 5, 5, 4, 3, 2, 2, 2, 2, 2, 2, 1, 1, 1)
  (5, 5, 5, 3, 3, 3, 3, 3, 3, 3, 1)
  (5, 5, 5, 3, 3, 3, 3, 3, 3, 2, 2)
  (5, 5, 5, 3, 3, 3, 3, 3, 3, 2, 1, 1)
  (5, 5, 5, 3, 3, 3, 3, 3, 3, 1, 1, 1, 1)
  (5, 5, 5, 3, 3, 3, 3, 3, 2, 2, 2, 1)
  (5, 5, 5, 3, 3, 3, 3, 3, 2, 2, 1, 1, 1)
  (5, 5, 5, 3, 3, 3, 3, 3, 2, 1, 1, 1, 1, 1)
  (5, 5, 5, 3, 3, 3, 3, 2, 2, 2, 2, 2)
  (5, 5, 5, 3, 3, 3, 3, 2, 2, 2, 2, 1, 1)
  (5, 5, 5, 3, 3, 3, 3, 2, 2, 2, 1, 1, 1, 1)
  (5, 5, 5, 3, 3, 3, 2, 2, 2, 2, 2, 2, 1)
  (5, 5, 5, 3, 3, 3, 2, 2, 2, 2, 2, 1, 1, 1)
  (5, 5, 4, 4, 4, 4, 4, 4, 3)
  (5, 5, 4, 4, 4, 4, 4, 4, 2, 1)
  (5, 5, 4, 4, 4, 4, 4, 4, 1, 1, 1)
  (5, 5, 4, 4, 4, 4, 4, 3, 3, 1)
  (5, 5, 4, 4, 4, 4, 4, 3, 2, 2)
  (5, 5, 4, 4, 4, 4, 4, 3, 2, 1, 1)
  (5, 5, 4, 4, 4, 4, 4, 3, 1, 1, 1, 1)
  (5, 5, 4, 4, 4, 4, 4, 2, 2, 2, 1)
  (5, 5, 4, 4, 4, 4, 4, 2, 2, 1, 1, 1)
  (5, 5, 4, 4, 4, 4, 4, 2, 1, 1, 1, 1, 1)
  (5, 5, 4, 4, 4, 4, 4, 1, 1, 1, 1, 1, 1, 1)
  (5, 5, 4, 4, 4, 4, 3, 3, 3, 2)
  (5, 5, 4, 4, 4, 4, 3, 3, 3, 1, 1)
  (5, 5, 4, 4, 4, 4, 3, 3, 2, 2, 1)
  (5, 5, 4, 4, 4, 4, 3, 3, 2, 1, 1, 1)
  (5, 5, 4, 4, 4, 4, 3, 3, 1, 1, 1, 1, 1)
  (5, 5, 4, 4, 4, 4, 3, 2, 2, 2, 2)
  (5, 5, 4, 4, 4, 4, 3, 2, 2, 2, 1, 1)
  (5, 5, 4, 4, 4, 4, 3, 2, 2, 1, 1, 1, 1)
  (5, 5, 4, 4, 4, 4, 3, 2, 1, 1, 1, 1, 1, 1)
  (5, 5, 4, 4, 4, 4, 2, 2, 2, 2, 2, 1)
  (5, 5, 4, 4, 4, 4, 2, 2, 2, 2, 1, 1, 1)
  (5, 5, 4, 4, 4, 4, 2, 2, 2, 1, 1, 1, 1, 1)
  (5, 5, 4, 4, 4, 3, 3, 3, 3, 3)
  (5, 5, 4, 4, 4, 3, 3, 3, 3, 2, 1)
  (5, 5, 4, 4, 4, 3, 3, 3, 3, 1, 1, 1)
  (5, 5, 4, 4, 4, 3, 3, 3, 2, 2, 2)
  (5, 5, 4, 4, 4, 3, 3, 3, 2, 2, 1, 1)
  (5, 5, 4, 4, 4, 3, 3, 3, 2, 1, 1, 1, 1)
  (5, 5, 4, 4, 4, 3, 3, 3, 1, 1, 1, 1, 1, 1)
  (5, 5, 4, 4, 4, 3, 3, 2, 2, 2, 2, 1)
  (5, 5, 4, 4, 4, 3, 3, 2, 2, 2, 1, 1, 1)
  (5, 5, 4, 4, 4, 3, 3, 2, 2, 1, 1, 1, 1, 1)
  (5, 5, 4, 4, 4, 3, 2, 2, 2, 2, 2, 2)
  (5, 5, 4, 4, 4, 3, 2, 2, 2, 2, 2, 1, 1)
  (5, 5, 4, 4, 4, 3, 2, 2, 2, 2, 1, 1, 1, 1)
  (5, 5, 4, 4, 4, 2, 2, 2, 2, 2, 2, 2, 1)
  (5, 5, 4, 4, 4, 2, 2, 2, 2, 2, 2, 1, 1, 1)
  (5, 5, 4, 4, 3, 3, 3, 3, 3, 3, 1)
  (5, 5, 4, 4, 3, 3, 3, 3, 3, 2, 2)
  (5, 5, 4, 4, 3, 3, 3, 3, 3, 2, 1, 1)
  (5, 5, 4, 4, 3, 3, 3, 3, 3, 1, 1, 1, 1)
  (5, 5, 4, 4, 3, 3, 3, 3, 2, 2, 2, 1)
  (5, 5, 4, 4, 3, 3, 3, 3, 2, 2, 1, 1, 1)
  (5, 5, 4, 4, 3, 3, 3, 3, 2, 1, 1, 1, 1, 1)
  (5, 5, 4, 4, 3, 3, 3, 2, 2, 2, 2, 2)
  (5, 5, 4, 4, 3, 3, 3, 2, 2, 2, 2, 1, 1)
  (5, 5, 4, 4, 3, 3, 3, 2, 2, 2, 1, 1, 1, 1)
  (5, 5, 4, 3, 3, 3, 3, 3, 3, 3, 2)
  (5, 5, 4, 3, 3, 3, 3, 3, 3, 3, 1, 1)
  (5, 5, 4, 3, 3, 3, 3, 3, 3, 2, 2, 1)
  (5, 5, 4, 3, 3, 3, 3, 3, 3, 2, 1, 1, 1)
  (5, 5, 4, 3, 3, 3, 3, 3, 3, 1, 1, 1, 1, 1)
  (5, 5, 4, 3, 3, 3, 3, 3, 2, 2, 2, 2)
  (5, 5, 4, 3, 3, 3, 3, 3, 2, 2, 2, 1, 1)
  (5, 5, 4, 3, 3, 3, 3, 3, 2, 2, 1, 1, 1, 1)
  (5, 5, 4, 3, 3, 3, 3, 2, 2, 2, 2, 2, 1)
  (5, 5, 4, 3, 3, 3, 3, 2, 2, 2, 2, 1, 1, 1)
  (5, 4, 4, 4, 4, 4, 4, 4, 3, 1)
  (5, 4, 4, 4, 4, 4, 4, 4, 2, 2)
  (5, 4, 4, 4, 4, 4, 4, 4, 2, 1, 1)
  (5, 4, 4, 4, 4, 4, 4, 4, 1, 1, 1, 1)
  (5, 4, 4, 4, 4, 4, 4, 3, 3, 2)
  (5, 4, 4, 4, 4, 4, 4, 3, 3, 1, 1)
  (5, 4, 4, 4, 4, 4, 4, 3, 2, 2, 1)
  (5, 4, 4, 4, 4, 4, 4, 3, 2, 1, 1, 1)
  (5, 4, 4, 4, 4, 4, 4, 3, 1, 1, 1, 1, 1)
  (5, 4, 4, 4, 4, 4, 4, 2, 2, 2, 2)
  (5, 4, 4, 4, 4, 4, 4, 2, 2, 2, 1, 1)
  (5, 4, 4, 4, 4, 4, 4, 2, 2, 1, 1, 1, 1)
  (5, 4, 4, 4, 4, 4, 4, 2, 1, 1, 1, 1, 1, 1)
  (5, 4, 4, 4, 4, 4, 3, 3, 3, 3)
  (5, 4, 4, 4, 4, 4, 3, 3, 3, 2, 1)
  (5, 4, 4, 4, 4, 4, 3, 3, 3, 1, 1, 1)
  (5, 4, 4, 4, 4, 4, 3, 3, 2, 2, 2)
  (5, 4, 4, 4, 4, 4, 3, 3, 2, 2, 1, 1)
  (5, 4, 4, 4, 4, 4, 3, 3, 2, 1, 1, 1, 1)
  (5, 4, 4, 4, 4, 4, 3, 3, 1, 1, 1, 1, 1, 1)
  (5, 4, 4, 4, 4, 4, 3, 2, 2, 2, 2, 1)
  (5, 4, 4, 4, 4, 4, 3, 2, 2, 2, 1, 1, 1)
  (5, 4, 4, 4, 4, 4, 3, 2, 2, 1, 1, 1, 1, 1)
  (5, 4, 4, 4, 4, 4, 2, 2, 2, 2, 2, 2)
  (5, 4, 4, 4, 4, 4, 2, 2, 2, 2, 2, 1, 1)
  (5, 4, 4, 4, 4, 4, 2, 2, 2, 2, 1, 1, 1, 1)
  (5, 4, 4, 4, 4, 3, 3, 3, 3, 3, 1)
  (5, 4, 4, 4, 4, 3, 3, 3, 3, 2, 2)
  (5, 4, 4, 4, 4, 3, 3, 3, 3, 2, 1, 1)
  (5, 4, 4, 4, 4, 3, 3, 3, 3, 1, 1, 1, 1)
  (5, 4, 4, 4, 4, 3, 3, 3, 2, 2, 2, 1)
  (5, 4, 4, 4, 4, 3, 3, 3, 2, 2, 1, 1, 1)
  (5, 4, 4, 4, 4, 3, 3, 3, 2, 1, 1, 1, 1, 1)
  (5, 4, 4, 4, 4, 3, 3, 2, 2, 2, 2, 2)
  (5, 4, 4, 4, 4, 3, 3, 2, 2, 2, 2, 1, 1)
  (5, 4, 4, 4, 4, 3, 3, 2, 2, 2, 1, 1, 1, 1)
  (5, 4, 4, 4, 4, 3, 2, 2, 2, 2, 2, 2, 1)
  (5, 4, 4, 4, 4, 3, 2, 2, 2, 2, 2, 1, 1, 1)
  (5, 4, 4, 4, 3, 3, 3, 3, 3, 3, 2)
  (5, 4, 4, 4, 3, 3, 3, 3, 3, 3, 1, 1)
  (5, 4, 4, 4, 3, 3, 3, 3, 3, 2, 2, 1)
  (5, 4, 4, 4, 3, 3, 3, 3, 3, 2, 1, 1, 1)
  (5, 4, 4, 4, 3, 3, 3, 3, 3, 1, 1, 1, 1, 1)
  (5, 4, 4, 4, 3, 3, 3, 3, 2, 2, 2, 2)
  (5, 4, 4, 4, 3, 3, 3, 3, 2, 2, 2, 1, 1)
  (5, 4, 4, 4, 3, 3, 3, 3, 2, 2, 1, 1, 1, 1)
  (5, 4, 4, 4, 3, 3, 3, 2, 2, 2, 2, 2, 1)
  (5, 4, 4, 4, 3, 3, 3, 2, 2, 2, 2, 1, 1, 1)
# k=10 n=46 D_B=63 (k-1)(k-3)=63 #maximisers=5862 lambda^(k) in maximisers: True
  (8, 8, 7, 6, 5, 4, 3, 2, 2, 1)
  (8, 8, 7, 6, 5, 4, 3, 2, 1, 1, 1)
  (8, 8, 7, 6, 5, 4, 2, 2, 2, 1, 1)
  (8, 8, 7, 6, 5, 3, 3, 3, 2, 1)
  (8, 8, 7, 6, 5, 3, 3, 3, 1, 1, 1)
  (8, 8, 7, 6, 5, 3, 3, 2, 2, 2)
  (8, 8, 7, 6, 5, 3, 3, 2, 1, 1, 1, 1)
  (8, 8, 7, 6, 5, 3, 2, 2, 2, 2, 1)
  (8, 8, 7, 6, 5, 3, 2, 2, 2, 1, 1, 1)
  (8, 8, 7, 6, 4, 4, 4, 2, 2, 1)
  (8, 8, 7, 6, 4, 4, 4, 2, 1, 1, 1)
  (8, 8, 7, 6, 4, 4, 3, 3, 2, 1)
  (8, 8, 7, 6, 4, 4, 3, 3, 1, 1, 1)
  (8, 8, 7, 6, 4, 4, 3, 2, 2, 2)
  (8, 8, 7, 6, 4, 4, 3, 2, 2, 1, 1)
  (8, 8, 7, 6, 4, 4, 3, 2, 1, 1, 1, 1)
  (8, 8, 7, 6, 4, 4, 2, 2, 2, 2, 1)
  (8, 8, 7, 6, 4, 4, 2, 2, 2, 1, 1, 1)
  (8, 8, 7, 6, 4, 3, 3, 3, 3, 1)
  (8, 8, 7, 6, 4, 3, 3, 3, 2, 2)
  (8, 8, 7, 6, 4, 3, 3, 3, 2, 1, 1)
  (8, 8, 7, 6, 4, 3, 3, 3, 1, 1, 1, 1)
  (8, 8, 7, 6, 4, 3, 3, 2, 2, 2, 1)
  (8, 8, 7, 6, 4, 3, 3, 2, 2, 1, 1, 1)
  (8, 8, 7, 6, 4, 3, 3, 2, 1, 1, 1, 1, 1)
  (8, 8, 7, 6, 4, 3, 2, 2, 2, 2, 2)
  (8, 8, 7, 6, 4, 3, 2, 2, 2, 2, 1, 1)
  (8, 8, 7, 6, 4, 3, 2, 2, 2, 1, 1, 1, 1)
  (8, 8, 7, 6, 3, 3, 3, 3, 3, 1, 1)
  (8, 8, 7, 6, 3, 3, 3, 3, 2, 2, 1)
  (8, 8, 7, 6, 3, 3, 3, 3, 2, 1, 1, 1)
  (8, 8, 7, 6, 3, 3, 3, 2, 2, 2, 2)
  (8, 8, 7, 6, 3, 3, 3, 2, 2, 2, 1, 1)
  (8, 8, 7, 6, 3, 3, 3, 2, 2, 1, 1, 1, 1)
  (8, 8, 7, 5, 5, 5, 3, 2, 2, 1)
  (8, 8, 7, 5, 5, 5, 3, 2, 1, 1, 1)
  (8, 8, 7, 5, 5, 5, 2, 2, 2, 1, 1)
  (8, 8, 7, 5, 5, 4, 4, 2, 2, 1)
  (8, 8, 7, 5, 5, 4, 4, 2, 1, 1, 1)
  (8, 8, 7, 5, 5, 4, 3, 3, 2, 1)
  (8, 8, 7, 5, 5, 4, 3, 3, 1, 1, 1)
  (8, 8, 7, 5, 5, 4, 3, 2, 2, 2)
  (8, 8, 7, 5, 5, 4, 3, 2, 2, 1, 1)
  (8, 8, 7, 5, 5, 4, 3, 2, 1, 1, 1, 1)
  (8, 8, 7, 5, 5, 4, 2, 2, 2, 2, 1)
  (8, 8, 7, 5, 5, 4, 2, 2, 2, 1, 1, 1)
  (8, 8, 7, 5, 5, 3, 3, 3, 3, 1)
  (8, 8, 7, 5, 5, 3, 3, 3, 2, 2)
  (8, 8, 7, 5, 5, 3, 3, 3, 2, 1, 1)
  (8, 8, 7, 5, 5, 3, 3, 3, 1, 1, 1, 1)
  (8, 8, 7, 5, 5, 3, 3, 2, 2, 2, 1)
  (8, 8, 7, 5, 5, 3, 3, 2, 2, 1, 1, 1)
  (8, 8, 7, 5, 5, 3, 3, 2, 1, 1, 1, 1, 1)
  (8, 8, 7, 5, 5, 3, 2, 2, 2, 2, 2)
  (8, 8, 7, 5, 5, 3, 2, 2, 2, 2, 1, 1)
  (8, 8, 7, 5, 5, 3, 2, 2, 2, 1, 1, 1, 1)
  (8, 8, 7, 5, 4, 4, 4, 3, 2, 1)
  (8, 8, 7, 5, 4, 4, 4, 3, 1, 1, 1)
  (8, 8, 7, 5, 4, 4, 4, 2, 2, 2)
  (8, 8, 7, 5, 4, 4, 4, 2, 2, 1, 1)
  (8, 8, 7, 5, 4, 4, 4, 2, 1, 1, 1, 1)
  (8, 8, 7, 5, 4, 4, 3, 3, 3, 1)
  (8, 8, 7, 5, 4, 4, 3, 3, 2, 2)
  (8, 8, 7, 5, 4, 4, 3, 3, 2, 1, 1)
  (8, 8, 7, 5, 4, 4, 3, 3, 1, 1, 1, 1)
  (8, 8, 7, 5, 4, 4, 3, 2, 2, 2, 1)
  (8, 8, 7, 5, 4, 4, 3, 2, 2, 1, 1, 1)
  (8, 8, 7, 5, 4, 4, 3, 2, 1, 1, 1, 1, 1)
  (8, 8, 7, 5, 4, 4, 2, 2, 2, 2, 2)
  (8, 8, 7, 5, 4, 4, 2, 2, 2, 2, 1, 1)
  (8, 8, 7, 5, 4, 4, 2, 2, 2, 1, 1, 1, 1)
  (8, 8, 7, 5, 4, 3, 3, 3, 3, 2)
  (8, 8, 7, 5, 4, 3, 3, 3, 3, 1, 1)
  (8, 8, 7, 5, 4, 3, 3, 3, 2, 2, 1)
  (8, 8, 7, 5, 4, 3, 3, 3, 2, 1, 1, 1)
  (8, 8, 7, 5, 4, 3, 3, 3, 1, 1, 1, 1, 1)
  (8, 8, 7, 5, 4, 3, 3, 2, 2, 2, 2)
  (8, 8, 7, 5, 4, 3, 3, 2, 2, 2, 1, 1)
  (8, 8, 7, 5, 4, 3, 3, 2, 2, 1, 1, 1, 1)
  (8, 8, 7, 5, 4, 3, 3, 2, 1, 1, 1, 1, 1, 1)
  (8, 8, 7, 5, 4, 3, 2, 2, 2, 2, 2, 1)
  (8, 8, 7, 5, 4, 3, 2, 2, 2, 2, 1, 1, 1)
  (8, 8, 7, 5, 4, 3, 2, 2, 2, 1, 1, 1, 1, 1)
  (8, 8, 7, 5, 3, 3, 3, 3, 3, 2, 1)
  (8, 8, 7, 5, 3, 3, 3, 3, 3, 1, 1, 1)
  (8, 8, 7, 5, 3, 3, 3, 3, 2, 2, 2)
  (8, 8, 7, 5, 3, 3, 3, 3, 2, 2, 1, 1)
  (8, 8, 7, 5, 3, 3, 3, 3, 2, 1, 1, 1, 1)
  (8, 8, 7, 5, 3, 3, 3, 2, 2, 2, 2, 1)
  (8, 8, 7, 5, 3, 3, 3, 2, 2, 2, 1, 1, 1)
  (8, 8, 7, 5, 3, 3, 3, 2, 2, 1, 1, 1, 1, 1)
  (8, 8, 7, 4, 4, 4, 4, 4, 2, 1)
  (8, 8, 7, 4, 4, 4, 4, 4, 1, 1, 1)
  (8, 8, 7, 4, 4, 4, 4, 3, 3, 1)
  (8, 8, 7, 4, 4, 4, 4, 3, 2, 2)
  (8, 8, 7, 4, 4, 4, 4, 3, 2, 1, 1)
  (8, 8, 7, 4, 4, 4, 4, 3, 1, 1, 1, 1)
  (8, 8, 7, 4, 4, 4, 4, 2, 2, 2, 1)
  (8, 8, 7, 4, 4, 4, 4, 2, 2, 1, 1, 1)
  (8, 8, 7, 4, 4, 4, 4, 2, 1, 1, 1, 1, 1)
  (8, 8, 7, 4, 4, 4, 3, 3, 3, 2)
  (8, 8, 7, 4, 4, 4, 3, 3, 3, 1, 1)
  (8, 8, 7, 4, 4, 4, 3, 3, 2, 2, 1)
  (8, 8, 7, 4, 4, 4, 3, 3, 2, 1, 1, 1)
  (8, 8, 7, 4, 4, 4, 3, 3, 1, 1, 1, 1, 1)
  (8, 8, 7, 4, 4, 4, 3, 2, 2, 2, 2)
  (8, 8, 7, 4, 4, 4, 3, 2, 2, 2, 1, 1)
  (8, 8, 7, 4, 4, 4, 3, 2, 2, 1, 1, 1, 1)
  (8, 8, 7, 4, 4, 4, 3, 2, 1, 1, 1, 1, 1, 1)
  (8, 8, 7, 4, 4, 4, 2, 2, 2, 2, 2, 1)
  (8, 8, 7, 4, 4, 4, 2, 2, 2, 2, 1, 1, 1)
  (8, 8, 7, 4, 4, 4, 2, 2, 2, 1, 1, 1, 1, 1)
  (8, 8, 7, 4, 4, 3, 3, 3, 3, 3)
  (8, 8, 7, 4, 4, 3, 3, 3, 3, 2, 1)
  (8, 8, 7, 4, 4, 3, 3, 3, 3, 1, 1, 1)
  (8, 8, 7, 4, 4, 3, 3, 3, 2, 2, 2)
  (8, 8, 7, 4, 4, 3, 3, 3, 2, 2, 1, 1)
  (8, 8, 7, 4, 4, 3, 3, 3, 2, 1, 1, 1, 1)
  (8, 8, 7, 4, 4, 3, 3, 3, 1, 1, 1, 1, 1, 1)
  (8, 8, 7, 4, 4, 3, 3, 2, 2, 2, 2, 1)
  (8, 8, 7, 4, 4, 3, 3, 2, 2, 2, 1, 1, 1)
  (8, 8, 7, 4, 4, 3, 2, 2, 2, 2, 2, 2)
  (8, 8, 7, 4, 4, 3, 2, 2, 2, 2, 2, 1, 1)
  (8, 8, 7, 4, 4, 3, 2, 2, 2, 2, 1, 1, 1, 1)
  (8, 8, 7, 4, 3, 3, 3, 3, 3, 3, 1)
  (8, 8, 7, 4, 3, 3, 3, 3, 3, 2, 2)
  (8, 8, 7, 4, 3, 3, 3, 3, 3, 2, 1, 1)
  (8, 8, 7, 4, 3, 3, 3, 3, 3, 1, 1, 1, 1)
  (8, 8, 7, 4, 3, 3, 3, 3, 2, 2, 2, 1)
  (8, 8, 7, 4, 3, 3, 3, 3, 2, 2, 1, 1, 1)
  (8, 8, 7, 4, 3, 3, 3, 3, 2, 1, 1, 1, 1, 1)
  (8, 8, 7, 4, 3, 3, 3, 2, 2, 2, 2, 2)
  (8, 8, 7, 4, 3, 3, 3, 2, 2, 2, 2, 1, 1)
  (8, 8, 7, 4, 3, 3, 3, 2, 2, 2, 1, 1, 1, 1)
  (8, 8, 6, 6, 6, 4, 3, 2, 2, 1)
  (8, 8, 6, 6, 6, 4, 3, 2, 1, 1, 1)
  (8, 8, 6, 6, 6, 4, 2, 2, 2, 1, 1)
  (8, 8, 6, 6, 6, 3, 3, 3, 2, 1)
  (8, 8, 6, 6, 6, 3, 3, 3, 1, 1, 1)
  (8, 8, 6, 6, 6, 3, 3, 2, 2, 2)
  (8, 8, 6, 6, 6, 3, 3, 2, 1, 1, 1, 1)
  (8, 8, 6, 6, 6, 3, 2, 2, 2, 2, 1)
  (8, 8, 6, 6, 6, 3, 2, 2, 2, 1, 1, 1)
  (8, 8, 6, 6, 5, 5, 3, 2, 2, 1)
  (8, 8, 6, 6, 5, 5, 3, 2, 1, 1, 1)
  (8, 8, 6, 6, 5, 5, 2, 2, 2, 1, 1)
  (8, 8, 6, 6, 5, 4, 4, 2, 2, 1)
  (8, 8, 6, 6, 5, 4, 4, 2, 1, 1, 1)
  (8, 8, 6, 6, 5, 4, 3, 3, 2, 1)
  (8, 8, 6, 6, 5, 4, 3, 3, 1, 1, 1)
  (8, 8, 6, 6, 5, 4, 3, 2, 2, 2)
  (8, 8, 6, 6, 5, 4, 3, 2, 2, 1, 1)
  (8, 8, 6, 6, 5, 4, 3, 2, 1, 1, 1, 1)
  (8, 8, 6, 6, 5, 4, 2, 2, 2, 2, 1)
  (8, 8, 6, 6, 5, 4, 2, 2, 2, 1, 1, 1)
  (8, 8, 6, 6, 5, 3, 3, 3, 3, 1)
  (8, 8, 6, 6, 5, 3, 3, 3, 2, 2)
  (8, 8, 6, 6, 5, 3, 3, 3, 2, 1, 1)
  (8, 8, 6, 6, 5, 3, 3, 3, 1, 1, 1, 1)
  (8, 8, 6, 6, 5, 3, 3, 2, 2, 2, 1)
  (8, 8, 6, 6, 5, 3, 3, 2, 2, 1, 1, 1)
  (8, 8, 6, 6, 5, 3, 3, 2, 1, 1, 1, 1, 1)
  (8, 8, 6, 6, 5, 3, 2, 2, 2, 2, 2)
  (8, 8, 6, 6, 5, 3, 2, 2, 2, 2, 1, 1)
  (8, 8, 6, 6, 5, 3, 2, 2, 2, 1, 1, 1, 1)
  (8, 8, 6, 6, 4, 4, 4, 3, 2, 1)
  (8, 8, 6, 6, 4, 4, 4, 3, 1, 1, 1)
  (8, 8, 6, 6, 4, 4, 4, 2, 2, 2)
  (8, 8, 6, 6, 4, 4, 4, 2, 2, 1, 1)
  (8, 8, 6, 6, 4, 4, 4, 2, 1, 1, 1, 1)
  (8, 8, 6, 6, 4, 4, 3, 3, 3, 1)
  (8, 8, 6, 6, 4, 4, 3, 3, 2, 2)
  (8, 8, 6, 6, 4, 4, 3, 3, 2, 1, 1)
  (8, 8, 6, 6, 4, 4, 3, 3, 1, 1, 1, 1)
  (8, 8, 6, 6, 4, 4, 3, 2, 2, 2, 1)
  (8, 8, 6, 6, 4, 4, 3, 2, 2, 1, 1, 1)
  (8, 8, 6, 6, 4, 4, 3, 2, 1, 1, 1, 1, 1)
  (8, 8, 6, 6, 4, 4, 2, 2, 2, 2, 2)
  (8, 8, 6, 6, 4, 4, 2, 2, 2, 2, 1, 1)
  (8, 8, 6, 6, 4, 4, 2, 2, 2, 1, 1, 1, 1)
  (8, 8, 6, 6, 4, 3, 3, 3, 3, 2)
  (8, 8, 6, 6, 4, 3, 3, 3, 3, 1, 1)
  (8, 8, 6, 6, 4, 3, 3, 3, 2, 2, 1)
  (8, 8, 6, 6, 4, 3, 3, 3, 2, 1, 1, 1)
  (8, 8, 6, 6, 4, 3, 3, 3, 1, 1, 1, 1, 1)
  (8, 8, 6, 6, 4, 3, 3, 2, 2, 2, 2)
  (8, 8, 6, 6, 4, 3, 3, 2, 2, 2, 1, 1)
  (8, 8, 6, 6, 4, 3, 3, 2, 2, 1, 1, 1, 1)
  (8, 8, 6, 6, 4, 3, 3, 2, 1, 1, 1, 1, 1, 1)
  (8, 8, 6, 6, 4, 3, 2, 2, 2, 2, 2, 1)
  (8, 8, 6, 6, 4, 3, 2, 2, 2, 2, 1, 1, 1)
  (8, 8, 6, 6, 4, 3, 2, 2, 2, 1, 1, 1, 1, 1)
  (8, 8, 6, 6, 3, 3, 3, 3, 3, 2, 1)
  (8, 8, 6, 6, 3, 3, 3, 3, 3, 1, 1, 1)
  (8, 8, 6, 6, 3, 3, 3, 3, 2, 2, 2)
  (8, 8, 6, 6, 3, 3, 3, 3, 2, 2, 1, 1)
  (8, 8, 6, 6, 3, 3, 3, 3, 2, 1, 1, 1, 1)
  (8, 8, 6, 6, 3, 3, 3, 2, 2, 2, 2, 1)
  (8, 8, 6, 6, 3, 3, 3, 2, 2, 2, 1, 1, 1)
  (8, 8, 6, 6, 3, 3, 3, 2, 2, 1, 1, 1, 1, 1)
  (8, 8, 6, 5, 5, 5, 4, 2, 2, 1)
  (8, 8, 6, 5, 5, 5, 4, 2, 1, 1, 1)
  (8, 8, 6, 5, 5, 5, 3, 3, 2, 1)
  (8, 8, 6, 5, 5, 5, 3, 3, 1, 1, 1)
  (8, 8, 6, 5, 5, 5, 3, 2, 2, 2)
  (8, 8, 6, 5, 5, 5, 3, 2, 2, 1, 1)
  (8, 8, 6, 5, 5, 5, 3, 2, 1, 1, 1, 1)
  (8, 8, 6, 5, 5, 5, 2, 2, 2, 2, 1)
  (8, 8, 6, 5, 5, 5, 2, 2, 2, 1, 1, 1)
  (8, 8, 6, 5, 5, 4, 4, 3, 2, 1)
  (8, 8, 6, 5, 5, 4, 4, 3, 1, 1, 1)
  (8, 8, 6, 5, 5, 4, 4, 2, 2, 2)
  (8, 8, 6, 5, 5, 4, 4, 2, 2, 1, 1)
  (8, 8, 6, 5, 5, 4, 4, 2, 1, 1, 1, 1)
  (8, 8, 6, 5, 5, 4, 3, 3, 3, 1)
  (8, 8, 6, 5, 5, 4, 3, 3, 2, 2)
  (8, 8, 6, 5, 5, 4, 3, 3, 2, 1, 1)
  (8, 8, 6, 5, 5, 4, 3, 3, 1, 1, 1, 1)
  (8, 8, 6, 5, 5, 4, 3, 2, 2, 2, 1)
  (8, 8, 6, 5, 5, 4, 3, 2, 2, 1, 1, 1)
  (8, 8, 6, 5, 5, 4, 3, 2, 1, 1, 1, 1, 1)
  (8, 8, 6, 5, 5, 4, 2, 2, 2, 2, 2)
  (8, 8, 6, 5, 5, 4, 2, 2, 2, 2, 1, 1)
  (8, 8, 6, 5, 5, 4, 2, 2, 2, 1, 1, 1, 1)
  (8, 8, 6, 5, 5, 3, 3, 3, 3, 2)
  (8, 8, 6, 5, 5, 3, 3, 3, 3, 1, 1)
  (8, 8, 6, 5, 5, 3, 3, 3, 2, 2, 1)
  (8, 8, 6, 5, 5, 3, 3, 3, 2, 1, 1, 1)
  (8, 8, 6, 5, 5, 3, 3, 3, 1, 1, 1, 1, 1)
  (8, 8, 6, 5, 5, 3, 3, 2, 2, 2, 2)
  (8, 8, 6, 5, 5, 3, 3, 2, 2, 2, 1, 1)
  (8, 8, 6, 5, 5, 3, 3, 2, 2, 1, 1, 1, 1)
  (8, 8, 6, 5, 5, 3, 3, 2, 1, 1, 1, 1, 1, 1)
  (8, 8, 6, 5, 5, 3, 2, 2, 2, 2, 2, 1)
  (8, 8, 6, 5, 5, 3, 2, 2, 2, 2, 1, 1, 1)
  (8, 8, 6, 5, 5, 3, 2, 2, 2, 1, 1, 1, 1, 1)
  (8, 8, 6, 5, 4, 4, 4, 4, 2, 1)
  (8, 8, 6, 5, 4, 4, 4, 4, 1, 1, 1)
  (8, 8, 6, 5, 4, 4, 4, 3, 3, 1)
  (8, 8, 6, 5, 4, 4, 4, 3, 2, 2)
  (8, 8, 6, 5, 4, 4, 4, 3, 2, 1, 1)
  (8, 8, 6, 5, 4, 4, 4, 3, 1, 1, 1, 1)
  (8, 8, 6, 5, 4, 4, 4, 2, 2, 2, 1)
  (8, 8, 6, 5, 4, 4, 4, 2, 2, 1, 1, 1)
  (8, 8, 6, 5, 4, 4, 4, 2, 1, 1, 1, 1, 1)
  (8, 8, 6, 5, 4, 4, 3, 3, 3, 2)
  (8, 8, 6, 5, 4, 4, 3, 3, 3, 1, 1)
  (8, 8, 6, 5, 4, 4, 3, 3, 2, 2, 1)
  (8, 8, 6, 5, 4, 4, 3, 3, 2, 1, 1, 1)
  (8, 8, 6, 5, 4, 4, 3, 3, 1, 1, 1, 1, 1)
  (8, 8, 6, 5, 4, 4, 3, 2, 2, 2, 2)
  (8, 8, 6, 5, 4, 4, 3, 2, 2, 2, 1, 1)
  (8, 8, 6, 5, 4, 4, 3, 2, 2, 1, 1, 1, 1)
  (8, 8, 6, 5, 4, 4, 3, 2, 1, 1, 1, 1, 1, 1)
  (8, 8, 6, 5, 4, 4, 2, 2, 2, 2, 2, 1)
  (8, 8, 6, 5, 4, 4, 2, 2, 2, 2, 1, 1, 1)
  (8, 8, 6, 5, 4, 4, 2, 2, 2, 1, 1, 1, 1, 1)
  (8, 8, 6, 5, 4, 3, 3, 3, 3, 3)
  (8, 8, 6, 5, 4, 3, 3, 3, 3, 2, 1)
  (8, 8, 6, 5, 4, 3, 3, 3, 3, 1, 1, 1)
  (8, 8, 6, 5, 4, 3, 3, 3, 2, 2, 2)
  (8, 8, 6, 5, 4, 3, 3, 3, 2, 2, 1, 1)
  (8, 8, 6, 5, 4, 3, 3, 3, 2, 1, 1, 1, 1)
  (8, 8, 6, 5, 4, 3, 3, 3, 1, 1, 1, 1, 1, 1)
  (8, 8, 6, 5, 4, 3, 3, 2, 2, 2, 2, 1)
  (8, 8, 6, 5, 4, 3, 3, 2, 2, 2, 1, 1, 1)
  (8, 8, 6, 5, 4, 3, 3, 2, 2, 1, 1, 1, 1, 1)
  (8, 8, 6, 5, 4, 3, 3, 2, 1, 1, 1, 1, 1, 1, 1)
  (8, 8, 6, 5, 4, 3, 2, 2, 2, 2, 2, 2)
  (8, 8, 6, 5, 4, 3, 2, 2, 2, 2, 2, 1, 1)
  (8, 8, 6, 5, 4, 3, 2, 2, 2, 2, 1, 1, 1, 1)
  (8, 8, 6, 5, 4, 3, 2, 2, 2, 1, 1, 1, 1, 1, 1)
  (8, 8, 6, 5, 3, 3, 3, 3, 3, 3, 1)
  (8, 8, 6, 5, 3, 3, 3, 3, 3, 2, 2)
  (8, 8, 6, 5, 3, 3, 3, 3, 3, 2, 1, 1)
  (8, 8, 6, 5, 3, 3, 3, 3, 3, 1, 1, 1, 1)
  (8, 8, 6, 5, 3, 3, 3, 3, 2, 2, 2, 1)
  (8, 8, 6, 5, 3, 3, 3, 3, 2, 2, 1, 1, 1)
  (8, 8, 6, 5, 3, 3, 3, 3, 2, 1, 1, 1, 1, 1)
  (8, 8, 6, 5, 3, 3, 3, 2, 2, 2, 2, 2)
  (8, 8, 6, 5, 3, 3, 3, 2, 2, 2, 2, 1, 1)
  (8, 8, 6, 5, 3, 3, 3, 2, 2, 2, 1, 1, 1, 1)
  (8, 8, 6, 5, 3, 3, 3, 2, 2, 1, 1, 1, 1, 1, 1)
  (8, 8, 6, 4, 4, 4, 4, 4, 3, 1)
  (8, 8, 6, 4, 4, 4, 4, 4, 2, 2)
  (8, 8, 6, 4, 4, 4, 4, 4, 2, 1, 1)
  (8, 8, 6, 4, 4, 4, 4, 4, 1, 1, 1, 1)
  (8, 8, 6, 4, 4, 4, 4, 3, 3, 2)
  (8, 8, 6, 4, 4, 4, 4, 3, 3, 1, 1)
  (8, 8, 6, 4, 4, 4, 4, 3, 2, 2, 1)
  (8, 8, 6, 4, 4, 4, 4, 3, 2, 1, 1, 1)
  (8, 8, 6, 4, 4, 4, 4, 3, 1, 1, 1, 1, 1)
  (8, 8, 6, 4, 4, 4, 4, 2, 2, 2, 2)
  (8, 8, 6, 4, 4, 4, 4, 2, 2, 2, 1, 1)
  (8, 8, 6, 4, 4, 4, 4, 2, 2, 1, 1, 1, 1)
  (8, 8, 6, 4, 4, 4, 4, 2, 1, 1, 1, 1, 1, 1)
  (8, 8, 6, 4, 4, 4, 3, 3, 3, 3)
  (8, 8, 6, 4, 4, 4, 3, 3, 3, 2, 1)
  (8, 8, 6, 4, 4, 4, 3, 3, 3, 1, 1, 1)
  (8, 8, 6, 4, 4, 4, 3, 3, 2, 2, 2)
  (8, 8, 6, 4, 4, 4, 3, 3, 2, 2, 1, 1)
  (8, 8, 6, 4, 4, 4, 3, 3, 2, 1, 1, 1, 1)
  (8, 8, 6, 4, 4, 4, 3, 3, 1, 1, 1, 1, 1, 1)
  (8, 8, 6, 4, 4, 4, 3, 2, 2, 2, 2, 1)
  (8, 8, 6, 4, 4, 4, 3, 2, 2, 2, 1, 1, 1)
  (8, 8, 6, 4, 4, 4, 3, 2, 2, 1, 1, 1, 1, 1)
  (8, 8, 6, 4, 4, 4, 3, 2, 1, 1, 1, 1, 1, 1, 1)
  (8, 8, 6, 4, 4, 4, 2, 2, 2, 2, 2, 2)
  (8, 8, 6, 4, 4, 4, 2, 2, 2, 2, 2, 1, 1)
  (8, 8, 6, 4, 4, 4, 2, 2, 2, 2, 1, 1, 1, 1)
  (8, 8, 6, 4, 4, 4, 2, 2, 2, 1, 1, 1, 1, 1, 1)
  (8, 8, 6, 4, 4, 3, 3, 3, 3, 3, 1)
  (8, 8, 6, 4, 4, 3, 3, 3, 3, 2, 2)
  (8, 8, 6, 4, 4, 3, 3, 3, 3, 2, 1, 1)
  (8, 8, 6, 4, 4, 3, 3, 3, 3, 1, 1, 1, 1)
  (8, 8, 6, 4, 4, 3, 3, 3, 2, 2, 2, 1)
  (8, 8, 6, 4, 4, 3, 3, 3, 2, 2, 1, 1, 1)
  (8, 8, 6, 4, 4, 3, 3, 3, 2, 1, 1, 1, 1, 1)
  (8, 8, 6, 4, 4, 3, 3, 3, 1, 1, 1, 1, 1, 1, 1)
  (8, 8, 6, 4, 4, 3, 3, 2, 2, 2, 2, 2)
  (8, 8, 6, 4, 4, 3, 3, 2, 2, 2, 2, 1, 1)
  (8, 8, 6, 4, 4, 3, 3, 2, 2, 2, 1, 1, 1, 1)
  (8, 8, 6, 4, 4, 3, 2, 2, 2, 2, 2, 2, 1)
  (8, 8, 6, 4, 4, 3, 2, 2, 2, 2, 2, 1, 1, 1)
  (8, 8, 6, 4, 4, 3, 2, 2, 2, 2, 1, 1, 1, 1, 1)
  (8, 8, 6, 4, 3, 3, 3, 3, 3, 3, 2)
  (8, 8, 6, 4, 3, 3, 3, 3, 3, 3, 1, 1)
  (8, 8, 6, 4, 3, 3, 3, 3, 3, 2, 2, 1)
  (8, 8, 6, 4, 3, 3, 3, 3, 3, 2, 1, 1, 1)
  (8, 8, 6, 4, 3, 3, 3, 3, 3, 1, 1, 1, 1, 1)
  (8, 8, 6, 4, 3, 3, 3, 3, 2, 2, 2, 2)
  (8, 8, 6, 4, 3, 3, 3, 3, 2, 2, 2, 1, 1)
  (8, 8, 6, 4, 3, 3, 3, 3, 2, 2, 1, 1, 1, 1)
  (8, 8, 6, 4, 3, 3, 3, 3, 2, 1, 1, 1, 1, 1, 1)
  (8, 8, 6, 4, 3, 3, 3, 2, 2, 2, 2, 2, 1)
  (8, 8, 6, 4, 3, 3, 3, 2, 2, 2, 2, 1, 1, 1)
  (8, 8, 6, 4, 3, 3, 3, 2, 2, 2, 1, 1, 1, 1, 1)
  (8, 8, 5, 5, 5, 5, 5, 2, 2, 1)
  (8, 8, 5, 5, 5, 5, 5, 2, 1, 1, 1)
  (8, 8, 5, 5, 5, 5, 4, 3, 2, 1)
  (8, 8, 5, 5, 5, 5, 4, 3, 1, 1, 1)
  (8, 8, 5, 5, 5, 5, 4, 2, 2, 2)
  (8, 8, 5, 5, 5, 5, 4, 2, 2, 1, 1)
  (8, 8, 5, 5, 5, 5, 4, 2, 1, 1, 1, 1)
  (8, 8, 5, 5, 5, 5, 3, 3, 3, 1)
  (8, 8, 5, 5, 5, 5, 3, 3, 2, 2)
  (8, 8, 5, 5, 5, 5, 3, 3, 2, 1, 1)
  (8, 8, 5, 5, 5, 5, 3, 3, 1, 1, 1, 1)
  (8, 8, 5, 5, 5, 5, 3, 2, 2, 2, 1)
  (8, 8, 5, 5, 5, 5, 3, 2, 2, 1, 1, 1)
  (8, 8, 5, 5, 5, 5, 3, 2, 1, 1, 1, 1, 1)
  (8, 8, 5, 5, 5, 5, 2, 2, 2, 2, 2)
  (8, 8, 5, 5, 5, 5, 2, 2, 2, 2, 1, 1)
  (8, 8, 5, 5, 5, 5, 2, 2, 2, 1, 1, 1, 1)
  (8, 8, 5, 5, 5, 4, 4, 4, 2, 1)
  (8, 8, 5, 5, 5, 4, 4, 4, 1, 1, 1)
  (8, 8, 5, 5, 5, 4, 4, 3, 3, 1)
  (8, 8, 5, 5, 5, 4, 4, 3, 2, 2)
  (8, 8, 5, 5, 5, 4, 4, 3, 2, 1, 1)
  (8, 8, 5, 5, 5, 4, 4, 3, 1, 1, 1, 1)
  (8, 8, 5, 5, 5, 4, 4, 2, 2, 2, 1)
  (8, 8, 5, 5, 5, 4, 4, 2, 2, 1, 1, 1)
  (8, 8, 5, 5, 5, 4, 4, 2, 1, 1, 1, 1, 1)
  (8, 8, 5, 5, 5, 4, 3, 3, 3, 2)
  (8, 8, 5, 5, 5, 4, 3, 3, 3, 1, 1)
  (8, 8, 5, 5, 5, 4, 3, 3, 2, 2, 1)
  (8, 8, 5, 5, 5, 4, 3, 3, 2, 1, 1, 1)
  (8, 8, 5, 5, 5, 4, 3, 3, 1, 1, 1, 1, 1)
  (8, 8, 5, 5, 5, 4, 3, 2, 2, 2, 2)
  (8, 8, 5, 5, 5, 4, 3, 2, 2, 2, 1, 1)
  (8, 8, 5, 5, 5, 4, 3, 2, 2, 1, 1, 1, 1)
  (8, 8, 5, 5, 5, 4, 3, 2, 1, 1, 1, 1, 1, 1)
  (8, 8, 5, 5, 5, 4, 2, 2, 2, 2, 2, 1)
  (8, 8, 5, 5, 5, 4, 2, 2, 2, 2, 1, 1, 1)
  (8, 8, 5, 5, 5, 4, 2, 2, 2, 1, 1, 1, 1, 1)
  (8, 8, 5, 5, 5, 3, 3, 3, 3, 3)
  (8, 8, 5, 5, 5, 3, 3, 3, 3, 2, 1)
  (8, 8, 5, 5, 5, 3, 3, 3, 3, 1, 1, 1)
  (8, 8, 5, 5, 5, 3, 3, 3, 2, 2, 2)
  (8, 8, 5, 5, 5, 3, 3, 3, 2, 2, 1, 1)
  (8, 8, 5, 5, 5, 3, 3, 3, 2, 1, 1, 1, 1)
  (8, 8, 5, 5, 5, 3, 3, 3, 1, 1, 1, 1, 1, 1)
  (8, 8, 5, 5, 5, 3, 3, 2, 2, 2, 2, 1)
  (8, 8, 5, 5, 5, 3, 3, 2, 2, 2, 1, 1, 1)
  (8, 8, 5, 5, 5, 3, 3, 2, 2, 1, 1, 1, 1, 1)
  (8, 8, 5, 5, 5, 3, 3, 2, 1, 1, 1, 1, 1, 1, 1)
  (8, 8, 5, 5, 5, 3, 2, 2, 2, 2, 2, 2)
  (8, 8, 5, 5, 5, 3, 2, 2, 2, 2, 2, 1, 1)
  (8, 8, 5, 5, 5, 3, 2, 2, 2, 2, 1, 1, 1, 1)
  (8, 8, 5, 5, 5, 3, 2, 2, 2, 1, 1, 1, 1, 1, 1)
  (8, 8, 5, 5, 4, 4, 4, 4, 3, 1)
  (8, 8, 5, 5, 4, 4, 4, 4, 2, 2)
  (8, 8, 5, 5, 4, 4, 4, 4, 2, 1, 1)
  (8, 8, 5, 5, 4, 4, 4, 4, 1, 1, 1, 1)
  (8, 8, 5, 5, 4, 4, 4, 3, 3, 2)
  (8, 8, 5, 5, 4, 4, 4, 3, 3, 1, 1)
  (8, 8, 5, 5, 4, 4, 4, 3, 2, 2, 1)
  (8, 8, 5, 5, 4, 4, 4, 3, 2, 1, 1, 1)
  (8, 8, 5, 5, 4, 4, 4, 3, 1, 1, 1, 1, 1)
  (8, 8, 5, 5, 4, 4, 4, 2, 2, 2, 2)
  (8, 8, 5, 5, 4, 4, 4, 2, 2, 2, 1, 1)
  (8, 8, 5, 5, 4, 4, 4, 2, 2, 1, 1, 1, 1)
  (8, 8, 5, 5, 4, 4, 4, 2, 1, 1, 1, 1, 1, 1)
  (8, 8, 5, 5, 4, 4, 3, 3, 3, 3)
  (8, 8, 5, 5, 4, 4, 3, 3, 3, 2, 1)
  (8, 8, 5, 5, 4, 4, 3, 3, 3, 1, 1, 1)
  (8, 8, 5, 5, 4, 4, 3, 3, 2, 2, 2)
  (8, 8, 5, 5, 4, 4, 3, 3, 2, 1, 1, 1, 1)
  (8, 8, 5, 5, 4, 4, 3, 3, 1, 1, 1, 1, 1, 1)
  (8, 8, 5, 5, 4, 4, 3, 2, 2, 2, 2, 1)
  (8, 8, 5, 5, 4, 4, 3, 2, 2, 2, 1, 1, 1)
  (8, 8, 5, 5, 4, 4, 3, 2, 2, 1, 1, 1, 1, 1)
  (8, 8, 5, 5, 4, 4, 3, 2, 1, 1, 1, 1, 1, 1, 1)
  (8, 8, 5, 5, 4, 4, 2, 2, 2, 2, 2, 2)
  (8, 8, 5, 5, 4, 4, 2, 2, 2, 2, 2, 1, 1)
  (8, 8, 5, 5, 4, 4, 2, 2, 2, 2, 1, 1, 1, 1)
  (8, 8, 5, 5, 4, 4, 2, 2, 2, 1, 1, 1, 1, 1, 1)
  (8, 8, 5, 5, 4, 3, 3, 3, 3, 3, 1)
  (8, 8, 5, 5, 4, 3, 3, 3, 3, 2, 2)
  (8, 8, 5, 5, 4, 3, 3, 3, 3, 2, 1, 1)
  (8, 8, 5, 5, 4, 3, 3, 3, 3, 1, 1, 1, 1)
  (8, 8, 5, 5, 4, 3, 3, 3, 2, 2, 2, 1)
  (8, 8, 5, 5, 4, 3, 3, 3, 2, 2, 1, 1, 1)
  (8, 8, 5, 5, 4, 3, 3, 3, 2, 1, 1, 1, 1, 1)
  (8, 8, 5, 5, 4, 3, 3, 3, 1, 1, 1, 1, 1, 1, 1)
  (8, 8, 5, 5, 4, 3, 3, 2, 2, 2, 2, 2)
  (8, 8, 5, 5, 4, 3, 3, 2, 2, 2, 2, 1, 1)
  (8, 8, 5, 5, 4, 3, 3, 2, 2, 2, 1, 1, 1, 1)
  (8, 8, 5, 5, 4, 3, 3, 2, 2, 1, 1, 1, 1, 1, 1)
  (8, 8, 5, 5, 4, 3, 2, 2, 2, 2, 2, 2, 1)
  (8, 8, 5, 5, 4, 3, 2, 2, 2, 2, 2, 1, 1, 1)
  (8, 8, 5, 5, 4, 3, 2, 2, 2, 2, 1, 1, 1, 1, 1)
  (8, 8, 5, 5, 3, 3, 3, 3, 3, 3, 2)
  (8, 8, 5, 5, 3, 3, 3, 3, 3, 3, 1, 1)
  (8, 8, 5, 5, 3, 3, 3, 3, 3, 2, 2, 1)
  (8, 8, 5, 5, 3, 3, 3, 3, 3, 2, 1, 1, 1)
  (8, 8, 5, 5, 3, 3, 3, 3, 3, 1, 1, 1, 1, 1)
  (8, 8, 5, 5, 3, 3, 3, 3, 2, 2, 2, 2)
  (8, 8, 5, 5, 3, 3, 3, 3, 2, 2, 2, 1, 1)
  (8, 8, 5, 5, 3, 3, 3, 3, 2, 2, 1, 1, 1, 1)
  (8, 8, 5, 5, 3, 3, 3, 3, 2, 1, 1, 1, 1, 1, 1)
  (8, 8, 5, 5, 3, 3, 3, 2, 2, 2, 2, 2, 1)
  (8, 8, 5, 5, 3, 3, 3, 2, 2, 2, 2, 1, 1, 1)
  (8, 8, 5, 5, 3, 3, 3, 2, 2, 2, 1, 1, 1, 1, 1)
  (8, 8, 5, 4, 4, 4, 4, 4, 4, 1)
  (8, 8, 5, 4, 4, 4, 4, 4, 3, 2)
  (8, 8, 5, 4, 4, 4, 4, 4, 3, 1, 1)
  (8, 8, 5, 4, 4, 4, 4, 4, 2, 2, 1)
  (8, 8, 5, 4, 4, 4, 4, 4, 2, 1, 1, 1)
  (8, 8, 5, 4, 4, 4, 4, 4, 1, 1, 1, 1, 1)
  (8, 8, 5, 4, 4, 4, 4, 3, 3, 3)
  (8, 8, 5, 4, 4, 4, 4, 3, 3, 2, 1)
  (8, 8, 5, 4, 4, 4, 4, 3, 3, 1, 1, 1)
  (8, 8, 5, 4, 4, 4, 4, 3, 2, 2, 2)
  (8, 8, 5, 4, 4, 4, 4, 3, 2, 2, 1, 1)
  (8, 8, 5, 4, 4, 4, 4, 3, 2, 1, 1, 1, 1)
  (8, 8, 5, 4, 4, 4, 4, 3, 1, 1, 1, 1, 1, 1)
  (8, 8, 5, 4, 4, 4, 4, 2, 2, 2, 2, 1)
  (8, 8, 5, 4, 4, 4, 4, 2, 2, 2, 1, 1, 1)
  (8, 8, 5, 4, 4, 4, 4, 2, 2, 1, 1, 1, 1, 1)
  (8, 8, 5, 4, 4, 4, 4, 2, 1, 1, 1, 1, 1, 1, 1)
  (8, 8, 5, 4, 4, 4, 3, 3, 3, 3, 1)
  (8, 8, 5, 4, 4, 4, 3, 3, 3, 2, 2)
  (8, 8, 5, 4, 4, 4, 3, 3, 3, 2, 1, 1)
  (8, 8, 5, 4, 4, 4, 3, 3, 3, 1, 1, 1, 1)
  (8, 8, 5, 4, 4, 4, 3, 3, 2, 2, 2, 1)
  (8, 8, 5, 4, 4, 4, 3, 3, 2, 2, 1, 1, 1)
  (8, 8, 5, 4, 4, 4, 3, 3, 2, 1, 1, 1, 1, 1)
  (8, 8, 5, 4, 4, 4, 3, 3, 1, 1, 1, 1, 1, 1, 1)
  (8, 8, 5, 4, 4, 4, 3, 2, 2, 2, 2, 2)
  (8, 8, 5, 4, 4, 4, 3, 2, 2, 2, 2, 1, 1)
  (8, 8, 5, 4, 4, 4, 3, 2, 2, 2, 1, 1, 1, 1)
  (8, 8, 5, 4, 4, 4, 3, 2, 2, 1, 1, 1, 1, 1, 1)
  (8, 8, 5, 4, 4, 4, 2, 2, 2, 2, 2, 2, 1)
  (8, 8, 5, 4, 4, 4, 2, 2, 2, 2, 2, 1, 1, 1)
  (8, 8, 5, 4, 4, 4, 2, 2, 2, 2, 1, 1, 1, 1, 1)
  (8, 8, 5, 4, 4, 3, 3, 3, 3, 3, 2)
  (8, 8, 5, 4, 4, 3, 3, 3, 3, 3, 1, 1)
  (8, 8, 5, 4, 4, 3, 3, 3, 3, 2, 2, 1)
  (8, 8, 5, 4, 4, 3, 3, 3, 3, 2, 1, 1, 1)
  (8, 8, 5, 4, 4, 3, 3, 3, 3, 1, 1, 1, 1, 1)
  (8, 8, 5, 4, 4, 3, 3, 3, 2, 2, 2, 2)
  (8, 8, 5, 4, 4, 3, 3, 3, 2, 2, 2, 1, 1)
  (8, 8, 5, 4, 4, 3, 3, 3, 2, 2, 1, 1, 1, 1)
  (8, 8, 5, 4, 4, 3, 3, 3, 2, 1, 1, 1, 1, 1, 1)
  (8, 8, 5, 4, 4, 3, 3, 2, 2, 2, 2, 2, 1)
  (8, 8, 5, 4, 4, 3, 3, 2, 2, 2, 2, 1, 1, 1)
  (8, 8, 5, 4, 4, 3, 3, 2, 2, 2, 1, 1, 1, 1, 1)
  (8, 8, 5, 4, 4, 3, 2, 2, 2, 2, 2, 2, 2)
  (8, 8, 5, 4, 4, 3, 2, 2, 2, 2, 2, 2, 1, 1)
  (8, 8, 5, 4, 4, 3, 2, 2, 2, 2, 2, 1, 1, 1, 1)
  (8, 8, 5, 4, 3, 3, 3, 3, 3, 3, 3)
  (8, 8, 5, 4, 3, 3, 3, 3, 3, 3, 2, 1)
  (8, 8, 5, 4, 3, 3, 3, 3, 3, 3, 1, 1, 1)
  (8, 8, 5, 4, 3, 3, 3, 3, 3, 2, 2, 2)
  (8, 8, 5, 4, 3, 3, 3, 3, 3, 2, 2, 1, 1)
  (8, 8, 5, 4, 3, 3, 3, 3, 3, 2, 1, 1, 1, 1)
  (8, 8, 5, 4, 3, 3, 3, 3, 3, 1, 1, 1, 1, 1, 1)
  (8, 8, 5, 4, 3, 3, 3, 3, 2, 2, 2, 2, 1)
  (8, 8, 5, 4, 3, 3, 3, 3, 2, 2, 2, 1, 1, 1)
  (8, 8, 5, 4, 3, 3, 3, 3, 2, 2, 1, 1, 1, 1, 1)
  (8, 8, 5, 4, 3, 3, 3, 2, 2, 2, 2, 2, 2)
  (8, 8, 5, 4, 3, 3, 3, 2, 2, 2, 2, 2, 1, 1)
  (8, 8, 5, 4, 3, 3, 3, 2, 2, 2, 2, 1, 1, 1, 1)
  (8, 8, 4, 4, 4, 4, 4, 4, 4, 1, 1)
  (8, 8, 4, 4, 4, 4, 4, 4, 3, 2, 1)
  (8, 8, 4, 4, 4, 4, 4, 4, 3, 1, 1, 1)
  (8, 8, 4, 4, 4, 4, 4, 4, 2, 2, 2)
  (8, 8, 4, 4, 4, 4, 4, 4, 2, 2, 1, 1)
  (8, 8, 4, 4, 4, 4, 4, 4, 2, 1, 1, 1, 1)
  (8, 8, 4, 4, 4, 4, 4, 3, 3, 3, 1)
  (8, 8, 4, 4, 4, 4, 4, 3, 3, 2, 2)
  (8, 8, 4, 4, 4, 4, 4, 3, 3, 2, 1, 1)
  (8, 8, 4, 4, 4, 4, 4, 3, 3, 1, 1, 1, 1)
  (8, 8, 4, 4, 4, 4, 4, 3, 2, 2, 2, 1)
  (8, 8, 4, 4, 4, 4, 4, 3, 2, 2, 1, 1, 1)
  (8, 8, 4, 4, 4, 4, 4, 3, 2, 1, 1, 1, 1, 1)
  (8, 8, 4, 4, 4, 4, 4, 2, 2, 2, 2, 2)
  (8, 8, 4, 4, 4, 4, 4, 2, 2, 2, 2, 1, 1)
  (8, 8, 4, 4, 4, 4, 4, 2, 2, 2, 1, 1, 1, 1)
  (8, 8, 4, 4, 4, 4, 4, 2, 2, 1, 1, 1, 1, 1, 1)
  (8, 8, 4, 4, 4, 4, 3, 3, 3, 3, 2)
  (8, 8, 4, 4, 4, 4, 3, 3, 3, 3, 1, 1)
  (8, 8, 4, 4, 4, 4, 3, 3, 3, 2, 2, 1)
  (8, 8, 4, 4, 4, 4, 3, 3, 3, 2, 1, 1, 1)
  (8, 8, 4, 4, 4, 4, 3, 3, 3, 1, 1, 1, 1, 1)
  (8, 8, 4, 4, 4, 4, 3, 3, 2, 2, 2, 2)
  (8, 8, 4, 4, 4, 4, 3, 3, 2, 2, 2, 1, 1)
  (8, 8, 4, 4, 4, 4, 3, 3, 2, 2, 1, 1, 1, 1)
  (8, 8, 4, 4, 4, 4, 3, 3, 2, 1, 1, 1, 1, 1, 1)
  (8, 8, 4, 4, 4, 4, 3, 2, 2, 2, 2, 2, 1)
  (8, 8, 4, 4, 4, 4, 3, 2, 2, 2, 2, 1, 1, 1)
  (8, 8, 4, 4, 4, 4, 3, 2, 2, 2, 1, 1, 1, 1, 1)
  (8, 8, 4, 4, 4, 3, 3, 3, 3, 3, 3)
  (8, 8, 4, 4, 4, 3, 3, 3, 3, 3, 2, 1)
  (8, 8, 4, 4, 4, 3, 3, 3, 3, 3, 1, 1, 1)
  (8, 8, 4, 4, 4, 3, 3, 3, 3, 2, 2, 2)
  (8, 8, 4, 4, 4, 3, 3, 3, 3, 2, 2, 1, 1)
  (8, 8, 4, 4, 4, 3, 3, 3, 3, 2, 1, 1, 1, 1)
  (8, 8, 4, 4, 4, 3, 3, 3, 3, 1, 1, 1, 1, 1, 1)
  (8, 8, 4, 4, 4, 3, 3, 3, 2, 2, 2, 2, 1)
  (8, 8, 4, 4, 4, 3, 3, 3, 2, 2, 2, 1, 1, 1)
  (8, 8, 4, 4, 4, 3, 3, 3, 2, 2, 1, 1, 1, 1, 1)
  (8, 8, 4, 4, 4, 3, 3, 2, 2, 2, 2, 2, 2)
  (8, 8, 4, 4, 4, 3, 3, 2, 2, 2, 2, 2, 1, 1)
  (8, 8, 4, 4, 4, 3, 3, 2, 2, 2, 2, 1, 1, 1, 1)
  (8, 7, 7, 7, 5, 4, 3, 2, 2, 1)
  (8, 7, 7, 7, 5, 4, 3, 2, 1, 1, 1)
  (8, 7, 7, 7, 5, 4, 2, 2, 2, 1, 1)
  (8, 7, 7, 7, 5, 3, 3, 3, 2, 1)
  (8, 7, 7, 7, 5, 3, 3, 3, 1, 1, 1)
  (8, 7, 7, 7, 5, 3, 3, 2, 2, 2)
  (8, 7, 7, 7, 5, 3, 3, 2, 1, 1, 1, 1)
  (8, 7, 7, 7, 5, 3, 2, 2, 2, 2, 1)
  (8, 7, 7, 7, 5, 3, 2, 2, 2, 1, 1, 1)
  (8, 7, 7, 7, 4, 4, 4, 2, 2, 1)
  (8, 7, 7, 7, 4, 4, 4, 2, 1, 1, 1)
  (8, 7, 7, 7, 4, 4, 3, 3, 2, 1)
  (8, 7, 7, 7, 4, 4, 3, 3, 1, 1, 1)
  (8, 7, 7, 7, 4, 4, 3, 2, 2, 2)
  (8, 7, 7, 7, 4, 4, 3, 2, 2, 1, 1)
  (8, 7, 7, 7, 4, 4, 3, 2, 1, 1, 1, 1)
  (8, 7, 7, 7, 4, 4, 2, 2, 2, 2, 1)
  (8, 7, 7, 7, 4, 4, 2, 2, 2, 1, 1, 1)
  (8, 7, 7, 7, 4, 3, 3, 3, 3, 1)
  (8, 7, 7, 7, 4, 3, 3, 3, 2, 2)
  (8, 7, 7, 7, 4, 3, 3, 3, 2, 1, 1)
  (8, 7, 7, 7, 4, 3, 3, 3, 1, 1, 1, 1)
  (8, 7, 7, 7, 4, 3, 3, 2, 2, 2, 1)
  (8, 7, 7, 7, 4, 3, 3, 2, 2, 1, 1, 1)
  (8, 7, 7, 7, 4, 3, 3, 2, 1, 1, 1, 1, 1)
  (8, 7, 7, 7, 4, 3, 2, 2, 2, 2, 2)
  (8, 7, 7, 7, 4, 3, 2, 2, 2, 2, 1, 1)
  (8, 7, 7, 7, 4, 3, 2, 2, 2, 1, 1, 1, 1)
  (8, 7, 7, 7, 3, 3, 3, 3, 3, 1, 1)
  (8, 7, 7, 7, 3, 3, 3, 3, 2, 2, 1)
  (8, 7, 7, 7, 3, 3, 3, 3, 2, 1, 1, 1)
  (8, 7, 7, 7, 3, 3, 3, 2, 2, 2, 2)
  (8, 7, 7, 7, 3, 3, 3, 2, 2, 2, 1, 1)
  (8, 7, 7, 7, 3, 3, 3, 2, 2, 1, 1, 1, 1)
  (8, 7, 7, 6, 6, 4, 3, 2, 2, 1)
  (8, 7, 7, 6, 6, 4, 3, 2, 1, 1, 1)
  (8, 7, 7, 6, 6, 4, 2, 2, 2, 1, 1)
  (8, 7, 7, 6, 6, 3, 3, 3, 2, 1)
  (8, 7, 7, 6, 6, 3, 3, 3, 1, 1, 1)
  (8, 7, 7, 6, 6, 3, 3, 2, 2, 2)
  (8, 7, 7, 6, 6, 3, 3, 2, 1, 1, 1, 1)
  (8, 7, 7, 6, 6, 3, 2, 2, 2, 2, 1)
  (8, 7, 7, 6, 6, 3, 2, 2, 2, 1, 1, 1)
  (8, 7, 7, 6, 5, 5, 3, 2, 2, 1)
  (8, 7, 7, 6, 5, 5, 3, 2, 1, 1, 1)
  (8, 7, 7, 6, 5, 5, 2, 2, 2, 1, 1)
  (8, 7, 7, 6, 5, 4, 4, 2, 2, 1)
  (8, 7, 7, 6, 5, 4, 4, 2, 1, 1, 1)
  (8, 7, 7, 6, 5, 4, 3, 3, 2, 1)
  (8, 7, 7, 6, 5, 4, 3, 3, 1, 1, 1)
  (8, 7, 7, 6, 5, 4, 3, 2, 2, 2)
  (8, 7, 7, 6, 5, 4, 3, 2, 2, 1, 1)
  (8, 7, 7, 6, 5, 4, 3, 2, 1, 1, 1, 1)
  (8, 7, 7, 6, 5, 4, 2, 2, 2, 2, 1)
  (8, 7, 7, 6, 5, 4, 2, 2, 2, 1, 1, 1)
  (8, 7, 7, 6, 5, 3, 3, 3, 3, 1)
  (8, 7, 7, 6, 5, 3, 3, 3, 2, 2)
  (8, 7, 7, 6, 5, 3, 3, 3, 2, 1, 1)
  (8, 7, 7, 6, 5, 3, 3, 3, 1, 1, 1, 1)
  (8, 7, 7, 6, 5, 3, 3, 2, 2, 2, 1)
  (8, 7, 7, 6, 5, 3, 3, 2, 2, 1, 1, 1)
  (8, 7, 7, 6, 5, 3, 3, 2, 1, 1, 1, 1, 1)
  (8, 7, 7, 6, 5, 3, 2, 2, 2, 2, 2)
  (8, 7, 7, 6, 5, 3, 2, 2, 2, 2, 1, 1)
  (8, 7, 7, 6, 5, 3, 2, 2, 2, 1, 1, 1, 1)
  (8, 7, 7, 6, 4, 4, 4, 3, 2, 1)
  (8, 7, 7, 6, 4, 4, 4, 3, 1, 1, 1)
  (8, 7, 7, 6, 4, 4, 4, 2, 2, 2)
  (8, 7, 7, 6, 4, 4, 4, 2, 2, 1, 1)
  (8, 7, 7, 6, 4, 4, 4, 2, 1, 1, 1, 1)
  (8, 7, 7, 6, 4, 4, 3, 3, 3, 1)
  (8, 7, 7, 6, 4, 4, 3, 3, 2, 2)
  (8, 7, 7, 6, 4, 4, 3, 3, 2, 1, 1)
  (8, 7, 7, 6, 4, 4, 3, 3, 1, 1, 1, 1)
  (8, 7, 7, 6, 4, 4, 3, 2, 2, 2, 1)
  (8, 7, 7, 6, 4, 4, 3, 2, 2, 1, 1, 1)
  (8, 7, 7, 6, 4, 4, 3, 2, 1, 1, 1, 1, 1)
  (8, 7, 7, 6, 4, 4, 2, 2, 2, 2, 2)
  (8, 7, 7, 6, 4, 4, 2, 2, 2, 2, 1, 1)
  (8, 7, 7, 6, 4, 4, 2, 2, 2, 1, 1, 1, 1)
  (8, 7, 7, 6, 4, 3, 3, 3, 3, 2)
  (8, 7, 7, 6, 4, 3, 3, 3, 3, 1, 1)
  (8, 7, 7, 6, 4, 3, 3, 3, 2, 2, 1)
  (8, 7, 7, 6, 4, 3, 3, 3, 2, 1, 1, 1)
  (8, 7, 7, 6, 4, 3, 3, 3, 1, 1, 1, 1, 1)
  (8, 7, 7, 6, 4, 3, 3, 2, 2, 2, 2)
  (8, 7, 7, 6, 4, 3, 3, 2, 2, 2, 1, 1)
  (8, 7, 7, 6, 4, 3, 3, 2, 2, 1, 1, 1, 1)
  (8, 7, 7, 6, 4, 3, 3, 2, 1, 1, 1, 1, 1, 1)
  (8, 7, 7, 6, 4, 3, 2, 2, 2, 2, 2, 1)
  (8, 7, 7, 6, 4, 3, 2, 2, 2, 2, 1, 1, 1)
  (8, 7, 7, 6, 4, 3, 2, 2, 2, 1, 1, 1, 1, 1)
  (8, 7, 7, 6, 3, 3, 3, 3, 3, 2, 1)
  (8, 7, 7, 6, 3, 3, 3, 3, 3, 1, 1, 1)
  (8, 7, 7, 6, 3, 3, 3, 3, 2, 2, 2)
  (8, 7, 7, 6, 3, 3, 3, 3, 2, 2, 1, 1)
  (8, 7, 7, 6, 3, 3, 3, 3, 2, 1, 1, 1, 1)
  (8, 7, 7, 6, 3, 3, 3, 2, 2, 2, 2, 1)
  (8, 7, 7, 6, 3, 3, 3, 2, 2, 2, 1, 1, 1)
  (8, 7, 7, 6, 3, 3, 3, 2, 2, 1, 1, 1, 1, 1)
  (8, 7, 7, 5, 5, 5, 4, 2, 2, 1)
  (8, 7, 7, 5, 5, 5, 4, 2, 1, 1, 1)
  (8, 7, 7, 5, 5, 5, 3, 3, 2, 1)
  (8, 7, 7, 5, 5, 5, 3, 3, 1, 1, 1)
  (8, 7, 7, 5, 5, 5, 3, 2, 2, 2)
  (8, 7, 7, 5, 5, 5, 3, 2, 2, 1, 1)
  (8, 7, 7, 5, 5, 5, 3, 2, 1, 1, 1, 1)
  (8, 7, 7, 5, 5, 5, 2, 2, 2, 2, 1)
  (8, 7, 7, 5, 5, 5, 2, 2, 2, 1, 1, 1)
  (8, 7, 7, 5, 5, 4, 4, 3, 2, 1)
  (8, 7, 7, 5, 5, 4, 4, 3, 1, 1, 1)
  (8, 7, 7, 5, 5, 4, 4, 2, 2, 2)
  (8, 7, 7, 5, 5, 4, 4, 2, 2, 1, 1)
  (8, 7, 7, 5, 5, 4, 4, 2, 1, 1, 1, 1)
  (8, 7, 7, 5, 5, 4, 3, 3, 3, 1)
  (8, 7, 7, 5, 5, 4, 3, 3, 2, 2)
  (8, 7, 7, 5, 5, 4, 3, 3, 2, 1, 1)
  (8, 7, 7, 5, 5, 4, 3, 3, 1, 1, 1, 1)
  (8, 7, 7, 5, 5, 4, 3, 2, 2, 2, 1)
  (8, 7, 7, 5, 5, 4, 3, 2, 2, 1, 1, 1)
  (8, 7, 7, 5, 5, 4, 3, 2, 1, 1, 1, 1, 1)
  (8, 7, 7, 5, 5, 4, 2, 2, 2, 2, 2)
  (8, 7, 7, 5, 5, 4, 2, 2, 2, 2, 1, 1)
  (8, 7, 7, 5, 5, 4, 2, 2, 2, 1, 1, 1, 1)
  (8, 7, 7, 5, 5, 3, 3, 3, 3, 2)
  (8, 7, 7, 5, 5, 3, 3, 3, 3, 1, 1)
  (8, 7, 7, 5, 5, 3, 3, 3, 2, 2, 1)
  (8, 7, 7, 5, 5, 3, 3, 3, 2, 1, 1, 1)
  (8, 7, 7, 5, 5, 3, 3, 3, 1, 1, 1, 1, 1)
  (8, 7, 7, 5, 5, 3, 3, 2, 2, 2, 2)
  (8, 7, 7, 5, 5, 3, 3, 2, 2, 2, 1, 1)
  (8, 7, 7, 5, 5, 3, 3, 2, 2, 1, 1, 1, 1)
  (8, 7, 7, 5, 5, 3, 3, 2, 1, 1, 1, 1, 1, 1)
  (8, 7, 7, 5, 5, 3, 2, 2, 2, 2, 2, 1)
  (8, 7, 7, 5, 5, 3, 2, 2, 2, 2, 1, 1, 1)
  (8, 7, 7, 5, 5, 3, 2, 2, 2, 1, 1, 1, 1, 1)
  (8, 7, 7, 5, 4, 4, 4, 4, 2, 1)
  (8, 7, 7, 5, 4, 4, 4, 4, 1, 1, 1)
  (8, 7, 7, 5, 4, 4, 4, 3, 3, 1)
  (8, 7, 7, 5, 4, 4, 4, 3, 2, 2)
  (8, 7, 7, 5, 4, 4, 4, 3, 2, 1, 1)
  (8, 7, 7, 5, 4, 4, 4, 3, 1, 1, 1, 1)
  (8, 7, 7, 5, 4, 4, 4, 2, 2, 2, 1)
  (8, 7, 7, 5, 4, 4, 4, 2, 2, 1, 1, 1)
  (8, 7, 7, 5, 4, 4, 4, 2, 1, 1, 1, 1, 1)
  (8, 7, 7, 5, 4, 4, 3, 3, 3, 2)
  (8, 7, 7, 5, 4, 4, 3, 3, 3, 1, 1)
  (8, 7, 7, 5, 4, 4, 3, 3, 2, 2, 1)
  (8, 7, 7, 5, 4, 4, 3, 3, 2, 1, 1, 1)
  (8, 7, 7, 5, 4, 4, 3, 3, 1, 1, 1, 1, 1)
  (8, 7, 7, 5, 4, 4, 3, 2, 2, 2, 2)
  (8, 7, 7, 5, 4, 4, 3, 2, 2, 2, 1, 1)
  (8, 7, 7, 5, 4, 4, 3, 2, 2, 1, 1, 1, 1)
  (8, 7, 7, 5, 4, 4, 3, 2, 1, 1, 1, 1, 1, 1)
  (8, 7, 7, 5, 4, 4, 2, 2, 2, 2, 2, 1)
  (8, 7, 7, 5, 4, 4, 2, 2, 2, 2, 1, 1, 1)
  (8, 7, 7, 5, 4, 4, 2, 2, 2, 1, 1, 1, 1, 1)
  (8, 7, 7, 5, 4, 3, 3, 3, 3, 3)
  (8, 7, 7, 5, 4, 3, 3, 3, 3, 2, 1)
  (8, 7, 7, 5, 4, 3, 3, 3, 3, 1, 1, 1)
  (8, 7, 7, 5, 4, 3, 3, 3, 2, 2, 2)
  (8, 7, 7, 5, 4, 3, 3, 3, 2, 2, 1, 1)
  (8, 7, 7, 5, 4, 3, 3, 3, 2, 1, 1, 1, 1)
  (8, 7, 7, 5, 4, 3, 3, 3, 1, 1, 1, 1, 1, 1)
  (8, 7, 7, 5, 4, 3, 3, 2, 2, 2, 2, 1)
  (8, 7, 7, 5, 4, 3, 3, 2, 2, 2, 1, 1, 1)
  (8, 7, 7, 5, 4, 3, 3, 2, 2, 1, 1, 1, 1, 1)
  (8, 7, 7, 5, 4, 3, 3, 2, 1, 1, 1, 1, 1, 1, 1)
  (8, 7, 7, 5, 4, 3, 2, 2, 2, 2, 2, 2)
  (8, 7, 7, 5, 4, 3, 2, 2, 2, 2, 2, 1, 1)
  (8, 7, 7, 5, 4, 3, 2, 2, 2, 2, 1, 1, 1, 1)
  (8, 7, 7, 5, 4, 3, 2, 2, 2, 1, 1, 1, 1, 1, 1)
  (8, 7, 7, 5, 3, 3, 3, 3, 3, 3, 1)
  (8, 7, 7, 5, 3, 3, 3, 3, 3, 2, 2)
  (8, 7, 7, 5, 3, 3, 3, 3, 3, 2, 1, 1)
  (8, 7, 7, 5, 3, 3, 3, 3, 3, 1, 1, 1, 1)
  (8, 7, 7, 5, 3, 3, 3, 3, 2, 2, 2, 1)
  (8, 7, 7, 5, 3, 3, 3, 3, 2, 2, 1, 1, 1)
  (8, 7, 7, 5, 3, 3, 3, 3, 2, 1, 1, 1, 1, 1)
  (8, 7, 7, 5, 3, 3, 3, 2, 2, 2, 2, 2)
  (8, 7, 7, 5, 3, 3, 3, 2, 2, 2, 2, 1, 1)
  (8, 7, 7, 5, 3, 3, 3, 2, 2, 2, 1, 1, 1, 1)
  (8, 7, 7, 5, 3, 3, 3, 2, 2, 1, 1, 1, 1, 1, 1)
  (8, 7, 7, 4, 4, 4, 4, 4, 3, 1)
  (8, 7, 7, 4, 4, 4, 4, 4, 2, 2)
  (8, 7, 7, 4, 4, 4, 4, 4, 2, 1, 1)
  (8, 7, 7, 4, 4, 4, 4, 4, 1, 1, 1, 1)
  (8, 7, 7, 4, 4, 4, 4, 3, 3, 2)
  (8, 7, 7, 4, 4, 4, 4, 3, 3, 1, 1)
  (8, 7, 7, 4, 4, 4, 4, 3, 2, 2, 1)
  (8, 7, 7, 4, 4, 4, 4, 3, 2, 1, 1, 1)
  (8, 7, 7, 4, 4, 4, 4, 3, 1, 1, 1, 1, 1)
  (8, 7, 7, 4, 4, 4, 4, 2, 2, 2, 2)
  (8, 7, 7, 4, 4, 4, 4, 2, 2, 2, 1, 1)
  (8, 7, 7, 4, 4, 4, 4, 2, 2, 1, 1, 1, 1)
  (8, 7, 7, 4, 4, 4, 4, 2, 1, 1, 1, 1, 1, 1)
  (8, 7, 7, 4, 4, 4, 3, 3, 3, 3)
  (8, 7, 7, 4, 4, 4, 3, 3, 3, 2, 1)
  (8, 7, 7, 4, 4, 4, 3, 3, 3, 1, 1, 1)
  (8, 7, 7, 4, 4, 4, 3, 3, 2, 2, 2)
  (8, 7, 7, 4, 4, 4, 3, 3, 2, 2, 1, 1)
  (8, 7, 7, 4, 4, 4, 3, 3, 2, 1, 1, 1, 1)
  (8, 7, 7, 4, 4, 4, 3, 3, 1, 1, 1, 1, 1, 1)
  (8, 7, 7, 4, 4, 4, 3, 2, 2, 2, 2, 1)
  (8, 7, 7, 4, 4, 4, 3, 2, 2, 2, 1, 1, 1)
  (8, 7, 7, 4, 4, 4, 3, 2, 2, 1, 1, 1, 1, 1)
  (8, 7, 7, 4, 4, 4, 3, 2, 1, 1, 1, 1, 1, 1, 1)
  (8, 7, 7, 4, 4, 4, 2, 2, 2, 2, 2, 2)
  (8, 7, 7, 4, 4, 4, 2, 2, 2, 2, 2, 1, 1)
  (8, 7, 7, 4, 4, 4, 2, 2, 2, 2, 1, 1, 1, 1)
  (8, 7, 7, 4, 4, 4, 2, 2, 2, 1, 1, 1, 1, 1, 1)
  (8, 7, 7, 4, 4, 3, 3, 3, 3, 3, 1)
  (8, 7, 7, 4, 4, 3, 3, 3, 3, 2, 2)
  (8, 7, 7, 4, 4, 3, 3, 3, 3, 2, 1, 1)
  (8, 7, 7, 4, 4, 3, 3, 3, 3, 1, 1, 1, 1)
  (8, 7, 7, 4, 4, 3, 3, 3, 2, 2, 2, 1)
  (8, 7, 7, 4, 4, 3, 3, 3, 2, 2, 1, 1, 1)
  (8, 7, 7, 4, 4, 3, 3, 3, 2, 1, 1, 1, 1, 1)
  (8, 7, 7, 4, 4, 3, 3, 3, 1, 1, 1, 1, 1, 1, 1)
  (8, 7, 7, 4, 4, 3, 3, 2, 2, 2, 2, 2)
  (8, 7, 7, 4, 4, 3, 3, 2, 2, 2, 2, 1, 1)
  (8, 7, 7, 4, 4, 3, 3, 2, 2, 2, 1, 1, 1, 1)
  (8, 7, 7, 4, 4, 3, 2, 2, 2, 2, 2, 2, 1)
  (8, 7, 7, 4, 4, 3, 2, 2, 2, 2, 2, 1, 1, 1)
  (8, 7, 7, 4, 4, 3, 2, 2, 2, 2, 1, 1, 1, 1, 1)
  (8, 7, 7, 4, 3, 3, 3, 3, 3, 3, 2)
  (8, 7, 7, 4, 3, 3, 3, 3, 3, 3, 1, 1)
  (8, 7, 7, 4, 3, 3, 3, 3, 3, 2, 2, 1)
  (8, 7, 7, 4, 3, 3, 3, 3, 3, 2, 1, 1, 1)
  (8, 7, 7, 4, 3, 3, 3, 3, 3, 1, 1, 1, 1, 1)
  (8, 7, 7, 4, 3, 3, 3, 3, 2, 2, 2, 2)
  (8, 7, 7, 4, 3, 3, 3, 3, 2, 2, 2, 1, 1)
  (8, 7, 7, 4, 3, 3, 3, 3, 2, 2, 1, 1, 1, 1)
  (8, 7, 7, 4, 3, 3, 3, 3, 2, 1, 1, 1, 1, 1, 1)
  (8, 7, 7, 4, 3, 3, 3, 2, 2, 2, 2, 2, 1)
  (8, 7, 7, 4, 3, 3, 3, 2, 2, 2, 2, 1, 1, 1)
  (8, 7, 7, 4, 3, 3, 3, 2, 2, 2, 1, 1, 1, 1, 1)
  (8, 7, 6, 6, 6, 5, 3, 2, 2, 1)
  (8, 7, 6, 6, 6, 5, 3, 2, 1, 1, 1)
  (8, 7, 6, 6, 6, 5, 2, 2, 2, 1, 1)
  (8, 7, 6, 6, 6, 4, 4, 2, 2, 1)
  (8, 7, 6, 6, 6, 4, 4, 2, 1, 1, 1)
  (8, 7, 6, 6, 6, 4, 3, 3, 2, 1)
  (8, 7, 6, 6, 6, 4, 3, 3, 1, 1, 1)
  (8, 7, 6, 6, 6, 4, 3, 2, 2, 2)
  (8, 7, 6, 6, 6, 4, 3, 2, 2, 1, 1)
  (8, 7, 6, 6, 6, 4, 3, 2, 1, 1, 1, 1)
  (8, 7, 6, 6, 6, 4, 2, 2, 2, 2, 1)
  (8, 7, 6, 6, 6, 4, 2, 2, 2, 1, 1, 1)
  (8, 7, 6, 6, 6, 3, 3, 3, 3, 1)
  (8, 7, 6, 6, 6, 3, 3, 3, 2, 2)
  (8, 7, 6, 6, 6, 3, 3, 3, 2, 1, 1)
  (8, 7, 6, 6, 6, 3, 3, 3, 1, 1, 1, 1)
  (8, 7, 6, 6, 6, 3, 3, 2, 2, 2, 1)
  (8, 7, 6, 6, 6, 3, 3, 2, 2, 1, 1, 1)
  (8, 7, 6, 6, 6, 3, 3, 2, 1, 1, 1, 1, 1)
  (8, 7, 6, 6, 6, 3, 2, 2, 2, 2, 2)
  (8, 7, 6, 6, 6, 3, 2, 2, 2, 2, 1, 1)
  (8, 7, 6, 6, 6, 3, 2, 2, 2, 1, 1, 1, 1)
  (8, 7, 6, 6, 5, 5, 4, 2, 2, 1)
  (8, 7, 6, 6, 5, 5, 4, 2, 1, 1, 1)
  (8, 7, 6, 6, 5, 5, 3, 3, 2, 1)
  (8, 7, 6, 6, 5, 5, 3, 3, 1, 1, 1)
  (8, 7, 6, 6, 5, 5, 3, 2, 2, 2)
  (8, 7, 6, 6, 5, 5, 3, 2, 2, 1, 1)
  (8, 7, 6, 6, 5, 5, 3, 2, 1, 1, 1, 1)
  (8, 7, 6, 6, 5, 5, 2, 2, 2, 2, 1)
  (8, 7, 6, 6, 5, 5, 2, 2, 2, 1, 1, 1)
  (8, 7, 6, 6, 5, 4, 4, 3, 2, 1)
  (8, 7, 6, 6, 5, 4, 4, 3, 1, 1, 1)
  (8, 7, 6, 6, 5, 4, 4, 2, 2, 2)
  (8, 7, 6, 6, 5, 4, 4, 2, 2, 1, 1)
  (8, 7, 6, 6, 5, 4, 4, 2, 1, 1, 1, 1)
  (8, 7, 6, 6, 5, 4, 3, 3, 3, 1)
  (8, 7, 6, 6, 5, 4, 3, 3, 2, 2)
  (8, 7, 6, 6, 5, 4, 3, 3, 2, 1, 1)
  (8, 7, 6, 6, 5, 4, 3, 3, 1, 1, 1, 1)
  (8, 7, 6, 6, 5, 4, 3, 2, 2, 2, 1)
  (8, 7, 6, 6, 5, 4, 3, 2, 2, 1, 1, 1)
  (8, 7, 6, 6, 5, 4, 3, 2, 1, 1, 1, 1, 1)
  (8, 7, 6, 6, 5, 4, 2, 2, 2, 2, 2)
  (8, 7, 6, 6, 5, 4, 2, 2, 2, 2, 1, 1)
  (8, 7, 6, 6, 5, 4, 2, 2, 2, 1, 1, 1, 1)
  (8, 7, 6, 6, 5, 3, 3, 3, 3, 2)
  (8, 7, 6, 6, 5, 3, 3, 3, 3, 1, 1)
  (8, 7, 6, 6, 5, 3, 3, 3, 2, 2, 1)
  (8, 7, 6, 6, 5, 3, 3, 3, 2, 1, 1, 1)
  (8, 7, 6, 6, 5, 3, 3, 3, 1, 1, 1, 1, 1)
  (8, 7, 6, 6, 5, 3, 3, 2, 2, 2, 2)
  (8, 7, 6, 6, 5, 3, 3, 2, 2, 2, 1, 1)
  (8, 7, 6, 6, 5, 3, 3, 2, 2, 1, 1, 1, 1)
  (8, 7, 6, 6, 5, 3, 3, 2, 1, 1, 1, 1, 1, 1)
  (8, 7, 6, 6, 5, 3, 2, 2, 2, 2, 2, 1)
  (8, 7, 6, 6, 5, 3, 2, 2, 2, 2, 1, 1, 1)
  (8, 7, 6, 6, 5, 3, 2, 2, 2, 1, 1, 1, 1, 1)
  (8, 7, 6, 6, 4, 4, 4, 4, 2, 1)
  (8, 7, 6, 6, 4, 4, 4, 4, 1, 1, 1)
  (8, 7, 6, 6, 4, 4, 4, 3, 3, 1)
  (8, 7, 6, 6, 4, 4, 4, 3, 2, 2)
  (8, 7, 6, 6, 4, 4, 4, 3, 2, 1, 1)
  (8, 7, 6, 6, 4, 4, 4, 3, 1, 1, 1, 1)
  (8, 7, 6, 6, 4, 4, 4, 2, 2, 2, 1)
  (8, 7, 6, 6, 4, 4, 4, 2, 2, 1, 1, 1)
  (8, 7, 6, 6, 4, 4, 4, 2, 1, 1, 1, 1, 1)
  (8, 7, 6, 6, 4, 4, 3, 3, 3, 2)
  (8, 7, 6, 6, 4, 4, 3, 3, 3, 1, 1)
  (8, 7, 6, 6, 4, 4, 3, 3, 2, 2, 1)
  (8, 7, 6, 6, 4, 4, 3, 3, 2, 1, 1, 1)
  (8, 7, 6, 6, 4, 4, 3, 3, 1, 1, 1, 1, 1)
  (8, 7, 6, 6, 4, 4, 3, 2, 2, 2, 2)
  (8, 7, 6, 6, 4, 4, 3, 2, 2, 2, 1, 1)
  (8, 7, 6, 6, 4, 4, 3, 2, 2, 1, 1, 1, 1)
  (8, 7, 6, 6, 4, 4, 3, 2, 1, 1, 1, 1, 1, 1)
  (8, 7, 6, 6, 4, 4, 2, 2, 2, 2, 2, 1)
  (8, 7, 6, 6, 4, 4, 2, 2, 2, 2, 1, 1, 1)
  (8, 7, 6, 6, 4, 4, 2, 2, 2, 1, 1, 1, 1, 1)
  (8, 7, 6, 6, 4, 3, 3, 3, 3, 3)
  (8, 7, 6, 6, 4, 3, 3, 3, 3, 2, 1)
  (8, 7, 6, 6, 4, 3, 3, 3, 3, 1, 1, 1)
  (8, 7, 6, 6, 4, 3, 3, 3, 2, 2, 2)
  (8, 7, 6, 6, 4, 3, 3, 3, 2, 2, 1, 1)
  (8, 7, 6, 6, 4, 3, 3, 3, 2, 1, 1, 1, 1)
  (8, 7, 6, 6, 4, 3, 3, 3, 1, 1, 1, 1, 1, 1)
  (8, 7, 6, 6, 4, 3, 3, 2, 2, 2, 2, 1)
  (8, 7, 6, 6, 4, 3, 3, 2, 2, 2, 1, 1, 1)
  (8, 7, 6, 6, 4, 3, 3, 2, 2, 1, 1, 1, 1, 1)
  (8, 7, 6, 6, 4, 3, 3, 2, 1, 1, 1, 1, 1, 1, 1)
  (8, 7, 6, 6, 4, 3, 2, 2, 2, 2, 2, 2)
  (8, 7, 6, 6, 4, 3, 2, 2, 2, 2, 2, 1, 1)
  (8, 7, 6, 6, 4, 3, 2, 2, 2, 2, 1, 1, 1, 1)
  (8, 7, 6, 6, 4, 3, 2, 2, 2, 1, 1, 1, 1, 1, 1)
  (8, 7, 6, 6, 3, 3, 3, 3, 3, 3, 1)
  (8, 7, 6, 6, 3, 3, 3, 3, 3, 2, 2)
  (8, 7, 6, 6, 3, 3, 3, 3, 3, 2, 1, 1)
  (8, 7, 6, 6, 3, 3, 3, 3, 3, 1, 1, 1, 1)
  (8, 7, 6, 6, 3, 3, 3, 3, 2, 2, 2, 1)
  (8, 7, 6, 6, 3, 3, 3, 3, 2, 2, 1, 1, 1)
  (8, 7, 6, 6, 3, 3, 3, 3, 2, 1, 1, 1, 1, 1)
  (8, 7, 6, 6, 3, 3, 3, 2, 2, 2, 2, 2)
  (8, 7, 6, 6, 3, 3, 3, 2, 2, 2, 2, 1, 1)
  (8, 7, 6, 6, 3, 3, 3, 2, 2, 2, 1, 1, 1, 1)
  (8, 7, 6, 6, 3, 3, 3, 2, 2, 1, 1, 1, 1, 1, 1)
  (8, 7, 6, 5, 5, 5, 5, 2, 2, 1)
  (8, 7, 6, 5, 5, 5, 5, 2, 1, 1, 1)
  (8, 7, 6, 5, 5, 5, 4, 3, 2, 1)
  (8, 7, 6, 5, 5, 5, 4, 3, 1, 1, 1)
  (8, 7, 6, 5, 5, 5, 4, 2, 2, 2)
  (8, 7, 6, 5, 5, 5, 4, 2, 2, 1, 1)
  (8, 7, 6, 5, 5, 5, 4, 2, 1, 1, 1, 1)
  (8, 7, 6, 5, 5, 5, 3, 3, 3, 1)
  (8, 7, 6, 5, 5, 5, 3, 3, 2, 2)
  (8, 7, 6, 5, 5, 5, 3, 3, 2, 1, 1)
  (8, 7, 6, 5, 5, 5, 3, 3, 1, 1, 1, 1)
  (8, 7, 6, 5, 5, 5, 3, 2, 2, 2, 1)
  (8, 7, 6, 5, 5, 5, 3, 2, 2, 1, 1, 1)
  (8, 7, 6, 5, 5, 5, 3, 2, 1, 1, 1, 1, 1)
  (8, 7, 6, 5, 5, 5, 2, 2, 2, 2, 2)
  (8, 7, 6, 5, 5, 5, 2, 2, 2, 2, 1, 1)
  (8, 7, 6, 5, 5, 5, 2, 2, 2, 1, 1, 1, 1)
  (8, 7, 6, 5, 5, 4, 4, 4, 2, 1)
  (8, 7, 6, 5, 5, 4, 4, 4, 1, 1, 1)
  (8, 7, 6, 5, 5, 4, 4, 3, 3, 1)
  (8, 7, 6, 5, 5, 4, 4, 3, 2, 2)
  (8, 7, 6, 5, 5, 4, 4, 3, 2, 1, 1)
  (8, 7, 6, 5, 5, 4, 4, 3, 1, 1, 1, 1)
  (8, 7, 6, 5, 5, 4, 4, 2, 2, 2, 1)
  (8, 7, 6, 5, 5, 4, 4, 2, 2, 1, 1, 1)
  (8, 7, 6, 5, 5, 4, 4, 2, 1, 1, 1, 1, 1)
  (8, 7, 6, 5, 5, 4, 3, 3, 3, 2)
  (8, 7, 6, 5, 5, 4, 3, 3, 3, 1, 1)
  (8, 7, 6, 5, 5, 4, 3, 3, 2, 2, 1)
  (8, 7, 6, 5, 5, 4, 3, 3, 2, 1, 1, 1)
  (8, 7, 6, 5, 5, 4, 3, 3, 1, 1, 1, 1, 1)
  (8, 7, 6, 5, 5, 4, 3, 2, 2, 2, 2)
  (8, 7, 6, 5, 5, 4, 3, 2, 2, 2, 1, 1)
  (8, 7, 6, 5, 5, 4, 3, 2, 2, 1, 1, 1, 1)
  (8, 7, 6, 5, 5, 4, 3, 2, 1, 1, 1, 1, 1, 1)
  (8, 7, 6, 5, 5, 4, 2, 2, 2, 2, 2, 1)
  (8, 7, 6, 5, 5, 4, 2, 2, 2, 2, 1, 1, 1)
  (8, 7, 6, 5, 5, 4, 2, 2, 2, 1, 1, 1, 1, 1)
  (8, 7, 6, 5, 5, 3, 3, 3, 3, 3)
  (8, 7, 6, 5, 5, 3, 3, 3, 3, 2, 1)
  (8, 7, 6, 5, 5, 3, 3, 3, 3, 1, 1, 1)
  (8, 7, 6, 5, 5, 3, 3, 3, 2, 2, 2)
  (8, 7, 6, 5, 5, 3, 3, 3, 2, 2, 1, 1)
  (8, 7, 6, 5, 5, 3, 3, 3, 2, 1, 1, 1, 1)
  (8, 7, 6, 5, 5, 3, 3, 3, 1, 1, 1, 1, 1, 1)
  (8, 7, 6, 5, 5, 3, 3, 2, 2, 2, 2, 1)
  (8, 7, 6, 5, 5, 3, 3, 2, 2, 2, 1, 1, 1)
  (8, 7, 6, 5, 5, 3, 3, 2, 2, 1, 1, 1, 1, 1)
  (8, 7, 6, 5, 5, 3, 3, 2, 1, 1, 1, 1, 1, 1, 1)
  (8, 7, 6, 5, 5, 3, 2, 2, 2, 2, 2, 2)
  (8, 7, 6, 5, 5, 3, 2, 2, 2, 2, 2, 1, 1)
  (8, 7, 6, 5, 5, 3, 2, 2, 2, 2, 1, 1, 1, 1)
  (8, 7, 6, 5, 5, 3, 2, 2, 2, 1, 1, 1, 1, 1, 1)
  (8, 7, 6, 5, 4, 4, 4, 4, 3, 1)
  (8, 7, 6, 5, 4, 4, 4, 4, 2, 2)
  (8, 7, 6, 5, 4, 4, 4, 4, 2, 1, 1)
  (8, 7, 6, 5, 4, 4, 4, 4, 1, 1, 1, 1)
  (8, 7, 6, 5, 4, 4, 4, 3, 3, 2)
  (8, 7, 6, 5, 4, 4, 4, 3, 3, 1, 1)
  (8, 7, 6, 5, 4, 4, 4, 3, 2, 2, 1)
  (8, 7, 6, 5, 4, 4, 4, 3, 2, 1, 1, 1)
  (8, 7, 6, 5, 4, 4, 4, 3, 1, 1, 1, 1, 1)
  (8, 7, 6, 5, 4, 4, 4, 2, 2, 2, 2)
  (8, 7, 6, 5, 4, 4, 4, 2, 2, 2, 1, 1)
  (8, 7, 6, 5, 4, 4, 4, 2, 2, 1, 1, 1, 1)
  (8, 7, 6, 5, 4, 4, 4, 2, 1, 1, 1, 1, 1, 1)
  (8, 7, 6, 5, 4, 4, 3, 3, 3, 3)
  (8, 7, 6, 5, 4, 4, 3, 3, 3, 2, 1)
  (8, 7, 6, 5, 4, 4, 3, 3, 3, 1, 1, 1)
  (8, 7, 6, 5, 4, 4, 3, 3, 2, 2, 2)
  (8, 7, 6, 5, 4, 4, 3, 3, 2, 2, 1, 1)
  (8, 7, 6, 5, 4, 4, 3, 3, 2, 1, 1, 1, 1)
  (8, 7, 6, 5, 4, 4, 3, 3, 1, 1, 1, 1, 1, 1)
  (8, 7, 6, 5, 4, 4, 3, 2, 2, 2, 2, 1)
  (8, 7, 6, 5, 4, 4, 3, 2, 2, 2, 1, 1, 1)
  (8, 7, 6, 5, 4, 4, 3, 2, 2, 1, 1, 1, 1, 1)
  (8, 7, 6, 5, 4, 4, 3, 2, 1, 1, 1, 1, 1, 1, 1)
  (8, 7, 6, 5, 4, 4, 2, 2, 2, 2, 2, 2)
  (8, 7, 6, 5, 4, 4, 2, 2, 2, 2, 2, 1, 1)
  (8, 7, 6, 5, 4, 4, 2, 2, 2, 2, 1, 1, 1, 1)
  (8, 7, 6, 5, 4, 4, 2, 2, 2, 1, 1, 1, 1, 1, 1)
  (8, 7, 6, 5, 4, 3, 3, 3, 3, 3, 1)
  (8, 7, 6, 5, 4, 3, 3, 3, 3, 2, 2)
  (8, 7, 6, 5, 4, 3, 3, 3, 3, 2, 1, 1)
  (8, 7, 6, 5, 4, 3, 3, 3, 3, 1, 1, 1, 1)
  (8, 7, 6, 5, 4, 3, 3, 3, 2, 2, 2, 1)
  (8, 7, 6, 5, 4, 3, 3, 3, 2, 2, 1, 1, 1)
  (8, 7, 6, 5, 4, 3, 3, 3, 2, 1, 1, 1, 1, 1)
  (8, 7, 6, 5, 4, 3, 3, 3, 1, 1, 1, 1, 1, 1, 1)
  (8, 7, 6, 5, 4, 3, 3, 2, 2, 2, 2, 2)
  (8, 7, 6, 5, 4, 3, 3, 2, 2, 2, 2, 1, 1)
  (8, 7, 6, 5, 4, 3, 3, 2, 2, 2, 1, 1, 1, 1)
  (8, 7, 6, 5, 4, 3, 3, 2, 2, 1, 1, 1, 1, 1, 1)
  (8, 7, 6, 5, 4, 3, 3, 2, 1, 1, 1, 1, 1, 1, 1, 1)
  (8, 7, 6, 5, 4, 3, 2, 2, 2, 2, 2, 2, 1)
  (8, 7, 6, 5, 4, 3, 2, 2, 2, 2, 2, 1, 1, 1)
  (8, 7, 6, 5, 4, 3, 2, 2, 2, 2, 1, 1, 1, 1, 1)
  (8, 7, 6, 5, 4, 3, 2, 2, 2, 1, 1, 1, 1, 1, 1, 1)
  (8, 7, 6, 5, 3, 3, 3, 3, 3, 3, 2)
  (8, 7, 6, 5, 3, 3, 3, 3, 3, 3, 1, 1)
  (8, 7, 6, 5, 3, 3, 3, 3, 3, 2, 2, 1)
  (8, 7, 6, 5, 3, 3, 3, 3, 3, 2, 1, 1, 1)
  (8, 7, 6, 5, 3, 3, 3, 3, 3, 1, 1, 1, 1, 1)
  (8, 7, 6, 5, 3, 3, 3, 3, 2, 2, 2, 2)
  (8, 7, 6, 5, 3, 3, 3, 3, 2, 2, 2, 1, 1)
  (8, 7, 6, 5, 3, 3, 3, 3, 2, 2, 1, 1, 1, 1)
  (8, 7, 6, 5, 3, 3, 3, 3, 2, 1, 1, 1, 1, 1, 1)
  (8, 7, 6, 5, 3, 3, 3, 2, 2, 2, 2, 2, 1)
  (8, 7, 6, 5, 3, 3, 3, 2, 2, 2, 2, 1, 1, 1)
  (8, 7, 6, 5, 3, 3, 3, 2, 2, 2, 1, 1, 1, 1, 1)
  (8, 7, 6, 5, 3, 3, 3, 2, 2, 1, 1, 1, 1, 1, 1, 1)
  (8, 7, 6, 4, 4, 4, 4, 4, 4, 1)
  (8, 7, 6, 4, 4, 4, 4, 4, 3, 2)
  (8, 7, 6, 4, 4, 4, 4, 4, 3, 1, 1)
  (8, 7, 6, 4, 4, 4, 4, 4, 2, 2, 1)
  (8, 7, 6, 4, 4, 4, 4, 4, 2, 1, 1, 1)
  (8, 7, 6, 4, 4, 4, 4, 4, 1, 1, 1, 1, 1)
  (8, 7, 6, 4, 4, 4, 4, 3, 3, 3)
  (8, 7, 6, 4, 4, 4, 4, 3, 3, 2, 1)
  (8, 7, 6, 4, 4, 4, 4, 3, 3, 1, 1, 1)
  (8, 7, 6, 4, 4, 4, 4, 3, 2, 2, 2)
  (8, 7, 6, 4, 4, 4, 4, 3, 2, 2, 1, 1)
  (8, 7, 6, 4, 4, 4, 4, 3, 2, 1, 1, 1, 1)
  (8, 7, 6, 4, 4, 4, 4, 3, 1, 1, 1, 1, 1, 1)
  (8, 7, 6, 4, 4, 4, 4, 2, 2, 2, 2, 1)
  (8, 7, 6, 4, 4, 4, 4, 2, 2, 2, 1, 1, 1)
  (8, 7, 6, 4, 4, 4, 4, 2, 2, 1, 1, 1, 1, 1)
  (8, 7, 6, 4, 4, 4, 4, 2, 1, 1, 1, 1, 1, 1, 1)
  (8, 7, 6, 4, 4, 4, 3, 3, 3, 3, 1)
  (8, 7, 6, 4, 4, 4, 3, 3, 3, 2, 2)
  (8, 7, 6, 4, 4, 4, 3, 3, 3, 2, 1, 1)
  (8, 7, 6, 4, 4, 4, 3, 3, 3, 1, 1, 1, 1)
  (8, 7, 6, 4, 4, 4, 3, 3, 2, 2, 2, 1)
  (8, 7, 6, 4, 4, 4, 3, 3, 2, 2, 1, 1, 1)
  (8, 7, 6, 4, 4, 4, 3, 3, 2, 1, 1, 1, 1, 1)
  (8, 7, 6, 4, 4, 4, 3, 3, 1, 1, 1, 1, 1, 1, 1)
  (8, 7, 6, 4, 4, 4, 3, 2, 2, 2, 2, 2)
  (8, 7, 6, 4, 4, 4, 3, 2, 2, 2, 2, 1, 1)
  (8, 7, 6, 4, 4, 4, 3, 2, 2, 2, 1, 1, 1, 1)
  (8, 7, 6, 4, 4, 4, 3, 2, 2, 1, 1, 1, 1, 1, 1)
  (8, 7, 6, 4, 4, 4, 3, 2, 1, 1, 1, 1, 1, 1, 1, 1)
  (8, 7, 6, 4, 4, 4, 2, 2, 2, 2, 2, 2, 1)
  (8, 7, 6, 4, 4, 4, 2, 2, 2, 2, 2, 1, 1, 1)
  (8, 7, 6, 4, 4, 4, 2, 2, 2, 2, 1, 1, 1, 1, 1)
  (8, 7, 6, 4, 4, 4, 2, 2, 2, 1, 1, 1, 1, 1, 1, 1)
  (8, 7, 6, 4, 4, 3, 3, 3, 3, 3, 2)
  (8, 7, 6, 4, 4, 3, 3, 3, 3, 3, 1, 1)
  (8, 7, 6, 4, 4, 3, 3, 3, 3, 2, 2, 1)
  (8, 7, 6, 4, 4, 3, 3, 3, 3, 2, 1, 1, 1)
  (8, 7, 6, 4, 4, 3, 3, 3, 3, 1, 1, 1, 1, 1)
  (8, 7, 6, 4, 4, 3, 3, 3, 2, 2, 2, 2)
  (8, 7, 6, 4, 4, 3, 3, 3, 2, 2, 2, 1, 1)
  (8, 7, 6, 4, 4, 3, 3, 3, 2, 2, 1, 1, 1, 1)
  (8, 7, 6, 4, 4, 3, 3, 3, 2, 1, 1, 1, 1, 1, 1)
  (8, 7, 6, 4, 4, 3, 3, 3, 1, 1, 1, 1, 1, 1, 1, 1)
  (8, 7, 6, 4, 4, 3, 3, 2, 2, 2, 2, 2, 1)
  (8, 7, 6, 4, 4, 3, 3, 2, 2, 2, 2, 1, 1, 1)
  (8, 7, 6, 4, 4, 3, 3, 2, 2, 2, 1, 1, 1, 1, 1)
  (8, 7, 6, 4, 4, 3, 2, 2, 2, 2, 2, 2, 2)
  (8, 7, 6, 4, 4, 3, 2, 2, 2, 2, 2, 2, 1, 1)
  (8, 7, 6, 4, 4, 3, 2, 2, 2, 2, 2, 1, 1, 1, 1)
  (8, 7, 6, 4, 4, 3, 2, 2, 2, 2, 1, 1, 1, 1, 1, 1)
  (8, 7, 6, 4, 3, 3, 3, 3, 3, 3, 3)
  (8, 7, 6, 4, 3, 3, 3, 3, 3, 3, 2, 1)
  (8, 7, 6, 4, 3, 3, 3, 3, 3, 3, 1, 1, 1)
  (8, 7, 6, 4, 3, 3, 3, 3, 3, 2, 2, 2)
  (8, 7, 6, 4, 3, 3, 3, 3, 3, 2, 2, 1, 1)
  (8, 7, 6, 4, 3, 3, 3, 3, 3, 2, 1, 1, 1, 1)
  (8, 7, 6, 4, 3, 3, 3, 3, 3, 1, 1, 1, 1, 1, 1)
  (8, 7, 6, 4, 3, 3, 3, 3, 2, 2, 2, 2, 1)
  (8, 7, 6, 4, 3, 3, 3, 3, 2, 2, 2, 1, 1, 1)
  (8, 7, 6, 4, 3, 3, 3, 3, 2, 2, 1, 1, 1, 1, 1)
  (8, 7, 6, 4, 3, 3, 3, 3, 2, 1, 1, 1, 1, 1, 1, 1)
  (8, 7, 6, 4, 3, 3, 3, 2, 2, 2, 2, 2, 2)
  (8, 7, 6, 4, 3, 3, 3, 2, 2, 2, 2, 2, 1, 1)
  (8, 7, 6, 4, 3, 3, 3, 2, 2, 2, 2, 1, 1, 1, 1)
  (8, 7, 6, 4, 3, 3, 3, 2, 2, 2, 1, 1, 1, 1, 1, 1)
  (8, 7, 5, 5, 5, 5, 5, 3, 2, 1)
  (8, 7, 5, 5, 5, 5, 5, 3, 1, 1, 1)
  (8, 7, 5, 5, 5, 5, 5, 2, 2, 2)
  (8, 7, 5, 5, 5, 5, 5, 2, 2, 1, 1)
  (8, 7, 5, 5, 5, 5, 5, 2, 1, 1, 1, 1)
  (8, 7, 5, 5, 5, 5, 4, 4, 2, 1)
  (8, 7, 5, 5, 5, 5, 4, 4, 1, 1, 1)
  (8, 7, 5, 5, 5, 5, 4, 3, 3, 1)
  (8, 7, 5, 5, 5, 5, 4, 3, 2, 2)
  (8, 7, 5, 5, 5, 5, 4, 3, 2, 1, 1)
  (8, 7, 5, 5, 5, 5, 4, 3, 1, 1, 1, 1)
  (8, 7, 5, 5, 5, 5, 4, 2, 2, 2, 1)
  (8, 7, 5, 5, 5, 5, 4, 2, 2, 1, 1, 1)
  (8, 7, 5, 5, 5, 5, 4, 2, 1, 1, 1, 1, 1)
  (8, 7, 5, 5, 5, 5, 3, 3, 3, 2)
  (8, 7, 5, 5, 5, 5, 3, 3, 3, 1, 1)
  (8, 7, 5, 5, 5, 5, 3, 3, 2, 2, 1)
  (8, 7, 5, 5, 5, 5, 3, 3, 2, 1, 1, 1)
  (8, 7, 5, 5, 5, 5, 3, 3, 1, 1, 1, 1, 1)
  (8, 7, 5, 5, 5, 5, 3, 2, 2, 2, 2)
  (8, 7, 5, 5, 5, 5, 3, 2, 2, 2, 1, 1)
  (8, 7, 5, 5, 5, 5, 3, 2, 2, 1, 1, 1, 1)
  (8, 7, 5, 5, 5, 5, 3, 2, 1, 1, 1, 1, 1, 1)
  (8, 7, 5, 5, 5, 5, 2, 2, 2, 2, 2, 1)
  (8, 7, 5, 5, 5, 5, 2, 2, 2, 2, 1, 1, 1)
  (8, 7, 5, 5, 5, 5, 2, 2, 2, 1, 1, 1, 1, 1)
  (8, 7, 5, 5, 5, 4, 4, 4, 3, 1)
  (8, 7, 5, 5, 5, 4, 4, 4, 2, 2)
  (8, 7, 5, 5, 5, 4, 4, 4, 2, 1, 1)
  (8, 7, 5, 5, 5, 4, 4, 4, 1, 1, 1, 1)
  (8, 7, 5, 5, 5, 4, 4, 3, 3, 2)
  (8, 7, 5, 5, 5, 4, 4, 3, 3, 1, 1)
  (8, 7, 5, 5, 5, 4, 4, 3, 2, 2, 1)
  (8, 7, 5, 5, 5, 4, 4, 3, 2, 1, 1, 1)
  (8, 7, 5, 5, 5, 4, 4, 3, 1, 1, 1, 1, 1)
  (8, 7, 5, 5, 5, 4, 4, 2, 2, 2, 2)
  (8, 7, 5, 5, 5, 4, 4, 2, 2, 2, 1, 1)
  (8, 7, 5, 5, 5, 4, 4, 2, 2, 1, 1, 1, 1)
  (8, 7, 5, 5, 5, 4, 4, 2, 1, 1, 1, 1, 1, 1)
  (8, 7, 5, 5, 5, 4, 3, 3, 3, 3)
  (8, 7, 5, 5, 5, 4, 3, 3, 3, 2, 1)
  (8, 7, 5, 5, 5, 4, 3, 3, 3, 1, 1, 1)
  (8, 7, 5, 5, 5, 4, 3, 3, 2, 2, 2)
  (8, 7, 5, 5, 5, 4, 3, 3, 2, 2, 1, 1)
  (8, 7, 5, 5, 5, 4, 3, 3, 2, 1, 1, 1, 1)
  (8, 7, 5, 5, 5, 4, 3, 3, 1, 1, 1, 1, 1, 1)
  (8, 7, 5, 5, 5, 4, 3, 2, 2, 2, 2, 1)
  (8, 7, 5, 5, 5, 4, 3, 2, 2, 2, 1, 1, 1)
  (8, 7, 5, 5, 5, 4, 3, 2, 2, 1, 1, 1, 1, 1)
  (8, 7, 5, 5, 5, 4, 3, 2, 1, 1, 1, 1, 1, 1, 1)
  (8, 7, 5, 5, 5, 4, 2, 2, 2, 2, 2, 2)
  (8, 7, 5, 5, 5, 4, 2, 2, 2, 2, 2, 1, 1)
  (8, 7, 5, 5, 5, 4, 2, 2, 2, 2, 1, 1, 1, 1)
  (8, 7, 5, 5, 5, 4, 2, 2, 2, 1, 1, 1, 1, 1, 1)
  (8, 7, 5, 5, 5, 3, 3, 3, 3, 3, 1)
  (8, 7, 5, 5, 5, 3, 3, 3, 3, 2, 2)
  (8, 7, 5, 5, 5, 3, 3, 3, 3, 2, 1, 1)
  (8, 7, 5, 5, 5, 3, 3, 3, 3, 1, 1, 1, 1)
  (8, 7, 5, 5, 5, 3, 3, 3, 2, 2, 2, 1)
  (8, 7, 5, 5, 5, 3, 3, 3, 2, 2, 1, 1, 1)
  (8, 7, 5, 5, 5, 3, 3, 3, 2, 1, 1, 1, 1, 1)
  (8, 7, 5, 5, 5, 3, 3, 3, 1, 1, 1, 1, 1, 1, 1)
  (8, 7, 5, 5, 5, 3, 3, 2, 2, 2, 2, 2)
  (8, 7, 5, 5, 5, 3, 3, 2, 2, 2, 2, 1, 1)
  (8, 7, 5, 5, 5, 3, 3, 2, 2, 2, 1, 1, 1, 1)
  (8, 7, 5, 5, 5, 3, 3, 2, 2, 1, 1, 1, 1, 1, 1)
  (8, 7, 5, 5, 5, 3, 3, 2, 1, 1, 1, 1, 1, 1, 1, 1)
  (8, 7, 5, 5, 5, 3, 2, 2, 2, 2, 2, 2, 1)
  (8, 7, 5, 5, 5, 3, 2, 2, 2, 2, 2, 1, 1, 1)
  (8, 7, 5, 5, 5, 3, 2, 2, 2, 2, 1, 1, 1, 1, 1)
  (8, 7, 5, 5, 5, 3, 2, 2, 2, 1, 1, 1, 1, 1, 1, 1)
  (8, 7, 5, 5, 4, 4, 4, 4, 4, 1)
  (8, 7, 5, 5, 4, 4, 4, 4, 3, 2)
  (8, 7, 5, 5, 4, 4, 4, 4, 3, 1, 1)
  (8, 7, 5, 5, 4, 4, 4, 4, 2, 2, 1)
  (8, 7, 5, 5, 4, 4, 4, 4, 2, 1, 1, 1)
  (8, 7, 5, 5, 4, 4, 4, 4, 1, 1, 1, 1, 1)
  (8, 7, 5, 5, 4, 4, 4, 3, 3, 3)
  (8, 7, 5, 5, 4, 4, 4, 3, 3, 2, 1)
  (8, 7, 5, 5, 4, 4, 4, 3, 3, 1, 1, 1)
  (8, 7, 5, 5, 4, 4, 4, 3, 2, 2, 2)
  (8, 7, 5, 5, 4, 4, 4, 3, 2, 2, 1, 1)
  (8, 7, 5, 5, 4, 4, 4, 3, 2, 1, 1, 1, 1)
  (8, 7, 5, 5, 4, 4, 4, 3, 1, 1, 1, 1, 1, 1)
  (8, 7, 5, 5, 4, 4, 4, 2, 2, 2, 2, 1)
  (8, 7, 5, 5, 4, 4, 4, 2, 2, 2, 1, 1, 1)
  (8, 7, 5, 5, 4, 4, 4, 2, 2, 1, 1, 1, 1, 1)
  (8, 7, 5, 5, 4, 4, 4, 2, 1, 1, 1, 1, 1, 1, 1)
  (8, 7, 5, 5, 4, 4, 3, 3, 3, 3, 1)
  (8, 7, 5, 5, 4, 4, 3, 3, 3, 2, 2)
  (8, 7, 5, 5, 4, 4, 3, 3, 3, 2, 1, 1)
  (8, 7, 5, 5, 4, 4, 3, 3, 3, 1, 1, 1, 1)
  (8, 7, 5, 5, 4, 4, 3, 3, 2, 2, 2, 1)
  (8, 7, 5, 5, 4, 4, 3, 3, 2, 2, 1, 1, 1)
  (8, 7, 5, 5, 4, 4, 3, 3, 2, 1, 1, 1, 1, 1)
  (8, 7, 5, 5, 4, 4, 3, 3, 1, 1, 1, 1, 1, 1, 1)
  (8, 7, 5, 5, 4, 4, 3, 2, 2, 2, 2, 2)
  (8, 7, 5, 5, 4, 4, 3, 2, 2, 2, 2, 1, 1)
  (8, 7, 5, 5, 4, 4, 3, 2, 2, 2, 1, 1, 1, 1)
  (8, 7, 5, 5, 4, 4, 3, 2, 2, 1, 1, 1, 1, 1, 1)
  (8, 7, 5, 5, 4, 4, 3, 2, 1, 1, 1, 1, 1, 1, 1, 1)
  (8, 7, 5, 5, 4, 4, 2, 2, 2, 2, 2, 2, 1)
  (8, 7, 5, 5, 4, 4, 2, 2, 2, 2, 2, 1, 1, 1)
  (8, 7, 5, 5, 4, 4, 2, 2, 2, 2, 1, 1, 1, 1, 1)
  (8, 7, 5, 5, 4, 4, 2, 2, 2, 1, 1, 1, 1, 1, 1, 1)
  (8, 7, 5, 5, 4, 3, 3, 3, 3, 3, 2)
  (8, 7, 5, 5, 4, 3, 3, 3, 3, 3, 1, 1)
  (8, 7, 5, 5, 4, 3, 3, 3, 3, 2, 2, 1)
  (8, 7, 5, 5, 4, 3, 3, 3, 3, 2, 1, 1, 1)
  (8, 7, 5, 5, 4, 3, 3, 3, 3, 1, 1, 1, 1, 1)
  (8, 7, 5, 5, 4, 3, 3, 3, 2, 2, 2, 2)
  (8, 7, 5, 5, 4, 3, 3, 3, 2, 2, 2, 1, 1)
  (8, 7, 5, 5, 4, 3, 3, 3, 2, 2, 1, 1, 1, 1)
  (8, 7, 5, 5, 4, 3, 3, 3, 2, 1, 1, 1, 1, 1, 1)
  (8, 7, 5, 5, 4, 3, 3, 3, 1, 1, 1, 1, 1, 1, 1, 1)
  (8, 7, 5, 5, 4, 3, 3, 2, 2, 2, 2, 2, 1)
  (8, 7, 5, 5, 4, 3, 3, 2, 2, 2, 2, 1, 1, 1)
  (8, 7, 5, 5, 4, 3, 3, 2, 2, 2, 1, 1, 1, 1, 1)
  (8, 7, 5, 5, 4, 3, 3, 2, 2, 1, 1, 1, 1, 1, 1, 1)
  (8, 7, 5, 5, 4, 3, 2, 2, 2, 2, 2, 2, 2)
  (8, 7, 5, 5, 4, 3, 2, 2, 2, 2, 2, 2, 1, 1)
  (8, 7, 5, 5, 4, 3, 2, 2, 2, 2, 2, 1, 1, 1, 1)
  (8, 7, 5, 5, 4, 3, 2, 2, 2, 2, 1, 1, 1, 1, 1, 1)
  (8, 7, 5, 5, 3, 3, 3, 3, 3, 3, 3)
  (8, 7, 5, 5, 3, 3, 3, 3, 3, 3, 2, 1)
  (8, 7, 5, 5, 3, 3, 3, 3, 3, 3, 1, 1, 1)
  (8, 7, 5, 5, 3, 3, 3, 3, 3, 2, 2, 2)
  (8, 7, 5, 5, 3, 3, 3, 3, 3, 2, 2, 1, 1)
  (8, 7, 5, 5, 3, 3, 3, 3, 3, 2, 1, 1, 1, 1)
  (8, 7, 5, 5, 3, 3, 3, 3, 3, 1, 1, 1, 1, 1, 1)
  (8, 7, 5, 5, 3, 3, 3, 3, 2, 2, 2, 2, 1)
  (8, 7, 5, 5, 3, 3, 3, 3, 2, 2, 2, 1, 1, 1)
  (8, 7, 5, 5, 3, 3, 3, 3, 2, 2, 1, 1, 1, 1, 1)
  (8, 7, 5, 5, 3, 3, 3, 3, 2, 1, 1, 1, 1, 1, 1, 1)
  (8, 7, 5, 5, 3, 3, 3, 2, 2, 2, 2, 2, 2)
  (8, 7, 5, 5, 3, 3, 3, 2, 2, 2, 2, 2, 1, 1)
  (8, 7, 5, 5, 3, 3, 3, 2, 2, 2, 2, 1, 1, 1, 1)
  (8, 7, 5, 5, 3, 3, 3, 2, 2, 2, 1, 1, 1, 1, 1, 1)
  (8, 7, 5, 4, 4, 4, 4, 4, 4, 2)
  (8, 7, 5, 4, 4, 4, 4, 4, 4, 1, 1)
  (8, 7, 5, 4, 4, 4, 4, 4, 3, 3)
  (8, 7, 5, 4, 4, 4, 4, 4, 3, 2, 1)
  (8, 7, 5, 4, 4, 4, 4, 4, 3, 1, 1, 1)
  (8, 7, 5, 4, 4, 4, 4, 4, 2, 2, 2)
  (8, 7, 5, 4, 4, 4, 4, 4, 2, 2, 1, 1)
  (8, 7, 5, 4, 4, 4, 4, 4, 2, 1, 1, 1, 1)
  (8, 7, 5, 4, 4, 4, 4, 4, 1, 1, 1, 1, 1, 1)
  (8, 7, 5, 4, 4, 4, 4, 3, 3, 3, 1)
  (8, 7, 5, 4, 4, 4, 4, 3, 3, 2, 2)
  (8, 7, 5, 4, 4, 4, 4, 3, 3, 2, 1, 1)
  (8, 7, 5, 4, 4, 4, 4, 3, 3, 1, 1, 1, 1)
  (8, 7, 5, 4, 4, 4, 4, 3, 2, 2, 2, 1)
  (8, 7, 5, 4, 4, 4, 4, 3, 2, 2, 1, 1, 1)
  (8, 7, 5, 4, 4, 4, 4, 3, 2, 1, 1, 1, 1, 1)
  (8, 7, 5, 4, 4, 4, 4, 3, 1, 1, 1, 1, 1, 1, 1)
  (8, 7, 5, 4, 4, 4, 4, 2, 2, 2, 2, 2)
  (8, 7, 5, 4, 4, 4, 4, 2, 2, 2, 2, 1, 1)
  (8, 7, 5, 4, 4, 4, 4, 2, 2, 2, 1, 1, 1, 1)
  (8, 7, 5, 4, 4, 4, 4, 2, 2, 1, 1, 1, 1, 1, 1)
  (8, 7, 5, 4, 4, 4, 4, 2, 1, 1, 1, 1, 1, 1, 1, 1)
  (8, 7, 5, 4, 4, 4, 3, 3, 3, 3, 2)
  (8, 7, 5, 4, 4, 4, 3, 3, 3, 3, 1, 1)
  (8, 7, 5, 4, 4, 4, 3, 3, 3, 2, 2, 1)
  (8, 7, 5, 4, 4, 4, 3, 3, 3, 2, 1, 1, 1)
  (8, 7, 5, 4, 4, 4, 3, 3, 3, 1, 1, 1, 1, 1)
  (8, 7, 5, 4, 4, 4, 3, 3, 2, 2, 2, 2)
  (8, 7, 5, 4, 4, 4, 3, 3, 2, 2, 2, 1, 1)
  (8, 7, 5, 4, 4, 4, 3, 3, 2, 2, 1, 1, 1, 1)
  (8, 7, 5, 4, 4, 4, 3, 3, 2, 1, 1, 1, 1, 1, 1)
  (8, 7, 5, 4, 4, 4, 3, 3, 1, 1, 1, 1, 1, 1, 1, 1)
  (8, 7, 5, 4, 4, 4, 3, 2, 2, 2, 2, 2, 1)
  (8, 7, 5, 4, 4, 4, 3, 2, 2, 2, 2, 1, 1, 1)
  (8, 7, 5, 4, 4, 4, 3, 2, 2, 2, 1, 1, 1, 1, 1)
  (8, 7, 5, 4, 4, 4, 3, 2, 2, 1, 1, 1, 1, 1, 1, 1)
  (8, 7, 5, 4, 4, 4, 2, 2, 2, 2, 2, 2, 2)
  (8, 7, 5, 4, 4, 4, 2, 2, 2, 2, 2, 2, 1, 1)
  (8, 7, 5, 4, 4, 4, 2, 2, 2, 2, 2, 1, 1, 1, 1)
  (8, 7, 5, 4, 4, 4, 2, 2, 2, 2, 1, 1, 1, 1, 1, 1)
  (8, 7, 5, 4, 4, 3, 3, 3, 3, 3, 3)
  (8, 7, 5, 4, 4, 3, 3, 3, 3, 3, 2, 1)
  (8, 7, 5, 4, 4, 3, 3, 3, 3, 3, 1, 1, 1)
  (8, 7, 5, 4, 4, 3, 3, 3, 3, 2, 2, 2)
  (8, 7, 5, 4, 4, 3, 3, 3, 3, 2, 2, 1, 1)
  (8, 7, 5, 4, 4, 3, 3, 3, 3, 2, 1, 1, 1, 1)
  (8, 7, 5, 4, 4, 3, 3, 3, 3, 1, 1, 1, 1, 1, 1)
  (8, 7, 5, 4, 4, 3, 3, 3, 2, 2, 2, 2, 1)
  (8, 7, 5, 4, 4, 3, 3, 3, 2, 2, 2, 1, 1, 1)
  (8, 7, 5, 4, 4, 3, 3, 3, 2, 2, 1, 1, 1, 1, 1)
  (8, 7, 5, 4, 4, 3, 3, 3, 2, 1, 1, 1, 1, 1, 1, 1)
  (8, 7, 5, 4, 4, 3, 3, 2, 2, 2, 2, 2, 2)
  (8, 7, 5, 4, 4, 3, 3, 2, 2, 2, 2, 2, 1, 1)
  (8, 7, 5, 4, 4, 3, 3, 2, 2, 2, 2, 1, 1, 1, 1)
  (8, 7, 5, 4, 4, 3, 3, 2, 2, 2, 1, 1, 1, 1, 1, 1)
  (8, 7, 5, 4, 4, 3, 2, 2, 2, 2, 2, 2, 2, 1)
  (8, 7, 5, 4, 4, 3, 2, 2, 2, 2, 2, 2, 1, 1, 1)
  (8, 7, 5, 4, 4, 3, 2, 2, 2, 2, 2, 1, 1, 1, 1, 1)
  (8, 7, 5, 4, 3, 3, 3, 3, 3, 3, 3, 1)
  (8, 7, 5, 4, 3, 3, 3, 3, 3, 3, 2, 2)
  (8, 7, 5, 4, 3, 3, 3, 3, 3, 3, 2, 1, 1)
  (8, 7, 5, 4, 3, 3, 3, 3, 3, 3, 1, 1, 1, 1)
  (8, 7, 5, 4, 3, 3, 3, 3, 3, 2, 2, 2, 1)
  (8, 7, 5, 4, 3, 3, 3, 3, 3, 2, 2, 1, 1, 1)
  (8, 7, 5, 4, 3, 3, 3, 3, 3, 2, 1, 1, 1, 1, 1)
  (8, 7, 5, 4, 3, 3, 3, 3, 3, 1, 1, 1, 1, 1, 1, 1)
  (8, 7, 5, 4, 3, 3, 3, 3, 2, 2, 2, 2, 2)
  (8, 7, 5, 4, 3, 3, 3, 3, 2, 2, 2, 2, 1, 1)
  (8, 7, 5, 4, 3, 3, 3, 3, 2, 2, 2, 1, 1, 1, 1)
  (8, 7, 5, 4, 3, 3, 3, 3, 2, 2, 1, 1, 1, 1, 1, 1)
  (8, 7, 5, 4, 3, 3, 3, 2, 2, 2, 2, 2, 2, 1)
  (8, 7, 5, 4, 3, 3, 3, 2, 2, 2, 2, 2, 1, 1, 1)
  (8, 7, 5, 4, 3, 3, 3, 2, 2, 2, 2, 1, 1, 1, 1, 1)
  (8, 7, 4, 4, 4, 4, 4, 4, 4, 2, 1)
  (8, 7, 4, 4, 4, 4, 4, 4, 4, 1, 1, 1)
  (8, 7, 4, 4, 4, 4, 4, 4, 3, 3, 1)
  (8, 7, 4, 4, 4, 4, 4, 4, 3, 2, 2)
  (8, 7, 4, 4, 4, 4, 4, 4, 3, 2, 1, 1)
  (8, 7, 4, 4, 4, 4, 4, 4, 3, 1, 1, 1, 1)
  (8, 7, 4, 4, 4, 4, 4, 4, 2, 2, 2, 1)
  (8, 7, 4, 4, 4, 4, 4, 4, 2, 2, 1, 1, 1)
  (8, 7, 4, 4, 4, 4, 4, 4, 2, 1, 1, 1, 1, 1)
  (8, 7, 4, 4, 4, 4, 4, 3, 3, 3, 2)
  (8, 7, 4, 4, 4, 4, 4, 3, 3, 3, 1, 1)
  (8, 7, 4, 4, 4, 4, 4, 3, 3, 2, 2, 1)
  (8, 7, 4, 4, 4, 4, 4, 3, 3, 2, 1, 1, 1)
  (8, 7, 4, 4, 4, 4, 4, 3, 3, 1, 1, 1, 1, 1)
  (8, 7, 4, 4, 4, 4, 4, 3, 2, 2, 2, 2)
  (8, 7, 4, 4, 4, 4, 4, 3, 2, 2, 2, 1, 1)
  (8, 7, 4, 4, 4, 4, 4, 3, 2, 2, 1, 1, 1, 1)
  (8, 7, 4, 4, 4, 4, 4, 3, 2, 1, 1, 1, 1, 1, 1)
  (8, 7, 4, 4, 4, 4, 4, 2, 2, 2, 2, 2, 1)
  (8, 7, 4, 4, 4, 4, 4, 2, 2, 2, 2, 1, 1, 1)
  (8, 7, 4, 4, 4, 4, 4, 2, 2, 2, 1, 1, 1, 1, 1)
  (8, 7, 4, 4, 4, 4, 4, 2, 2, 1, 1, 1, 1, 1, 1, 1)
  (8, 7, 4, 4, 4, 4, 3, 3, 3, 3, 3)
  (8, 7, 4, 4, 4, 4, 3, 3, 3, 3, 2, 1)
  (8, 7, 4, 4, 4, 4, 3, 3, 3, 3, 1, 1, 1)
  (8, 7, 4, 4, 4, 4, 3, 3, 3, 2, 2, 2)
  (8, 7, 4, 4, 4, 4, 3, 3, 3, 2, 2, 1, 1)
  (8, 7, 4, 4, 4, 4, 3, 3, 3, 2, 1, 1, 1, 1)
  (8, 7, 4, 4, 4, 4, 3, 3, 3, 1, 1, 1, 1, 1, 1)
  (8, 7, 4, 4, 4, 4, 3, 3, 2, 2, 2, 2, 1)
  (8, 7, 4, 4, 4, 4, 3, 3, 2, 2, 2, 1, 1, 1)
  (8, 7, 4, 4, 4, 4, 3, 3, 2, 2, 1, 1, 1, 1, 1)
  (8, 7, 4, 4, 4, 4, 3, 3, 2, 1, 1, 1, 1, 1, 1, 1)
  (8, 7, 4, 4, 4, 4, 3, 2, 2, 2, 2, 2, 2)
  (8, 7, 4, 4, 4, 4, 3, 2, 2, 2, 2, 2, 1, 1)
  (8, 7, 4, 4, 4, 4, 3, 2, 2, 2, 2, 1, 1, 1, 1)
  (8, 7, 4, 4, 4, 4, 3, 2, 2, 2, 1, 1, 1, 1, 1, 1)
  (8, 7, 4, 4, 4, 3, 3, 3, 3, 3, 3, 1)
  (8, 7, 4, 4, 4, 3, 3, 3, 3, 3, 2, 2)
  (8, 7, 4, 4, 4, 3, 3, 3, 3, 3, 2, 1, 1)
  (8, 7, 4, 4, 4, 3, 3, 3, 3, 3, 1, 1, 1, 1)
  (8, 7, 4, 4, 4, 3, 3, 3, 3, 2, 2, 2, 1)
  (8, 7, 4, 4, 4, 3, 3, 3, 3, 2, 2, 1, 1, 1)
  (8, 7, 4, 4, 4, 3, 3, 3, 3, 2, 1, 1, 1, 1, 1)
  (8, 7, 4, 4, 4, 3, 3, 3, 3, 1, 1, 1, 1, 1, 1, 1)
  (8, 7, 4, 4, 4, 3, 3, 3, 2, 2, 2, 2, 2)
  (8, 7, 4, 4, 4, 3, 3, 3, 2, 2, 2, 2, 1, 1)
  (8, 7, 4, 4, 4, 3, 3, 3, 2, 2, 2, 1, 1, 1, 1)
  (8, 7, 4, 4, 4, 3, 3, 3, 2, 2, 1, 1, 1, 1, 1, 1)
  (8, 7, 4, 4, 4, 3, 3, 2, 2, 2, 2, 2, 2, 1)
  (8, 7, 4, 4, 4, 3, 3, 2, 2, 2, 2, 2, 1, 1, 1)
  (8, 7, 4, 4, 4, 3, 3, 2, 2, 2, 2, 1, 1, 1, 1, 1)
  (8, 6, 6, 6, 6, 6, 3, 2, 2, 1)
  (8, 6, 6, 6, 6, 6, 3, 2, 1, 1, 1)
  (8, 6, 6, 6, 6, 6, 2, 2, 2, 1, 1)
  (8, 6, 6, 6, 6, 5, 4, 2, 2, 1)
  (8, 6, 6, 6, 6, 5, 4, 2, 1, 1, 1)
  (8, 6, 6, 6, 6, 5, 3, 3, 2, 1)
  (8, 6, 6, 6, 6, 5, 3, 3, 1, 1, 1)
  (8, 6, 6, 6, 6, 5, 3, 2, 2, 2)
  (8, 6, 6, 6, 6, 5, 3, 2, 2, 1, 1)
  (8, 6, 6, 6, 6, 5, 3, 2, 1, 1, 1, 1)
  (8, 6, 6, 6, 6, 5, 2, 2, 2, 2, 1)
  (8, 6, 6, 6, 6, 5, 2, 2, 2, 1, 1, 1)
  (8, 6, 6, 6, 6, 4, 4, 3, 2, 1)
  (8, 6, 6, 6, 6, 4, 4, 3, 1, 1, 1)
  (8, 6, 6, 6, 6, 4, 4, 2, 2, 2)
  (8, 6, 6, 6, 6, 4, 4, 2, 2, 1, 1)
  (8, 6, 6, 6, 6, 4, 4, 2, 1, 1, 1, 1)
  (8, 6, 6, 6, 6, 4, 3, 3, 3, 1)
  (8, 6, 6, 6, 6, 4, 3, 3, 2, 2)
  (8, 6, 6, 6, 6, 4, 3, 3, 2, 1, 1)
  (8, 6, 6, 6, 6, 4, 3, 3, 1, 1, 1, 1)
  (8, 6, 6, 6, 6, 4, 3, 2, 2, 2, 1)
  (8, 6, 6, 6, 6, 4, 3, 2, 2, 1, 1, 1)
  (8, 6, 6, 6, 6, 4, 3, 2, 1, 1, 1, 1, 1)
  (8, 6, 6, 6, 6, 4, 2, 2, 2, 2, 2)
  (8, 6, 6, 6, 6, 4, 2, 2, 2, 2, 1, 1)
  (8, 6, 6, 6, 6, 4, 2, 2, 2, 1, 1, 1, 1)
  (8, 6, 6, 6, 6, 3, 3, 3, 3, 2)
  (8, 6, 6, 6, 6, 3, 3, 3, 3, 1, 1)
  (8, 6, 6, 6, 6, 3, 3, 3, 2, 2, 1)
  (8, 6, 6, 6, 6, 3, 3, 3, 2, 1, 1, 1)
  (8, 6, 6, 6, 6, 3, 3, 3, 1, 1, 1, 1, 1)
  (8, 6, 6, 6, 6, 3, 3, 2, 2, 2, 2)
  (8, 6, 6, 6, 6, 3, 3, 2, 2, 2, 1, 1)
  (8, 6, 6, 6, 6, 3, 3, 2, 2, 1, 1, 1, 1)
  (8, 6, 6, 6, 6, 3, 3, 2, 1, 1, 1, 1, 1, 1)
  (8, 6, 6, 6, 6, 3, 2, 2, 2, 2, 2, 1)
  (8, 6, 6, 6, 6, 3, 2, 2, 2, 2, 1, 1, 1)
  (8, 6, 6, 6, 6, 3, 2, 2, 2, 1, 1, 1, 1, 1)
  (8, 6, 6, 6, 5, 5, 5, 2, 2, 1)
  (8, 6, 6, 6, 5, 5, 5, 2, 1, 1, 1)
  (8, 6, 6, 6, 5, 5, 4, 3, 2, 1)
  (8, 6, 6, 6, 5, 5, 4, 3, 1, 1, 1)
  (8, 6, 6, 6, 5, 5, 4, 2, 2, 2)
  (8, 6, 6, 6, 5, 5, 4, 2, 2, 1, 1)
  (8, 6, 6, 6, 5, 5, 4, 2, 1, 1, 1, 1)
  (8, 6, 6, 6, 5, 5, 3, 3, 3, 1)
  (8, 6, 6, 6, 5, 5, 3, 3, 2, 2)
  (8, 6, 6, 6, 5, 5, 3, 3, 2, 1, 1)
  (8, 6, 6, 6, 5, 5, 3, 3, 1, 1, 1, 1)
  (8, 6, 6, 6, 5, 5, 3, 2, 2, 2, 1)
  (8, 6, 6, 6, 5, 5, 3, 2, 2, 1, 1, 1)
  (8, 6, 6, 6, 5, 5, 3, 2, 1, 1, 1, 1, 1)
  (8, 6, 6, 6, 5, 5, 2, 2, 2, 2, 2)
  (8, 6, 6, 6, 5, 5, 2, 2, 2, 2, 1, 1)
  (8, 6, 6, 6, 5, 5, 2, 2, 2, 1, 1, 1, 1)
  (8, 6, 6, 6, 5, 4, 4, 4, 2, 1)
  (8, 6, 6, 6, 5, 4, 4, 4, 1, 1, 1)
  (8, 6, 6, 6, 5, 4, 4, 3, 3, 1)
  (8, 6, 6, 6, 5, 4, 4, 3, 2, 2)
  (8, 6, 6, 6, 5, 4, 4, 3, 2, 1, 1)
  (8, 6, 6, 6, 5, 4, 4, 3, 1, 1, 1, 1)
  (8, 6, 6, 6, 5, 4, 4, 2, 2, 2, 1)
  (8, 6, 6, 6, 5, 4, 4, 2, 2, 1, 1, 1)
  (8, 6, 6, 6, 5, 4, 4, 2, 1, 1, 1, 1, 1)
  (8, 6, 6, 6, 5, 4, 3, 3, 3, 2)
  (8, 6, 6, 6, 5, 4, 3, 3, 3, 1, 1)
  (8, 6, 6, 6, 5, 4, 3, 3, 2, 2, 1)
  (8, 6, 6, 6, 5, 4, 3, 3, 2, 1, 1, 1)
  (8, 6, 6, 6, 5, 4, 3, 3, 1, 1, 1, 1, 1)
  (8, 6, 6, 6, 5, 4, 3, 2, 2, 2, 2)
  (8, 6, 6, 6, 5, 4, 3, 2, 2, 2, 1, 1)
  (8, 6, 6, 6, 5, 4, 3, 2, 2, 1, 1, 1, 1)
  (8, 6, 6, 6, 5, 4, 3, 2, 1, 1, 1, 1, 1, 1)
  (8, 6, 6, 6, 5, 4, 2, 2, 2, 2, 2, 1)
  (8, 6, 6, 6, 5, 4, 2, 2, 2, 2, 1, 1, 1)
  (8, 6, 6, 6, 5, 4, 2, 2, 2, 1, 1, 1, 1, 1)
  (8, 6, 6, 6, 5, 3, 3, 3, 3, 3)
  (8, 6, 6, 6, 5, 3, 3, 3, 3, 2, 1)
  (8, 6, 6, 6, 5, 3, 3, 3, 3, 1, 1, 1)
  (8, 6, 6, 6, 5, 3, 3, 3, 2, 2, 2)
  (8, 6, 6, 6, 5, 3, 3, 3, 2, 2, 1, 1)
  (8, 6, 6, 6, 5, 3, 3, 3, 2, 1, 1, 1, 1)
  (8, 6, 6, 6, 5, 3, 3, 3, 1, 1, 1, 1, 1, 1)
  (8, 6, 6, 6, 5, 3, 3, 2, 2, 2, 2, 1)
  (8, 6, 6, 6, 5, 3, 3, 2, 2, 2, 1, 1, 1)
  (8, 6, 6, 6, 5, 3, 3, 2, 2, 1, 1, 1, 1, 1)
  (8, 6, 6, 6, 5, 3, 3, 2, 1, 1, 1, 1, 1, 1, 1)
  (8, 6, 6, 6, 5, 3, 2, 2, 2, 2, 2, 2)
  (8, 6, 6, 6, 5, 3, 2, 2, 2, 2, 2, 1, 1)
  (8, 6, 6, 6, 5, 3, 2, 2, 2, 2, 1, 1, 1, 1)
  (8, 6, 6, 6, 5, 3, 2, 2, 2, 1, 1, 1, 1, 1, 1)
  (8, 6, 6, 6, 4, 4, 4, 4, 3, 1)
  (8, 6, 6, 6, 4, 4, 4, 4, 2, 2)
  (8, 6, 6, 6, 4, 4, 4, 4, 2, 1, 1)
  (8, 6, 6, 6, 4, 4, 4, 4, 1, 1, 1, 1)
  (8, 6, 6, 6, 4, 4, 4, 3, 3, 2)
  (8, 6, 6, 6, 4, 4, 4, 3, 3, 1, 1)
  (8, 6, 6, 6, 4, 4, 4, 3, 2, 2, 1)
  (8, 6, 6, 6, 4, 4, 4, 3, 2, 1, 1, 1)
  (8, 6, 6, 6, 4, 4, 4, 3, 1, 1, 1, 1, 1)
  (8, 6, 6, 6, 4, 4, 4, 2, 2, 2, 2)
  (8, 6, 6, 6, 4, 4, 4, 2, 2, 2, 1, 1)
  (8, 6, 6, 6, 4, 4, 4, 2, 2, 1, 1, 1, 1)
  (8, 6, 6, 6, 4, 4, 4, 2, 1, 1, 1, 1, 1, 1)
  (8, 6, 6, 6, 4, 4, 3, 3, 3, 3)
  (8, 6, 6, 6, 4, 4, 3, 3, 3, 2, 1)
  (8, 6, 6, 6, 4, 4, 3, 3, 3, 1, 1, 1)
  (8, 6, 6, 6, 4, 4, 3, 3, 2, 2, 2)
  (8, 6, 6, 6, 4, 4, 3, 3, 2, 2, 1, 1)
  (8, 6, 6, 6, 4, 4, 3, 3, 2, 1, 1, 1, 1)
  (8, 6, 6, 6, 4, 4, 3, 3, 1, 1, 1, 1, 1, 1)
  (8, 6, 6, 6, 4, 4, 3, 2, 2, 2, 2, 1)
  (8, 6, 6, 6, 4, 4, 3, 2, 2, 2, 1, 1, 1)
  (8, 6, 6, 6, 4, 4, 3, 2, 2, 1, 1, 1, 1, 1)
  (8, 6, 6, 6, 4, 4, 3, 2, 1, 1, 1, 1, 1, 1, 1)
  (8, 6, 6, 6, 4, 4, 2, 2, 2, 2, 2, 2)
  (8, 6, 6, 6, 4, 4, 2, 2, 2, 2, 2, 1, 1)
  (8, 6, 6, 6, 4, 4, 2, 2, 2, 2, 1, 1, 1, 1)
  (8, 6, 6, 6, 4, 4, 2, 2, 2, 1, 1, 1, 1, 1, 1)
  (8, 6, 6, 6, 4, 3, 3, 3, 3, 3, 1)
  (8, 6, 6, 6, 4, 3, 3, 3, 3, 2, 2)
  (8, 6, 6, 6, 4, 3, 3, 3, 3, 2, 1, 1)
  (8, 6, 6, 6, 4, 3, 3, 3, 3, 1, 1, 1, 1)
  (8, 6, 6, 6, 4, 3, 3, 3, 2, 2, 2, 1)
  (8, 6, 6, 6, 4, 3, 3, 3, 2, 2, 1, 1, 1)
  (8, 6, 6, 6, 4, 3, 3, 3, 2, 1, 1, 1, 1, 1)
  (8, 6, 6, 6, 4, 3, 3, 3, 1, 1, 1, 1, 1, 1, 1)
  (8, 6, 6, 6, 4, 3, 3, 2, 2, 2, 2, 2)
  (8, 6, 6, 6, 4, 3, 3, 2, 2, 2, 2, 1, 1)
  (8, 6, 6, 6, 4, 3, 3, 2, 2, 2, 1, 1, 1, 1)
  (8, 6, 6, 6, 4, 3, 3, 2, 2, 1, 1, 1, 1, 1, 1)
  (8, 6, 6, 6, 4, 3, 3, 2, 1, 1, 1, 1, 1, 1, 1, 1)
  (8, 6, 6, 6, 4, 3, 2, 2, 2, 2, 2, 2, 1)
  (8, 6, 6, 6, 4, 3, 2, 2, 2, 2, 2, 1, 1, 1)
  (8, 6, 6, 6, 4, 3, 2, 2, 2, 2, 1, 1, 1, 1, 1)
  (8, 6, 6, 6, 4, 3, 2, 2, 2, 1, 1, 1, 1, 1, 1, 1)
  (8, 6, 6, 6, 3, 3, 3, 3, 3, 3, 2)
  (8, 6, 6, 6, 3, 3, 3, 3, 3, 3, 1, 1)
  (8, 6, 6, 6, 3, 3, 3, 3, 3, 2, 2, 1)
  (8, 6, 6, 6, 3, 3, 3, 3, 3, 2, 1, 1, 1)
  (8, 6, 6, 6, 3, 3, 3, 3, 3, 1, 1, 1, 1, 1)
  (8, 6, 6, 6, 3, 3, 3, 3, 2, 2, 2, 2)
  (8, 6, 6, 6, 3, 3, 3, 3, 2, 2, 2, 1, 1)
  (8, 6, 6, 6, 3, 3, 3, 3, 2, 2, 1, 1, 1, 1)
  (8, 6, 6, 6, 3, 3, 3, 3, 2, 1, 1, 1, 1, 1, 1)
  (8, 6, 6, 6, 3, 3, 3, 2, 2, 2, 2, 2, 1)
  (8, 6, 6, 6, 3, 3, 3, 2, 2, 2, 2, 1, 1, 1)
  (8, 6, 6, 6, 3, 3, 3, 2, 2, 2, 1, 1, 1, 1, 1)
  (8, 6, 6, 6, 3, 3, 3, 2, 2, 1, 1, 1, 1, 1, 1, 1)
  (8, 6, 6, 5, 5, 5, 5, 3, 2, 1)
  (8, 6, 6, 5, 5, 5, 5, 3, 1, 1, 1)
  (8, 6, 6, 5, 5, 5, 5, 2, 2, 2)
  (8, 6, 6, 5, 5, 5, 5, 2, 2, 1, 1)
  (8, 6, 6, 5, 5, 5, 5, 2, 1, 1, 1, 1)
  (8, 6, 6, 5, 5, 5, 4, 4, 2, 1)
  (8, 6, 6, 5, 5, 5, 4, 4, 1, 1, 1)
  (8, 6, 6, 5, 5, 5, 4, 3, 3, 1)
  (8, 6, 6, 5, 5, 5, 4, 3, 2, 2)
  (8, 6, 6, 5, 5, 5, 4, 3, 2, 1, 1)
  (8, 6, 6, 5, 5, 5, 4, 3, 1, 1, 1, 1)
  (8, 6, 6, 5, 5, 5, 4, 2, 2, 2, 1)
  (8, 6, 6, 5, 5, 5, 4, 2, 2, 1, 1, 1)
  (8, 6, 6, 5, 5, 5, 4, 2, 1, 1, 1, 1, 1)
  (8, 6, 6, 5, 5, 5, 3, 3, 3, 2)
  (8, 6, 6, 5, 5, 5, 3, 3, 3, 1, 1)
  (8, 6, 6, 5, 5, 5, 3, 3, 2, 2, 1)
  (8, 6, 6, 5, 5, 5, 3, 3, 2, 1, 1, 1)
  (8, 6, 6, 5, 5, 5, 3, 3, 1, 1, 1, 1, 1)
  (8, 6, 6, 5, 5, 5, 3, 2, 2, 2, 2)
  (8, 6, 6, 5, 5, 5, 3, 2, 2, 2, 1, 1)
  (8, 6, 6, 5, 5, 5, 3, 2, 2, 1, 1, 1, 1)
  (8, 6, 6, 5, 5, 5, 3, 2, 1, 1, 1, 1, 1, 1)
  (8, 6, 6, 5, 5, 5, 2, 2, 2, 2, 2, 1)
  (8, 6, 6, 5, 5, 5, 2, 2, 2, 2, 1, 1, 1)
  (8, 6, 6, 5, 5, 5, 2, 2, 2, 1, 1, 1, 1, 1)
  (8, 6, 6, 5, 5, 4, 4, 4, 3, 1)
  (8, 6, 6, 5, 5, 4, 4, 4, 2, 2)
  (8, 6, 6, 5, 5, 4, 4, 4, 2, 1, 1)
  (8, 6, 6, 5, 5, 4, 4, 4, 1, 1, 1, 1)
  (8, 6, 6, 5, 5, 4, 4, 3, 3, 2)
  (8, 6, 6, 5, 5, 4, 4, 3, 3, 1, 1)
  (8, 6, 6, 5, 5, 4, 4, 3, 2, 2, 1)
  (8, 6, 6, 5, 5, 4, 4, 3, 2, 1, 1, 1)
  (8, 6, 6, 5, 5, 4, 4, 3, 1, 1, 1, 1, 1)
  (8, 6, 6, 5, 5, 4, 4, 2, 2, 2, 2)
  (8, 6, 6, 5, 5, 4, 4, 2, 2, 2, 1, 1)
  (8, 6, 6, 5, 5, 4, 4, 2, 2, 1, 1, 1, 1)
  (8, 6, 6, 5, 5, 4, 4, 2, 1, 1, 1, 1, 1, 1)
  (8, 6, 6, 5, 5, 4, 3, 3, 3, 3)
  (8, 6, 6, 5, 5, 4, 3, 3, 3, 2, 1)
  (8, 6, 6, 5, 5, 4, 3, 3, 3, 1, 1, 1)
  (8, 6, 6, 5, 5, 4, 3, 3, 2, 2, 2)
  (8, 6, 6, 5, 5, 4, 3, 3, 2, 2, 1, 1)
  (8, 6, 6, 5, 5, 4, 3, 3, 2, 1, 1, 1, 1)
  (8, 6, 6, 5, 5, 4, 3, 3, 1, 1, 1, 1, 1, 1)
  (8, 6, 6, 5, 5, 4, 3, 2, 2, 2, 2, 1)
  (8, 6, 6, 5, 5, 4, 3, 2, 2, 2, 1, 1, 1)
  (8, 6, 6, 5, 5, 4, 3, 2, 2, 1, 1, 1, 1, 1)
  (8, 6, 6, 5, 5, 4, 3, 2, 1, 1, 1, 1, 1, 1, 1)
  (8, 6, 6, 5, 5, 4, 2, 2, 2, 2, 2, 2)
  (8, 6, 6, 5, 5, 4, 2, 2, 2, 2, 2, 1, 1)
  (8, 6, 6, 5, 5, 4, 2, 2, 2, 2, 1, 1, 1, 1)
  (8, 6, 6, 5, 5, 4, 2, 2, 2, 1, 1, 1, 1, 1, 1)
  (8, 6, 6, 5, 5, 3, 3, 3, 3, 3, 1)
  (8, 6, 6, 5, 5, 3, 3, 3, 3, 2, 2)
  (8, 6, 6, 5, 5, 3, 3, 3, 3, 2, 1, 1)
  (8, 6, 6, 5, 5, 3, 3, 3, 3, 1, 1, 1, 1)
  (8, 6, 6, 5, 5, 3, 3, 3, 2, 2, 2, 1)
  (8, 6, 6, 5, 5, 3, 3, 3, 2, 2, 1, 1, 1)
  (8, 6, 6, 5, 5, 3, 3, 3, 2, 1, 1, 1, 1, 1)
  (8, 6, 6, 5, 5, 3, 3, 3, 1, 1, 1, 1, 1, 1, 1)
  (8, 6, 6, 5, 5, 3, 3, 2, 2, 2, 2, 2)
  (8, 6, 6, 5, 5, 3, 3, 2, 2, 2, 2, 1, 1)
  (8, 6, 6, 5, 5, 3, 3, 2, 2, 2, 1, 1, 1, 1)
  (8, 6, 6, 5, 5, 3, 3, 2, 2, 1, 1, 1, 1, 1, 1)
  (8, 6, 6, 5, 5, 3, 3, 2, 1, 1, 1, 1, 1, 1, 1, 1)
  (8, 6, 6, 5, 5, 3, 2, 2, 2, 2, 2, 2, 1)
  (8, 6, 6, 5, 5, 3, 2, 2, 2, 2, 2, 1, 1, 1)
  (8, 6, 6, 5, 5, 3, 2, 2, 2, 2, 1, 1, 1, 1, 1)
  (8, 6, 6, 5, 5, 3, 2, 2, 2, 1, 1, 1, 1, 1, 1, 1)
  (8, 6, 6, 5, 4, 4, 4, 4, 4, 1)
  (8, 6, 6, 5, 4, 4, 4, 4, 3, 2)
  (8, 6, 6, 5, 4, 4, 4, 4, 3, 1, 1)
  (8, 6, 6, 5, 4, 4, 4, 4, 2, 2, 1)
  (8, 6, 6, 5, 4, 4, 4, 4, 2, 1, 1, 1)
  (8, 6, 6, 5, 4, 4, 4, 4, 1, 1, 1, 1, 1)
  (8, 6, 6, 5, 4, 4, 4, 3, 3, 3)
  (8, 6, 6, 5, 4, 4, 4, 3, 3, 2, 1)
  (8, 6, 6, 5, 4, 4, 4, 3, 3, 1, 1, 1)
  (8, 6, 6, 5, 4, 4, 4, 3, 2, 2, 2)
  (8, 6, 6, 5, 4, 4, 4, 3, 2, 2, 1, 1)
  (8, 6, 6, 5, 4, 4, 4, 3, 2, 1, 1, 1, 1)
  (8, 6, 6, 5, 4, 4, 4, 3, 1, 1, 1, 1, 1, 1)
  (8, 6, 6, 5, 4, 4, 4, 2, 2, 2, 2, 1)
  (8, 6, 6, 5, 4, 4, 4, 2, 2, 2, 1, 1, 1)
  (8, 6, 6, 5, 4, 4, 4, 2, 2, 1, 1, 1, 1, 1)
  (8, 6, 6, 5, 4, 4, 4, 2, 1, 1, 1, 1, 1, 1, 1)
  (8, 6, 6, 5, 4, 4, 3, 3, 3, 3, 1)
  (8, 6, 6, 5, 4, 4, 3, 3, 3, 2, 2)
  (8, 6, 6, 5, 4, 4, 3, 3, 3, 2, 1, 1)
  (8, 6, 6, 5, 4, 4, 3, 3, 3, 1, 1, 1, 1)
  (8, 6, 6, 5, 4, 4, 3, 3, 2, 2, 2, 1)
  (8, 6, 6, 5, 4, 4, 3, 3, 2, 2, 1, 1, 1)
  (8, 6, 6, 5, 4, 4, 3, 3, 2, 1, 1, 1, 1, 1)
  (8, 6, 6, 5, 4, 4, 3, 3, 1, 1, 1, 1, 1, 1, 1)
  (8, 6, 6, 5, 4, 4, 3, 2, 2, 2, 2, 2)
  (8, 6, 6, 5, 4, 4, 3, 2, 2, 2, 2, 1, 1)
  (8, 6, 6, 5, 4, 4, 3, 2, 2, 2, 1, 1, 1, 1)
  (8, 6, 6, 5, 4, 4, 3, 2, 2, 1, 1, 1, 1, 1, 1)
  (8, 6, 6, 5, 4, 4, 3, 2, 1, 1, 1, 1, 1, 1, 1, 1)
  (8, 6, 6, 5, 4, 4, 2, 2, 2, 2, 2, 2, 1)
  (8, 6, 6, 5, 4, 4, 2, 2, 2, 2, 2, 1, 1, 1)
  (8, 6, 6, 5, 4, 4, 2, 2, 2, 2, 1, 1, 1, 1, 1)
  (8, 6, 6, 5, 4, 4, 2, 2, 2, 1, 1, 1, 1, 1, 1, 1)
  (8, 6, 6, 5, 4, 3, 3, 3, 3, 3, 2)
  (8, 6, 6, 5, 4, 3, 3, 3, 3, 3, 1, 1)
  (8, 6, 6, 5, 4, 3, 3, 3, 3, 2, 2, 1)
  (8, 6, 6, 5, 4, 3, 3, 3, 3, 2, 1, 1, 1)
  (8, 6, 6, 5, 4, 3, 3, 3, 3, 1, 1, 1, 1, 1)
  (8, 6, 6, 5, 4, 3, 3, 3, 2, 2, 2, 2)
  (8, 6, 6, 5, 4, 3, 3, 3, 2, 2, 2, 1, 1)
  (8, 6, 6, 5, 4, 3, 3, 3, 2, 2, 1, 1, 1, 1)
  (8, 6, 6, 5, 4, 3, 3, 3, 2, 1, 1, 1, 1, 1, 1)
  (8, 6, 6, 5, 4, 3, 3, 3, 1, 1, 1, 1, 1, 1, 1, 1)
  (8, 6, 6, 5, 4, 3, 3, 2, 2, 2, 2, 2, 1)
  (8, 6, 6, 5, 4, 3, 3, 2, 2, 2, 2, 1, 1, 1)
  (8, 6, 6, 5, 4, 3, 3, 2, 2, 2, 1, 1, 1, 1, 1)
  (8, 6, 6, 5, 4, 3, 3, 2, 2, 1, 1, 1, 1, 1, 1, 1)
  (8, 6, 6, 5, 4, 3, 2, 2, 2, 2, 2, 2, 2)
  (8, 6, 6, 5, 4, 3, 2, 2, 2, 2, 2, 2, 1, 1)
  (8, 6, 6, 5, 4, 3, 2, 2, 2, 2, 2, 1, 1, 1, 1)
  (8, 6, 6, 5, 4, 3, 2, 2, 2, 2, 1, 1, 1, 1, 1, 1)
  (8, 6, 6, 5, 3, 3, 3, 3, 3, 3, 3)
  (8, 6, 6, 5, 3, 3, 3, 3, 3, 3, 2, 1)
  (8, 6, 6, 5, 3, 3, 3, 3, 3, 3, 1, 1, 1)
  (8, 6, 6, 5, 3, 3, 3, 3, 3, 2, 2, 2)
  (8, 6, 6, 5, 3, 3, 3, 3, 3, 2, 2, 1, 1)
  (8, 6, 6, 5, 3, 3, 3, 3, 3, 2, 1, 1, 1, 1)
  (8, 6, 6, 5, 3, 3, 3, 3, 3, 1, 1, 1, 1, 1, 1)
  (8, 6, 6, 5, 3, 3, 3, 3, 2, 2, 2, 2, 1)
  (8, 6, 6, 5, 3, 3, 3, 3, 2, 2, 2, 1, 1, 1)
  (8, 6, 6, 5, 3, 3, 3, 3, 2, 2, 1, 1, 1, 1, 1)
  (8, 6, 6, 5, 3, 3, 3, 3, 2, 1, 1, 1, 1, 1, 1, 1)
  (8, 6, 6, 5, 3, 3, 3, 2, 2, 2, 2, 2, 2)
  (8, 6, 6, 5, 3, 3, 3, 2, 2, 2, 2, 2, 1, 1)
  (8, 6, 6, 5, 3, 3, 3, 2, 2, 2, 2, 1, 1, 1, 1)
  (8, 6, 6, 5, 3, 3, 3, 2, 2, 2, 1, 1, 1, 1, 1, 1)
  (8, 6, 6, 4, 4, 4, 4, 4, 4, 2)
  (8, 6, 6, 4, 4, 4, 4, 4, 4, 1, 1)
  (8, 6, 6, 4, 4, 4, 4, 4, 3, 3)
  (8, 6, 6, 4, 4, 4, 4, 4, 3, 2, 1)
  (8, 6, 6, 4, 4, 4, 4, 4, 3, 1, 1, 1)
  (8, 6, 6, 4, 4, 4, 4, 4, 2, 2, 2)
  (8, 6, 6, 4, 4, 4, 4, 4, 2, 2, 1, 1)
  (8, 6, 6, 4, 4, 4, 4, 4, 2, 1, 1, 1, 1)
  (8, 6, 6, 4, 4, 4, 4, 4, 1, 1, 1, 1, 1, 1)
  (8, 6, 6, 4, 4, 4, 4, 3, 3, 3, 1)
  (8, 6, 6, 4, 4, 4, 4, 3, 3, 2, 2)
  (8, 6, 6, 4, 4, 4, 4, 3, 3, 2, 1, 1)
  (8, 6, 6, 4, 4, 4, 4, 3, 3, 1, 1, 1, 1)
  (8, 6, 6, 4, 4, 4, 4, 3, 2, 2, 2, 1)
  (8, 6, 6, 4, 4, 4, 4, 3, 2, 2, 1, 1, 1)
  (8, 6, 6, 4, 4, 4, 4, 3, 2, 1, 1, 1, 1, 1)
  (8, 6, 6, 4, 4, 4, 4, 3, 1, 1, 1, 1, 1, 1, 1)
  (8, 6, 6, 4, 4, 4, 4, 2, 2, 2, 2, 2)
  (8, 6, 6, 4, 4, 4, 4, 2, 2, 2, 2, 1, 1)
  (8, 6, 6, 4, 4, 4, 4, 2, 2, 2, 1, 1, 1, 1)
  (8, 6, 6, 4, 4, 4, 4, 2, 2, 1, 1, 1, 1, 1, 1)
  (8, 6, 6, 4, 4, 4, 4, 2, 1, 1, 1, 1, 1, 1, 1, 1)
  (8, 6, 6, 4, 4, 4, 3, 3, 3, 3, 2)
  (8, 6, 6, 4, 4, 4, 3, 3, 3, 3, 1, 1)
  (8, 6, 6, 4, 4, 4, 3, 3, 3, 2, 2, 1)
  (8, 6, 6, 4, 4, 4, 3, 3, 3, 2, 1, 1, 1)
  (8, 6, 6, 4, 4, 4, 3, 3, 3, 1, 1, 1, 1, 1)
  (8, 6, 6, 4, 4, 4, 3, 3, 2, 2, 2, 2)
  (8, 6, 6, 4, 4, 4, 3, 3, 2, 2, 2, 1, 1)
  (8, 6, 6, 4, 4, 4, 3, 3, 2, 2, 1, 1, 1, 1)
  (8, 6, 6, 4, 4, 4, 3, 3, 2, 1, 1, 1, 1, 1, 1)
  (8, 6, 6, 4, 4, 4, 3, 3, 1, 1, 1, 1, 1, 1, 1, 1)
  (8, 6, 6, 4, 4, 4, 3, 2, 2, 2, 2, 2, 1)
  (8, 6, 6, 4, 4, 4, 3, 2, 2, 2, 2, 1, 1, 1)
  (8, 6, 6, 4, 4, 4, 3, 2, 2, 2, 1, 1, 1, 1, 1)
  (8, 6, 6, 4, 4, 4, 3, 2, 2, 1, 1, 1, 1, 1, 1, 1)
  (8, 6, 6, 4, 4, 4, 2, 2, 2, 2, 2, 2, 2)
  (8, 6, 6, 4, 4, 4, 2, 2, 2, 2, 2, 2, 1, 1)
  (8, 6, 6, 4, 4, 4, 2, 2, 2, 2, 2, 1, 1, 1, 1)
  (8, 6, 6, 4, 4, 4, 2, 2, 2, 2, 1, 1, 1, 1, 1, 1)
  (8, 6, 6, 4, 4, 3, 3, 3, 3, 3, 3)
  (8, 6, 6, 4, 4, 3, 3, 3, 3, 3, 2, 1)
  (8, 6, 6, 4, 4, 3, 3, 3, 3, 3, 1, 1, 1)
  (8, 6, 6, 4, 4, 3, 3, 3, 3, 2, 2, 2)
  (8, 6, 6, 4, 4, 3, 3, 3, 3, 2, 2, 1, 1)
  (8, 6, 6, 4, 4, 3, 3, 3, 3, 2, 1, 1, 1, 1)
  (8, 6, 6, 4, 4, 3, 3, 3, 3, 1, 1, 1, 1, 1, 1)
  (8, 6, 6, 4, 4, 3, 3, 3, 2, 2, 2, 2, 1)
  (8, 6, 6, 4, 4, 3, 3, 3, 2, 2, 2, 1, 1, 1)
  (8, 6, 6, 4, 4, 3, 3, 3, 2, 2, 1, 1, 1, 1, 1)
  (8, 6, 6, 4, 4, 3, 3, 3, 2, 1, 1, 1, 1, 1, 1, 1)
  (8, 6, 6, 4, 4, 3, 3, 2, 2, 2, 2, 2, 2)
  (8, 6, 6, 4, 4, 3, 3, 2, 2, 2, 2, 2, 1, 1)
  (8, 6, 6, 4, 4, 3, 3, 2, 2, 2, 2, 1, 1, 1, 1)
  (8, 6, 6, 4, 4, 3, 3, 2, 2, 2, 1, 1, 1, 1, 1, 1)
  (8, 6, 6, 4, 4, 3, 2, 2, 2, 2, 2, 2, 2, 1)
  (8, 6, 6, 4, 4, 3, 2, 2, 2, 2, 2, 2, 1, 1, 1)
  (8, 6, 6, 4, 4, 3, 2, 2, 2, 2, 2, 1, 1, 1, 1, 1)
  (8, 6, 6, 4, 3, 3, 3, 3, 3, 3, 3, 1)
  (8, 6, 6, 4, 3, 3, 3, 3, 3, 3, 2, 2)
  (8, 6, 6, 4, 3, 3, 3, 3, 3, 3, 2, 1, 1)
  (8, 6, 6, 4, 3, 3, 3, 3, 3, 3, 1, 1, 1, 1)
  (8, 6, 6, 4, 3, 3, 3, 3, 3, 2, 2, 2, 1)
  (8, 6, 6, 4, 3, 3, 3, 3, 3, 2, 2, 1, 1, 1)
  (8, 6, 6, 4, 3, 3, 3, 3, 3, 2, 1, 1, 1, 1, 1)
  (8, 6, 6, 4, 3, 3, 3, 3, 3, 1, 1, 1, 1, 1, 1, 1)
  (8, 6, 6, 4, 3, 3, 3, 3, 2, 2, 2, 2, 2)
  (8, 6, 6, 4, 3, 3, 3, 3, 2, 2, 2, 2, 1, 1)
  (8, 6, 6, 4, 3, 3, 3, 3, 2, 2, 2, 1, 1, 1, 1)
  (8, 6, 6, 4, 3, 3, 3, 3, 2, 2, 1, 1, 1, 1, 1, 1)
  (8, 6, 6, 4, 3, 3, 3, 2, 2, 2, 2, 2, 2, 1)
  (8, 6, 6, 4, 3, 3, 3, 2, 2, 2, 2, 2, 1, 1, 1)
  (8, 6, 6, 4, 3, 3, 3, 2, 2, 2, 2, 1, 1, 1, 1, 1)
  (8, 6, 5, 5, 5, 5, 5, 4, 2, 1)
  (8, 6, 5, 5, 5, 5, 5, 4, 1, 1, 1)
  (8, 6, 5, 5, 5, 5, 5, 3, 3, 1)
  (8, 6, 5, 5, 5, 5, 5, 3, 2, 2)
  (8, 6, 5, 5, 5, 5, 5, 3, 2, 1, 1)
  (8, 6, 5, 5, 5, 5, 5, 3, 1, 1, 1, 1)
  (8, 6, 5, 5, 5, 5, 5, 2, 2, 2, 1)
  (8, 6, 5, 5, 5, 5, 5, 2, 2, 1, 1, 1)
  (8, 6, 5, 5, 5, 5, 5, 2, 1, 1, 1, 1, 1)
  (8, 6, 5, 5, 5, 5, 4, 4, 3, 1)
  (8, 6, 5, 5, 5, 5, 4, 4, 2, 2)
  (8, 6, 5, 5, 5, 5, 4, 4, 2, 1, 1)
  (8, 6, 5, 5, 5, 5, 4, 4, 1, 1, 1, 1)
  (8, 6, 5, 5, 5, 5, 4, 3, 3, 2)
  (8, 6, 5, 5, 5, 5, 4, 3, 3, 1, 1)
  (8, 6, 5, 5, 5, 5, 4, 3, 2, 2, 1)
  (8, 6, 5, 5, 5, 5, 4, 3, 2, 1, 1, 1)
  (8, 6, 5, 5, 5, 5, 4, 3, 1, 1, 1, 1, 1)
  (8, 6, 5, 5, 5, 5, 4, 2, 2, 2, 2)
  (8, 6, 5, 5, 5, 5, 4, 2, 2, 2, 1, 1)
  (8, 6, 5, 5, 5, 5, 4, 2, 2, 1, 1, 1, 1)
  (8, 6, 5, 5, 5, 5, 4, 2, 1, 1, 1, 1, 1, 1)
  (8, 6, 5, 5, 5, 5, 3, 3, 3, 3)
  (8, 6, 5, 5, 5, 5, 3, 3, 3, 2, 1)
  (8, 6, 5, 5, 5, 5, 3, 3, 3, 1, 1, 1)
  (8, 6, 5, 5, 5, 5, 3, 3, 2, 2, 2)
  (8, 6, 5, 5, 5, 5, 3, 3, 2, 2, 1, 1)
  (8, 6, 5, 5, 5, 5, 3, 3, 2, 1, 1, 1, 1)
  (8, 6, 5, 5, 5, 5, 3, 3, 1, 1, 1, 1, 1, 1)
  (8, 6, 5, 5, 5, 5, 3, 2, 2, 2, 2, 1)
  (8, 6, 5, 5, 5, 5, 3, 2, 2, 2, 1, 1, 1)
  (8, 6, 5, 5, 5, 5, 3, 2, 2, 1, 1, 1, 1, 1)
  (8, 6, 5, 5, 5, 5, 3, 2, 1, 1, 1, 1, 1, 1, 1)
  (8, 6, 5, 5, 5, 5, 2, 2, 2, 2, 2, 2)
  (8, 6, 5, 5, 5, 5, 2, 2, 2, 2, 2, 1, 1)
  (8, 6, 5, 5, 5, 5, 2, 2, 2, 2, 1, 1, 1, 1)
  (8, 6, 5, 5, 5, 5, 2, 2, 2, 1, 1, 1, 1, 1, 1)
  (8, 6, 5, 5, 5, 4, 4, 4, 4, 1)
  (8, 6, 5, 5, 5, 4, 4, 4, 3, 2)
  (8, 6, 5, 5, 5, 4, 4, 4, 3, 1, 1)
  (8, 6, 5, 5, 5, 4, 4, 4, 2, 2, 1)
  (8, 6, 5, 5, 5, 4, 4, 4, 2, 1, 1, 1)
  (8, 6, 5, 5, 5, 4, 4, 4, 1, 1, 1, 1, 1)
  (8, 6, 5, 5, 5, 4, 4, 3, 3, 3)
  (8, 6, 5, 5, 5, 4, 4, 3, 3, 2, 1)
  (8, 6, 5, 5, 5, 4, 4, 3, 3, 1, 1, 1)
  (8, 6, 5, 5, 5, 4, 4, 3, 2, 2, 2)
  (8, 6, 5, 5, 5, 4, 4, 3, 2, 2, 1, 1)
  (8, 6, 5, 5, 5, 4, 4, 3, 2, 1, 1, 1, 1)
  (8, 6, 5, 5, 5, 4, 4, 3, 1, 1, 1, 1, 1, 1)
  (8, 6, 5, 5, 5, 4, 4, 2, 2, 2, 2, 1)
  (8, 6, 5, 5, 5, 4, 4, 2, 2, 2, 1, 1, 1)
  (8, 6, 5, 5, 5, 4, 4, 2, 2, 1, 1, 1, 1, 1)
  (8, 6, 5, 5, 5, 4, 4, 2, 1, 1, 1, 1, 1, 1, 1)
  (8, 6, 5, 5, 5, 4, 3, 3, 3, 3, 1)
  (8, 6, 5, 5, 5, 4, 3, 3, 3, 2, 2)
  (8, 6, 5, 5, 5, 4, 3, 3, 3, 2, 1, 1)
  (8, 6, 5, 5, 5, 4, 3, 3, 3, 1, 1, 1, 1)
  (8, 6, 5, 5, 5, 4, 3, 3, 2, 2, 2, 1)
  (8, 6, 5, 5, 5, 4, 3, 3, 2, 2, 1, 1, 1)
  (8, 6, 5, 5, 5, 4, 3, 3, 2, 1, 1, 1, 1, 1)
  (8, 6, 5, 5, 5, 4, 3, 3, 1, 1, 1, 1, 1, 1, 1)
  (8, 6, 5, 5, 5, 4, 3, 2, 2, 2, 2, 2)
  (8, 6, 5, 5, 5, 4, 3, 2, 2, 2, 2, 1, 1)
  (8, 6, 5, 5, 5, 4, 3, 2, 2, 2, 1, 1, 1, 1)
  (8, 6, 5, 5, 5, 4, 3, 2, 2, 1, 1, 1, 1, 1, 1)
  (8, 6, 5, 5, 5, 4, 3, 2, 1, 1, 1, 1, 1, 1, 1, 1)
  (8, 6, 5, 5, 5, 4, 2, 2, 2, 2, 2, 2, 1)
  (8, 6, 5, 5, 5, 4, 2, 2, 2, 2, 2, 1, 1, 1)
  (8, 6, 5, 5, 5, 4, 2, 2, 2, 2, 1, 1, 1, 1, 1)
  (8, 6, 5, 5, 5, 4, 2, 2, 2, 1, 1, 1, 1, 1, 1, 1)
  (8, 6, 5, 5, 5, 3, 3, 3, 3, 3, 2)
  (8, 6, 5, 5, 5, 3, 3, 3, 3, 3, 1, 1)
  (8, 6, 5, 5, 5, 3, 3, 3, 3, 2, 2, 1)
  (8, 6, 5, 5, 5, 3, 3, 3, 3, 2, 1, 1, 1)
  (8, 6, 5, 5, 5, 3, 3, 3, 3, 1, 1, 1, 1, 1)
  (8, 6, 5, 5, 5, 3, 3, 3, 2, 2, 2, 2)
  (8, 6, 5, 5, 5, 3, 3, 3, 2, 2, 2, 1, 1)
  (8, 6, 5, 5, 5, 3, 3, 3, 2, 2, 1, 1, 1, 1)
  (8, 6, 5, 5, 5, 3, 3, 3, 2, 1, 1, 1, 1, 1, 1)
  (8, 6, 5, 5, 5, 3, 3, 3, 1, 1, 1, 1, 1, 1, 1, 1)
  (8, 6, 5, 5, 5, 3, 3, 2, 2, 2, 2, 2, 1)
  (8, 6, 5, 5, 5, 3, 3, 2, 2, 2, 2, 1, 1, 1)
  (8, 6, 5, 5, 5, 3, 3, 2, 2, 2, 1, 1, 1, 1, 1)
  (8, 6, 5, 5, 5, 3, 3, 2, 2, 1, 1, 1, 1, 1, 1, 1)
  (8, 6, 5, 5, 5, 3, 2, 2, 2, 2, 2, 2, 2)
  (8, 6, 5, 5, 5, 3, 2, 2, 2, 2, 2, 2, 1, 1)
  (8, 6, 5, 5, 5, 3, 2, 2, 2, 2, 2, 1, 1, 1, 1)
  (8, 6, 5, 5, 5, 3, 2, 2, 2, 2, 1, 1, 1, 1, 1, 1)
  (8, 6, 5, 5, 4, 4, 4, 4, 4, 2)
  (8, 6, 5, 5, 4, 4, 4, 4, 4, 1, 1)
  (8, 6, 5, 5, 4, 4, 4, 4, 3, 3)
  (8, 6, 5, 5, 4, 4, 4, 4, 3, 2, 1)
  (8, 6, 5, 5, 4, 4, 4, 4, 3, 1, 1, 1)
  (8, 6, 5, 5, 4, 4, 4, 4, 2, 2, 2)
  (8, 6, 5, 5, 4, 4, 4, 4, 2, 2, 1, 1)
  (8, 6, 5, 5, 4, 4, 4, 4, 2, 1, 1, 1, 1)
  (8, 6, 5, 5, 4, 4, 4, 4, 1, 1, 1, 1, 1, 1)
  (8, 6, 5, 5, 4, 4, 4, 3, 3, 3, 1)
  (8, 6, 5, 5, 4, 4, 4, 3, 3, 2, 2)
  (8, 6, 5, 5, 4, 4, 4, 3, 3, 2, 1, 1)
  (8, 6, 5, 5, 4, 4, 4, 3, 3, 1, 1, 1, 1)
  (8, 6, 5, 5, 4, 4, 4, 3, 2, 2, 2, 1)
  (8, 6, 5, 5, 4, 4, 4, 3, 2, 2, 1, 1, 1)
  (8, 6, 5, 5, 4, 4, 4, 3, 2, 1, 1, 1, 1, 1)
  (8, 6, 5, 5, 4, 4, 4, 3, 1, 1, 1, 1, 1, 1, 1)
  (8, 6, 5, 5, 4, 4, 4, 2, 2, 2, 2, 2)
  (8, 6, 5, 5, 4, 4, 4, 2, 2, 2, 2, 1, 1)
  (8, 6, 5, 5, 4, 4, 4, 2, 2, 2, 1, 1, 1, 1)
  (8, 6, 5, 5, 4, 4, 4, 2, 2, 1, 1, 1, 1, 1, 1)
  (8, 6, 5, 5, 4, 4, 4, 2, 1, 1, 1, 1, 1, 1, 1, 1)
  (8, 6, 5, 5, 4, 4, 3, 3, 3, 3, 2)
  (8, 6, 5, 5, 4, 4, 3, 3, 3, 3, 1, 1)
  (8, 6, 5, 5, 4, 4, 3, 3, 3, 2, 2, 1)
  (8, 6, 5, 5, 4, 4, 3, 3, 3, 2, 1, 1, 1)
  (8, 6, 5, 5, 4, 4, 3, 3, 3, 1, 1, 1, 1, 1)
  (8, 6, 5, 5, 4, 4, 3, 3, 2, 2, 2, 2)
  (8, 6, 5, 5, 4, 4, 3, 3, 2, 2, 2, 1, 1)
  (8, 6, 5, 5, 4, 4, 3, 3, 2, 2, 1, 1, 1, 1)
  (8, 6, 5, 5, 4, 4, 3, 3, 2, 1, 1, 1, 1, 1, 1)
  (8, 6, 5, 5, 4, 4, 3, 3, 1, 1, 1, 1, 1, 1, 1, 1)
  (8, 6, 5, 5, 4, 4, 3, 2, 2, 2, 2, 2, 1)
  (8, 6, 5, 5, 4, 4, 3, 2, 2, 2, 2, 1, 1, 1)
  (8, 6, 5, 5, 4, 4, 3, 2, 2, 2, 1, 1, 1, 1, 1)
  (8, 6, 5, 5, 4, 4, 3, 2, 2, 1, 1, 1, 1, 1, 1, 1)
  (8, 6, 5, 5, 4, 4, 2, 2, 2, 2, 2, 2, 2)
  (8, 6, 5, 5, 4, 4, 2, 2, 2, 2, 2, 2, 1, 1)
  (8, 6, 5, 5, 4, 4, 2, 2, 2, 2, 2, 1, 1, 1, 1)
  (8, 6, 5, 5, 4, 4, 2, 2, 2, 2, 1, 1, 1, 1, 1, 1)
  (8, 6, 5, 5, 4, 3, 3, 3, 3, 3, 3)
  (8, 6, 5, 5, 4, 3, 3, 3, 3, 3, 2, 1)
  (8, 6, 5, 5, 4, 3, 3, 3, 3, 3, 1, 1, 1)
  (8, 6, 5, 5, 4, 3, 3, 3, 3, 2, 2, 2)
  (8, 6, 5, 5, 4, 3, 3, 3, 3, 2, 2, 1, 1)
  (8, 6, 5, 5, 4, 3, 3, 3, 3, 2, 1, 1, 1, 1)
  (8, 6, 5, 5, 4, 3, 3, 3, 3, 1, 1, 1, 1, 1, 1)
  (8, 6, 5, 5, 4, 3, 3, 3, 2, 2, 2, 2, 1)
  (8, 6, 5, 5, 4, 3, 3, 3, 2, 2, 2, 1, 1, 1)
  (8, 6, 5, 5, 4, 3, 3, 3, 2, 2, 1, 1, 1, 1, 1)
  (8, 6, 5, 5, 4, 3, 3, 3, 2, 1, 1, 1, 1, 1, 1, 1)
  (8, 6, 5, 5, 4, 3, 3, 2, 2, 2, 2, 2, 2)
  (8, 6, 5, 5, 4, 3, 3, 2, 2, 2, 2, 2, 1, 1)
  (8, 6, 5, 5, 4, 3, 3, 2, 2, 2, 2, 1, 1, 1, 1)
  (8, 6, 5, 5, 4, 3, 3, 2, 2, 2, 1, 1, 1, 1, 1, 1)
  (8, 6, 5, 5, 4, 3, 2, 2, 2, 2, 2, 2, 2, 1)
  (8, 6, 5, 5, 4, 3, 2, 2, 2, 2, 2, 2, 1, 1, 1)
  (8, 6, 5, 5, 4, 3, 2, 2, 2, 2, 2, 1, 1, 1, 1, 1)
  (8, 6, 5, 5, 3, 3, 3, 3, 3, 3, 3, 1)
  (8, 6, 5, 5, 3, 3, 3, 3, 3, 3, 2, 2)
  (8, 6, 5, 5, 3, 3, 3, 3, 3, 3, 2, 1, 1)
  (8, 6, 5, 5, 3, 3, 3, 3, 3, 3, 1, 1, 1, 1)
  (8, 6, 5, 5, 3, 3, 3, 3, 3, 2, 2, 2, 1)
  (8, 6, 5, 5, 3, 3, 3, 3, 3, 2, 2, 1, 1, 1)
  (8, 6, 5, 5, 3, 3, 3, 3, 3, 2, 1, 1, 1, 1, 1)
  (8, 6, 5, 5, 3, 3, 3, 3, 3, 1, 1, 1, 1, 1, 1, 1)
  (8, 6, 5, 5, 3, 3, 3, 3, 2, 2, 2, 2, 2)
  (8, 6, 5, 5, 3, 3, 3, 3, 2, 2, 2, 2, 1, 1)
  (8, 6, 5, 5, 3, 3, 3, 3, 2, 2, 2, 1, 1, 1, 1)
  (8, 6, 5, 5, 3, 3, 3, 3, 2, 2, 1, 1, 1, 1, 1, 1)
  (8, 6, 5, 5, 3, 3, 3, 2, 2, 2, 2, 2, 2, 1)
  (8, 6, 5, 5, 3, 3, 3, 2, 2, 2, 2, 2, 1, 1, 1)
  (8, 6, 5, 5, 3, 3, 3, 2, 2, 2, 2, 1, 1, 1, 1, 1)
  (8, 6, 5, 4, 4, 4, 4, 4, 4, 3)
  (8, 6, 5, 4, 4, 4, 4, 4, 4, 2, 1)
  (8, 6, 5, 4, 4, 4, 4, 4, 4, 1, 1, 1)
  (8, 6, 5, 4, 4, 4, 4, 4, 3, 3, 1)
  (8, 6, 5, 4, 4, 4, 4, 4, 3, 2, 2)
  (8, 6, 5, 4, 4, 4, 4, 4, 3, 2, 1, 1)
  (8, 6, 5, 4, 4, 4, 4, 4, 3, 1, 1, 1, 1)
  (8, 6, 5, 4, 4, 4, 4, 4, 2, 2, 2, 1)
  (8, 6, 5, 4, 4, 4, 4, 4, 2, 2, 1, 1, 1)
  (8, 6, 5, 4, 4, 4, 4, 4, 2, 1, 1, 1, 1, 1)
  (8, 6, 5, 4, 4, 4, 4, 4, 1, 1, 1, 1, 1, 1, 1)
  (8, 6, 5, 4, 4, 4, 4, 3, 3, 3, 2)
  (8, 6, 5, 4, 4, 4, 4, 3, 3, 3, 1, 1)
  (8, 6, 5, 4, 4, 4, 4, 3, 3, 2, 2, 1)
  (8, 6, 5, 4, 4, 4, 4, 3, 3, 2, 1, 1, 1)
  (8, 6, 5, 4, 4, 4, 4, 3, 3, 1, 1, 1, 1, 1)
  (8, 6, 5, 4, 4, 4, 4, 3, 2, 2, 2, 2)
  (8, 6, 5, 4, 4, 4, 4, 3, 2, 2, 2, 1, 1)
  (8, 6, 5, 4, 4, 4, 4, 3, 2, 2, 1, 1, 1, 1)
  (8, 6, 5, 4, 4, 4, 4, 3, 2, 1, 1, 1, 1, 1, 1)
  (8, 6, 5, 4, 4, 4, 4, 3, 1, 1, 1, 1, 1, 1, 1, 1)
  (8, 6, 5, 4, 4, 4, 4, 2, 2, 2, 2, 2, 1)
  (8, 6, 5, 4, 4, 4, 4, 2, 2, 2, 2, 1, 1, 1)
  (8, 6, 5, 4, 4, 4, 4, 2, 2, 2, 1, 1, 1, 1, 1)
  (8, 6, 5, 4, 4, 4, 4, 2, 2, 1, 1, 1, 1, 1, 1, 1)
  (8, 6, 5, 4, 4, 4, 3, 3, 3, 3, 3)
  (8, 6, 5, 4, 4, 4, 3, 3, 3, 3, 2, 1)
  (8, 6, 5, 4, 4, 4, 3, 3, 3, 3, 1, 1, 1)
  (8, 6, 5, 4, 4, 4, 3, 3, 3, 2, 2, 2)
  (8, 6, 5, 4, 4, 4, 3, 3, 3, 2, 2, 1, 1)
  (8, 6, 5, 4, 4, 4, 3, 3, 3, 2, 1, 1, 1, 1)
  (8, 6, 5, 4, 4, 4, 3, 3, 3, 1, 1, 1, 1, 1, 1)
  (8, 6, 5, 4, 4, 4, 3, 3, 2, 2, 2, 2, 1)
  (8, 6, 5, 4, 4, 4, 3, 3, 2, 2, 2, 1, 1, 1)
  (8, 6, 5, 4, 4, 4, 3, 3, 2, 2, 1, 1, 1, 1, 1)
  (8, 6, 5, 4, 4, 4, 3, 3, 2, 1, 1, 1, 1, 1, 1, 1)
  (8, 6, 5, 4, 4, 4, 3, 2, 2, 2, 2, 2, 2)
  (8, 6, 5, 4, 4, 4, 3, 2, 2, 2, 2, 2, 1, 1)
  (8, 6, 5, 4, 4, 4, 3, 2, 2, 2, 2, 1, 1, 1, 1)
  (8, 6, 5, 4, 4, 4, 3, 2, 2, 2, 1, 1, 1, 1, 1, 1)
  (8, 6, 5, 4, 4, 4, 2, 2, 2, 2, 2, 2, 2, 1)
  (8, 6, 5, 4, 4, 4, 2, 2, 2, 2, 2, 2, 1, 1, 1)
  (8, 6, 5, 4, 4, 4, 2, 2, 2, 2, 2, 1, 1, 1, 1, 1)
  (8, 6, 5, 4, 4, 3, 3, 3, 3, 3, 3, 1)
  (8, 6, 5, 4, 4, 3, 3, 3, 3, 3, 2, 2)
  (8, 6, 5, 4, 4, 3, 3, 3, 3, 3, 2, 1, 1)
  (8, 6, 5, 4, 4, 3, 3, 3, 3, 3, 1, 1, 1, 1)
  (8, 6, 5, 4, 4, 3, 3, 3, 3, 2, 2, 2, 1)
  (8, 6, 5, 4, 4, 3, 3, 3, 3, 2, 2, 1, 1, 1)
  (8, 6, 5, 4, 4, 3, 3, 3, 3, 2, 1, 1, 1, 1, 1)
  (8, 6, 5, 4, 4, 3, 3, 3, 3, 1, 1, 1, 1, 1, 1, 1)
  (8, 6, 5, 4, 4, 3, 3, 3, 2, 2, 2, 2, 2)
  (8, 6, 5, 4, 4, 3, 3, 3, 2, 2, 2, 2, 1, 1)
  (8, 6, 5, 4, 4, 3, 3, 3, 2, 2, 2, 1, 1, 1, 1)
  (8, 6, 5, 4, 4, 3, 3, 3, 2, 2, 1, 1, 1, 1, 1, 1)
  (8, 6, 5, 4, 4, 3, 3, 2, 2, 2, 2, 2, 2, 1)
  (8, 6, 5, 4, 4, 3, 3, 2, 2, 2, 2, 2, 1, 1, 1)
  (8, 6, 5, 4, 4, 3, 3, 2, 2, 2, 2, 1, 1, 1, 1, 1)
  (8, 6, 5, 4, 4, 3, 2, 2, 2, 2, 2, 2, 2, 2)
  (8, 6, 5, 4, 4, 3, 2, 2, 2, 2, 2, 2, 2, 1, 1)
  (8, 6, 5, 4, 4, 3, 2, 2, 2, 2, 2, 2, 1, 1, 1, 1)
  (8, 6, 5, 4, 3, 3, 3, 3, 3, 3, 3, 2)
  (8, 6, 5, 4, 3, 3, 3, 3, 3, 3, 3, 1, 1)
  (8, 6, 5, 4, 3, 3, 3, 3, 3, 3, 2, 2, 1)
  (8, 6, 5, 4, 3, 3, 3, 3, 3, 3, 2, 1, 1, 1)
  (8, 6, 5, 4, 3, 3, 3, 3, 3, 3, 1, 1, 1, 1, 1)
  (8, 6, 5, 4, 3, 3, 3, 3, 3, 2, 2, 2, 2)
  (8, 6, 5, 4, 3, 3, 3, 3, 3, 2, 2, 2, 1, 1)
  (8, 6, 5, 4, 3, 3, 3, 3, 3, 2, 2, 1, 1, 1, 1)
  (8, 6, 5, 4, 3, 3, 3, 3, 3, 2, 1, 1, 1, 1, 1, 1)
  (8, 6, 5, 4, 3, 3, 3, 3, 2, 2, 2, 2, 2, 1)
  (8, 6, 5, 4, 3, 3, 3, 3, 2, 2, 2, 2, 1, 1, 1)
  (8, 6, 5, 4, 3, 3, 3, 3, 2, 2, 2, 1, 1, 1, 1, 1)
  (8, 6, 5, 4, 3, 3, 3, 2, 2, 2, 2, 2, 2, 2)
  (8, 6, 5, 4, 3, 3, 3, 2, 2, 2, 2, 2, 2, 1, 1)
  (8, 6, 5, 4, 3, 3, 3, 2, 2, 2, 2, 2, 1, 1, 1, 1)
  (8, 6, 4, 4, 4, 4, 4, 4, 4, 3, 1)
  (8, 6, 4, 4, 4, 4, 4, 4, 4, 2, 2)
  (8, 6, 4, 4, 4, 4, 4, 4, 4, 2, 1, 1)
  (8, 6, 4, 4, 4, 4, 4, 4, 4, 1, 1, 1, 1)
  (8, 6, 4, 4, 4, 4, 4, 4, 3, 3, 2)
  (8, 6, 4, 4, 4, 4, 4, 4, 3, 3, 1, 1)
  (8, 6, 4, 4, 4, 4, 4, 4, 3, 2, 2, 1)
  (8, 6, 4, 4, 4, 4, 4, 4, 3, 2, 1, 1, 1)
  (8, 6, 4, 4, 4, 4, 4, 4, 3, 1, 1, 1, 1, 1)
  (8, 6, 4, 4, 4, 4, 4, 4, 2, 2, 2, 2)
  (8, 6, 4, 4, 4, 4, 4, 4, 2, 2, 2, 1, 1)
  (8, 6, 4, 4, 4, 4, 4, 4, 2, 2, 1, 1, 1, 1)
  (8, 6, 4, 4, 4, 4, 4, 4, 2, 1, 1, 1, 1, 1, 1)
  (8, 6, 4, 4, 4, 4, 4, 3, 3, 3, 3)
  (8, 6, 4, 4, 4, 4, 4, 3, 3, 3, 2, 1)
  (8, 6, 4, 4, 4, 4, 4, 3, 3, 3, 1, 1, 1)
  (8, 6, 4, 4, 4, 4, 4, 3, 3, 2, 2, 2)
  (8, 6, 4, 4, 4, 4, 4, 3, 3, 2, 2, 1, 1)
  (8, 6, 4, 4, 4, 4, 4, 3, 3, 2, 1, 1, 1, 1)
  (8, 6, 4, 4, 4, 4, 4, 3, 3, 1, 1, 1, 1, 1, 1)
  (8, 6, 4, 4, 4, 4, 4, 3, 2, 2, 2, 2, 1)
  (8, 6, 4, 4, 4, 4, 4, 3, 2, 2, 2, 1, 1, 1)
  (8, 6, 4, 4, 4, 4, 4, 3, 2, 2, 1, 1, 1, 1, 1)
  (8, 6, 4, 4, 4, 4, 4, 3, 2, 1, 1, 1, 1, 1, 1, 1)
  (8, 6, 4, 4, 4, 4, 4, 2, 2, 2, 2, 2, 2)
  (8, 6, 4, 4, 4, 4, 4, 2, 2, 2, 2, 2, 1, 1)
  (8, 6, 4, 4, 4, 4, 4, 2, 2, 2, 2, 1, 1, 1, 1)
  (8, 6, 4, 4, 4, 4, 4, 2, 2, 2, 1, 1, 1, 1, 1, 1)
  (8, 6, 4, 4, 4, 4, 3, 3, 3, 3, 3, 1)
  (8, 6, 4, 4, 4, 4, 3, 3, 3, 3, 2, 2)
  (8, 6, 4, 4, 4, 4, 3, 3, 3, 3, 2, 1, 1)
  (8, 6, 4, 4, 4, 4, 3, 3, 3, 3, 1, 1, 1, 1)
  (8, 6, 4, 4, 4, 4, 3, 3, 3, 2, 2, 2, 1)
  (8, 6, 4, 4, 4, 4, 3, 3, 3, 2, 2, 1, 1, 1)
  (8, 6, 4, 4, 4, 4, 3, 3, 3, 2, 1, 1, 1, 1, 1)
  (8, 6, 4, 4, 4, 4, 3, 3, 3, 1, 1, 1, 1, 1, 1, 1)
  (8, 6, 4, 4, 4, 4, 3, 3, 2, 2, 2, 2, 2)
  (8, 6, 4, 4, 4, 4, 3, 3, 2, 2, 2, 2, 1, 1)
  (8, 6, 4, 4, 4, 4, 3, 3, 2, 2, 2, 1, 1, 1, 1)
  (8, 6, 4, 4, 4, 4, 3, 3, 2, 2, 1, 1, 1, 1, 1, 1)
  (8, 6, 4, 4, 4, 4, 3, 2, 2, 2, 2, 2, 2, 1)
  (8, 6, 4, 4, 4, 4, 3, 2, 2, 2, 2, 2, 1, 1, 1)
  (8, 6, 4, 4, 4, 4, 3, 2, 2, 2, 2, 1, 1, 1, 1, 1)
  (8, 6, 4, 4, 4, 3, 3, 3, 3, 3, 3, 2)
  (8, 6, 4, 4, 4, 3, 3, 3, 3, 3, 3, 1, 1)
  (8, 6, 4, 4, 4, 3, 3, 3, 3, 3, 2, 2, 1)
  (8, 6, 4, 4, 4, 3, 3, 3, 3, 3, 2, 1, 1, 1)
  (8, 6, 4, 4, 4, 3, 3, 3, 3, 3, 1, 1, 1, 1, 1)
  (8, 6, 4, 4, 4, 3, 3, 3, 3, 2, 2, 2, 2)
  (8, 6, 4, 4, 4, 3, 3, 3, 3, 2, 2, 2, 1, 1)
  (8, 6, 4, 4, 4, 3, 3, 3, 3, 2, 2, 1, 1, 1, 1)
  (8, 6, 4, 4, 4, 3, 3, 3, 3, 2, 1, 1, 1, 1, 1, 1)
  (8, 6, 4, 4, 4, 3, 3, 3, 2, 2, 2, 2, 2, 1)
  (8, 6, 4, 4, 4, 3, 3, 3, 2, 2, 2, 2, 1, 1, 1)
  (8, 6, 4, 4, 4, 3, 3, 3, 2, 2, 2, 1, 1, 1, 1, 1)
  (8, 6, 4, 4, 4, 3, 3, 2, 2, 2, 2, 2, 2, 2)
  (8, 6, 4, 4, 4, 3, 3, 2, 2, 2, 2, 2, 2, 1, 1)
  (8, 6, 4, 4, 4, 3, 3, 2, 2, 2, 2, 2, 1, 1, 1, 1)
  (8, 5, 5, 5, 5, 5, 5, 5, 2, 1)
  (8, 5, 5, 5, 5, 5, 5, 5, 1, 1, 1)
  (8, 5, 5, 5, 5, 5, 5, 4, 3, 1)
  (8, 5, 5, 5, 5, 5, 5, 4, 2, 2)
  (8, 5, 5, 5, 5, 5, 5, 4, 2, 1, 1)
  (8, 5, 5, 5, 5, 5, 5, 4, 1, 1, 1, 1)
  (8, 5, 5, 5, 5, 5, 5, 3, 3, 2)
  (8, 5, 5, 5, 5, 5, 5, 3, 3, 1, 1)
  (8, 5, 5, 5, 5, 5, 5, 3, 2, 2, 1)
  (8, 5, 5, 5, 5, 5, 5, 3, 2, 1, 1, 1)
  (8, 5, 5, 5, 5, 5, 5, 3, 1, 1, 1, 1, 1)
  (8, 5, 5, 5, 5, 5, 5, 2, 2, 2, 2)
  (8, 5, 5, 5, 5, 5, 5, 2, 2, 2, 1, 1)
  (8, 5, 5, 5, 5, 5, 5, 2, 2, 1, 1, 1, 1)
  (8, 5, 5, 5, 5, 5, 5, 2, 1, 1, 1, 1, 1, 1)
  (8, 5, 5, 5, 5, 5, 4, 4, 4, 1)
  (8, 5, 5, 5, 5, 5, 4, 4, 3, 2)
  (8, 5, 5, 5, 5, 5, 4, 4, 3, 1, 1)
  (8, 5, 5, 5, 5, 5, 4, 4, 2, 2, 1)
  (8, 5, 5, 5, 5, 5, 4, 4, 2, 1, 1, 1)
  (8, 5, 5, 5, 5, 5, 4, 4, 1, 1, 1, 1, 1)
  (8, 5, 5, 5, 5, 5, 4, 3, 3, 3)
  (8, 5, 5, 5, 5, 5, 4, 3, 3, 2, 1)
  (8, 5, 5, 5, 5, 5, 4, 3, 3, 1, 1, 1)
  (8, 5, 5, 5, 5, 5, 4, 3, 2, 2, 2)
  (8, 5, 5, 5, 5, 5, 4, 3, 2, 2, 1, 1)
  (8, 5, 5, 5, 5, 5, 4, 3, 2, 1, 1, 1, 1)
  (8, 5, 5, 5, 5, 5, 4, 3, 1, 1, 1, 1, 1, 1)
  (8, 5, 5, 5, 5, 5, 4, 2, 2, 2, 2, 1)
  (8, 5, 5, 5, 5, 5, 4, 2, 2, 2, 1, 1, 1)
  (8, 5, 5, 5, 5, 5, 4, 2, 2, 1, 1, 1, 1, 1)
  (8, 5, 5, 5, 5, 5, 4, 2, 1, 1, 1, 1, 1, 1, 1)
  (8, 5, 5, 5, 5, 5, 3, 3, 3, 3, 1)
  (8, 5, 5, 5, 5, 5, 3, 3, 3, 2, 2)
  (8, 5, 5, 5, 5, 5, 3, 3, 3, 2, 1, 1)
  (8, 5, 5, 5, 5, 5, 3, 3, 3, 1, 1, 1, 1)
  (8, 5, 5, 5, 5, 5, 3, 3, 2, 2, 2, 1)
  (8, 5, 5, 5, 5, 5, 3, 3, 2, 2, 1, 1, 1)
  (8, 5, 5, 5, 5, 5, 3, 3, 2, 1, 1, 1, 1, 1)
  (8, 5, 5, 5, 5, 5, 3, 3, 1, 1, 1, 1, 1, 1, 1)
  (8, 5, 5, 5, 5, 5, 3, 2, 2, 2, 2, 2)
  (8, 5, 5, 5, 5, 5, 3, 2, 2, 2, 2, 1, 1)
  (8, 5, 5, 5, 5, 5, 3, 2, 2, 2, 1, 1, 1, 1)
  (8, 5, 5, 5, 5, 5, 3, 2, 2, 1, 1, 1, 1, 1, 1)
  (8, 5, 5, 5, 5, 5, 3, 2, 1, 1, 1, 1, 1, 1, 1, 1)
  (8, 5, 5, 5, 5, 5, 2, 2, 2, 2, 2, 2, 1)
  (8, 5, 5, 5, 5, 5, 2, 2, 2, 2, 2, 1, 1, 1)
  (8, 5, 5, 5, 5, 5, 2, 2, 2, 2, 1, 1, 1, 1, 1)
  (8, 5, 5, 5, 5, 5, 2, 2, 2, 1, 1, 1, 1, 1, 1, 1)
  (8, 5, 5, 5, 5, 4, 4, 4, 4, 2)
  (8, 5, 5, 5, 5, 4, 4, 4, 4, 1, 1)
  (8, 5, 5, 5, 5, 4, 4, 4, 3, 3)
  (8, 5, 5, 5, 5, 4, 4, 4, 3, 2, 1)
  (8, 5, 5, 5, 5, 4, 4, 4, 3, 1, 1, 1)
  (8, 5, 5, 5, 5, 4, 4, 4, 2, 2, 2)
  (8, 5, 5, 5, 5, 4, 4, 4, 2, 2, 1, 1)
  (8, 5, 5, 5, 5, 4, 4, 4, 2, 1, 1, 1, 1)
  (8, 5, 5, 5, 5, 4, 4, 4, 1, 1, 1, 1, 1, 1)
  (8, 5, 5, 5, 5, 4, 4, 3, 3, 3, 1)
  (8, 5, 5, 5, 5, 4, 4, 3, 3, 2, 2)
  (8, 5, 5, 5, 5, 4, 4, 3, 3, 2, 1, 1)
  (8, 5, 5, 5, 5, 4, 4, 3, 3, 1, 1, 1, 1)
  (8, 5, 5, 5, 5, 4, 4, 3, 2, 2, 2, 1)
  (8, 5, 5, 5, 5, 4, 4, 3, 2, 2, 1, 1, 1)
  (8, 5, 5, 5, 5, 4, 4, 3, 2, 1, 1, 1, 1, 1)
  (8, 5, 5, 5, 5, 4, 4, 3, 1, 1, 1, 1, 1, 1, 1)
  (8, 5, 5, 5, 5, 4, 4, 2, 2, 2, 2, 2)
  (8, 5, 5, 5, 5, 4, 4, 2, 2, 2, 2, 1, 1)
  (8, 5, 5, 5, 5, 4, 4, 2, 2, 2, 1, 1, 1, 1)
  (8, 5, 5, 5, 5, 4, 4, 2, 2, 1, 1, 1, 1, 1, 1)
  (8, 5, 5, 5, 5, 4, 4, 2, 1, 1, 1, 1, 1, 1, 1, 1)
  (8, 5, 5, 5, 5, 4, 3, 3, 3, 3, 2)
  (8, 5, 5, 5, 5, 4, 3, 3, 3, 3, 1, 1)
  (8, 5, 5, 5, 5, 4, 3, 3, 3, 2, 2, 1)
  (8, 5, 5, 5, 5, 4, 3, 3, 3, 2, 1, 1, 1)
  (8, 5, 5, 5, 5, 4, 3, 3, 3, 1, 1, 1, 1, 1)
  (8, 5, 5, 5, 5, 4, 3, 3, 2, 2, 2, 2)
  (8, 5, 5, 5, 5, 4, 3, 3, 2, 2, 2, 1, 1)
  (8, 5, 5, 5, 5, 4, 3, 3, 2, 2, 1, 1, 1, 1)
  (8, 5, 5, 5, 5, 4, 3, 3, 2, 1, 1, 1, 1, 1, 1)
  (8, 5, 5, 5, 5, 4, 3, 3, 1, 1, 1, 1, 1, 1, 1, 1)
  (8, 5, 5, 5, 5, 4, 3, 2, 2, 2, 2, 2, 1)
  (8, 5, 5, 5, 5, 4, 3, 2, 2, 2, 2, 1, 1, 1)
  (8, 5, 5, 5, 5, 4, 3, 2, 2, 2, 1, 1, 1, 1, 1)
  (8, 5, 5, 5, 5, 4, 3, 2, 2, 1, 1, 1, 1, 1, 1, 1)
  (8, 5, 5, 5, 5, 4, 2, 2, 2, 2, 2, 2, 2)
  (8, 5, 5, 5, 5, 4, 2, 2, 2, 2, 2, 2, 1, 1)
  (8, 5, 5, 5, 5, 4, 2, 2, 2, 2, 2, 1, 1, 1, 1)
  (8, 5, 5, 5, 5, 4, 2, 2, 2, 2, 1, 1, 1, 1, 1, 1)
  (8, 5, 5, 5, 5, 3, 3, 3, 3, 3, 3)
  (8, 5, 5, 5, 5, 3, 3, 3, 3, 3, 2, 1)
  (8, 5, 5, 5, 5, 3, 3, 3, 3, 3, 1, 1, 1)
  (8, 5, 5, 5, 5, 3, 3, 3, 3, 2, 2, 2)
  (8, 5, 5, 5, 5, 3, 3, 3, 3, 2, 2, 1, 1)
  (8, 5, 5, 5, 5, 3, 3, 3, 3, 2, 1, 1, 1, 1)
  (8, 5, 5, 5, 5, 3, 3, 3, 3, 1, 1, 1, 1, 1, 1)
  (8, 5, 5, 5, 5, 3, 3, 3, 2, 2, 2, 2, 1)
  (8, 5, 5, 5, 5, 3, 3, 3, 2, 2, 2, 1, 1, 1)
  (8, 5, 5, 5, 5, 3, 3, 3, 2, 2, 1, 1, 1, 1, 1)
  (8, 5, 5, 5, 5, 3, 3, 3, 2, 1, 1, 1, 1, 1, 1, 1)
  (8, 5, 5, 5, 5, 3, 3, 2, 2, 2, 2, 2, 2)
  (8, 5, 5, 5, 5, 3, 3, 2, 2, 2, 2, 2, 1, 1)
  (8, 5, 5, 5, 5, 3, 3, 2, 2, 2, 2, 1, 1, 1, 1)
  (8, 5, 5, 5, 5, 3, 3, 2, 2, 2, 1, 1, 1, 1, 1, 1)
  (8, 5, 5, 5, 5, 3, 2, 2, 2, 2, 2, 2, 2, 1)
  (8, 5, 5, 5, 5, 3, 2, 2, 2, 2, 2, 2, 1, 1, 1)
  (8, 5, 5, 5, 5, 3, 2, 2, 2, 2, 2, 1, 1, 1, 1, 1)
  (8, 5, 5, 5, 4, 4, 4, 4, 4, 3)
  (8, 5, 5, 5, 4, 4, 4, 4, 4, 2, 1)
  (8, 5, 5, 5, 4, 4, 4, 4, 4, 1, 1, 1)
  (8, 5, 5, 5, 4, 4, 4, 4, 3, 3, 1)
  (8, 5, 5, 5, 4, 4, 4, 4, 3, 2, 2)
  (8, 5, 5, 5, 4, 4, 4, 4, 3, 2, 1, 1)
  (8, 5, 5, 5, 4, 4, 4, 4, 3, 1, 1, 1, 1)
  (8, 5, 5, 5, 4, 4, 4, 4, 2, 2, 2, 1)
  (8, 5, 5, 5, 4, 4, 4, 4, 2, 2, 1, 1, 1)
  (8, 5, 5, 5, 4, 4, 4, 4, 2, 1, 1, 1, 1, 1)
  (8, 5, 5, 5, 4, 4, 4, 4, 1, 1, 1, 1, 1, 1, 1)
  (8, 5, 5, 5, 4, 4, 4, 3, 3, 3, 2)
  (8, 5, 5, 5, 4, 4, 4, 3, 3, 3, 1, 1)
  (8, 5, 5, 5, 4, 4, 4, 3, 3, 2, 2, 1)
  (8, 5, 5, 5, 4, 4, 4, 3, 3, 2, 1, 1, 1)
  (8, 5, 5, 5, 4, 4, 4, 3, 3, 1, 1, 1, 1, 1)
  (8, 5, 5, 5, 4, 4, 4, 3, 2, 2, 2, 2)
  (8, 5, 5, 5, 4, 4, 4, 3, 2, 2, 2, 1, 1)
  (8, 5, 5, 5, 4, 4, 4, 3, 2, 2, 1, 1, 1, 1)
  (8, 5, 5, 5, 4, 4, 4, 3, 2, 1, 1, 1, 1, 1, 1)
  (8, 5, 5, 5, 4, 4, 4, 3, 1, 1, 1, 1, 1, 1, 1, 1)
  (8, 5, 5, 5, 4, 4, 4, 2, 2, 2, 2, 2, 1)
  (8, 5, 5, 5, 4, 4, 4, 2, 2, 2, 2, 1, 1, 1)
  (8, 5, 5, 5, 4, 4, 4, 2, 2, 2, 1, 1, 1, 1, 1)
  (8, 5, 5, 5, 4, 4, 4, 2, 2, 1, 1, 1, 1, 1, 1, 1)
  (8, 5, 5, 5, 4, 4, 3, 3, 3, 3, 3)
  (8, 5, 5, 5, 4, 4, 3, 3, 3, 3, 2, 1)
  (8, 5, 5, 5, 4, 4, 3, 3, 3, 3, 1, 1, 1)
  (8, 5, 5, 5, 4, 4, 3, 3, 3, 2, 2, 2)
  (8, 5, 5, 5, 4, 4, 3, 3, 3, 2, 2, 1, 1)
  (8, 5, 5, 5, 4, 4, 3, 3, 3, 2, 1, 1, 1, 1)
  (8, 5, 5, 5, 4, 4, 3, 3, 3, 1, 1, 1, 1, 1, 1)
  (8, 5, 5, 5, 4, 4, 3, 3, 2, 2, 2, 2, 1)
  (8, 5, 5, 5, 4, 4, 3, 3, 2, 2, 2, 1, 1, 1)
  (8, 5, 5, 5, 4, 4, 3, 3, 2, 2, 1, 1, 1, 1, 1)
  (8, 5, 5, 5, 4, 4, 3, 3, 2, 1, 1, 1, 1, 1, 1, 1)
  (8, 5, 5, 5, 4, 4, 3, 2, 2, 2, 2, 2, 2)
  (8, 5, 5, 5, 4, 4, 3, 2, 2, 2, 2, 2, 1, 1)
  (8, 5, 5, 5, 4, 4, 3, 2, 2, 2, 2, 1, 1, 1, 1)
  (8, 5, 5, 5, 4, 4, 3, 2, 2, 2, 1, 1, 1, 1, 1, 1)
  (8, 5, 5, 5, 4, 4, 2, 2, 2, 2, 2, 2, 2, 1)
  (8, 5, 5, 5, 4, 4, 2, 2, 2, 2, 2, 2, 1, 1, 1)
  (8, 5, 5, 5, 4, 4, 2, 2, 2, 2, 2, 1, 1, 1, 1, 1)
  (8, 5, 5, 5, 4, 3, 3, 3, 3, 3, 3, 1)
  (8, 5, 5, 5, 4, 3, 3, 3, 3, 3, 2, 2)
  (8, 5, 5, 5, 4, 3, 3, 3, 3, 3, 2, 1, 1)
  (8, 5, 5, 5, 4, 3, 3, 3, 3, 3, 1, 1, 1, 1)
  (8, 5, 5, 5, 4, 3, 3, 3, 3, 2, 2, 2, 1)
  (8, 5, 5, 5, 4, 3, 3, 3, 3, 2, 2, 1, 1, 1)
  (8, 5, 5, 5, 4, 3, 3, 3, 3, 2, 1, 1, 1, 1, 1)
  (8, 5, 5, 5, 4, 3, 3, 3, 3, 1, 1, 1, 1, 1, 1, 1)
  (8, 5, 5, 5, 4, 3, 3, 3, 2, 2, 2, 2, 2)
  (8, 5, 5, 5, 4, 3, 3, 3, 2, 2, 2, 2, 1, 1)
  (8, 5, 5, 5, 4, 3, 3, 3, 2, 2, 2, 1, 1, 1, 1)
  (8, 5, 5, 5, 4, 3, 3, 3, 2, 2, 1, 1, 1, 1, 1, 1)
  (8, 5, 5, 5, 4, 3, 3, 2, 2, 2, 2, 2, 2, 1)
  (8, 5, 5, 5, 4, 3, 3, 2, 2, 2, 2, 2, 1, 1, 1)
  (8, 5, 5, 5, 4, 3, 3, 2, 2, 2, 2, 1, 1, 1, 1, 1)
  (8, 5, 5, 5, 4, 3, 2, 2, 2, 2, 2, 2, 2, 2)
  (8, 5, 5, 5, 4, 3, 2, 2, 2, 2, 2, 2, 2, 1, 1)
  (8, 5, 5, 5, 4, 3, 2, 2, 2, 2, 2, 2, 1, 1, 1, 1)
  (8, 5, 5, 5, 3, 3, 3, 3, 3, 3, 3, 2)
  (8, 5, 5, 5, 3, 3, 3, 3, 3, 3, 3, 1, 1)
  (8, 5, 5, 5, 3, 3, 3, 3, 3, 3, 2, 2, 1)
  (8, 5, 5, 5, 3, 3, 3, 3, 3, 3, 2, 1, 1, 1)
  (8, 5, 5, 5, 3, 3, 3, 3, 3, 3, 1, 1, 1, 1, 1)
  (8, 5, 5, 5, 3, 3, 3, 3, 3, 2, 2, 2, 2)
  (8, 5, 5, 5, 3, 3, 3, 3, 3, 2, 2, 2, 1, 1)
  (8, 5, 5, 5, 3, 3, 3, 3, 3, 2, 2, 1, 1, 1, 1)
  (8, 5, 5, 5, 3, 3, 3, 3, 3, 2, 1, 1, 1, 1, 1, 1)
  (8, 5, 5, 5, 3, 3, 3, 3, 2, 2, 2, 2, 2, 1)
  (8, 5, 5, 5, 3, 3, 3, 3, 2, 2, 2, 2, 1, 1, 1)
  (8, 5, 5, 5, 3, 3, 3, 3, 2, 2, 2, 1, 1, 1, 1, 1)
  (8, 5, 5, 5, 3, 3, 3, 2, 2, 2, 2, 2, 2, 2)
  (8, 5, 5, 5, 3, 3, 3, 2, 2, 2, 2, 2, 2, 1, 1)
  (8, 5, 5, 5, 3, 3, 3, 2, 2, 2, 2, 2, 1, 1, 1, 1)
  (8, 5, 5, 4, 4, 4, 4, 4, 4, 4)
  (8, 5, 5, 4, 4, 4, 4, 4, 4, 3, 1)
  (8, 5, 5, 4, 4, 4, 4, 4, 4, 2, 2)
  (8, 5, 5, 4, 4, 4, 4, 4, 4, 2, 1, 1)
  (8, 5, 5, 4, 4, 4, 4, 4, 4, 1, 1, 1, 1)
  (8, 5, 5, 4, 4, 4, 4, 4, 3, 3, 2)
  (8, 5, 5, 4, 4, 4, 4, 4, 3, 3, 1, 1)
  (8, 5, 5, 4, 4, 4, 4, 4, 3, 2, 2, 1)
  (8, 5, 5, 4, 4, 4, 4, 4, 3, 2, 1, 1, 1)
  (8, 5, 5, 4, 4, 4, 4, 4, 3, 1, 1, 1, 1, 1)
  (8, 5, 5, 4, 4, 4, 4, 4, 2, 2, 2, 2)
  (8, 5, 5, 4, 4, 4, 4, 4, 2, 2, 2, 1, 1)
  (8, 5, 5, 4, 4, 4, 4, 4, 2, 2, 1, 1, 1, 1)
  (8, 5, 5, 4, 4, 4, 4, 4, 2, 1, 1, 1, 1, 1, 1)
  (8, 5, 5, 4, 4, 4, 4, 4, 1, 1, 1, 1, 1, 1, 1, 1)
  (8, 5, 5, 4, 4, 4, 4, 3, 3, 3, 3)
  (8, 5, 5, 4, 4, 4, 4, 3, 3, 3, 2, 1)
  (8, 5, 5, 4, 4, 4, 4, 3, 3, 3, 1, 1, 1)
  (8, 5, 5, 4, 4, 4, 4, 3, 3, 2, 2, 2)
  (8, 5, 5, 4, 4, 4, 4, 3, 3, 2, 2, 1, 1)
  (8, 5, 5, 4, 4, 4, 4, 3, 3, 2, 1, 1, 1, 1)
  (8, 5, 5, 4, 4, 4, 4, 3, 3, 1, 1, 1, 1, 1, 1)
  (8, 5, 5, 4, 4, 4, 4, 3, 2, 2, 2, 2, 1)
  (8, 5, 5, 4, 4, 4, 4, 3, 2, 2, 2, 1, 1, 1)
  (8, 5, 5, 4, 4, 4, 4, 3, 2, 2, 1, 1, 1, 1, 1)
  (8, 5, 5, 4, 4, 4, 4, 3, 2, 1, 1, 1, 1, 1, 1, 1)
  (8, 5, 5, 4, 4, 4, 4, 2, 2, 2, 2, 2, 2)
  (8, 5, 5, 4, 4, 4, 4, 2, 2, 2, 2, 2, 1, 1)
  (8, 5, 5, 4, 4, 4, 4, 2, 2, 2, 2, 1, 1, 1, 1)
  (8, 5, 5, 4, 4, 4, 4, 2, 2, 2, 1, 1, 1, 1, 1, 1)
  (8, 5, 5, 4, 4, 4, 3, 3, 3, 3, 3, 1)
  (8, 5, 5, 4, 4, 4, 3, 3, 3, 3, 2, 2)
  (8, 5, 5, 4, 4, 4, 3, 3, 3, 3, 2, 1, 1)
  (8, 5, 5, 4, 4, 4, 3, 3, 3, 3, 1, 1, 1, 1)
  (8, 5, 5, 4, 4, 4, 3, 3, 3, 2, 2, 2, 1)
  (8, 5, 5, 4, 4, 4, 3, 3, 3, 2, 2, 1, 1, 1)
  (8, 5, 5, 4, 4, 4, 3, 3, 3, 2, 1, 1, 1, 1, 1)
  (8, 5, 5, 4, 4, 4, 3, 3, 3, 1, 1, 1, 1, 1, 1, 1)
  (8, 5, 5, 4, 4, 4, 3, 3, 2, 2, 2, 2, 2)
  (8, 5, 5, 4, 4, 4, 3, 3, 2, 2, 2, 2, 1, 1)
  (8, 5, 5, 4, 4, 4, 3, 3, 2, 2, 2, 1, 1, 1, 1)
  (8, 5, 5, 4, 4, 4, 3, 3, 2, 2, 1, 1, 1, 1, 1, 1)
  (8, 5, 5, 4, 4, 4, 3, 2, 2, 2, 2, 2, 2, 1)
  (8, 5, 5, 4, 4, 4, 3, 2, 2, 2, 2, 2, 1, 1, 1)
  (8, 5, 5, 4, 4, 4, 3, 2, 2, 2, 2, 1, 1, 1, 1, 1)
  (8, 5, 5, 4, 4, 4, 2, 2, 2, 2, 2, 2, 2, 2)
  (8, 5, 5, 4, 4, 4, 2, 2, 2, 2, 2, 2, 2, 1, 1)
  (8, 5, 5, 4, 4, 4, 2, 2, 2, 2, 2, 2, 1, 1, 1, 1)
  (8, 5, 5, 4, 4, 3, 3, 3, 3, 3, 3, 2)
  (8, 5, 5, 4, 4, 3, 3, 3, 3, 3, 3, 1, 1)
  (8, 5, 5, 4, 4, 3, 3, 3, 3, 3, 2, 2, 1)
  (8, 5, 5, 4, 4, 3, 3, 3, 3, 3, 2, 1, 1, 1)
  (8, 5, 5, 4, 4, 3, 3, 3, 3, 3, 1, 1, 1, 1, 1)
  (8, 5, 5, 4, 4, 3, 3, 3, 3, 2, 2, 2, 2)
  (8, 5, 5, 4, 4, 3, 3, 3, 3, 2, 2, 2, 1, 1)
  (8, 5, 5, 4, 4, 3, 3, 3, 3, 2, 2, 1, 1, 1, 1)
  (8, 5, 5, 4, 4, 3, 3, 3, 3, 2, 1, 1, 1, 1, 1, 1)
  (8, 5, 5, 4, 4, 3, 3, 3, 2, 2, 2, 2, 2, 1)
  (8, 5, 5, 4, 4, 3, 3, 3, 2, 2, 2, 2, 1, 1, 1)
  (8, 5, 5, 4, 4, 3, 3, 3, 2, 2, 2, 1, 1, 1, 1, 1)
  (8, 5, 5, 4, 3, 3, 3, 3, 3, 3, 3, 3)
  (8, 5, 5, 4, 3, 3, 3, 3, 3, 3, 3, 2, 1)
  (8, 5, 5, 4, 3, 3, 3, 3, 3, 3, 3, 1, 1, 1)
  (8, 5, 5, 4, 3, 3, 3, 3, 3, 3, 2, 2, 2)
  (8, 5, 5, 4, 3, 3, 3, 3, 3, 3, 2, 2, 1, 1)
  (8, 5, 5, 4, 3, 3, 3, 3, 3, 3, 2, 1, 1, 1, 1)
  (8, 5, 5, 4, 3, 3, 3, 3, 3, 3, 1, 1, 1, 1, 1, 1)
  (8, 5, 5, 4, 3, 3, 3, 3, 3, 2, 2, 2, 2, 1)
  (8, 5, 5, 4, 3, 3, 3, 3, 3, 2, 2, 2, 1, 1, 1)
  (8, 5, 5, 4, 3, 3, 3, 3, 3, 2, 2, 1, 1, 1, 1, 1)
  (8, 5, 5, 4, 3, 3, 3, 3, 2, 2, 2, 2, 2, 2)
  (8, 5, 5, 4, 3, 3, 3, 3, 2, 2, 2, 2, 2, 1, 1)
  (8, 5, 5, 4, 3, 3, 3, 3, 2, 2, 2, 2, 1, 1, 1, 1)
  (8, 5, 4, 4, 4, 4, 4, 4, 4, 4, 1)
  (8, 5, 4, 4, 4, 4, 4, 4, 4, 3, 2)
  (8, 5, 4, 4, 4, 4, 4, 4, 4, 3, 1, 1)
  (8, 5, 4, 4, 4, 4, 4, 4, 4, 2, 2, 1)
  (8, 5, 4, 4, 4, 4, 4, 4, 4, 2, 1, 1, 1)
  (8, 5, 4, 4, 4, 4, 4, 4, 4, 1, 1, 1, 1, 1)
  (8, 5, 4, 4, 4, 4, 4, 4, 3, 3, 3)
  (8, 5, 4, 4, 4, 4, 4, 4, 3, 3, 2, 1)
  (8, 5, 4, 4, 4, 4, 4, 4, 3, 3, 1, 1, 1)
  (8, 5, 4, 4, 4, 4, 4, 4, 3, 2, 2, 2)
  (8, 5, 4, 4, 4, 4, 4, 4, 3, 2, 2, 1, 1)
  (8, 5, 4, 4, 4, 4, 4, 4, 3, 2, 1, 1, 1, 1)
  (8, 5, 4, 4, 4, 4, 4, 4, 3, 1, 1, 1, 1, 1, 1)
  (8, 5, 4, 4, 4, 4, 4, 4, 2, 2, 2, 2, 1)
  (8, 5, 4, 4, 4, 4, 4, 4, 2, 2, 2, 1, 1, 1)
  (8, 5, 4, 4, 4, 4, 4, 4, 2, 2, 1, 1, 1, 1, 1)
  (8, 5, 4, 4, 4, 4, 4, 4, 2, 1, 1, 1, 1, 1, 1, 1)
  (8, 5, 4, 4, 4, 4, 4, 3, 3, 3, 3, 1)
  (8, 5, 4, 4, 4, 4, 4, 3, 3, 3, 2, 2)
  (8, 5, 4, 4, 4, 4, 4, 3, 3, 3, 2, 1, 1)
  (8, 5, 4, 4, 4, 4, 4, 3, 3, 3, 1, 1, 1, 1)
  (8, 5, 4, 4, 4, 4, 4, 3, 3, 2, 2, 2, 1)
  (8, 5, 4, 4, 4, 4, 4, 3, 3, 2, 2, 1, 1, 1)
  (8, 5, 4, 4, 4, 4, 4, 3, 3, 2, 1, 1, 1, 1, 1)
  (8, 5, 4, 4, 4, 4, 4, 3, 3, 1, 1, 1, 1, 1, 1, 1)
  (8, 5, 4, 4, 4, 4, 4, 3, 2, 2, 2, 2, 2)
  (8, 5, 4, 4, 4, 4, 4, 3, 2, 2, 2, 2, 1, 1)
  (8, 5, 4, 4, 4, 4, 4, 3, 2, 2, 2, 1, 1, 1, 1)
  (8, 5, 4, 4, 4, 4, 4, 3, 2, 2, 1, 1, 1, 1, 1, 1)
  (8, 5, 4, 4, 4, 4, 4, 2, 2, 2, 2, 2, 2, 1)
  (8, 5, 4, 4, 4, 4, 4, 2, 2, 2, 2, 2, 1, 1, 1)
  (8, 5, 4, 4, 4, 4, 4, 2, 2, 2, 2, 1, 1, 1, 1, 1)
  (8, 5, 4, 4, 4, 4, 3, 3, 3, 3, 3, 2)
  (8, 5, 4, 4, 4, 4, 3, 3, 3, 3, 3, 1, 1)
  (8, 5, 4, 4, 4, 4, 3, 3, 3, 3, 2, 2, 1)
  (8, 5, 4, 4, 4, 4, 3, 3, 3, 3, 2, 1, 1, 1)
  (8, 5, 4, 4, 4, 4, 3, 3, 3, 3, 1, 1, 1, 1, 1)
  (8, 5, 4, 4, 4, 4, 3, 3, 3, 2, 2, 2, 2)
  (8, 5, 4, 4, 4, 4, 3, 3, 3, 2, 2, 2, 1, 1)
  (8, 5, 4, 4, 4, 4, 3, 3, 3, 2, 2, 1, 1, 1, 1)
  (8, 5, 4, 4, 4, 4, 3, 3, 3, 2, 1, 1, 1, 1, 1, 1)
  (8, 5, 4, 4, 4, 4, 3, 3, 2, 2, 2, 2, 2, 1)
  (8, 5, 4, 4, 4, 4, 3, 3, 2, 2, 2, 2, 1, 1, 1)
  (8, 5, 4, 4, 4, 4, 3, 3, 2, 2, 2, 1, 1, 1, 1, 1)
  (8, 5, 4, 4, 4, 4, 3, 2, 2, 2, 2, 2, 2, 2)
  (8, 5, 4, 4, 4, 4, 3, 2, 2, 2, 2, 2, 2, 1, 1)
  (8, 5, 4, 4, 4, 4, 3, 2, 2, 2, 2, 2, 1, 1, 1, 1)
  (8, 5, 4, 4, 4, 3, 3, 3, 3, 3, 3, 3)
  (8, 5, 4, 4, 4, 3, 3, 3, 3, 3, 3, 2, 1)
  (8, 5, 4, 4, 4, 3, 3, 3, 3, 3, 3, 1, 1, 1)
  (8, 5, 4, 4, 4, 3, 3, 3, 3, 3, 2, 2, 2)
  (8, 5, 4, 4, 4, 3, 3, 3, 3, 3, 2, 2, 1, 1)
  (8, 5, 4, 4, 4, 3, 3, 3, 3, 3, 2, 1, 1, 1, 1)
  (8, 5, 4, 4, 4, 3, 3, 3, 3, 3, 1, 1, 1, 1, 1, 1)
  (8, 5, 4, 4, 4, 3, 3, 3, 3, 2, 2, 2, 2, 1)
  (8, 5, 4, 4, 4, 3, 3, 3, 3, 2, 2, 2, 1, 1, 1)
  (8, 5, 4, 4, 4, 3, 3, 3, 3, 2, 2, 1, 1, 1, 1, 1)
  (8, 5, 4, 4, 4, 3, 3, 3, 2, 2, 2, 2, 2, 2)
  (8, 5, 4, 4, 4, 3, 3, 3, 2, 2, 2, 2, 2, 1, 1)
  (8, 5, 4, 4, 4, 3, 3, 3, 2, 2, 2, 2, 1, 1, 1, 1)
  (7, 7, 7, 7, 6, 4, 3, 2, 2, 1)
  (7, 7, 7, 7, 6, 4, 3, 2, 1, 1, 1)
  (7, 7, 7, 7, 6, 4, 2, 2, 2, 1, 1)
  (7, 7, 7, 7, 6, 3, 3, 3, 2, 1)
  (7, 7, 7, 7, 6, 3, 3, 3, 1, 1, 1)
  (7, 7, 7, 7, 6, 3, 3, 2, 2, 2)
  (7, 7, 7, 7, 6, 3, 3, 2, 1, 1, 1, 1)
  (7, 7, 7, 7, 6, 3, 2, 2, 2, 2, 1)
  (7, 7, 7, 7, 6, 3, 2, 2, 2, 1, 1, 1)
  (7, 7, 7, 7, 5, 5, 3, 2, 2, 1)
  (7, 7, 7, 7, 5, 5, 3, 2, 1, 1, 1)
  (7, 7, 7, 7, 5, 5, 2, 2, 2, 1, 1)
  (7, 7, 7, 7, 5, 4, 4, 2, 2, 1)
  (7, 7, 7, 7, 5, 4, 4, 2, 1, 1, 1)
  (7, 7, 7, 7, 5, 4, 3, 3, 2, 1)
  (7, 7, 7, 7, 5, 4, 3, 3, 1, 1, 1)
  (7, 7, 7, 7, 5, 4, 3, 2, 2, 2)
  (7, 7, 7, 7, 5, 4, 3, 2, 2, 1, 1)
  (7, 7, 7, 7, 5, 4, 3, 2, 1, 1, 1, 1)
  (7, 7, 7, 7, 5, 4, 2, 2, 2, 2, 1)
  (7, 7, 7, 7, 5, 4, 2, 2, 2, 1, 1, 1)
  (7, 7, 7, 7, 5, 3, 3, 3, 3, 1)
  (7, 7, 7, 7, 5, 3, 3, 3, 2, 2)
  (7, 7, 7, 7, 5, 3, 3, 3, 2, 1, 1)
  (7, 7, 7, 7, 5, 3, 3, 3, 1, 1, 1, 1)
  (7, 7, 7, 7, 5, 3, 3, 2, 2, 2, 1)
  (7, 7, 7, 7, 5, 3, 3, 2, 2, 1, 1, 1)
  (7, 7, 7, 7, 5, 3, 3, 2, 1, 1, 1, 1, 1)
  (7, 7, 7, 7, 5, 3, 2, 2, 2, 2, 2)
  (7, 7, 7, 7, 5, 3, 2, 2, 2, 2, 1, 1)
  (7, 7, 7, 7, 5, 3, 2, 2, 2, 1, 1, 1, 1)
  (7, 7, 7, 7, 4, 4, 4, 3, 2, 1)
  (7, 7, 7, 7, 4, 4, 4, 3, 1, 1, 1)
  (7, 7, 7, 7, 4, 4, 4, 2, 2, 2)
  (7, 7, 7, 7, 4, 4, 4, 2, 2, 1, 1)
  (7, 7, 7, 7, 4, 4, 4, 2, 1, 1, 1, 1)
  (7, 7, 7, 7, 4, 4, 3, 3, 3, 1)
  (7, 7, 7, 7, 4, 4, 3, 3, 2, 2)
  (7, 7, 7, 7, 4, 4, 3, 3, 2, 1, 1)
  (7, 7, 7, 7, 4, 4, 3, 3, 1, 1, 1, 1)
  (7, 7, 7, 7, 4, 4, 3, 2, 2, 2, 1)
  (7, 7, 7, 7, 4, 4, 3, 2, 2, 1, 1, 1)
  (7, 7, 7, 7, 4, 4, 3, 2, 1, 1, 1, 1, 1)
  (7, 7, 7, 7, 4, 4, 2, 2, 2, 2, 2)
  (7, 7, 7, 7, 4, 4, 2, 2, 2, 2, 1, 1)
  (7, 7, 7, 7, 4, 4, 2, 2, 2, 1, 1, 1, 1)
  (7, 7, 7, 7, 4, 3, 3, 3, 3, 2)
  (7, 7, 7, 7, 4, 3, 3, 3, 3, 1, 1)
  (7, 7, 7, 7, 4, 3, 3, 3, 2, 2, 1)
  (7, 7, 7, 7, 4, 3, 3, 3, 2, 1, 1, 1)
  (7, 7, 7, 7, 4, 3, 3, 3, 1, 1, 1, 1, 1)
  (7, 7, 7, 7, 4, 3, 3, 2, 2, 2, 2)
  (7, 7, 7, 7, 4, 3, 3, 2, 2, 2, 1, 1)
  (7, 7, 7, 7, 4, 3, 3, 2, 2, 1, 1, 1, 1)
  (7, 7, 7, 7, 4, 3, 3, 2, 1, 1, 1, 1, 1, 1)
  (7, 7, 7, 7, 4, 3, 2, 2, 2, 2, 2, 1)
  (7, 7, 7, 7, 4, 3, 2, 2, 2, 2, 1, 1, 1)
  (7, 7, 7, 7, 4, 3, 2, 2, 2, 1, 1, 1, 1, 1)
  (7, 7, 7, 7, 3, 3, 3, 3, 3, 2, 1)
  (7, 7, 7, 7, 3, 3, 3, 3, 3, 1, 1, 1)
  (7, 7, 7, 7, 3, 3, 3, 3, 2, 2, 2)
  (7, 7, 7, 7, 3, 3, 3, 3, 2, 2, 1, 1)
  (7, 7, 7, 7, 3, 3, 3, 3, 2, 1, 1, 1, 1)
  (7, 7, 7, 7, 3, 3, 3, 2, 2, 2, 2, 1)
  (7, 7, 7, 7, 3, 3, 3, 2, 2, 2, 1, 1, 1)
  (7, 7, 7, 7, 3, 3, 3, 2, 2, 1, 1, 1, 1, 1)
  (7, 7, 7, 6, 6, 5, 3, 2, 2, 1)
  (7, 7, 7, 6, 6, 5, 3, 2, 1, 1, 1)
  (7, 7, 7, 6, 6, 5, 2, 2, 2, 1, 1)
  (7, 7, 7, 6, 6, 4, 4, 2, 2, 1)
  (7, 7, 7, 6, 6, 4, 4, 2, 1, 1, 1)
  (7, 7, 7, 6, 6, 4, 3, 3, 2, 1)
  (7, 7, 7, 6, 6, 4, 3, 3, 1, 1, 1)
  (7, 7, 7, 6, 6, 4, 3, 2, 2, 2)
  (7, 7, 7, 6, 6, 4, 3, 2, 2, 1, 1)
  (7, 7, 7, 6, 6, 4, 3, 2, 1, 1, 1, 1)
  (7, 7, 7, 6, 6, 4, 2, 2, 2, 2, 1)
  (7, 7, 7, 6, 6, 4, 2, 2, 2, 1, 1, 1)
  (7, 7, 7, 6, 6, 3, 3, 3, 3, 1)
  (7, 7, 7, 6, 6, 3, 3, 3, 2, 2)
  (7, 7, 7, 6, 6, 3, 3, 3, 2, 1, 1)
  (7, 7, 7, 6, 6, 3, 3, 3, 1, 1, 1, 1)
  (7, 7, 7, 6, 6, 3, 3, 2, 2, 2, 1)
  (7, 7, 7, 6, 6, 3, 3, 2, 2, 1, 1, 1)
  (7, 7, 7, 6, 6, 3, 3, 2, 1, 1, 1, 1, 1)
  (7, 7, 7, 6, 6, 3, 2, 2, 2, 2, 2)
  (7, 7, 7, 6, 6, 3, 2, 2, 2, 2, 1, 1)
  (7, 7, 7, 6, 6, 3, 2, 2, 2, 1, 1, 1, 1)
  (7, 7, 7, 6, 5, 5, 4, 2, 2, 1)
  (7, 7, 7, 6, 5, 5, 4, 2, 1, 1, 1)
  (7, 7, 7, 6, 5, 5, 3, 3, 2, 1)
  (7, 7, 7, 6, 5, 5, 3, 3, 1, 1, 1)
  (7, 7, 7, 6, 5, 5, 3, 2, 2, 2)
  (7, 7, 7, 6, 5, 5, 3, 2, 2, 1, 1)
  (7, 7, 7, 6, 5, 5, 3, 2, 1, 1, 1, 1)
  (7, 7, 7, 6, 5, 5, 2, 2, 2, 2, 1)
  (7, 7, 7, 6, 5, 5, 2, 2, 2, 1, 1, 1)
  (7, 7, 7, 6, 5, 4, 4, 3, 2, 1)
  (7, 7, 7, 6, 5, 4, 4, 3, 1, 1, 1)
  (7, 7, 7, 6, 5, 4, 4, 2, 2, 2)
  (7, 7, 7, 6, 5, 4, 4, 2, 2, 1, 1)
  (7, 7, 7, 6, 5, 4, 4, 2, 1, 1, 1, 1)
  (7, 7, 7, 6, 5, 4, 3, 3, 3, 1)
  (7, 7, 7, 6, 5, 4, 3, 3, 2, 2)
  (7, 7, 7, 6, 5, 4, 3, 3, 2, 1, 1)
  (7, 7, 7, 6, 5, 4, 3, 3, 1, 1, 1, 1)
  (7, 7, 7, 6, 5, 4, 3, 2, 2, 2, 1)
  (7, 7, 7, 6, 5, 4, 3, 2, 2, 1, 1, 1)
  (7, 7, 7, 6, 5, 4, 3, 2, 1, 1, 1, 1, 1)
  (7, 7, 7, 6, 5, 4, 2, 2, 2, 2, 2)
  (7, 7, 7, 6, 5, 4, 2, 2, 2, 2, 1, 1)
  (7, 7, 7, 6, 5, 4, 2, 2, 2, 1, 1, 1, 1)
  (7, 7, 7, 6, 5, 3, 3, 3, 3, 2)
  (7, 7, 7, 6, 5, 3, 3, 3, 3, 1, 1)
  (7, 7, 7, 6, 5, 3, 3, 3, 2, 2, 1)
  (7, 7, 7, 6, 5, 3, 3, 3, 2, 1, 1, 1)
  (7, 7, 7, 6, 5, 3, 3, 3, 1, 1, 1, 1, 1)
  (7, 7, 7, 6, 5, 3, 3, 2, 2, 2, 2)
  (7, 7, 7, 6, 5, 3, 3, 2, 2, 2, 1, 1)
  (7, 7, 7, 6, 5, 3, 3, 2, 2, 1, 1, 1, 1)
  (7, 7, 7, 6, 5, 3, 3, 2, 1, 1, 1, 1, 1, 1)
  (7, 7, 7, 6, 5, 3, 2, 2, 2, 2, 2, 1)
  (7, 7, 7, 6, 5, 3, 2, 2, 2, 2, 1, 1, 1)
  (7, 7, 7, 6, 5, 3, 2, 2, 2, 1, 1, 1, 1, 1)
  (7, 7, 7, 6, 4, 4, 4, 4, 2, 1)
  (7, 7, 7, 6, 4, 4, 4, 4, 1, 1, 1)
  (7, 7, 7, 6, 4, 4, 4, 3, 3, 1)
  (7, 7, 7, 6, 4, 4, 4, 3, 2, 2)
  (7, 7, 7, 6, 4, 4, 4, 3, 2, 1, 1)
  (7, 7, 7, 6, 4, 4, 4, 3, 1, 1, 1, 1)
  (7, 7, 7, 6, 4, 4, 4, 2, 2, 2, 1)
  (7, 7, 7, 6, 4, 4, 4, 2, 2, 1, 1, 1)
  (7, 7, 7, 6, 4, 4, 4, 2, 1, 1, 1, 1, 1)
  (7, 7, 7, 6, 4, 4, 3, 3, 3, 2)
  (7, 7, 7, 6, 4, 4, 3, 3, 3, 1, 1)
  (7, 7, 7, 6, 4, 4, 3, 3, 2, 2, 1)
  (7, 7, 7, 6, 4, 4, 3, 3, 2, 1, 1, 1)
  (7, 7, 7, 6, 4, 4, 3, 3, 1, 1, 1, 1, 1)
  (7, 7, 7, 6, 4, 4, 3, 2, 2, 2, 2)
  (7, 7, 7, 6, 4, 4, 3, 2, 2, 2, 1, 1)
  (7, 7, 7, 6, 4, 4, 3, 2, 2, 1, 1, 1, 1)
  (7, 7, 7, 6, 4, 4, 3, 2, 1, 1, 1, 1, 1, 1)
  (7, 7, 7, 6, 4, 4, 2, 2, 2, 2, 2, 1)
  (7, 7, 7, 6, 4, 4, 2, 2, 2, 2, 1, 1, 1)
  (7, 7, 7, 6, 4, 4, 2, 2, 2, 1, 1, 1, 1, 1)
  (7, 7, 7, 6, 4, 3, 3, 3, 3, 3)
  (7, 7, 7, 6, 4, 3, 3, 3, 3, 2, 1)
  (7, 7, 7, 6, 4, 3, 3, 3, 3, 1, 1, 1)
  (7, 7, 7, 6, 4, 3, 3, 3, 2, 2, 2)
  (7, 7, 7, 6, 4, 3, 3, 3, 2, 2, 1, 1)
  (7, 7, 7, 6, 4, 3, 3, 3, 2, 1, 1, 1, 1)
  (7, 7, 7, 6, 4, 3, 3, 3, 1, 1, 1, 1, 1, 1)
  (7, 7, 7, 6, 4, 3, 3, 2, 2, 2, 2, 1)
  (7, 7, 7, 6, 4, 3, 3, 2, 2, 2, 1, 1, 1)
  (7, 7, 7, 6, 4, 3, 3, 2, 2, 1, 1, 1, 1, 1)
  (7, 7, 7, 6, 4, 3, 3, 2, 1, 1, 1, 1, 1, 1, 1)
  (7, 7, 7, 6, 4, 3, 2, 2, 2, 2, 2, 2)
  (7, 7, 7, 6, 4, 3, 2, 2, 2, 2, 2, 1, 1)
  (7, 7, 7, 6, 4, 3, 2, 2, 2, 2, 1, 1, 1, 1)
  (7, 7, 7, 6, 4, 3, 2, 2, 2, 1, 1, 1, 1, 1, 1)
  (7, 7, 7, 6, 3, 3, 3, 3, 3, 3, 1)
  (7, 7, 7, 6, 3, 3, 3, 3, 3, 2, 2)
  (7, 7, 7, 6, 3, 3, 3, 3, 3, 2, 1, 1)
  (7, 7, 7, 6, 3, 3, 3, 3, 3, 1, 1, 1, 1)
  (7, 7, 7, 6, 3, 3, 3, 3, 2, 2, 2, 1)
  (7, 7, 7, 6, 3, 3, 3, 3, 2, 2, 1, 1, 1)
  (7, 7, 7, 6, 3, 3, 3, 3, 2, 1, 1, 1, 1, 1)
  (7, 7, 7, 6, 3, 3, 3, 2, 2, 2, 2, 2)
  (7, 7, 7, 6, 3, 3, 3, 2, 2, 2, 2, 1, 1)
  (7, 7, 7, 6, 3, 3, 3, 2, 2, 2, 1, 1, 1, 1)
  (7, 7, 7, 6, 3, 3, 3, 2, 2, 1, 1, 1, 1, 1, 1)
  (7, 7, 7, 5, 5, 5, 5, 2, 2, 1)
  (7, 7, 7, 5, 5, 5, 5, 2, 1, 1, 1)
  (7, 7, 7, 5, 5, 5, 4, 3, 2, 1)
  (7, 7, 7, 5, 5, 5, 4, 3, 1, 1, 1)
  (7, 7, 7, 5, 5, 5, 4, 2, 2, 2)
  (7, 7, 7, 5, 5, 5, 4, 2, 2, 1, 1)
  (7, 7, 7, 5, 5, 5, 4, 2, 1, 1, 1, 1)
  (7, 7, 7, 5, 5, 5, 3, 3, 3, 1)
  (7, 7, 7, 5, 5, 5, 3, 3, 2, 2)
  (7, 7, 7, 5, 5, 5, 3, 3, 2, 1, 1)
  (7, 7, 7, 5, 5, 5, 3, 3, 1, 1, 1, 1)
  (7, 7, 7, 5, 5, 5, 3, 2, 2, 2, 1)
  (7, 7, 7, 5, 5, 5, 3, 2, 2, 1, 1, 1)
  (7, 7, 7, 5, 5, 5, 3, 2, 1, 1, 1, 1, 1)
  (7, 7, 7, 5, 5, 5, 2, 2, 2, 2, 2)
  (7, 7, 7, 5, 5, 5, 2, 2, 2, 2, 1, 1)
  (7, 7, 7, 5, 5, 5, 2, 2, 2, 1, 1, 1, 1)
  (7, 7, 7, 5, 5, 4, 4, 4, 2, 1)
  (7, 7, 7, 5, 5, 4, 4, 4, 1, 1, 1)
  (7, 7, 7, 5, 5, 4, 4, 3, 3, 1)
  (7, 7, 7, 5, 5, 4, 4, 3, 2, 2)
  (7, 7, 7, 5, 5, 4, 4, 3, 2, 1, 1)
  (7, 7, 7, 5, 5, 4, 4, 3, 1, 1, 1, 1)
  (7, 7, 7, 5, 5, 4, 4, 2, 2, 2, 1)
  (7, 7, 7, 5, 5, 4, 4, 2, 2, 1, 1, 1)
  (7, 7, 7, 5, 5, 4, 4, 2, 1, 1, 1, 1, 1)
  (7, 7, 7, 5, 5, 4, 3, 3, 3, 2)
  (7, 7, 7, 5, 5, 4, 3, 3, 3, 1, 1)
  (7, 7, 7, 5, 5, 4, 3, 3, 2, 2, 1)
  (7, 7, 7, 5, 5, 4, 3, 3, 2, 1, 1, 1)
  (7, 7, 7, 5, 5, 4, 3, 3, 1, 1, 1, 1, 1)
  (7, 7, 7, 5, 5, 4, 3, 2, 2, 2, 2)
  (7, 7, 7, 5, 5, 4, 3, 2, 2, 2, 1, 1)
  (7, 7, 7, 5, 5, 4, 3, 2, 2, 1, 1, 1, 1)
  (7, 7, 7, 5, 5, 4, 3, 2, 1, 1, 1, 1, 1, 1)
  (7, 7, 7, 5, 5, 4, 2, 2, 2, 2, 2, 1)
  (7, 7, 7, 5, 5, 4, 2, 2, 2, 2, 1, 1, 1)
  (7, 7, 7, 5, 5, 4, 2, 2, 2, 1, 1, 1, 1, 1)
  (7, 7, 7, 5, 5, 3, 3, 3, 3, 3)
  (7, 7, 7, 5, 5, 3, 3, 3, 3, 2, 1)
  (7, 7, 7, 5, 5, 3, 3, 3, 3, 1, 1, 1)
  (7, 7, 7, 5, 5, 3, 3, 3, 2, 2, 2)
  (7, 7, 7, 5, 5, 3, 3, 3, 2, 2, 1, 1)
  (7, 7, 7, 5, 5, 3, 3, 3, 2, 1, 1, 1, 1)
  (7, 7, 7, 5, 5, 3, 3, 3, 1, 1, 1, 1, 1, 1)
  (7, 7, 7, 5, 5, 3, 3, 2, 2, 2, 2, 1)
  (7, 7, 7, 5, 5, 3, 3, 2, 2, 2, 1, 1, 1)
  (7, 7, 7, 5, 5, 3, 3, 2, 2, 1, 1, 1, 1, 1)
  (7, 7, 7, 5, 5, 3, 3, 2, 1, 1, 1, 1, 1, 1, 1)
  (7, 7, 7, 5, 5, 3, 2, 2, 2, 2, 2, 2)
  (7, 7, 7, 5, 5, 3, 2, 2, 2, 2, 2, 1, 1)
  (7, 7, 7, 5, 5, 3, 2, 2, 2, 2, 1, 1, 1, 1)
  (7, 7, 7, 5, 5, 3, 2, 2, 2, 1, 1, 1, 1, 1, 1)
  (7, 7, 7, 5, 4, 4, 4, 4, 3, 1)
  (7, 7, 7, 5, 4, 4, 4, 4, 2, 2)
  (7, 7, 7, 5, 4, 4, 4, 4, 2, 1, 1)
  (7, 7, 7, 5, 4, 4, 4, 4, 1, 1, 1, 1)
  (7, 7, 7, 5, 4, 4, 4, 3, 3, 2)
  (7, 7, 7, 5, 4, 4, 4, 3, 3, 1, 1)
  (7, 7, 7, 5, 4, 4, 4, 3, 2, 2, 1)
  (7, 7, 7, 5, 4, 4, 4, 3, 2, 1, 1, 1)
  (7, 7, 7, 5, 4, 4, 4, 3, 1, 1, 1, 1, 1)
  (7, 7, 7, 5, 4, 4, 4, 2, 2, 2, 2)
  (7, 7, 7, 5, 4, 4, 4, 2, 2, 2, 1, 1)
  (7, 7, 7, 5, 4, 4, 4, 2, 2, 1, 1, 1, 1)
  (7, 7, 7, 5, 4, 4, 4, 2, 1, 1, 1, 1, 1, 1)
  (7, 7, 7, 5, 4, 4, 3, 3, 3, 3)
  (7, 7, 7, 5, 4, 4, 3, 3, 3, 2, 1)
  (7, 7, 7, 5, 4, 4, 3, 3, 3, 1, 1, 1)
  (7, 7, 7, 5, 4, 4, 3, 3, 2, 2, 2)
  (7, 7, 7, 5, 4, 4, 3, 3, 2, 2, 1, 1)
  (7, 7, 7, 5, 4, 4, 3, 3, 2, 1, 1, 1, 1)
  (7, 7, 7, 5, 4, 4, 3, 3, 1, 1, 1, 1, 1, 1)
  (7, 7, 7, 5, 4, 4, 3, 2, 2, 2, 2, 1)
  (7, 7, 7, 5, 4, 4, 3, 2, 2, 2, 1, 1, 1)
  (7, 7, 7, 5, 4, 4, 3, 2, 2, 1, 1, 1, 1, 1)
  (7, 7, 7, 5, 4, 4, 3, 2, 1, 1, 1, 1, 1, 1, 1)
  (7, 7, 7, 5, 4, 4, 2, 2, 2, 2, 2, 2)
  (7, 7, 7, 5, 4, 4, 2, 2, 2, 2, 2, 1, 1)
  (7, 7, 7, 5, 4, 4, 2, 2, 2, 2, 1, 1, 1, 1)
  (7, 7, 7, 5, 4, 4, 2, 2, 2, 1, 1, 1, 1, 1, 1)
  (7, 7, 7, 5, 4, 3, 3, 3, 3, 3, 1)
  (7, 7, 7, 5, 4, 3, 3, 3, 3, 2, 2)
  (7, 7, 7, 5, 4, 3, 3, 3, 3, 2, 1, 1)
  (7, 7, 7, 5, 4, 3, 3, 3, 3, 1, 1, 1, 1)
  (7, 7, 7, 5, 4, 3, 3, 3, 2, 2, 2, 1)
  (7, 7, 7, 5, 4, 3, 3, 3, 2, 2, 1, 1, 1)
  (7, 7, 7, 5, 4, 3, 3, 3, 2, 1, 1, 1, 1, 1)
  (7, 7, 7, 5, 4, 3, 3, 3, 1, 1, 1, 1, 1, 1, 1)
  (7, 7, 7, 5, 4, 3, 3, 2, 2, 2, 2, 2)
  (7, 7, 7, 5, 4, 3, 3, 2, 2, 2, 2, 1, 1)
  (7, 7, 7, 5, 4, 3, 3, 2, 2, 2, 1, 1, 1, 1)
  (7, 7, 7, 5, 4, 3, 3, 2, 2, 1, 1, 1, 1, 1, 1)
  (7, 7, 7, 5, 4, 3, 3, 2, 1, 1, 1, 1, 1, 1, 1, 1)
  (7, 7, 7, 5, 4, 3, 2, 2, 2, 2, 2, 2, 1)
  (7, 7, 7, 5, 4, 3, 2, 2, 2, 2, 2, 1, 1, 1)
  (7, 7, 7, 5, 4, 3, 2, 2, 2, 2, 1, 1, 1, 1, 1)
  (7, 7, 7, 5, 4, 3, 2, 2, 2, 1, 1, 1, 1, 1, 1, 1)
  (7, 7, 7, 5, 3, 3, 3, 3, 3, 3, 2)
  (7, 7, 7, 5, 3, 3, 3, 3, 3, 3, 1, 1)
  (7, 7, 7, 5, 3, 3, 3, 3, 3, 2, 2, 1)
  (7, 7, 7, 5, 3, 3, 3, 3, 3, 2, 1, 1, 1)
  (7, 7, 7, 5, 3, 3, 3, 3, 3, 1, 1, 1, 1, 1)
  (7, 7, 7, 5, 3, 3, 3, 3, 2, 2, 2, 2)
  (7, 7, 7, 5, 3, 3, 3, 3, 2, 2, 2, 1, 1)
  (7, 7, 7, 5, 3, 3, 3, 3, 2, 2, 1, 1, 1, 1)
  (7, 7, 7, 5, 3, 3, 3, 3, 2, 1, 1, 1, 1, 1, 1)
  (7, 7, 7, 5, 3, 3, 3, 2, 2, 2, 2, 2, 1)
  (7, 7, 7, 5, 3, 3, 3, 2, 2, 2, 2, 1, 1, 1)
  (7, 7, 7, 5, 3, 3, 3, 2, 2, 2, 1, 1, 1, 1, 1)
  (7, 7, 7, 5, 3, 3, 3, 2, 2, 1, 1, 1, 1, 1, 1, 1)
  (7, 7, 7, 4, 4, 4, 4, 4, 4, 1)
  (7, 7, 7, 4, 4, 4, 4, 4, 3, 2)
  (7, 7, 7, 4, 4, 4, 4, 4, 3, 1, 1)
  (7, 7, 7, 4, 4, 4, 4, 4, 2, 2, 1)
  (7, 7, 7, 4, 4, 4, 4, 4, 2, 1, 1, 1)
  (7, 7, 7, 4, 4, 4, 4, 4, 1, 1, 1, 1, 1)
  (7, 7, 7, 4, 4, 4, 4, 3, 3, 3)
  (7, 7, 7, 4, 4, 4, 4, 3, 3, 2, 1)
  (7, 7, 7, 4, 4, 4, 4, 3, 3, 1, 1, 1)
  (7, 7, 7, 4, 4, 4, 4, 3, 2, 2, 2)
  (7, 7, 7, 4, 4, 4, 4, 3, 2, 2, 1, 1)
  (7, 7, 7, 4, 4, 4, 4, 3, 2, 1, 1, 1, 1)
  (7, 7, 7, 4, 4, 4, 4, 3, 1, 1, 1, 1, 1, 1)
  (7, 7, 7, 4, 4, 4, 4, 2, 2, 2, 2, 1)
  (7, 7, 7, 4, 4, 4, 4, 2, 2, 2, 1, 1, 1)
  (7, 7, 7, 4, 4, 4, 4, 2, 2, 1, 1, 1, 1, 1)
  (7, 7, 7, 4, 4, 4, 4, 2, 1, 1, 1, 1, 1, 1, 1)
  (7, 7, 7, 4, 4, 4, 3, 3, 3, 3, 1)
  (7, 7, 7, 4, 4, 4, 3, 3, 3, 2, 2)
  (7, 7, 7, 4, 4, 4, 3, 3, 3, 2, 1, 1)
  (7, 7, 7, 4, 4, 4, 3, 3, 3, 1, 1, 1, 1)
  (7, 7, 7, 4, 4, 4, 3, 3, 2, 2, 2, 1)
  (7, 7, 7, 4, 4, 4, 3, 3, 2, 2, 1, 1, 1)
  (7, 7, 7, 4, 4, 4, 3, 3, 2, 1, 1, 1, 1, 1)
  (7, 7, 7, 4, 4, 4, 3, 3, 1, 1, 1, 1, 1, 1, 1)
  (7, 7, 7, 4, 4, 4, 3, 2, 2, 2, 2, 2)
  (7, 7, 7, 4, 4, 4, 3, 2, 2, 2, 2, 1, 1)
  (7, 7, 7, 4, 4, 4, 3, 2, 2, 2, 1, 1, 1, 1)
  (7, 7, 7, 4, 4, 4, 3, 2, 2, 1, 1, 1, 1, 1, 1)
  (7, 7, 7, 4, 4, 4, 3, 2, 1, 1, 1, 1, 1, 1, 1, 1)
  (7, 7, 7, 4, 4, 4, 2, 2, 2, 2, 2, 2, 1)
  (7, 7, 7, 4, 4, 4, 2, 2, 2, 2, 2, 1, 1, 1)
  (7, 7, 7, 4, 4, 4, 2, 2, 2, 2, 1, 1, 1, 1, 1)
  (7, 7, 7, 4, 4, 4, 2, 2, 2, 1, 1, 1, 1, 1, 1, 1)
  (7, 7, 7, 4, 4, 3, 3, 3, 3, 3, 2)
  (7, 7, 7, 4, 4, 3, 3, 3, 3, 3, 1, 1)
  (7, 7, 7, 4, 4, 3, 3, 3, 3, 2, 2, 1)
  (7, 7, 7, 4, 4, 3, 3, 3, 3, 2, 1, 1, 1)
  (7, 7, 7, 4, 4, 3, 3, 3, 3, 1, 1, 1, 1, 1)
  (7, 7, 7, 4, 4, 3, 3, 3, 2, 2, 2, 2)
  (7, 7, 7, 4, 4, 3, 3, 3, 2, 2, 2, 1, 1)
  (7, 7, 7, 4, 4, 3, 3, 3, 2, 2, 1, 1, 1, 1)
  (7, 7, 7, 4, 4, 3, 3, 3, 2, 1, 1, 1, 1, 1, 1)
  (7, 7, 7, 4, 4, 3, 3, 3, 1, 1, 1, 1, 1, 1, 1, 1)
  (7, 7, 7, 4, 4, 3, 3, 2, 2, 2, 2, 2, 1)
  (7, 7, 7, 4, 4, 3, 3, 2, 2, 2, 2, 1, 1, 1)
  (7, 7, 7, 4, 4, 3, 3, 2, 2, 2, 1, 1, 1, 1, 1)
  (7, 7, 7, 4, 4, 3, 2, 2, 2, 2, 2, 2, 2)
  (7, 7, 7, 4, 4, 3, 2, 2, 2, 2, 2, 2, 1, 1)
  (7, 7, 7, 4, 4, 3, 2, 2, 2, 2, 2, 1, 1, 1, 1)
  (7, 7, 7, 4, 4, 3, 2, 2, 2, 2, 1, 1, 1, 1, 1, 1)
  (7, 7, 7, 4, 3, 3, 3, 3, 3, 3, 3)
  (7, 7, 7, 4, 3, 3, 3, 3, 3, 3, 2, 1)
  (7, 7, 7, 4, 3, 3, 3, 3, 3, 3, 1, 1, 1)
  (7, 7, 7, 4, 3, 3, 3, 3, 3, 2, 2, 2)
  (7, 7, 7, 4, 3, 3, 3, 3, 3, 2, 2, 1, 1)
  (7, 7, 7, 4, 3, 3, 3, 3, 3, 2, 1, 1, 1, 1)
  (7, 7, 7, 4, 3, 3, 3, 3, 3, 1, 1, 1, 1, 1, 1)
  (7, 7, 7, 4, 3, 3, 3, 3, 2, 2, 2, 2, 1)
  (7, 7, 7, 4, 3, 3, 3, 3, 2, 2, 2, 1, 1, 1)
  (7, 7, 7, 4, 3, 3, 3, 3, 2, 2, 1, 1, 1, 1, 1)
  (7, 7, 7, 4, 3, 3, 3, 3, 2, 1, 1, 1, 1, 1, 1, 1)
  (7, 7, 7, 4, 3, 3, 3, 2, 2, 2, 2, 2, 2)
  (7, 7, 7, 4, 3, 3, 3, 2, 2, 2, 2, 2, 1, 1)
  (7, 7, 7, 4, 3, 3, 3, 2, 2, 2, 2, 1, 1, 1, 1)
  (7, 7, 7, 4, 3, 3, 3, 2, 2, 2, 1, 1, 1, 1, 1, 1)
  (7, 7, 6, 6, 6, 6, 3, 2, 2, 1)
  (7, 7, 6, 6, 6, 6, 3, 2, 1, 1, 1)
  (7, 7, 6, 6, 6, 6, 2, 2, 2, 1, 1)
  (7, 7, 6, 6, 6, 5, 4, 2, 2, 1)
  (7, 7, 6, 6, 6, 5, 4, 2, 1, 1, 1)
  (7, 7, 6, 6, 6, 5, 3, 3, 2, 1)
  (7, 7, 6, 6, 6, 5, 3, 3, 1, 1, 1)
  (7, 7, 6, 6, 6, 5, 3, 2, 2, 2)
  (7, 7, 6, 6, 6, 5, 3, 2, 2, 1, 1)
  (7, 7, 6, 6, 6, 5, 3, 2, 1, 1, 1, 1)
  (7, 7, 6, 6, 6, 5, 2, 2, 2, 2, 1)
  (7, 7, 6, 6, 6, 5, 2, 2, 2, 1, 1, 1)
  (7, 7, 6, 6, 6, 4, 4, 3, 2, 1)
  (7, 7, 6, 6, 6, 4, 4, 3, 1, 1, 1)
  (7, 7, 6, 6, 6, 4, 4, 2, 2, 2)
  (7, 7, 6, 6, 6, 4, 4, 2, 2, 1, 1)
  (7, 7, 6, 6, 6, 4, 4, 2, 1, 1, 1, 1)
  (7, 7, 6, 6, 6, 4, 3, 3, 3, 1)
  (7, 7, 6, 6, 6, 4, 3, 3, 2, 2)
  (7, 7, 6, 6, 6, 4, 3, 3, 2, 1, 1)
  (7, 7, 6, 6, 6, 4, 3, 3, 1, 1, 1, 1)
  (7, 7, 6, 6, 6, 4, 3, 2, 2, 2, 1)
  (7, 7, 6, 6, 6, 4, 3, 2, 2, 1, 1, 1)
  (7, 7, 6, 6, 6, 4, 3, 2, 1, 1, 1, 1, 1)
  (7, 7, 6, 6, 6, 4, 2, 2, 2, 2, 2)
  (7, 7, 6, 6, 6, 4, 2, 2, 2, 2, 1, 1)
  (7, 7, 6, 6, 6, 4, 2, 2, 2, 1, 1, 1, 1)
  (7, 7, 6, 6, 6, 3, 3, 3, 3, 2)
  (7, 7, 6, 6, 6, 3, 3, 3, 3, 1, 1)
  (7, 7, 6, 6, 6, 3, 3, 3, 2, 2, 1)
  (7, 7, 6, 6, 6, 3, 3, 3, 2, 1, 1, 1)
  (7, 7, 6, 6, 6, 3, 3, 3, 1, 1, 1, 1, 1)
  (7, 7, 6, 6, 6, 3, 3, 2, 2, 2, 2)
  (7, 7, 6, 6, 6, 3, 3, 2, 2, 2, 1, 1)
  (7, 7, 6, 6, 6, 3, 3, 2, 2, 1, 1, 1, 1)
  (7, 7, 6, 6, 6, 3, 3, 2, 1, 1, 1, 1, 1, 1)
  (7, 7, 6, 6, 6, 3, 2, 2, 2, 2, 2, 1)
  (7, 7, 6, 6, 6, 3, 2, 2, 2, 2, 1, 1, 1)
  (7, 7, 6, 6, 6, 3, 2, 2, 2, 1, 1, 1, 1, 1)
  (7, 7, 6, 6, 5, 5, 5, 2, 2, 1)
  (7, 7, 6, 6, 5, 5, 5, 2, 1, 1, 1)
  (7, 7, 6, 6, 5, 5, 4, 3, 2, 1)
  (7, 7, 6, 6, 5, 5, 4, 3, 1, 1, 1)
  (7, 7, 6, 6, 5, 5, 4, 2, 2, 2)
  (7, 7, 6, 6, 5, 5, 4, 2, 2, 1, 1)
  (7, 7, 6, 6, 5, 5, 4, 2, 1, 1, 1, 1)
  (7, 7, 6, 6, 5, 5, 3, 3, 3, 1)
  (7, 7, 6, 6, 5, 5, 3, 3, 2, 2)
  (7, 7, 6, 6, 5, 5, 3, 3, 2, 1, 1)
  (7, 7, 6, 6, 5, 5, 3, 3, 1, 1, 1, 1)
  (7, 7, 6, 6, 5, 5, 3, 2, 2, 2, 1)
  (7, 7, 6, 6, 5, 5, 3, 2, 2, 1, 1, 1)
  (7, 7, 6, 6, 5, 5, 3, 2, 1, 1, 1, 1, 1)
  (7, 7, 6, 6, 5, 5, 2, 2, 2, 2, 2)
  (7, 7, 6, 6, 5, 5, 2, 2, 2, 2, 1, 1)
  (7, 7, 6, 6, 5, 5, 2, 2, 2, 1, 1, 1, 1)
  (7, 7, 6, 6, 5, 4, 4, 4, 2, 1)
  (7, 7, 6, 6, 5, 4, 4, 4, 1, 1, 1)
  (7, 7, 6, 6, 5, 4, 4, 3, 3, 1)
  (7, 7, 6, 6, 5, 4, 4, 3, 2, 2)
  (7, 7, 6, 6, 5, 4, 4, 3, 2, 1, 1)
  (7, 7, 6, 6, 5, 4, 4, 3, 1, 1, 1, 1)
  (7, 7, 6, 6, 5, 4, 4, 2, 2, 2, 1)
  (7, 7, 6, 6, 5, 4, 4, 2, 2, 1, 1, 1)
  (7, 7, 6, 6, 5, 4, 4, 2, 1, 1, 1, 1, 1)
  (7, 7, 6, 6, 5, 4, 3, 3, 3, 2)
  (7, 7, 6, 6, 5, 4, 3, 3, 3, 1, 1)
  (7, 7, 6, 6, 5, 4, 3, 3, 2, 2, 1)
  (7, 7, 6, 6, 5, 4, 3, 3, 2, 1, 1, 1)
  (7, 7, 6, 6, 5, 4, 3, 3, 1, 1, 1, 1, 1)
  (7, 7, 6, 6, 5, 4, 3, 2, 2, 2, 2)
  (7, 7, 6, 6, 5, 4, 3, 2, 2, 2, 1, 1)
  (7, 7, 6, 6, 5, 4, 3, 2, 2, 1, 1, 1, 1)
  (7, 7, 6, 6, 5, 4, 3, 2, 1, 1, 1, 1, 1, 1)
  (7, 7, 6, 6, 5, 4, 2, 2, 2, 2, 2, 1)
  (7, 7, 6, 6, 5, 4, 2, 2, 2, 2, 1, 1, 1)
  (7, 7, 6, 6, 5, 4, 2, 2, 2, 1, 1, 1, 1, 1)
  (7, 7, 6, 6, 5, 3, 3, 3, 3, 3)
  (7, 7, 6, 6, 5, 3, 3, 3, 3, 2, 1)
  (7, 7, 6, 6, 5, 3, 3, 3, 3, 1, 1, 1)
  (7, 7, 6, 6, 5, 3, 3, 3, 2, 2, 2)
  (7, 7, 6, 6, 5, 3, 3, 3, 2, 2, 1, 1)
  (7, 7, 6, 6, 5, 3, 3, 3, 2, 1, 1, 1, 1)
  (7, 7, 6, 6, 5, 3, 3, 3, 1, 1, 1, 1, 1, 1)
  (7, 7, 6, 6, 5, 3, 3, 2, 2, 2, 2, 1)
  (7, 7, 6, 6, 5, 3, 3, 2, 2, 2, 1, 1, 1)
  (7, 7, 6, 6, 5, 3, 3, 2, 2, 1, 1, 1, 1, 1)
  (7, 7, 6, 6, 5, 3, 3, 2, 1, 1, 1, 1, 1, 1, 1)
  (7, 7, 6, 6, 5, 3, 2, 2, 2, 2, 2, 2)
  (7, 7, 6, 6, 5, 3, 2, 2, 2, 2, 2, 1, 1)
  (7, 7, 6, 6, 5, 3, 2, 2, 2, 2, 1, 1, 1, 1)
  (7, 7, 6, 6, 5, 3, 2, 2, 2, 1, 1, 1, 1, 1, 1)
  (7, 7, 6, 6, 4, 4, 4, 4, 3, 1)
  (7, 7, 6, 6, 4, 4, 4, 4, 2, 2)
  (7, 7, 6, 6, 4, 4, 4, 4, 2, 1, 1)
  (7, 7, 6, 6, 4, 4, 4, 4, 1, 1, 1, 1)
  (7, 7, 6, 6, 4, 4, 4, 3, 3, 2)
  (7, 7, 6, 6, 4, 4, 4, 3, 3, 1, 1)
  (7, 7, 6, 6, 4, 4, 4, 3, 2, 2, 1)
  (7, 7, 6, 6, 4, 4, 4, 3, 2, 1, 1, 1)
  (7, 7, 6, 6, 4, 4, 4, 3, 1, 1, 1, 1, 1)
  (7, 7, 6, 6, 4, 4, 4, 2, 2, 2, 2)
  (7, 7, 6, 6, 4, 4, 4, 2, 2, 2, 1, 1)
  (7, 7, 6, 6, 4, 4, 4, 2, 2, 1, 1, 1, 1)
  (7, 7, 6, 6, 4, 4, 4, 2, 1, 1, 1, 1, 1, 1)
  (7, 7, 6, 6, 4, 4, 3, 3, 3, 3)
  (7, 7, 6, 6, 4, 4, 3, 3, 3, 2, 1)
  (7, 7, 6, 6, 4, 4, 3, 3, 3, 1, 1, 1)
  (7, 7, 6, 6, 4, 4, 3, 3, 2, 2, 2)
  (7, 7, 6, 6, 4, 4, 3, 3, 2, 2, 1, 1)
  (7, 7, 6, 6, 4, 4, 3, 3, 2, 1, 1, 1, 1)
  (7, 7, 6, 6, 4, 4, 3, 3, 1, 1, 1, 1, 1, 1)
  (7, 7, 6, 6, 4, 4, 3, 2, 2, 2, 2, 1)
  (7, 7, 6, 6, 4, 4, 3, 2, 2, 2, 1, 1, 1)
  (7, 7, 6, 6, 4, 4, 3, 2, 2, 1, 1, 1, 1, 1)
  (7, 7, 6, 6, 4, 4, 3, 2, 1, 1, 1, 1, 1, 1, 1)
  (7, 7, 6, 6, 4, 4, 2, 2, 2, 2, 2, 2)
  (7, 7, 6, 6, 4, 4, 2, 2, 2, 2, 2, 1, 1)
  (7, 7, 6, 6, 4, 4, 2, 2, 2, 2, 1, 1, 1, 1)
  (7, 7, 6, 6, 4, 4, 2, 2, 2, 1, 1, 1, 1, 1, 1)
  (7, 7, 6, 6, 4, 3, 3, 3, 3, 3, 1)
  (7, 7, 6, 6, 4, 3, 3, 3, 3, 2, 2)
  (7, 7, 6, 6, 4, 3, 3, 3, 3, 2, 1, 1)
  (7, 7, 6, 6, 4, 3, 3, 3, 3, 1, 1, 1, 1)
  (7, 7, 6, 6, 4, 3, 3, 3, 2, 2, 2, 1)
  (7, 7, 6, 6, 4, 3, 3, 3, 2, 2, 1, 1, 1)
  (7, 7, 6, 6, 4, 3, 3, 3, 2, 1, 1, 1, 1, 1)
  (7, 7, 6, 6, 4, 3, 3, 3, 1, 1, 1, 1, 1, 1, 1)
  (7, 7, 6, 6, 4, 3, 3, 2, 2, 2, 2, 2)
  (7, 7, 6, 6, 4, 3, 3, 2, 2, 2, 2, 1, 1)
  (7, 7, 6, 6, 4, 3, 3, 2, 2, 2, 1, 1, 1, 1)
  (7, 7, 6, 6, 4, 3, 3, 2, 2, 1, 1, 1, 1, 1, 1)
  (7, 7, 6, 6, 4, 3, 3, 2, 1, 1, 1, 1, 1, 1, 1, 1)
  (7, 7, 6, 6, 4, 3, 2, 2, 2, 2, 2, 2, 1)
  (7, 7, 6, 6, 4, 3, 2, 2, 2, 2, 2, 1, 1, 1)
  (7, 7, 6, 6, 4, 3, 2, 2, 2, 2, 1, 1, 1, 1, 1)
  (7, 7, 6, 6, 4, 3, 2, 2, 2, 1, 1, 1, 1, 1, 1, 1)
  (7, 7, 6, 6, 3, 3, 3, 3, 3, 3, 2)
  (7, 7, 6, 6, 3, 3, 3, 3, 3, 3, 1, 1)
  (7, 7, 6, 6, 3, 3, 3, 3, 3, 2, 2, 1)
  (7, 7, 6, 6, 3, 3, 3, 3, 3, 2, 1, 1, 1)
  (7, 7, 6, 6, 3, 3, 3, 3, 3, 1, 1, 1, 1, 1)
  (7, 7, 6, 6, 3, 3, 3, 3, 2, 2, 2, 2)
  (7, 7, 6, 6, 3, 3, 3, 3, 2, 2, 2, 1, 1)
  (7, 7, 6, 6, 3, 3, 3, 3, 2, 2, 1, 1, 1, 1)
  (7, 7, 6, 6, 3, 3, 3, 3, 2, 1, 1, 1, 1, 1, 1)
  (7, 7, 6, 6, 3, 3, 3, 2, 2, 2, 2, 2, 1)
  (7, 7, 6, 6, 3, 3, 3, 2, 2, 2, 2, 1, 1, 1)
  (7, 7, 6, 6, 3, 3, 3, 2, 2, 2, 1, 1, 1, 1, 1)
  (7, 7, 6, 6, 3, 3, 3, 2, 2, 1, 1, 1, 1, 1, 1, 1)
  (7, 7, 6, 5, 5, 5, 5, 3, 2, 1)
  (7, 7, 6, 5, 5, 5, 5, 3, 1, 1, 1)
  (7, 7, 6, 5, 5, 5, 5, 2, 2, 2)
  (7, 7, 6, 5, 5, 5, 5, 2, 2, 1, 1)
  (7, 7, 6, 5, 5, 5, 5, 2, 1, 1, 1, 1)
  (7, 7, 6, 5, 5, 5, 4, 4, 2, 1)
  (7, 7, 6, 5, 5, 5, 4, 4, 1, 1, 1)
  (7, 7, 6, 5, 5, 5, 4, 3, 3, 1)
  (7, 7, 6, 5, 5, 5, 4, 3, 2, 2)
  (7, 7, 6, 5, 5, 5, 4, 3, 2, 1, 1)
  (7, 7, 6, 5, 5, 5, 4, 3, 1, 1, 1, 1)
  (7, 7, 6, 5, 5, 5, 4, 2, 2, 2, 1)
  (7, 7, 6, 5, 5, 5, 4, 2, 2, 1, 1, 1)
  (7, 7, 6, 5, 5, 5, 4, 2, 1, 1, 1, 1, 1)
  (7, 7, 6, 5, 5, 5, 3, 3, 3, 2)
  (7, 7, 6, 5, 5, 5, 3, 3, 3, 1, 1)
  (7, 7, 6, 5, 5, 5, 3, 3, 2, 2, 1)
  (7, 7, 6, 5, 5, 5, 3, 3, 2, 1, 1, 1)
  (7, 7, 6, 5, 5, 5, 3, 3, 1, 1, 1, 1, 1)
  (7, 7, 6, 5, 5, 5, 3, 2, 2, 2, 2)
  (7, 7, 6, 5, 5, 5, 3, 2, 2, 2, 1, 1)
  (7, 7, 6, 5, 5, 5, 3, 2, 2, 1, 1, 1, 1)
  (7, 7, 6, 5, 5, 5, 3, 2, 1, 1, 1, 1, 1, 1)
  (7, 7, 6, 5, 5, 5, 2, 2, 2, 2, 2, 1)
  (7, 7, 6, 5, 5, 5, 2, 2, 2, 2, 1, 1, 1)
  (7, 7, 6, 5, 5, 5, 2, 2, 2, 1, 1, 1, 1, 1)
  (7, 7, 6, 5, 5, 4, 4, 4, 3, 1)
  (7, 7, 6, 5, 5, 4, 4, 4, 2, 2)
  (7, 7, 6, 5, 5, 4, 4, 4, 2, 1, 1)
  (7, 7, 6, 5, 5, 4, 4, 4, 1, 1, 1, 1)
  (7, 7, 6, 5, 5, 4, 4, 3, 3, 2)
  (7, 7, 6, 5, 5, 4, 4, 3, 3, 1, 1)
  (7, 7, 6, 5, 5, 4, 4, 3, 2, 2, 1)
  (7, 7, 6, 5, 5, 4, 4, 3, 2, 1, 1, 1)
  (7, 7, 6, 5, 5, 4, 4, 3, 1, 1, 1, 1, 1)
  (7, 7, 6, 5, 5, 4, 4, 2, 2, 2, 2)
  (7, 7, 6, 5, 5, 4, 4, 2, 2, 2, 1, 1)
  (7, 7, 6, 5, 5, 4, 4, 2, 2, 1, 1, 1, 1)
  (7, 7, 6, 5, 5, 4, 4, 2, 1, 1, 1, 1, 1, 1)
  (7, 7, 6, 5, 5, 4, 3, 3, 3, 3)
  (7, 7, 6, 5, 5, 4, 3, 3, 3, 2, 1)
  (7, 7, 6, 5, 5, 4, 3, 3, 3, 1, 1, 1)
  (7, 7, 6, 5, 5, 4, 3, 3, 2, 2, 2)
  (7, 7, 6, 5, 5, 4, 3, 3, 2, 2, 1, 1)
  (7, 7, 6, 5, 5, 4, 3, 3, 2, 1, 1, 1, 1)
  (7, 7, 6, 5, 5, 4, 3, 3, 1, 1, 1, 1, 1, 1)
  (7, 7, 6, 5, 5, 4, 3, 2, 2, 2, 2, 1)
  (7, 7, 6, 5, 5, 4, 3, 2, 2, 2, 1, 1, 1)
  (7, 7, 6, 5, 5, 4, 3, 2, 2, 1, 1, 1, 1, 1)
  (7, 7, 6, 5, 5, 4, 3, 2, 1, 1, 1, 1, 1, 1, 1)
  (7, 7, 6, 5, 5, 4, 2, 2, 2, 2, 2, 2)
  (7, 7, 6, 5, 5, 4, 2, 2, 2, 2, 2, 1, 1)
  (7, 7, 6, 5, 5, 4, 2, 2, 2, 2, 1, 1, 1, 1)
  (7, 7, 6, 5, 5, 4, 2, 2, 2, 1, 1, 1, 1, 1, 1)
  (7, 7, 6, 5, 5, 3, 3, 3, 3, 3, 1)
  (7, 7, 6, 5, 5, 3, 3, 3, 3, 2, 2)
  (7, 7, 6, 5, 5, 3, 3, 3, 3, 2, 1, 1)
  (7, 7, 6, 5, 5, 3, 3, 3, 3, 1, 1, 1, 1)
  (7, 7, 6, 5, 5, 3, 3, 3, 2, 2, 2, 1)
  (7, 7, 6, 5, 5, 3, 3, 3, 2, 2, 1, 1, 1)
  (7, 7, 6, 5, 5, 3, 3, 3, 2, 1, 1, 1, 1, 1)
  (7, 7, 6, 5, 5, 3, 3, 3, 1, 1, 1, 1, 1, 1, 1)
  (7, 7, 6, 5, 5, 3, 3, 2, 2, 2, 2, 2)
  (7, 7, 6, 5, 5, 3, 3, 2, 2, 2, 2, 1, 1)
  (7, 7, 6, 5, 5, 3, 3, 2, 2, 2, 1, 1, 1, 1)
  (7, 7, 6, 5, 5, 3, 3, 2, 2, 1, 1, 1, 1, 1, 1)
  (7, 7, 6, 5, 5, 3, 3, 2, 1, 1, 1, 1, 1, 1, 1, 1)
  (7, 7, 6, 5, 5, 3, 2, 2, 2, 2, 2, 2, 1)
  (7, 7, 6, 5, 5, 3, 2, 2, 2, 2, 2, 1, 1, 1)
  (7, 7, 6, 5, 5, 3, 2, 2, 2, 2, 1, 1, 1, 1, 1)
  (7, 7, 6, 5, 5, 3, 2, 2, 2, 1, 1, 1, 1, 1, 1, 1)
  (7, 7, 6, 5, 4, 4, 4, 4, 4, 1)
  (7, 7, 6, 5, 4, 4, 4, 4, 3, 2)
  (7, 7, 6, 5, 4, 4, 4, 4, 3, 1, 1)
  (7, 7, 6, 5, 4, 4, 4, 4, 2, 2, 1)
  (7, 7, 6, 5, 4, 4, 4, 4, 2, 1, 1, 1)
  (7, 7, 6, 5, 4, 4, 4, 4, 1, 1, 1, 1, 1)
  (7, 7, 6, 5, 4, 4, 4, 3, 3, 3)
  (7, 7, 6, 5, 4, 4, 4, 3, 3, 2, 1)
  (7, 7, 6, 5, 4, 4, 4, 3, 3, 1, 1, 1)
  (7, 7, 6, 5, 4, 4, 4, 3, 2, 2, 2)
  (7, 7, 6, 5, 4, 4, 4, 3, 2, 2, 1, 1)
  (7, 7, 6, 5, 4, 4, 4, 3, 2, 1, 1, 1, 1)
  (7, 7, 6, 5, 4, 4, 4, 3, 1, 1, 1, 1, 1, 1)
  (7, 7, 6, 5, 4, 4, 4, 2, 2, 2, 2, 1)
  (7, 7, 6, 5, 4, 4, 4, 2, 2, 2, 1, 1, 1)
  (7, 7, 6, 5, 4, 4, 4, 2, 2, 1, 1, 1, 1, 1)
  (7, 7, 6, 5, 4, 4, 4, 2, 1, 1, 1, 1, 1, 1, 1)
  (7, 7, 6, 5, 4, 4, 3, 3, 3, 3, 1)
  (7, 7, 6, 5, 4, 4, 3, 3, 3, 2, 2)
  (7, 7, 6, 5, 4, 4, 3, 3, 3, 2, 1, 1)
  (7, 7, 6, 5, 4, 4, 3, 3, 3, 1, 1, 1, 1)
  (7, 7, 6, 5, 4, 4, 3, 3, 2, 2, 2, 1)
  (7, 7, 6, 5, 4, 4, 3, 3, 2, 2, 1, 1, 1)
  (7, 7, 6, 5, 4, 4, 3, 3, 2, 1, 1, 1, 1, 1)
  (7, 7, 6, 5, 4, 4, 3, 3, 1, 1, 1, 1, 1, 1, 1)
  (7, 7, 6, 5, 4, 4, 3, 2, 2, 2, 2, 2)
  (7, 7, 6, 5, 4, 4, 3, 2, 2, 2, 2, 1, 1)
  (7, 7, 6, 5, 4, 4, 3, 2, 2, 2, 1, 1, 1, 1)
  (7, 7, 6, 5, 4, 4, 3, 2, 2, 1, 1, 1, 1, 1, 1)
  (7, 7, 6, 5, 4, 4, 3, 2, 1, 1, 1, 1, 1, 1, 1, 1)
  (7, 7, 6, 5, 4, 4, 2, 2, 2, 2, 2, 2, 1)
  (7, 7, 6, 5, 4, 4, 2, 2, 2, 2, 2, 1, 1, 1)
  (7, 7, 6, 5, 4, 4, 2, 2, 2, 2, 1, 1, 1, 1, 1)
  (7, 7, 6, 5, 4, 4, 2, 2, 2, 1, 1, 1, 1, 1, 1, 1)
  (7, 7, 6, 5, 4, 3, 3, 3, 3, 3, 2)
  (7, 7, 6, 5, 4, 3, 3, 3, 3, 3, 1, 1)
  (7, 7, 6, 5, 4, 3, 3, 3, 3, 2, 2, 1)
  (7, 7, 6, 5, 4, 3, 3, 3, 3, 2, 1, 1, 1)
  (7, 7, 6, 5, 4, 3, 3, 3, 3, 1, 1, 1, 1, 1)
  (7, 7, 6, 5, 4, 3, 3, 3, 2, 2, 2, 2)
  (7, 7, 6, 5, 4, 3, 3, 3, 2, 2, 2, 1, 1)
  (7, 7, 6, 5, 4, 3, 3, 3, 2, 2, 1, 1, 1, 1)
  (7, 7, 6, 5, 4, 3, 3, 3, 2, 1, 1, 1, 1, 1, 1)
  (7, 7, 6, 5, 4, 3, 3, 3, 1, 1, 1, 1, 1, 1, 1, 1)
  (7, 7, 6, 5, 4, 3, 3, 2, 2, 2, 2, 2, 1)
  (7, 7, 6, 5, 4, 3, 3, 2, 2, 2, 2, 1, 1, 1)
  (7, 7, 6, 5, 4, 3, 3, 2, 2, 2, 1, 1, 1, 1, 1)
  (7, 7, 6, 5, 4, 3, 3, 2, 2, 1, 1, 1, 1, 1, 1, 1)
  (7, 7, 6, 5, 4, 3, 2, 2, 2, 2, 2, 2, 2)
  (7, 7, 6, 5, 4, 3, 2, 2, 2, 2, 2, 2, 1, 1)
  (7, 7, 6, 5, 4, 3, 2, 2, 2, 2, 2, 1, 1, 1, 1)
  (7, 7, 6, 5, 4, 3, 2, 2, 2, 2, 1, 1, 1, 1, 1, 1)
  (7, 7, 6, 5, 3, 3, 3, 3, 3, 3, 3)
  (7, 7, 6, 5, 3, 3, 3, 3, 3, 3, 2, 1)
  (7, 7, 6, 5, 3, 3, 3, 3, 3, 3, 1, 1, 1)
  (7, 7, 6, 5, 3, 3, 3, 3, 3, 2, 2, 2)
  (7, 7, 6, 5, 3, 3, 3, 3, 3, 2, 2, 1, 1)
  (7, 7, 6, 5, 3, 3, 3, 3, 3, 2, 1, 1, 1, 1)
  (7, 7, 6, 5, 3, 3, 3, 3, 3, 1, 1, 1, 1, 1, 1)
  (7, 7, 6, 5, 3, 3, 3, 3, 2, 2, 2, 2, 1)
  (7, 7, 6, 5, 3, 3, 3, 3, 2, 2, 2, 1, 1, 1)
  (7, 7, 6, 5, 3, 3, 3, 3, 2, 2, 1, 1, 1, 1, 1)
  (7, 7, 6, 5, 3, 3, 3, 3, 2, 1, 1, 1, 1, 1, 1, 1)
  (7, 7, 6, 5, 3, 3, 3, 2, 2, 2, 2, 2, 2)
  (7, 7, 6, 5, 3, 3, 3, 2, 2, 2, 2, 2, 1, 1)
  (7, 7, 6, 5, 3, 3, 3, 2, 2, 2, 2, 1, 1, 1, 1)
  (7, 7, 6, 5, 3, 3, 3, 2, 2, 2, 1, 1, 1, 1, 1, 1)
  (7, 7, 6, 4, 4, 4, 4, 4, 4, 2)
  (7, 7, 6, 4, 4, 4, 4, 4, 4, 1, 1)
  (7, 7, 6, 4, 4, 4, 4, 4, 3, 3)
  (7, 7, 6, 4, 4, 4, 4, 4, 3, 2, 1)
  (7, 7, 6, 4, 4, 4, 4, 4, 3, 1, 1, 1)
  (7, 7, 6, 4, 4, 4, 4, 4, 2, 2, 2)
  (7, 7, 6, 4, 4, 4, 4, 4, 2, 2, 1, 1)
  (7, 7, 6, 4, 4, 4, 4, 4, 2, 1, 1, 1, 1)
  (7, 7, 6, 4, 4, 4, 4, 4, 1, 1, 1, 1, 1, 1)
  (7, 7, 6, 4, 4, 4, 4, 3, 3, 3, 1)
  (7, 7, 6, 4, 4, 4, 4, 3, 3, 2, 2)
  (7, 7, 6, 4, 4, 4, 4, 3, 3, 2, 1, 1)
  (7, 7, 6, 4, 4, 4, 4, 3, 3, 1, 1, 1, 1)
  (7, 7, 6, 4, 4, 4, 4, 3, 2, 2, 2, 1)
  (7, 7, 6, 4, 4, 4, 4, 3, 2, 2, 1, 1, 1)
  (7, 7, 6, 4, 4, 4, 4, 3, 2, 1, 1, 1, 1, 1)
  (7, 7, 6, 4, 4, 4, 4, 3, 1, 1, 1, 1, 1, 1, 1)
  (7, 7, 6, 4, 4, 4, 4, 2, 2, 2, 2, 2)
  (7, 7, 6, 4, 4, 4, 4, 2, 2, 2, 2, 1, 1)
  (7, 7, 6, 4, 4, 4, 4, 2, 2, 2, 1, 1, 1, 1)
  (7, 7, 6, 4, 4, 4, 4, 2, 2, 1, 1, 1, 1, 1, 1)
  (7, 7, 6, 4, 4, 4, 4, 2, 1, 1, 1, 1, 1, 1, 1, 1)
  (7, 7, 6, 4, 4, 4, 3, 3, 3, 3, 2)
  (7, 7, 6, 4, 4, 4, 3, 3, 3, 3, 1, 1)
  (7, 7, 6, 4, 4, 4, 3, 3, 3, 2, 2, 1)
  (7, 7, 6, 4, 4, 4, 3, 3, 3, 2, 1, 1, 1)
  (7, 7, 6, 4, 4, 4, 3, 3, 3, 1, 1, 1, 1, 1)
  (7, 7, 6, 4, 4, 4, 3, 3, 2, 2, 2, 2)
  (7, 7, 6, 4, 4, 4, 3, 3, 2, 2, 2, 1, 1)
  (7, 7, 6, 4, 4, 4, 3, 3, 2, 2, 1, 1, 1, 1)
  (7, 7, 6, 4, 4, 4, 3, 3, 2, 1, 1, 1, 1, 1, 1)
  (7, 7, 6, 4, 4, 4, 3, 3, 1, 1, 1, 1, 1, 1, 1, 1)
  (7, 7, 6, 4, 4, 4, 3, 2, 2, 2, 2, 2, 1)
  (7, 7, 6, 4, 4, 4, 3, 2, 2, 2, 2, 1, 1, 1)
  (7, 7, 6, 4, 4, 4, 3, 2, 2, 2, 1, 1, 1, 1, 1)
  (7, 7, 6, 4, 4, 4, 3, 2, 2, 1, 1, 1, 1, 1, 1, 1)
  (7, 7, 6, 4, 4, 4, 2, 2, 2, 2, 2, 2, 2)
  (7, 7, 6, 4, 4, 4, 2, 2, 2, 2, 2, 2, 1, 1)
  (7, 7, 6, 4, 4, 4, 2, 2, 2, 2, 2, 1, 1, 1, 1)
  (7, 7, 6, 4, 4, 4, 2, 2, 2, 2, 1, 1, 1, 1, 1, 1)
  (7, 7, 6, 4, 4, 3, 3, 3, 3, 3, 3)
  (7, 7, 6, 4, 4, 3, 3, 3, 3, 3, 2, 1)
  (7, 7, 6, 4, 4, 3, 3, 3, 3, 3, 1, 1, 1)
  (7, 7, 6, 4, 4, 3, 3, 3, 3, 2, 2, 2)
  (7, 7, 6, 4, 4, 3, 3, 3, 3, 2, 2, 1, 1)
  (7, 7, 6, 4, 4, 3, 3, 3, 3, 2, 1, 1, 1, 1)
  (7, 7, 6, 4, 4, 3, 3, 3, 3, 1, 1, 1, 1, 1, 1)
  (7, 7, 6, 4, 4, 3, 3, 3, 2, 2, 2, 2, 1)
  (7, 7, 6, 4, 4, 3, 3, 3, 2, 2, 2, 1, 1, 1)
  (7, 7, 6, 4, 4, 3, 3, 3, 2, 2, 1, 1, 1, 1, 1)
  (7, 7, 6, 4, 4, 3, 3, 3, 2, 1, 1, 1, 1, 1, 1, 1)
  (7, 7, 6, 4, 4, 3, 3, 2, 2, 2, 2, 2, 2)
  (7, 7, 6, 4, 4, 3, 3, 2, 2, 2, 2, 2, 1, 1)
  (7, 7, 6, 4, 4, 3, 3, 2, 2, 2, 2, 1, 1, 1, 1)
  (7, 7, 6, 4, 4, 3, 3, 2, 2, 2, 1, 1, 1, 1, 1, 1)
  (7, 7, 6, 4, 4, 3, 2, 2, 2, 2, 2, 2, 2, 1)
  (7, 7, 6, 4, 4, 3, 2, 2, 2, 2, 2, 2, 1, 1, 1)
  (7, 7, 6, 4, 4, 3, 2, 2, 2, 2, 2, 1, 1, 1, 1, 1)
  (7, 7, 6, 4, 3, 3, 3, 3, 3, 3, 3, 1)
  (7, 7, 6, 4, 3, 3, 3, 3, 3, 3, 2, 2)
  (7, 7, 6, 4, 3, 3, 3, 3, 3, 3, 2, 1, 1)
  (7, 7, 6, 4, 3, 3, 3, 3, 3, 3, 1, 1, 1, 1)
  (7, 7, 6, 4, 3, 3, 3, 3, 3, 2, 2, 2, 1)
  (7, 7, 6, 4, 3, 3, 3, 3, 3, 2, 2, 1, 1, 1)
  (7, 7, 6, 4, 3, 3, 3, 3, 3, 2, 1, 1, 1, 1, 1)
  (7, 7, 6, 4, 3, 3, 3, 3, 3, 1, 1, 1, 1, 1, 1, 1)
  (7, 7, 6, 4, 3, 3, 3, 3, 2, 2, 2, 2, 2)
  (7, 7, 6, 4, 3, 3, 3, 3, 2, 2, 2, 2, 1, 1)
  (7, 7, 6, 4, 3, 3, 3, 3, 2, 2, 2, 1, 1, 1, 1)
  (7, 7, 6, 4, 3, 3, 3, 3, 2, 2, 1, 1, 1, 1, 1, 1)
  (7, 7, 6, 4, 3, 3, 3, 2, 2, 2, 2, 2, 2, 1)
  (7, 7, 6, 4, 3, 3, 3, 2, 2, 2, 2, 2, 1, 1, 1)
  (7, 7, 6, 4, 3, 3, 3, 2, 2, 2, 2, 1, 1, 1, 1, 1)
  (7, 7, 5, 5, 5, 5, 5, 4, 2, 1)
  (7, 7, 5, 5, 5, 5, 5, 4, 1, 1, 1)
  (7, 7, 5, 5, 5, 5, 5, 3, 3, 1)
  (7, 7, 5, 5, 5, 5, 5, 3, 2, 2)
  (7, 7, 5, 5, 5, 5, 5, 3, 2, 1, 1)
  (7, 7, 5, 5, 5, 5, 5, 3, 1, 1, 1, 1)
  (7, 7, 5, 5, 5, 5, 5, 2, 2, 2, 1)
  (7, 7, 5, 5, 5, 5, 5, 2, 2, 1, 1, 1)
  (7, 7, 5, 5, 5, 5, 5, 2, 1, 1, 1, 1, 1)
  (7, 7, 5, 5, 5, 5, 4, 4, 3, 1)
  (7, 7, 5, 5, 5, 5, 4, 4, 2, 2)
  (7, 7, 5, 5, 5, 5, 4, 4, 2, 1, 1)
  (7, 7, 5, 5, 5, 5, 4, 4, 1, 1, 1, 1)
  (7, 7, 5, 5, 5, 5, 4, 3, 3, 2)
  (7, 7, 5, 5, 5, 5, 4, 3, 3, 1, 1)
  (7, 7, 5, 5, 5, 5, 4, 3, 2, 2, 1)
  (7, 7, 5, 5, 5, 5, 4, 3, 2, 1, 1, 1)
  (7, 7, 5, 5, 5, 5, 4, 3, 1, 1, 1, 1, 1)
  (7, 7, 5, 5, 5, 5, 4, 2, 2, 2, 2)
  (7, 7, 5, 5, 5, 5, 4, 2, 2, 2, 1, 1)
  (7, 7, 5, 5, 5, 5, 4, 2, 2, 1, 1, 1, 1)
  (7, 7, 5, 5, 5, 5, 4, 2, 1, 1, 1, 1, 1, 1)
  (7, 7, 5, 5, 5, 5, 3, 3, 3, 3)
  (7, 7, 5, 5, 5, 5, 3, 3, 3, 2, 1)
  (7, 7, 5, 5, 5, 5, 3, 3, 3, 1, 1, 1)
  (7, 7, 5, 5, 5, 5, 3, 3, 2, 2, 2)
  (7, 7, 5, 5, 5, 5, 3, 3, 2, 2, 1, 1)
  (7, 7, 5, 5, 5, 5, 3, 3, 2, 1, 1, 1, 1)
  (7, 7, 5, 5, 5, 5, 3, 3, 1, 1, 1, 1, 1, 1)
  (7, 7, 5, 5, 5, 5, 3, 2, 2, 2, 2, 1)
  (7, 7, 5, 5, 5, 5, 3, 2, 2, 2, 1, 1, 1)
  (7, 7, 5, 5, 5, 5, 3, 2, 2, 1, 1, 1, 1, 1)
  (7, 7, 5, 5, 5, 5, 3, 2, 1, 1, 1, 1, 1, 1, 1)
  (7, 7, 5, 5, 5, 5, 2, 2, 2, 2, 2, 2)
  (7, 7, 5, 5, 5, 5, 2, 2, 2, 2, 2, 1, 1)
  (7, 7, 5, 5, 5, 5, 2, 2, 2, 2, 1, 1, 1, 1)
  (7, 7, 5, 5, 5, 5, 2, 2, 2, 1, 1, 1, 1, 1, 1)
  (7, 7, 5, 5, 5, 4, 4, 4, 4, 1)
  (7, 7, 5, 5, 5, 4, 4, 4, 3, 2)
  (7, 7, 5, 5, 5, 4, 4, 4, 3, 1, 1)
  (7, 7, 5, 5, 5, 4, 4, 4, 2, 2, 1)
  (7, 7, 5, 5, 5, 4, 4, 4, 2, 1, 1, 1)
  (7, 7, 5, 5, 5, 4, 4, 4, 1, 1, 1, 1, 1)
  (7, 7, 5, 5, 5, 4, 4, 3, 3, 3)
  (7, 7, 5, 5, 5, 4, 4, 3, 3, 2, 1)
  (7, 7, 5, 5, 5, 4, 4, 3, 3, 1, 1, 1)
  (7, 7, 5, 5, 5, 4, 4, 3, 2, 2, 2)
  (7, 7, 5, 5, 5, 4, 4, 3, 2, 2, 1, 1)
  (7, 7, 5, 5, 5, 4, 4, 3, 2, 1, 1, 1, 1)
  (7, 7, 5, 5, 5, 4, 4, 3, 1, 1, 1, 1, 1, 1)
  (7, 7, 5, 5, 5, 4, 4, 2, 2, 2, 2, 1)
  (7, 7, 5, 5, 5, 4, 4, 2, 2, 2, 1, 1, 1)
  (7, 7, 5, 5, 5, 4, 4, 2, 2, 1, 1, 1, 1, 1)
  (7, 7, 5, 5, 5, 4, 4, 2, 1, 1, 1, 1, 1, 1, 1)
  (7, 7, 5, 5, 5, 4, 3, 3, 3, 3, 1)
  (7, 7, 5, 5, 5, 4, 3, 3, 3, 2, 2)
  (7, 7, 5, 5, 5, 4, 3, 3, 3, 2, 1, 1)
  (7, 7, 5, 5, 5, 4, 3, 3, 3, 1, 1, 1, 1)
  (7, 7, 5, 5, 5, 4, 3, 3, 2, 2, 2, 1)
  (7, 7, 5, 5, 5, 4, 3, 3, 2, 2, 1, 1, 1)
  (7, 7, 5, 5, 5, 4, 3, 3, 2, 1, 1, 1, 1, 1)
  (7, 7, 5, 5, 5, 4, 3, 3, 1, 1, 1, 1, 1, 1, 1)
  (7, 7, 5, 5, 5, 4, 3, 2, 2, 2, 2, 2)
  (7, 7, 5, 5, 5, 4, 3, 2, 2, 2, 2, 1, 1)
  (7, 7, 5, 5, 5, 4, 3, 2, 2, 2, 1, 1, 1, 1)
  (7, 7, 5, 5, 5, 4, 3, 2, 2, 1, 1, 1, 1, 1, 1)
  (7, 7, 5, 5, 5, 4, 3, 2, 1, 1, 1, 1, 1, 1, 1, 1)
  (7, 7, 5, 5, 5, 4, 2, 2, 2, 2, 2, 2, 1)
  (7, 7, 5, 5, 5, 4, 2, 2, 2, 2, 2, 1, 1, 1)
  (7, 7, 5, 5, 5, 4, 2, 2, 2, 2, 1, 1, 1, 1, 1)
  (7, 7, 5, 5, 5, 4, 2, 2, 2, 1, 1, 1, 1, 1, 1, 1)
  (7, 7, 5, 5, 5, 3, 3, 3, 3, 3, 2)
  (7, 7, 5, 5, 5, 3, 3, 3, 3, 3, 1, 1)
  (7, 7, 5, 5, 5, 3, 3, 3, 3, 2, 2, 1)
  (7, 7, 5, 5, 5, 3, 3, 3, 3, 2, 1, 1, 1)
  (7, 7, 5, 5, 5, 3, 3, 3, 3, 1, 1, 1, 1, 1)
  (7, 7, 5, 5, 5, 3, 3, 3, 2, 2, 2, 2)
  (7, 7, 5, 5, 5, 3, 3, 3, 2, 2, 2, 1, 1)
  (7, 7, 5, 5, 5, 3, 3, 3, 2, 2, 1, 1, 1, 1)
  (7, 7, 5, 5, 5, 3, 3, 3, 2, 1, 1, 1, 1, 1, 1)
  (7, 7, 5, 5, 5, 3, 3, 3, 1, 1, 1, 1, 1, 1, 1, 1)
  (7, 7, 5, 5, 5, 3, 3, 2, 2, 2, 2, 2, 1)
  (7, 7, 5, 5, 5, 3, 3, 2, 2, 2, 2, 1, 1, 1)
  (7, 7, 5, 5, 5, 3, 3, 2, 2, 2, 1, 1, 1, 1, 1)
  (7, 7, 5, 5, 5, 3, 3, 2, 2, 1, 1, 1, 1, 1, 1, 1)
  (7, 7, 5, 5, 5, 3, 2, 2, 2, 2, 2, 2, 2)
  (7, 7, 5, 5, 5, 3, 2, 2, 2, 2, 2, 2, 1, 1)
  (7, 7, 5, 5, 5, 3, 2, 2, 2, 2, 2, 1, 1, 1, 1)
  (7, 7, 5, 5, 5, 3, 2, 2, 2, 2, 1, 1, 1, 1, 1, 1)
  (7, 7, 5, 5, 4, 4, 4, 4, 4, 2)
  (7, 7, 5, 5, 4, 4, 4, 4, 4, 1, 1)
  (7, 7, 5, 5, 4, 4, 4, 4, 3, 3)
  (7, 7, 5, 5, 4, 4, 4, 4, 3, 2, 1)
  (7, 7, 5, 5, 4, 4, 4, 4, 3, 1, 1, 1)
  (7, 7, 5, 5, 4, 4, 4, 4, 2, 2, 2)
  (7, 7, 5, 5, 4, 4, 4, 4, 2, 2, 1, 1)
  (7, 7, 5, 5, 4, 4, 4, 4, 2, 1, 1, 1, 1)
  (7, 7, 5, 5, 4, 4, 4, 4, 1, 1, 1, 1, 1, 1)
  (7, 7, 5, 5, 4, 4, 4, 3, 3, 3, 1)
  (7, 7, 5, 5, 4, 4, 4, 3, 3, 2, 2)
  (7, 7, 5, 5, 4, 4, 4, 3, 3, 2, 1, 1)
  (7, 7, 5, 5, 4, 4, 4, 3, 3, 1, 1, 1, 1)
  (7, 7, 5, 5, 4, 4, 4, 3, 2, 2, 2, 1)
  (7, 7, 5, 5, 4, 4, 4, 3, 2, 2, 1, 1, 1)
  (7, 7, 5, 5, 4, 4, 4, 3, 2, 1, 1, 1, 1, 1)
  (7, 7, 5, 5, 4, 4, 4, 3, 1, 1, 1, 1, 1, 1, 1)
  (7, 7, 5, 5, 4, 4, 4, 2, 2, 2, 2, 2)
  (7, 7, 5, 5, 4, 4, 4, 2, 2, 2, 2, 1, 1)
  (7, 7, 5, 5, 4, 4, 4, 2, 2, 2, 1, 1, 1, 1)
  (7, 7, 5, 5, 4, 4, 4, 2, 2, 1, 1, 1, 1, 1, 1)
  (7, 7, 5, 5, 4, 4, 4, 2, 1, 1, 1, 1, 1, 1, 1, 1)
  (7, 7, 5, 5, 4, 4, 3, 3, 3, 3, 2)
  (7, 7, 5, 5, 4, 4, 3, 3, 3, 3, 1, 1)
  (7, 7, 5, 5, 4, 4, 3, 3, 3, 2, 2, 1)
  (7, 7, 5, 5, 4, 4, 3, 3, 3, 2, 1, 1, 1)
  (7, 7, 5, 5, 4, 4, 3, 3, 3, 1, 1, 1, 1, 1)
  (7, 7, 5, 5, 4, 4, 3, 3, 2, 2, 2, 2)
  (7, 7, 5, 5, 4, 4, 3, 3, 2, 2, 2, 1, 1)
  (7, 7, 5, 5, 4, 4, 3, 3, 2, 2, 1, 1, 1, 1)
  (7, 7, 5, 5, 4, 4, 3, 3, 2, 1, 1, 1, 1, 1, 1)
  (7, 7, 5, 5, 4, 4, 3, 3, 1, 1, 1, 1, 1, 1, 1, 1)
  (7, 7, 5, 5, 4, 4, 3, 2, 2, 2, 2, 2, 1)
  (7, 7, 5, 5, 4, 4, 3, 2, 2, 2, 2, 1, 1, 1)
  (7, 7, 5, 5, 4, 4, 3, 2, 2, 2, 1, 1, 1, 1, 1)
  (7, 7, 5, 5, 4, 4, 3, 2, 2, 1, 1, 1, 1, 1, 1, 1)
  (7, 7, 5, 5, 4, 4, 2, 2, 2, 2, 2, 2, 2)
  (7, 7, 5, 5, 4, 4, 2, 2, 2, 2, 2, 2, 1, 1)
  (7, 7, 5, 5, 4, 4, 2, 2, 2, 2, 2, 1, 1, 1, 1)
  (7, 7, 5, 5, 4, 4, 2, 2, 2, 2, 1, 1, 1, 1, 1, 1)
  (7, 7, 5, 5, 4, 3, 3, 3, 3, 3, 3)
  (7, 7, 5, 5, 4, 3, 3, 3, 3, 3, 2, 1)
  (7, 7, 5, 5, 4, 3, 3, 3, 3, 3, 1, 1, 1)
  (7, 7, 5, 5, 4, 3, 3, 3, 3, 2, 2, 2)
  (7, 7, 5, 5, 4, 3, 3, 3, 3, 2, 2, 1, 1)
  (7, 7, 5, 5, 4, 3, 3, 3, 3, 2, 1, 1, 1, 1)
  (7, 7, 5, 5, 4, 3, 3, 3, 3, 1, 1, 1, 1, 1, 1)
  (7, 7, 5, 5, 4, 3, 3, 3, 2, 2, 2, 2, 1)
  (7, 7, 5, 5, 4, 3, 3, 3, 2, 2, 2, 1, 1, 1)
  (7, 7, 5, 5, 4, 3, 3, 3, 2, 2, 1, 1, 1, 1, 1)
  (7, 7, 5, 5, 4, 3, 3, 3, 2, 1, 1, 1, 1, 1, 1, 1)
  (7, 7, 5, 5, 4, 3, 3, 2, 2, 2, 2, 2, 2)
  (7, 7, 5, 5, 4, 3, 3, 2, 2, 2, 2, 2, 1, 1)
  (7, 7, 5, 5, 4, 3, 3, 2, 2, 2, 2, 1, 1, 1, 1)
  (7, 7, 5, 5, 4, 3, 3, 2, 2, 2, 1, 1, 1, 1, 1, 1)
  (7, 7, 5, 5, 4, 3, 2, 2, 2, 2, 2, 2, 2, 1)
  (7, 7, 5, 5, 4, 3, 2, 2, 2, 2, 2, 2, 1, 1, 1)
  (7, 7, 5, 5, 4, 3, 2, 2, 2, 2, 2, 1, 1, 1, 1, 1)
  (7, 7, 5, 5, 3, 3, 3, 3, 3, 3, 3, 1)
  (7, 7, 5, 5, 3, 3, 3, 3, 3, 3, 2, 2)
  (7, 7, 5, 5, 3, 3, 3, 3, 3, 3, 2, 1, 1)
  (7, 7, 5, 5, 3, 3, 3, 3, 3, 3, 1, 1, 1, 1)
  (7, 7, 5, 5, 3, 3, 3, 3, 3, 2, 2, 2, 1)
  (7, 7, 5, 5, 3, 3, 3, 3, 3, 2, 2, 1, 1, 1)
  (7, 7, 5, 5, 3, 3, 3, 3, 3, 2, 1, 1, 1, 1, 1)
  (7, 7, 5, 5, 3, 3, 3, 3, 3, 1, 1, 1, 1, 1, 1, 1)
  (7, 7, 5, 5, 3, 3, 3, 3, 2, 2, 2, 2, 2)
  (7, 7, 5, 5, 3, 3, 3, 3, 2, 2, 2, 2, 1, 1)
  (7, 7, 5, 5, 3, 3, 3, 3, 2, 2, 2, 1, 1, 1, 1)
  (7, 7, 5, 5, 3, 3, 3, 3, 2, 2, 1, 1, 1, 1, 1, 1)
  (7, 7, 5, 5, 3, 3, 3, 2, 2, 2, 2, 2, 2, 1)
  (7, 7, 5, 5, 3, 3, 3, 2, 2, 2, 2, 2, 1, 1, 1)
  (7, 7, 5, 5, 3, 3, 3, 2, 2, 2, 2, 1, 1, 1, 1, 1)
  (7, 7, 5, 4, 4, 4, 4, 4, 4, 3)
  (7, 7, 5, 4, 4, 4, 4, 4, 4, 2, 1)
  (7, 7, 5, 4, 4, 4, 4, 4, 4, 1, 1, 1)
  (7, 7, 5, 4, 4, 4, 4, 4, 3, 3, 1)
  (7, 7, 5, 4, 4, 4, 4, 4, 3, 2, 2)
  (7, 7, 5, 4, 4, 4, 4, 4, 3, 2, 1, 1)
  (7, 7, 5, 4, 4, 4, 4, 4, 3, 1, 1, 1, 1)
  (7, 7, 5, 4, 4, 4, 4, 4, 2, 2, 2, 1)
  (7, 7, 5, 4, 4, 4, 4, 4, 2, 2, 1, 1, 1)
  (7, 7, 5, 4, 4, 4, 4, 4, 2, 1, 1, 1, 1, 1)
  (7, 7, 5, 4, 4, 4, 4, 4, 1, 1, 1, 1, 1, 1, 1)
  (7, 7, 5, 4, 4, 4, 4, 3, 3, 3, 2)
  (7, 7, 5, 4, 4, 4, 4, 3, 3, 3, 1, 1)
  (7, 7, 5, 4, 4, 4, 4, 3, 3, 2, 2, 1)
  (7, 7, 5, 4, 4, 4, 4, 3, 3, 2, 1, 1, 1)
  (7, 7, 5, 4, 4, 4, 4, 3, 3, 1, 1, 1, 1, 1)
  (7, 7, 5, 4, 4, 4, 4, 3, 2, 2, 2, 2)
  (7, 7, 5, 4, 4, 4, 4, 3, 2, 2, 2, 1, 1)
  (7, 7, 5, 4, 4, 4, 4, 3, 2, 2, 1, 1, 1, 1)
  (7, 7, 5, 4, 4, 4, 4, 3, 2, 1, 1, 1, 1, 1, 1)
  (7, 7, 5, 4, 4, 4, 4, 3, 1, 1, 1, 1, 1, 1, 1, 1)
  (7, 7, 5, 4, 4, 4, 4, 2, 2, 2, 2, 2, 1)
  (7, 7, 5, 4, 4, 4, 4, 2, 2, 2, 2, 1, 1, 1)
  (7, 7, 5, 4, 4, 4, 4, 2, 2, 2, 1, 1, 1, 1, 1)
  (7, 7, 5, 4, 4, 4, 4, 2, 2, 1, 1, 1, 1, 1, 1, 1)
  (7, 7, 5, 4, 4, 4, 3, 3, 3, 3, 3)
  (7, 7, 5, 4, 4, 4, 3, 3, 3, 3, 2, 1)
  (7, 7, 5, 4, 4, 4, 3, 3, 3, 3, 1, 1, 1)
  (7, 7, 5, 4, 4, 4, 3, 3, 3, 2, 2, 2)
  (7, 7, 5, 4, 4, 4, 3, 3, 3, 2, 2, 1, 1)
  (7, 7, 5, 4, 4, 4, 3, 3, 3, 2, 1, 1, 1, 1)
  (7, 7, 5, 4, 4, 4, 3, 3, 3, 1, 1, 1, 1, 1, 1)
  (7, 7, 5, 4, 4, 4, 3, 3, 2, 2, 2, 2, 1)
  (7, 7, 5, 4, 4, 4, 3, 3, 2, 2, 2, 1, 1, 1)
  (7, 7, 5, 4, 4, 4, 3, 3, 2, 2, 1, 1, 1, 1, 1)
  (7, 7, 5, 4, 4, 4, 3, 3, 2, 1, 1, 1, 1, 1, 1, 1)
  (7, 7, 5, 4, 4, 4, 3, 2, 2, 2, 2, 2, 2)
  (7, 7, 5, 4, 4, 4, 3, 2, 2, 2, 2, 2, 1, 1)
  (7, 7, 5, 4, 4, 4, 3, 2, 2, 2, 2, 1, 1, 1, 1)
  (7, 7, 5, 4, 4, 4, 3, 2, 2, 2, 1, 1, 1, 1, 1, 1)
  (7, 7, 5, 4, 4, 4, 2, 2, 2, 2, 2, 2, 2, 1)
  (7, 7, 5, 4, 4, 4, 2, 2, 2, 2, 2, 2, 1, 1, 1)
  (7, 7, 5, 4, 4, 4, 2, 2, 2, 2, 2, 1, 1, 1, 1, 1)
  (7, 7, 5, 4, 4, 3, 3, 3, 3, 3, 3, 1)
  (7, 7, 5, 4, 4, 3, 3, 3, 3, 3, 2, 2)
  (7, 7, 5, 4, 4, 3, 3, 3, 3, 3, 2, 1, 1)
  (7, 7, 5, 4, 4, 3, 3, 3, 3, 3, 1, 1, 1, 1)
  (7, 7, 5, 4, 4, 3, 3, 3, 3, 2, 2, 2, 1)
  (7, 7, 5, 4, 4, 3, 3, 3, 3, 2, 2, 1, 1, 1)
  (7, 7, 5, 4, 4, 3, 3, 3, 3, 2, 1, 1, 1, 1, 1)
  (7, 7, 5, 4, 4, 3, 3, 3, 3, 1, 1, 1, 1, 1, 1, 1)
  (7, 7, 5, 4, 4, 3, 3, 3, 2, 2, 2, 2, 2)
  (7, 7, 5, 4, 4, 3, 3, 3, 2, 2, 2, 2, 1, 1)
  (7, 7, 5, 4, 4, 3, 3, 3, 2, 2, 2, 1, 1, 1, 1)
  (7, 7, 5, 4, 4, 3, 3, 3, 2, 2, 1, 1, 1, 1, 1, 1)
  (7, 7, 5, 4, 4, 3, 3, 2, 2, 2, 2, 2, 2, 1)
  (7, 7, 5, 4, 4, 3, 3, 2, 2, 2, 2, 2, 1, 1, 1)
  (7, 7, 5, 4, 4, 3, 3, 2, 2, 2, 2, 1, 1, 1, 1, 1)
  (7, 7, 5, 4, 4, 3, 2, 2, 2, 2, 2, 2, 2, 2)
  (7, 7, 5, 4, 4, 3, 2, 2, 2, 2, 2, 2, 2, 1, 1)
  (7, 7, 5, 4, 4, 3, 2, 2, 2, 2, 2, 2, 1, 1, 1, 1)
  (7, 7, 5, 4, 3, 3, 3, 3, 3, 3, 3, 2)
  (7, 7, 5, 4, 3, 3, 3, 3, 3, 3, 3, 1, 1)
  (7, 7, 5, 4, 3, 3, 3, 3, 3, 3, 2, 2, 1)
  (7, 7, 5, 4, 3, 3, 3, 3, 3, 3, 2, 1, 1, 1)
  (7, 7, 5, 4, 3, 3, 3, 3, 3, 3, 1, 1, 1, 1, 1)
  (7, 7, 5, 4, 3, 3, 3, 3, 3, 2, 2, 2, 2)
  (7, 7, 5, 4, 3, 3, 3, 3, 3, 2, 2, 2, 1, 1)
  (7, 7, 5, 4, 3, 3, 3, 3, 3, 2, 2, 1, 1, 1, 1)
  (7, 7, 5, 4, 3, 3, 3, 3, 3, 2, 1, 1, 1, 1, 1, 1)
  (7, 7, 5, 4, 3, 3, 3, 3, 2, 2, 2, 2, 2, 1)
  (7, 7, 5, 4, 3, 3, 3, 3, 2, 2, 2, 2, 1, 1, 1)
  (7, 7, 5, 4, 3, 3, 3, 3, 2, 2, 2, 1, 1, 1, 1, 1)
  (7, 7, 5, 4, 3, 3, 3, 2, 2, 2, 2, 2, 2, 2)
  (7, 7, 5, 4, 3, 3, 3, 2, 2, 2, 2, 2, 2, 1, 1)
  (7, 7, 5, 4, 3, 3, 3, 2, 2, 2, 2, 2, 1, 1, 1, 1)
  (7, 7, 4, 4, 4, 4, 4, 4, 4, 3, 1)
  (7, 7, 4, 4, 4, 4, 4, 4, 4, 2, 2)
  (7, 7, 4, 4, 4, 4, 4, 4, 4, 2, 1, 1)
  (7, 7, 4, 4, 4, 4, 4, 4, 4, 1, 1, 1, 1)
  (7, 7, 4, 4, 4, 4, 4, 4, 3, 3, 2)
  (7, 7, 4, 4, 4, 4, 4, 4, 3, 3, 1, 1)
  (7, 7, 4, 4, 4, 4, 4, 4, 3, 2, 2, 1)
  (7, 7, 4, 4, 4, 4, 4, 4, 3, 2, 1, 1, 1)
  (7, 7, 4, 4, 4, 4, 4, 4, 3, 1, 1, 1, 1, 1)
  (7, 7, 4, 4, 4, 4, 4, 4, 2, 2, 2, 2)
  (7, 7, 4, 4, 4, 4, 4, 4, 2, 2, 2, 1, 1)
  (7, 7, 4, 4, 4, 4, 4, 4, 2, 2, 1, 1, 1, 1)
  (7, 7, 4, 4, 4, 4, 4, 4, 2, 1, 1, 1, 1, 1, 1)
  (7, 7, 4, 4, 4, 4, 4, 3, 3, 3, 3)
  (7, 7, 4, 4, 4, 4, 4, 3, 3, 3, 2, 1)
  (7, 7, 4, 4, 4, 4, 4, 3, 3, 3, 1, 1, 1)
  (7, 7, 4, 4, 4, 4, 4, 3, 3, 2, 2, 2)
  (7, 7, 4, 4, 4, 4, 4, 3, 3, 2, 2, 1, 1)
  (7, 7, 4, 4, 4, 4, 4, 3, 3, 2, 1, 1, 1, 1)
  (7, 7, 4, 4, 4, 4, 4, 3, 3, 1, 1, 1, 1, 1, 1)
  (7, 7, 4, 4, 4, 4, 4, 3, 2, 2, 2, 2, 1)
  (7, 7, 4, 4, 4, 4, 4, 3, 2, 2, 2, 1, 1, 1)
  (7, 7, 4, 4, 4, 4, 4, 3, 2, 2, 1, 1, 1, 1, 1)
  (7, 7, 4, 4, 4, 4, 4, 3, 2, 1, 1, 1, 1, 1, 1, 1)
  (7, 7, 4, 4, 4, 4, 4, 2, 2, 2, 2, 2, 2)
  (7, 7, 4, 4, 4, 4, 4, 2, 2, 2, 2, 2, 1, 1)
  (7, 7, 4, 4, 4, 4, 4, 2, 2, 2, 2, 1, 1, 1, 1)
  (7, 7, 4, 4, 4, 4, 4, 2, 2, 2, 1, 1, 1, 1, 1, 1)
  (7, 7, 4, 4, 4, 4, 3, 3, 3, 3, 3, 1)
  (7, 7, 4, 4, 4, 4, 3, 3, 3, 3, 2, 2)
  (7, 7, 4, 4, 4, 4, 3, 3, 3, 3, 2, 1, 1)
  (7, 7, 4, 4, 4, 4, 3, 3, 3, 3, 1, 1, 1, 1)
  (7, 7, 4, 4, 4, 4, 3, 3, 3, 2, 2, 2, 1)
  (7, 7, 4, 4, 4, 4, 3, 3, 3, 2, 2, 1, 1, 1)
  (7, 7, 4, 4, 4, 4, 3, 3, 3, 2, 1, 1, 1, 1, 1)
  (7, 7, 4, 4, 4, 4, 3, 3, 3, 1, 1, 1, 1, 1, 1, 1)
  (7, 7, 4, 4, 4, 4, 3, 3, 2, 2, 2, 2, 2)
  (7, 7, 4, 4, 4, 4, 3, 3, 2, 2, 2, 2, 1, 1)
  (7, 7, 4, 4, 4, 4, 3, 3, 2, 2, 2, 1, 1, 1, 1)
  (7, 7, 4, 4, 4, 4, 3, 3, 2, 2, 1, 1, 1, 1, 1, 1)
  (7, 7, 4, 4, 4, 4, 3, 2, 2, 2, 2, 2, 2, 1)
  (7, 7, 4, 4, 4, 4, 3, 2, 2, 2, 2, 2, 1, 1, 1)
  (7, 7, 4, 4, 4, 4, 3, 2, 2, 2, 2, 1, 1, 1, 1, 1)
  (7, 7, 4, 4, 4, 3, 3, 3, 3, 3, 3, 2)
  (7, 7, 4, 4, 4, 3, 3, 3, 3, 3, 3, 1, 1)
  (7, 7, 4, 4, 4, 3, 3, 3, 3, 3, 2, 2, 1)
  (7, 7, 4, 4, 4, 3, 3, 3, 3, 3, 2, 1, 1, 1)
  (7, 7, 4, 4, 4, 3, 3, 3, 3, 3, 1, 1, 1, 1, 1)
  (7, 7, 4, 4, 4, 3, 3, 3, 3, 2, 2, 2, 2)
  (7, 7, 4, 4, 4, 3, 3, 3, 3, 2, 2, 2, 1, 1)
  (7, 7, 4, 4, 4, 3, 3, 3, 3, 2, 2, 1, 1, 1, 1)
  (7, 7, 4, 4, 4, 3, 3, 3, 3, 2, 1, 1, 1, 1, 1, 1)
  (7, 7, 4, 4, 4, 3, 3, 3, 2, 2, 2, 2, 2, 1)
  (7, 7, 4, 4, 4, 3, 3, 3, 2, 2, 2, 2, 1, 1, 1)
  (7, 7, 4, 4, 4, 3, 3, 3, 2, 2, 2, 1, 1, 1, 1, 1)
  (7, 7, 4, 4, 4, 3, 3, 2, 2, 2, 2, 2, 2, 2)
  (7, 7, 4, 4, 4, 3, 3, 2, 2, 2, 2, 2, 2, 1, 1)
  (7, 7, 4, 4, 4, 3, 3, 2, 2, 2, 2, 2, 1, 1, 1, 1)
  (7, 6, 6, 6, 6, 6, 4, 2, 2, 1)
  (7, 6, 6, 6, 6, 6, 4, 2, 1, 1, 1)
  (7, 6, 6, 6, 6, 6, 3, 3, 2, 1)
  (7, 6, 6, 6, 6, 6, 3, 3, 1, 1, 1)
  (7, 6, 6, 6, 6, 6, 3, 2, 2, 2)
  (7, 6, 6, 6, 6, 6, 3, 2, 2, 1, 1)
  (7, 6, 6, 6, 6, 6, 3, 2, 1, 1, 1, 1)
  (7, 6, 6, 6, 6, 6, 2, 2, 2, 2, 1)
  (7, 6, 6, 6, 6, 6, 2, 2, 2, 1, 1, 1)
  (7, 6, 6, 6, 6, 5, 5, 2, 2, 1)
  (7, 6, 6, 6, 6, 5, 5, 2, 1, 1, 1)
  (7, 6, 6, 6, 6, 5, 4, 3, 2, 1)
  (7, 6, 6, 6, 6, 5, 4, 3, 1, 1, 1)
  (7, 6, 6, 6, 6, 5, 4, 2, 2, 2)
  (7, 6, 6, 6, 6, 5, 4, 2, 2, 1, 1)
  (7, 6, 6, 6, 6, 5, 4, 2, 1, 1, 1, 1)
  (7, 6, 6, 6, 6, 5, 3, 3, 3, 1)
  (7, 6, 6, 6, 6, 5, 3, 3, 2, 2)
  (7, 6, 6, 6, 6, 5, 3, 3, 2, 1, 1)
  (7, 6, 6, 6, 6, 5, 3, 3, 1, 1, 1, 1)
  (7, 6, 6, 6, 6, 5, 3, 2, 2, 2, 1)
  (7, 6, 6, 6, 6, 5, 3, 2, 2, 1, 1, 1)
  (7, 6, 6, 6, 6, 5, 3, 2, 1, 1, 1, 1, 1)
  (7, 6, 6, 6, 6, 5, 2, 2, 2, 2, 2)
  (7, 6, 6, 6, 6, 5, 2, 2, 2, 2, 1, 1)
  (7, 6, 6, 6, 6, 5, 2, 2, 2, 1, 1, 1, 1)
  (7, 6, 6, 6, 6, 4, 4, 4, 2, 1)
  (7, 6, 6, 6, 6, 4, 4, 4, 1, 1, 1)
  (7, 6, 6, 6, 6, 4, 4, 3, 3, 1)
  (7, 6, 6, 6, 6, 4, 4, 3, 2, 2)
  (7, 6, 6, 6, 6, 4, 4, 3, 2, 1, 1)
  (7, 6, 6, 6, 6, 4, 4, 3, 1, 1, 1, 1)
  (7, 6, 6, 6, 6, 4, 4, 2, 2, 2, 1)
  (7, 6, 6, 6, 6, 4, 4, 2, 2, 1, 1, 1)
  (7, 6, 6, 6, 6, 4, 4, 2, 1, 1, 1, 1, 1)
  (7, 6, 6, 6, 6, 4, 3, 3, 3, 2)
  (7, 6, 6, 6, 6, 4, 3, 3, 3, 1, 1)
  (7, 6, 6, 6, 6, 4, 3, 3, 2, 2, 1)
  (7, 6, 6, 6, 6, 4, 3, 3, 2, 1, 1, 1)
  (7, 6, 6, 6, 6, 4, 3, 3, 1, 1, 1, 1, 1)
  (7, 6, 6, 6, 6, 4, 3, 2, 2, 2, 2)
  (7, 6, 6, 6, 6, 4, 3, 2, 2, 2, 1, 1)
  (7, 6, 6, 6, 6, 4, 3, 2, 2, 1, 1, 1, 1)
  (7, 6, 6, 6, 6, 4, 3, 2, 1, 1, 1, 1, 1, 1)
  (7, 6, 6, 6, 6, 4, 2, 2, 2, 2, 2, 1)
  (7, 6, 6, 6, 6, 4, 2, 2, 2, 2, 1, 1, 1)
  (7, 6, 6, 6, 6, 4, 2, 2, 2, 1, 1, 1, 1, 1)
  (7, 6, 6, 6, 6, 3, 3, 3, 3, 3)
  (7, 6, 6, 6, 6, 3, 3, 3, 3, 2, 1)
  (7, 6, 6, 6, 6, 3, 3, 3, 3, 1, 1, 1)
  (7, 6, 6, 6, 6, 3, 3, 3, 2, 2, 2)
  (7, 6, 6, 6, 6, 3, 3, 3, 2, 2, 1, 1)
  (7, 6, 6, 6, 6, 3, 3, 3, 2, 1, 1, 1, 1)
  (7, 6, 6, 6, 6, 3, 3, 3, 1, 1, 1, 1, 1, 1)
  (7, 6, 6, 6, 6, 3, 3, 2, 2, 2, 2, 1)
  (7, 6, 6, 6, 6, 3, 3, 2, 2, 2, 1, 1, 1)
  (7, 6, 6, 6, 6, 3, 3, 2, 2, 1, 1, 1, 1, 1)
  (7, 6, 6, 6, 6, 3, 3, 2, 1, 1, 1, 1, 1, 1, 1)
  (7, 6, 6, 6, 6, 3, 2, 2, 2, 2, 2, 2)
  (7, 6, 6, 6, 6, 3, 2, 2, 2, 2, 2, 1, 1)
  (7, 6, 6, 6, 6, 3, 2, 2, 2, 2, 1, 1, 1, 1)
  (7, 6, 6, 6, 6, 3, 2, 2, 2, 1, 1, 1, 1, 1, 1)
  (7, 6, 6, 6, 5, 5, 5, 3, 2, 1)
  (7, 6, 6, 6, 5, 5, 5, 3, 1, 1, 1)
  (7, 6, 6, 6, 5, 5, 5, 2, 2, 2)
  (7, 6, 6, 6, 5, 5, 5, 2, 2, 1, 1)
  (7, 6, 6, 6, 5, 5, 5, 2, 1, 1, 1, 1)
  (7, 6, 6, 6, 5, 5, 4, 4, 2, 1)
  (7, 6, 6, 6, 5, 5, 4, 4, 1, 1, 1)
  (7, 6, 6, 6, 5, 5, 4, 3, 3, 1)
  (7, 6, 6, 6, 5, 5, 4, 3, 2, 2)
  (7, 6, 6, 6, 5, 5, 4, 3, 2, 1, 1)
  (7, 6, 6, 6, 5, 5, 4, 3, 1, 1, 1, 1)
  (7, 6, 6, 6, 5, 5, 4, 2, 2, 2, 1)
  (7, 6, 6, 6, 5, 5, 4, 2, 2, 1, 1, 1)
  (7, 6, 6, 6, 5, 5, 4, 2, 1, 1, 1, 1, 1)
  (7, 6, 6, 6, 5, 5, 3, 3, 3, 2)
  (7, 6, 6, 6, 5, 5, 3, 3, 3, 1, 1)
  (7, 6, 6, 6, 5, 5, 3, 3, 2, 2, 1)
  (7, 6, 6, 6, 5, 5, 3, 3, 2, 1, 1, 1)
  (7, 6, 6, 6, 5, 5, 3, 3, 1, 1, 1, 1, 1)
  (7, 6, 6, 6, 5, 5, 3, 2, 2, 2, 2)
  (7, 6, 6, 6, 5, 5, 3, 2, 2, 2, 1, 1)
  (7, 6, 6, 6, 5, 5, 3, 2, 2, 1, 1, 1, 1)
  (7, 6, 6, 6, 5, 5, 3, 2, 1, 1, 1, 1, 1, 1)
  (7, 6, 6, 6, 5, 5, 2, 2, 2, 2, 2, 1)
  (7, 6, 6, 6, 5, 5, 2, 2, 2, 2, 1, 1, 1)
  (7, 6, 6, 6, 5, 5, 2, 2, 2, 1, 1, 1, 1, 1)
  (7, 6, 6, 6, 5, 4, 4, 4, 3, 1)
  (7, 6, 6, 6, 5, 4, 4, 4, 2, 2)
  (7, 6, 6, 6, 5, 4, 4, 4, 2, 1, 1)
  (7, 6, 6, 6, 5, 4, 4, 4, 1, 1, 1, 1)
  (7, 6, 6, 6, 5, 4, 4, 3, 3, 2)
  (7, 6, 6, 6, 5, 4, 4, 3, 3, 1, 1)
  (7, 6, 6, 6, 5, 4, 4, 3, 2, 2, 1)
  (7, 6, 6, 6, 5, 4, 4, 3, 2, 1, 1, 1)
  (7, 6, 6, 6, 5, 4, 4, 3, 1, 1, 1, 1, 1)
  (7, 6, 6, 6, 5, 4, 4, 2, 2, 2, 2)
  (7, 6, 6, 6, 5, 4, 4, 2, 2, 2, 1, 1)
  (7, 6, 6, 6, 5, 4, 4, 2, 2, 1, 1, 1, 1)
  (7, 6, 6, 6, 5, 4, 4, 2, 1, 1, 1, 1, 1, 1)
  (7, 6, 6, 6, 5, 4, 3, 3, 3, 3)
  (7, 6, 6, 6, 5, 4, 3, 3, 3, 2, 1)
  (7, 6, 6, 6, 5, 4, 3, 3, 3, 1, 1, 1)
  (7, 6, 6, 6, 5, 4, 3, 3, 2, 2, 2)
  (7, 6, 6, 6, 5, 4, 3, 3, 2, 2, 1, 1)
  (7, 6, 6, 6, 5, 4, 3, 3, 2, 1, 1, 1, 1)
  (7, 6, 6, 6, 5, 4, 3, 3, 1, 1, 1, 1, 1, 1)
  (7, 6, 6, 6, 5, 4, 3, 2, 2, 2, 2, 1)
  (7, 6, 6, 6, 5, 4, 3, 2, 2, 2, 1, 1, 1)
  (7, 6, 6, 6, 5, 4, 3, 2, 2, 1, 1, 1, 1, 1)
  (7, 6, 6, 6, 5, 4, 3, 2, 1, 1, 1, 1, 1, 1, 1)
  (7, 6, 6, 6, 5, 4, 2, 2, 2, 2, 2, 2)
  (7, 6, 6, 6, 5, 4, 2, 2, 2, 2, 2, 1, 1)
  (7, 6, 6, 6, 5, 4, 2, 2, 2, 2, 1, 1, 1, 1)
  (7, 6, 6, 6, 5, 4, 2, 2, 2, 1, 1, 1, 1, 1, 1)
  (7, 6, 6, 6, 5, 3, 3, 3, 3, 3, 1)
  (7, 6, 6, 6, 5, 3, 3, 3, 3, 2, 2)
  (7, 6, 6, 6, 5, 3, 3, 3, 3, 2, 1, 1)
  (7, 6, 6, 6, 5, 3, 3, 3, 3, 1, 1, 1, 1)
  (7, 6, 6, 6, 5, 3, 3, 3, 2, 2, 2, 1)
  (7, 6, 6, 6, 5, 3, 3, 3, 2, 2, 1, 1, 1)
  (7, 6, 6, 6, 5, 3, 3, 3, 2, 1, 1, 1, 1, 1)
  (7, 6, 6, 6, 5, 3, 3, 3, 1, 1, 1, 1, 1, 1, 1)
  (7, 6, 6, 6, 5, 3, 3, 2, 2, 2, 2, 2)
  (7, 6, 6, 6, 5, 3, 3, 2, 2, 2, 2, 1, 1)
  (7, 6, 6, 6, 5, 3, 3, 2, 2, 2, 1, 1, 1, 1)
  (7, 6, 6, 6, 5, 3, 3, 2, 2, 1, 1, 1, 1, 1, 1)
  (7, 6, 6, 6, 5, 3, 3, 2, 1, 1, 1, 1, 1, 1, 1, 1)
  (7, 6, 6, 6, 5, 3, 2, 2, 2, 2, 2, 2, 1)
  (7, 6, 6, 6, 5, 3, 2, 2, 2, 2, 2, 1, 1, 1)
  (7, 6, 6, 6, 5, 3, 2, 2, 2, 2, 1, 1, 1, 1, 1)
  (7, 6, 6, 6, 5, 3, 2, 2, 2, 1, 1, 1, 1, 1, 1, 1)
  (7, 6, 6, 6, 4, 4, 4, 4, 4, 1)
  (7, 6, 6, 6, 4, 4, 4, 4, 3, 2)
  (7, 6, 6, 6, 4, 4, 4, 4, 3, 1, 1)
  (7, 6, 6, 6, 4, 4, 4, 4, 2, 2, 1)
  (7, 6, 6, 6, 4, 4, 4, 4, 2, 1, 1, 1)
  (7, 6, 6, 6, 4, 4, 4, 4, 1, 1, 1, 1, 1)
  (7, 6, 6, 6, 4, 4, 4, 3, 3, 3)
  (7, 6, 6, 6, 4, 4, 4, 3, 3, 2, 1)
  (7, 6, 6, 6, 4, 4, 4, 3, 3, 1, 1, 1)
  (7, 6, 6, 6, 4, 4, 4, 3, 2, 2, 2)
  (7, 6, 6, 6, 4, 4, 4, 3, 2, 2, 1, 1)
  (7, 6, 6, 6, 4, 4, 4, 3, 2, 1, 1, 1, 1)
  (7, 6, 6, 6, 4, 4, 4, 3, 1, 1, 1, 1, 1, 1)
  (7, 6, 6, 6, 4, 4, 4, 2, 2, 2, 2, 1)
  (7, 6, 6, 6, 4, 4, 4, 2, 2, 2, 1, 1, 1)
  (7, 6, 6, 6, 4, 4, 4, 2, 2, 1, 1, 1, 1, 1)
  (7, 6, 6, 6, 4, 4, 4, 2, 1, 1, 1, 1, 1, 1, 1)
  (7, 6, 6, 6, 4, 4, 3, 3, 3, 3, 1)
  (7, 6, 6, 6, 4, 4, 3, 3, 3, 2, 2)
  (7, 6, 6, 6, 4, 4, 3, 3, 3, 2, 1, 1)
  (7, 6, 6, 6, 4, 4, 3, 3, 3, 1, 1, 1, 1)
  (7, 6, 6, 6, 4, 4, 3, 3, 2, 2, 2, 1)
  (7, 6, 6, 6, 4, 4, 3, 3, 2, 2, 1, 1, 1)
  (7, 6, 6, 6, 4, 4, 3, 3, 2, 1, 1, 1, 1, 1)
  (7, 6, 6, 6, 4, 4, 3, 3, 1, 1, 1, 1, 1, 1, 1)
  (7, 6, 6, 6, 4, 4, 3, 2, 2, 2, 2, 2)
  (7, 6, 6, 6, 4, 4, 3, 2, 2, 2, 2, 1, 1)
  (7, 6, 6, 6, 4, 4, 3, 2, 2, 2, 1, 1, 1, 1)
  (7, 6, 6, 6, 4, 4, 3, 2, 2, 1, 1, 1, 1, 1, 1)
  (7, 6, 6, 6, 4, 4, 3, 2, 1, 1, 1, 1, 1, 1, 1, 1)
  (7, 6, 6, 6, 4, 4, 2, 2, 2, 2, 2, 2, 1)
  (7, 6, 6, 6, 4, 4, 2, 2, 2, 2, 2, 1, 1, 1)
  (7, 6, 6, 6, 4, 4, 2, 2, 2, 2, 1, 1, 1, 1, 1)
  (7, 6, 6, 6, 4, 4, 2, 2, 2, 1, 1, 1, 1, 1, 1, 1)
  (7, 6, 6, 6, 4, 3, 3, 3, 3, 3, 2)
  (7, 6, 6, 6, 4, 3, 3, 3, 3, 3, 1, 1)
  (7, 6, 6, 6, 4, 3, 3, 3, 3, 2, 2, 1)
  (7, 6, 6, 6, 4, 3, 3, 3, 3, 2, 1, 1, 1)
  (7, 6, 6, 6, 4, 3, 3, 3, 3, 1, 1, 1, 1, 1)
  (7, 6, 6, 6, 4, 3, 3, 3, 2, 2, 2, 2)
  (7, 6, 6, 6, 4, 3, 3, 3, 2, 2, 2, 1, 1)
  (7, 6, 6, 6, 4, 3, 3, 3, 2, 2, 1, 1, 1, 1)
  (7, 6, 6, 6, 4, 3, 3, 3, 2, 1, 1, 1, 1, 1, 1)
  (7, 6, 6, 6, 4, 3, 3, 3, 1, 1, 1, 1, 1, 1, 1, 1)
  (7, 6, 6, 6, 4, 3, 3, 2, 2, 2, 2, 2, 1)
  (7, 6, 6, 6, 4, 3, 3, 2, 2, 2, 2, 1, 1, 1)
  (7, 6, 6, 6, 4, 3, 3, 2, 2, 2, 1, 1, 1, 1, 1)
  (7, 6, 6, 6, 4, 3, 3, 2, 2, 1, 1, 1, 1, 1, 1, 1)
  (7, 6, 6, 6, 4, 3, 2, 2, 2, 2, 2, 2, 2)
  (7, 6, 6, 6, 4, 3, 2, 2, 2, 2, 2, 2, 1, 1)
  (7, 6, 6, 6, 4, 3, 2, 2, 2, 2, 2, 1, 1, 1, 1)
  (7, 6, 6, 6, 4, 3, 2, 2, 2, 2, 1, 1, 1, 1, 1, 1)
  (7, 6, 6, 6, 3, 3, 3, 3, 3, 3, 3)
  (7, 6, 6, 6, 3, 3, 3, 3, 3, 3, 2, 1)
  (7, 6, 6, 6, 3, 3, 3, 3, 3, 3, 1, 1, 1)
  (7, 6, 6, 6, 3, 3, 3, 3, 3, 2, 2, 2)
  (7, 6, 6, 6, 3, 3, 3, 3, 3, 2, 2, 1, 1)
  (7, 6, 6, 6, 3, 3, 3, 3, 3, 2, 1, 1, 1, 1)
  (7, 6, 6, 6, 3, 3, 3, 3, 3, 1, 1, 1, 1, 1, 1)
  (7, 6, 6, 6, 3, 3, 3, 3, 2, 2, 2, 2, 1)
  (7, 6, 6, 6, 3, 3, 3, 3, 2, 2, 2, 1, 1, 1)
  (7, 6, 6, 6, 3, 3, 3, 3, 2, 2, 1, 1, 1, 1, 1)
  (7, 6, 6, 6, 3, 3, 3, 3, 2, 1, 1, 1, 1, 1, 1, 1)
  (7, 6, 6, 6, 3, 3, 3, 2, 2, 2, 2, 2, 2)
  (7, 6, 6, 6, 3, 3, 3, 2, 2, 2, 2, 2, 1, 1)
  (7, 6, 6, 6, 3, 3, 3, 2, 2, 2, 2, 1, 1, 1, 1)
  (7, 6, 6, 6, 3, 3, 3, 2, 2, 2, 1, 1, 1, 1, 1, 1)
  (7, 6, 6, 5, 5, 5, 5, 4, 2, 1)
  (7, 6, 6, 5, 5, 5, 5, 4, 1, 1, 1)
  (7, 6, 6, 5, 5, 5, 5, 3, 3, 1)
  (7, 6, 6, 5, 5, 5, 5, 3, 2, 2)
  (7, 6, 6, 5, 5, 5, 5, 3, 2, 1, 1)
  (7, 6, 6, 5, 5, 5, 5, 3, 1, 1, 1, 1)
  (7, 6, 6, 5, 5, 5, 5, 2, 2, 2, 1)
  (7, 6, 6, 5, 5, 5, 5, 2, 2, 1, 1, 1)
  (7, 6, 6, 5, 5, 5, 5, 2, 1, 1, 1, 1, 1)
  (7, 6, 6, 5, 5, 5, 4, 4, 3, 1)
  (7, 6, 6, 5, 5, 5, 4, 4, 2, 2)
  (7, 6, 6, 5, 5, 5, 4, 4, 2, 1, 1)
  (7, 6, 6, 5, 5, 5, 4, 4, 1, 1, 1, 1)
  (7, 6, 6, 5, 5, 5, 4, 3, 3, 2)
  (7, 6, 6, 5, 5, 5, 4, 3, 3, 1, 1)
  (7, 6, 6, 5, 5, 5, 4, 3, 2, 2, 1)
  (7, 6, 6, 5, 5, 5, 4, 3, 2, 1, 1, 1)
  (7, 6, 6, 5, 5, 5, 4, 3, 1, 1, 1, 1, 1)
  (7, 6, 6, 5, 5, 5, 4, 2, 2, 2, 2)
  (7, 6, 6, 5, 5, 5, 4, 2, 2, 2, 1, 1)
  (7, 6, 6, 5, 5, 5, 4, 2, 2, 1, 1, 1, 1)
  (7, 6, 6, 5, 5, 5, 4, 2, 1, 1, 1, 1, 1, 1)
  (7, 6, 6, 5, 5, 5, 3, 3, 3, 3)
  (7, 6, 6, 5, 5, 5, 3, 3, 3, 2, 1)
  (7, 6, 6, 5, 5, 5, 3, 3, 3, 1, 1, 1)
  (7, 6, 6, 5, 5, 5, 3, 3, 2, 2, 2)
  (7, 6, 6, 5, 5, 5, 3, 3, 2, 2, 1, 1)
  (7, 6, 6, 5, 5, 5, 3, 3, 2, 1, 1, 1, 1)
  (7, 6, 6, 5, 5, 5, 3, 3, 1, 1, 1, 1, 1, 1)
  (7, 6, 6, 5, 5, 5, 3, 2, 2, 2, 2, 1)
  (7, 6, 6, 5, 5, 5, 3, 2, 2, 2, 1, 1, 1)
  (7, 6, 6, 5, 5, 5, 3, 2, 2, 1, 1, 1, 1, 1)
  (7, 6, 6, 5, 5, 5, 3, 2, 1, 1, 1, 1, 1, 1, 1)
  (7, 6, 6, 5, 5, 5, 2, 2, 2, 2, 2, 2)
  (7, 6, 6, 5, 5, 5, 2, 2, 2, 2, 2, 1, 1)
  (7, 6, 6, 5, 5, 5, 2, 2, 2, 2, 1, 1, 1, 1)
  (7, 6, 6, 5, 5, 5, 2, 2, 2, 1, 1, 1, 1, 1, 1)
  (7, 6, 6, 5, 5, 4, 4, 4, 4, 1)
  (7, 6, 6, 5, 5, 4, 4, 4, 3, 2)
  (7, 6, 6, 5, 5, 4, 4, 4, 3, 1, 1)
  (7, 6, 6, 5, 5, 4, 4, 4, 2, 2, 1)
  (7, 6, 6, 5, 5, 4, 4, 4, 2, 1, 1, 1)
  (7, 6, 6, 5, 5, 4, 4, 4, 1, 1, 1, 1, 1)
  (7, 6, 6, 5, 5, 4, 4, 3, 3, 3)
  (7, 6, 6, 5, 5, 4, 4, 3, 3, 2, 1)
  (7, 6, 6, 5, 5, 4, 4, 3, 3, 1, 1, 1)
  (7, 6, 6, 5, 5, 4, 4, 3, 2, 2, 2)
  (7, 6, 6, 5, 5, 4, 4, 3, 2, 2, 1, 1)
  (7, 6, 6, 5, 5, 4, 4, 3, 2, 1, 1, 1, 1)
  (7, 6, 6, 5, 5, 4, 4, 3, 1, 1, 1, 1, 1, 1)
  (7, 6, 6, 5, 5, 4, 4, 2, 2, 2, 2, 1)
  (7, 6, 6, 5, 5, 4, 4, 2, 2, 2, 1, 1, 1)
  (7, 6, 6, 5, 5, 4, 4, 2, 2, 1, 1, 1, 1, 1)
  (7, 6, 6, 5, 5, 4, 4, 2, 1, 1, 1, 1, 1, 1, 1)
  (7, 6, 6, 5, 5, 4, 3, 3, 3, 3, 1)
  (7, 6, 6, 5, 5, 4, 3, 3, 3, 2, 2)
  (7, 6, 6, 5, 5, 4, 3, 3, 3, 2, 1, 1)
  (7, 6, 6, 5, 5, 4, 3, 3, 3, 1, 1, 1, 1)
  (7, 6, 6, 5, 5, 4, 3, 3, 2, 2, 2, 1)
  (7, 6, 6, 5, 5, 4, 3, 3, 2, 2, 1, 1, 1)
  (7, 6, 6, 5, 5, 4, 3, 3, 2, 1, 1, 1, 1, 1)
  (7, 6, 6, 5, 5, 4, 3, 3, 1, 1, 1, 1, 1, 1, 1)
  (7, 6, 6, 5, 5, 4, 3, 2, 2, 2, 2, 2)
  (7, 6, 6, 5, 5, 4, 3, 2, 2, 2, 2, 1, 1)
  (7, 6, 6, 5, 5, 4, 3, 2, 2, 2, 1, 1, 1, 1)
  (7, 6, 6, 5, 5, 4, 3, 2, 2, 1, 1, 1, 1, 1, 1)
  (7, 6, 6, 5, 5, 4, 3, 2, 1, 1, 1, 1, 1, 1, 1, 1)
  (7, 6, 6, 5, 5, 4, 2, 2, 2, 2, 2, 2, 1)
  (7, 6, 6, 5, 5, 4, 2, 2, 2, 2, 2, 1, 1, 1)
  (7, 6, 6, 5, 5, 4, 2, 2, 2, 2, 1, 1, 1, 1, 1)
  (7, 6, 6, 5, 5, 4, 2, 2, 2, 1, 1, 1, 1, 1, 1, 1)
  (7, 6, 6, 5, 5, 3, 3, 3, 3, 3, 2)
  (7, 6, 6, 5, 5, 3, 3, 3, 3, 3, 1, 1)
  (7, 6, 6, 5, 5, 3, 3, 3, 3, 2, 2, 1)
  (7, 6, 6, 5, 5, 3, 3, 3, 3, 2, 1, 1, 1)
  (7, 6, 6, 5, 5, 3, 3, 3, 3, 1, 1, 1, 1, 1)
  (7, 6, 6, 5, 5, 3, 3, 3, 2, 2, 2, 2)
  (7, 6, 6, 5, 5, 3, 3, 3, 2, 2, 2, 1, 1)
  (7, 6, 6, 5, 5, 3, 3, 3, 2, 2, 1, 1, 1, 1)
  (7, 6, 6, 5, 5, 3, 3, 3, 2, 1, 1, 1, 1, 1, 1)
  (7, 6, 6, 5, 5, 3, 3, 3, 1, 1, 1, 1, 1, 1, 1, 1)
  (7, 6, 6, 5, 5, 3, 3, 2, 2, 2, 2, 2, 1)
  (7, 6, 6, 5, 5, 3, 3, 2, 2, 2, 2, 1, 1, 1)
  (7, 6, 6, 5, 5, 3, 3, 2, 2, 2, 1, 1, 1, 1, 1)
  (7, 6, 6, 5, 5, 3, 3, 2, 2, 1, 1, 1, 1, 1, 1, 1)
  (7, 6, 6, 5, 5, 3, 2, 2, 2, 2, 2, 2, 2)
  (7, 6, 6, 5, 5, 3, 2, 2, 2, 2, 2, 2, 1, 1)
  (7, 6, 6, 5, 5, 3, 2, 2, 2, 2, 2, 1, 1, 1, 1)
  (7, 6, 6, 5, 5, 3, 2, 2, 2, 2, 1, 1, 1, 1, 1, 1)
  (7, 6, 6, 5, 4, 4, 4, 4, 4, 2)
  (7, 6, 6, 5, 4, 4, 4, 4, 4, 1, 1)
  (7, 6, 6, 5, 4, 4, 4, 4, 3, 3)
  (7, 6, 6, 5, 4, 4, 4, 4, 3, 2, 1)
  (7, 6, 6, 5, 4, 4, 4, 4, 3, 1, 1, 1)
  (7, 6, 6, 5, 4, 4, 4, 4, 2, 2, 2)
  (7, 6, 6, 5, 4, 4, 4, 4, 2, 2, 1, 1)
  (7, 6, 6, 5, 4, 4, 4, 4, 2, 1, 1, 1, 1)
  (7, 6, 6, 5, 4, 4, 4, 4, 1, 1, 1, 1, 1, 1)
  (7, 6, 6, 5, 4, 4, 4, 3, 3, 3, 1)
  (7, 6, 6, 5, 4, 4, 4, 3, 3, 2, 2)
  (7, 6, 6, 5, 4, 4, 4, 3, 3, 2, 1, 1)
  (7, 6, 6, 5, 4, 4, 4, 3, 3, 1, 1, 1, 1)
  (7, 6, 6, 5, 4, 4, 4, 3, 2, 2, 2, 1)
  (7, 6, 6, 5, 4, 4, 4, 3, 2, 2, 1, 1, 1)
  (7, 6, 6, 5, 4, 4, 4, 3, 2, 1, 1, 1, 1, 1)
  (7, 6, 6, 5, 4, 4, 4, 3, 1, 1, 1, 1, 1, 1, 1)
  (7, 6, 6, 5, 4, 4, 4, 2, 2, 2, 2, 2)
  (7, 6, 6, 5, 4, 4, 4, 2, 2, 2, 2, 1, 1)
  (7, 6, 6, 5, 4, 4, 4, 2, 2, 2, 1, 1, 1, 1)
  (7, 6, 6, 5, 4, 4, 4, 2, 2, 1, 1, 1, 1, 1, 1)
  (7, 6, 6, 5, 4, 4, 4, 2, 1, 1, 1, 1, 1, 1, 1, 1)
  (7, 6, 6, 5, 4, 4, 3, 3, 3, 3, 2)
  (7, 6, 6, 5, 4, 4, 3, 3, 3, 3, 1, 1)
  (7, 6, 6, 5, 4, 4, 3, 3, 3, 2, 2, 1)
  (7, 6, 6, 5, 4, 4, 3, 3, 3, 2, 1, 1, 1)
  (7, 6, 6, 5, 4, 4, 3, 3, 3, 1, 1, 1, 1, 1)
  (7, 6, 6, 5, 4, 4, 3, 3, 2, 2, 2, 2)
  (7, 6, 6, 5, 4, 4, 3, 3, 2, 2, 2, 1, 1)
  (7, 6, 6, 5, 4, 4, 3, 3, 2, 2, 1, 1, 1, 1)
  (7, 6, 6, 5, 4, 4, 3, 3, 2, 1, 1, 1, 1, 1, 1)
  (7, 6, 6, 5, 4, 4, 3, 3, 1, 1, 1, 1, 1, 1, 1, 1)
  (7, 6, 6, 5, 4, 4, 3, 2, 2, 2, 2, 2, 1)
  (7, 6, 6, 5, 4, 4, 3, 2, 2, 2, 2, 1, 1, 1)
  (7, 6, 6, 5, 4, 4, 3, 2, 2, 2, 1, 1, 1, 1, 1)
  (7, 6, 6, 5, 4, 4, 3, 2, 2, 1, 1, 1, 1, 1, 1, 1)
  (7, 6, 6, 5, 4, 4, 2, 2, 2, 2, 2, 2, 2)
  (7, 6, 6, 5, 4, 4, 2, 2, 2, 2, 2, 2, 1, 1)
  (7, 6, 6, 5, 4, 4, 2, 2, 2, 2, 2, 1, 1, 1, 1)
  (7, 6, 6, 5, 4, 4, 2, 2, 2, 2, 1, 1, 1, 1, 1, 1)
  (7, 6, 6, 5, 4, 3, 3, 3, 3, 3, 3)
  (7, 6, 6, 5, 4, 3, 3, 3, 3, 3, 2, 1)
  (7, 6, 6, 5, 4, 3, 3, 3, 3, 3, 1, 1, 1)
  (7, 6, 6, 5, 4, 3, 3, 3, 3, 2, 2, 2)
  (7, 6, 6, 5, 4, 3, 3, 3, 3, 2, 2, 1, 1)
  (7, 6, 6, 5, 4, 3, 3, 3, 3, 2, 1, 1, 1, 1)
  (7, 6, 6, 5, 4, 3, 3, 3, 3, 1, 1, 1, 1, 1, 1)
  (7, 6, 6, 5, 4, 3, 3, 3, 2, 2, 2, 2, 1)
  (7, 6, 6, 5, 4, 3, 3, 3, 2, 2, 2, 1, 1, 1)
  (7, 6, 6, 5, 4, 3, 3, 3, 2, 2, 1, 1, 1, 1, 1)
  (7, 6, 6, 5, 4, 3, 3, 3, 2, 1, 1, 1, 1, 1, 1, 1)
  (7, 6, 6, 5, 4, 3, 3, 2, 2, 2, 2, 2, 2)
  (7, 6, 6, 5, 4, 3, 3, 2, 2, 2, 2, 2, 1, 1)
  (7, 6, 6, 5, 4, 3, 3, 2, 2, 2, 2, 1, 1, 1, 1)
  (7, 6, 6, 5, 4, 3, 3, 2, 2, 2, 1, 1, 1, 1, 1, 1)
  (7, 6, 6, 5, 4, 3, 2, 2, 2, 2, 2, 2, 2, 1)
  (7, 6, 6, 5, 4, 3, 2, 2, 2, 2, 2, 2, 1, 1, 1)
  (7, 6, 6, 5, 4, 3, 2, 2, 2, 2, 2, 1, 1, 1, 1, 1)
  (7, 6, 6, 5, 3, 3, 3, 3, 3, 3, 3, 1)
  (7, 6, 6, 5, 3, 3, 3, 3, 3, 3, 2, 2)
  (7, 6, 6, 5, 3, 3, 3, 3, 3, 3, 2, 1, 1)
  (7, 6, 6, 5, 3, 3, 3, 3, 3, 3, 1, 1, 1, 1)
  (7, 6, 6, 5, 3, 3, 3, 3, 3, 2, 2, 2, 1)
  (7, 6, 6, 5, 3, 3, 3, 3, 3, 2, 2, 1, 1, 1)
  (7, 6, 6, 5, 3, 3, 3, 3, 3, 2, 1, 1, 1, 1, 1)
  (7, 6, 6, 5, 3, 3, 3, 3, 3, 1, 1, 1, 1, 1, 1, 1)
  (7, 6, 6, 5, 3, 3, 3, 3, 2, 2, 2, 2, 2)
  (7, 6, 6, 5, 3, 3, 3, 3, 2, 2, 2, 2, 1, 1)
  (7, 6, 6, 5, 3, 3, 3, 3, 2, 2, 2, 1, 1, 1, 1)
  (7, 6, 6, 5, 3, 3, 3, 3, 2, 2, 1, 1, 1, 1, 1, 1)
  (7, 6, 6, 5, 3, 3, 3, 2, 2, 2, 2, 2, 2, 1)
  (7, 6, 6, 5, 3, 3, 3, 2, 2, 2, 2, 2, 1, 1, 1)
  (7, 6, 6, 5, 3, 3, 3, 2, 2, 2, 2, 1, 1, 1, 1, 1)
  (7, 6, 6, 4, 4, 4, 4, 4, 4, 3)
  (7, 6, 6, 4, 4, 4, 4, 4, 4, 2, 1)
  (7, 6, 6, 4, 4, 4, 4, 4, 4, 1, 1, 1)
  (7, 6, 6, 4, 4, 4, 4, 4, 3, 3, 1)
  (7, 6, 6, 4, 4, 4, 4, 4, 3, 2, 2)
  (7, 6, 6, 4, 4, 4, 4, 4, 3, 2, 1, 1)
  (7, 6, 6, 4, 4, 4, 4, 4, 3, 1, 1, 1, 1)
  (7, 6, 6, 4, 4, 4, 4, 4, 2, 2, 2, 1)
  (7, 6, 6, 4, 4, 4, 4, 4, 2, 2, 1, 1, 1)
  (7, 6, 6, 4, 4, 4, 4, 4, 2, 1, 1, 1, 1, 1)
  (7, 6, 6, 4, 4, 4, 4, 4, 1, 1, 1, 1, 1, 1, 1)
  (7, 6, 6, 4, 4, 4, 4, 3, 3, 3, 2)
  (7, 6, 6, 4, 4, 4, 4, 3, 3, 3, 1, 1)
  (7, 6, 6, 4, 4, 4, 4, 3, 3, 2, 2, 1)
  (7, 6, 6, 4, 4, 4, 4, 3, 3, 2, 1, 1, 1)
  (7, 6, 6, 4, 4, 4, 4, 3, 3, 1, 1, 1, 1, 1)
  (7, 6, 6, 4, 4, 4, 4, 3, 2, 2, 2, 2)
  (7, 6, 6, 4, 4, 4, 4, 3, 2, 2, 2, 1, 1)
  (7, 6, 6, 4, 4, 4, 4, 3, 2, 2, 1, 1, 1, 1)
  (7, 6, 6, 4, 4, 4, 4, 3, 2, 1, 1, 1, 1, 1, 1)
  (7, 6, 6, 4, 4, 4, 4, 3, 1, 1, 1, 1, 1, 1, 1, 1)
  (7, 6, 6, 4, 4, 4, 4, 2, 2, 2, 2, 2, 1)
  (7, 6, 6, 4, 4, 4, 4, 2, 2, 2, 2, 1, 1, 1)
  (7, 6, 6, 4, 4, 4, 4, 2, 2, 2, 1, 1, 1, 1, 1)
  (7, 6, 6, 4, 4, 4, 4, 2, 2, 1, 1, 1, 1, 1, 1, 1)
  (7, 6, 6, 4, 4, 4, 3, 3, 3, 3, 3)
  (7, 6, 6, 4, 4, 4, 3, 3, 3, 3, 2, 1)
  (7, 6, 6, 4, 4, 4, 3, 3, 3, 3, 1, 1, 1)
  (7, 6, 6, 4, 4, 4, 3, 3, 3, 2, 2, 2)
  (7, 6, 6, 4, 4, 4, 3, 3, 3, 2, 2, 1, 1)
  (7, 6, 6, 4, 4, 4, 3, 3, 3, 2, 1, 1, 1, 1)
  (7, 6, 6, 4, 4, 4, 3, 3, 3, 1, 1, 1, 1, 1, 1)
  (7, 6, 6, 4, 4, 4, 3, 3, 2, 2, 2, 2, 1)
  (7, 6, 6, 4, 4, 4, 3, 3, 2, 2, 2, 1, 1, 1)
  (7, 6, 6, 4, 4, 4, 3, 3, 2, 2, 1, 1, 1, 1, 1)
  (7, 6, 6, 4, 4, 4, 3, 3, 2, 1, 1, 1, 1, 1, 1, 1)
  (7, 6, 6, 4, 4, 4, 3, 2, 2, 2, 2, 2, 2)
  (7, 6, 6, 4, 4, 4, 3, 2, 2, 2, 2, 2, 1, 1)
  (7, 6, 6, 4, 4, 4, 3, 2, 2, 2, 2, 1, 1, 1, 1)
  (7, 6, 6, 4, 4, 4, 3, 2, 2, 2, 1, 1, 1, 1, 1, 1)
  (7, 6, 6, 4, 4, 4, 2, 2, 2, 2, 2, 2, 2, 1)
  (7, 6, 6, 4, 4, 4, 2, 2, 2, 2, 2, 2, 1, 1, 1)
  (7, 6, 6, 4, 4, 4, 2, 2, 2, 2, 2, 1, 1, 1, 1, 1)
  (7, 6, 6, 4, 4, 3, 3, 3, 3, 3, 3, 1)
  (7, 6, 6, 4, 4, 3, 3, 3, 3, 3, 2, 2)
  (7, 6, 6, 4, 4, 3, 3, 3, 3, 3, 2, 1, 1)
  (7, 6, 6, 4, 4, 3, 3, 3, 3, 3, 1, 1, 1, 1)
  (7, 6, 6, 4, 4, 3, 3, 3, 3, 2, 2, 2, 1)
  (7, 6, 6, 4, 4, 3, 3, 3, 3, 2, 2, 1, 1, 1)
  (7, 6, 6, 4, 4, 3, 3, 3, 3, 2, 1, 1, 1, 1, 1)
  (7, 6, 6, 4, 4, 3, 3, 3, 3, 1, 1, 1, 1, 1, 1, 1)
  (7, 6, 6, 4, 4, 3, 3, 3, 2, 2, 2, 2, 2)
  (7, 6, 6, 4, 4, 3, 3, 3, 2, 2, 2, 2, 1, 1)
  (7, 6, 6, 4, 4, 3, 3, 3, 2, 2, 2, 1, 1, 1, 1)
  (7, 6, 6, 4, 4, 3, 3, 3, 2, 2, 1, 1, 1, 1, 1, 1)
  (7, 6, 6, 4, 4, 3, 3, 2, 2, 2, 2, 2, 2, 1)
  (7, 6, 6, 4, 4, 3, 3, 2, 2, 2, 2, 2, 1, 1, 1)
  (7, 6, 6, 4, 4, 3, 3, 2, 2, 2, 2, 1, 1, 1, 1, 1)
  (7, 6, 6, 4, 4, 3, 2, 2, 2, 2, 2, 2, 2, 2)
  (7, 6, 6, 4, 4, 3, 2, 2, 2, 2, 2, 2, 2, 1, 1)
  (7, 6, 6, 4, 4, 3, 2, 2, 2, 2, 2, 2, 1, 1, 1, 1)
  (7, 6, 6, 4, 3, 3, 3, 3, 3, 3, 3, 2)
  (7, 6, 6, 4, 3, 3, 3, 3, 3, 3, 3, 1, 1)
  (7, 6, 6, 4, 3, 3, 3, 3, 3, 3, 2, 2, 1)
  (7, 6, 6, 4, 3, 3, 3, 3, 3, 3, 2, 1, 1, 1)
  (7, 6, 6, 4, 3, 3, 3, 3, 3, 3, 1, 1, 1, 1, 1)
  (7, 6, 6, 4, 3, 3, 3, 3, 3, 2, 2, 2, 2)
  (7, 6, 6, 4, 3, 3, 3, 3, 3, 2, 2, 2, 1, 1)
  (7, 6, 6, 4, 3, 3, 3, 3, 3, 2, 2, 1, 1, 1, 1)
  (7, 6, 6, 4, 3, 3, 3, 3, 3, 2, 1, 1, 1, 1, 1, 1)
  (7, 6, 6, 4, 3, 3, 3, 3, 2, 2, 2, 2, 2, 1)
  (7, 6, 6, 4, 3, 3, 3, 3, 2, 2, 2, 2, 1, 1, 1)
  (7, 6, 6, 4, 3, 3, 3, 3, 2, 2, 2, 1, 1, 1, 1, 1)
  (7, 6, 6, 4, 3, 3, 3, 2, 2, 2, 2, 2, 2, 2)
  (7, 6, 6, 4, 3, 3, 3, 2, 2, 2, 2, 2, 2, 1, 1)
  (7, 6, 6, 4, 3, 3, 3, 2, 2, 2, 2, 2, 1, 1, 1, 1)
  (7, 6, 5, 5, 5, 5, 5, 5, 2, 1)
  (7, 6, 5, 5, 5, 5, 5, 5, 1, 1, 1)
  (7, 6, 5, 5, 5, 5, 5, 4, 3, 1)
  (7, 6, 5, 5, 5, 5, 5, 4, 2, 2)
  (7, 6, 5, 5, 5, 5, 5, 4, 2, 1, 1)
  (7, 6, 5, 5, 5, 5, 5, 4, 1, 1, 1, 1)
  (7, 6, 5, 5, 5, 5, 5, 3, 3, 2)
  (7, 6, 5, 5, 5, 5, 5, 3, 3, 1, 1)
  (7, 6, 5, 5, 5, 5, 5, 3, 2, 2, 1)
  (7, 6, 5, 5, 5, 5, 5, 3, 2, 1, 1, 1)
  (7, 6, 5, 5, 5, 5, 5, 3, 1, 1, 1, 1, 1)
  (7, 6, 5, 5, 5, 5, 5, 2, 2, 2, 2)
  (7, 6, 5, 5, 5, 5, 5, 2, 2, 2, 1, 1)
  (7, 6, 5, 5, 5, 5, 5, 2, 2, 1, 1, 1, 1)
  (7, 6, 5, 5, 5, 5, 5, 2, 1, 1, 1, 1, 1, 1)
  (7, 6, 5, 5, 5, 5, 4, 4, 4, 1)
  (7, 6, 5, 5, 5, 5, 4, 4, 3, 2)
  (7, 6, 5, 5, 5, 5, 4, 4, 3, 1, 1)
  (7, 6, 5, 5, 5, 5, 4, 4, 2, 2, 1)
  (7, 6, 5, 5, 5, 5, 4, 4, 2, 1, 1, 1)
  (7, 6, 5, 5, 5, 5, 4, 4, 1, 1, 1, 1, 1)
  (7, 6, 5, 5, 5, 5, 4, 3, 3, 3)
  (7, 6, 5, 5, 5, 5, 4, 3, 3, 2, 1)
  (7, 6, 5, 5, 5, 5, 4, 3, 3, 1, 1, 1)
  (7, 6, 5, 5, 5, 5, 4, 3, 2, 2, 2)
  (7, 6, 5, 5, 5, 5, 4, 3, 2, 2, 1, 1)
  (7, 6, 5, 5, 5, 5, 4, 3, 2, 1, 1, 1, 1)
  (7, 6, 5, 5, 5, 5, 4, 3, 1, 1, 1, 1, 1, 1)
  (7, 6, 5, 5, 5, 5, 4, 2, 2, 2, 2, 1)
  (7, 6, 5, 5, 5, 5, 4, 2, 2, 2, 1, 1, 1)
  (7, 6, 5, 5, 5, 5, 4, 2, 2, 1, 1, 1, 1, 1)
  (7, 6, 5, 5, 5, 5, 4, 2, 1, 1, 1, 1, 1, 1, 1)
  (7, 6, 5, 5, 5, 5, 3, 3, 3, 3, 1)
  (7, 6, 5, 5, 5, 5, 3, 3, 3, 2, 2)
  (7, 6, 5, 5, 5, 5, 3, 3, 3, 2, 1, 1)
  (7, 6, 5, 5, 5, 5, 3, 3, 3, 1, 1, 1, 1)
  (7, 6, 5, 5, 5, 5, 3, 3, 2, 2, 2, 1)
  (7, 6, 5, 5, 5, 5, 3, 3, 2, 2, 1, 1, 1)
  (7, 6, 5, 5, 5, 5, 3, 3, 2, 1, 1, 1, 1, 1)
  (7, 6, 5, 5, 5, 5, 3, 3, 1, 1, 1, 1, 1, 1, 1)
  (7, 6, 5, 5, 5, 5, 3, 2, 2, 2, 2, 2)
  (7, 6, 5, 5, 5, 5, 3, 2, 2, 2, 2, 1, 1)
  (7, 6, 5, 5, 5, 5, 3, 2, 2, 2, 1, 1, 1, 1)
  (7, 6, 5, 5, 5, 5, 3, 2, 2, 1, 1, 1, 1, 1, 1)
  (7, 6, 5, 5, 5, 5, 3, 2, 1, 1, 1, 1, 1, 1, 1, 1)
  (7, 6, 5, 5, 5, 5, 2, 2, 2, 2, 2, 2, 1)
  (7, 6, 5, 5, 5, 5, 2, 2, 2, 2, 2, 1, 1, 1)
  (7, 6, 5, 5, 5, 5, 2, 2, 2, 2, 1, 1, 1, 1, 1)
  (7, 6, 5, 5, 5, 5, 2, 2, 2, 1, 1, 1, 1, 1, 1, 1)
  (7, 6, 5, 5, 5, 4, 4, 4, 4, 2)
  (7, 6, 5, 5, 5, 4, 4, 4, 4, 1, 1)
  (7, 6, 5, 5, 5, 4, 4, 4, 3, 3)
  (7, 6, 5, 5, 5, 4, 4, 4, 3, 2, 1)
  (7, 6, 5, 5, 5, 4, 4, 4, 3, 1, 1, 1)
  (7, 6, 5, 5, 5, 4, 4, 4, 2, 2, 2)
  (7, 6, 5, 5, 5, 4, 4, 4, 2, 2, 1, 1)
  (7, 6, 5, 5, 5, 4, 4, 4, 2, 1, 1, 1, 1)
  (7, 6, 5, 5, 5, 4, 4, 4, 1, 1, 1, 1, 1, 1)
  (7, 6, 5, 5, 5, 4, 4, 3, 3, 3, 1)
  (7, 6, 5, 5, 5, 4, 4, 3, 3, 2, 2)
  (7, 6, 5, 5, 5, 4, 4, 3, 3, 2, 1, 1)
  (7, 6, 5, 5, 5, 4, 4, 3, 3, 1, 1, 1, 1)
  (7, 6, 5, 5, 5, 4, 4, 3, 2, 2, 2, 1)
  (7, 6, 5, 5, 5, 4, 4, 3, 2, 2, 1, 1, 1)
  (7, 6, 5, 5, 5, 4, 4, 3, 2, 1, 1, 1, 1, 1)
  (7, 6, 5, 5, 5, 4, 4, 3, 1, 1, 1, 1, 1, 1, 1)
  (7, 6, 5, 5, 5, 4, 4, 2, 2, 2, 2, 2)
  (7, 6, 5, 5, 5, 4, 4, 2, 2, 2, 2, 1, 1)
  (7, 6, 5, 5, 5, 4, 4, 2, 2, 2, 1, 1, 1, 1)
  (7, 6, 5, 5, 5, 4, 4, 2, 2, 1, 1, 1, 1, 1, 1)
  (7, 6, 5, 5, 5, 4, 4, 2, 1, 1, 1, 1, 1, 1, 1, 1)
  (7, 6, 5, 5, 5, 4, 3, 3, 3, 3, 2)
  (7, 6, 5, 5, 5, 4, 3, 3, 3, 3, 1, 1)
  (7, 6, 5, 5, 5, 4, 3, 3, 3, 2, 2, 1)
  (7, 6, 5, 5, 5, 4, 3, 3, 3, 2, 1, 1, 1)
  (7, 6, 5, 5, 5, 4, 3, 3, 3, 1, 1, 1, 1, 1)
  (7, 6, 5, 5, 5, 4, 3, 3, 2, 2, 2, 2)
  (7, 6, 5, 5, 5, 4, 3, 3, 2, 2, 2, 1, 1)
  (7, 6, 5, 5, 5, 4, 3, 3, 2, 2, 1, 1, 1, 1)
  (7, 6, 5, 5, 5, 4, 3, 3, 2, 1, 1, 1, 1, 1, 1)
  (7, 6, 5, 5, 5, 4, 3, 3, 1, 1, 1, 1, 1, 1, 1, 1)
  (7, 6, 5, 5, 5, 4, 3, 2, 2, 2, 2, 2, 1)
  (7, 6, 5, 5, 5, 4, 3, 2, 2, 2, 2, 1, 1, 1)
  (7, 6, 5, 5, 5, 4, 3, 2, 2, 2, 1, 1, 1, 1, 1)
  (7, 6, 5, 5, 5, 4, 3, 2, 2, 1, 1, 1, 1, 1, 1, 1)
  (7, 6, 5, 5, 5, 4, 2, 2, 2, 2, 2, 2, 2)
  (7, 6, 5, 5, 5, 4, 2, 2, 2, 2, 2, 2, 1, 1)
  (7, 6, 5, 5, 5, 4, 2, 2, 2, 2, 2, 1, 1, 1, 1)
  (7, 6, 5, 5, 5, 4, 2, 2, 2, 2, 1, 1, 1, 1, 1, 1)
  (7, 6, 5, 5, 5, 3, 3, 3, 3, 3, 3)
  (7, 6, 5, 5, 5, 3, 3, 3, 3, 3, 2, 1)
  (7, 6, 5, 5, 5, 3, 3, 3, 3, 3, 1, 1, 1)
  (7, 6, 5, 5, 5, 3, 3, 3, 3, 2, 2, 2)
  (7, 6, 5, 5, 5, 3, 3, 3, 3, 2, 2, 1, 1)
  (7, 6, 5, 5, 5, 3, 3, 3, 3, 2, 1, 1, 1, 1)
  (7, 6, 5, 5, 5, 3, 3, 3, 3, 1, 1, 1, 1, 1, 1)
  (7, 6, 5, 5, 5, 3, 3, 3, 2, 2, 2, 2, 1)
  (7, 6, 5, 5, 5, 3, 3, 3, 2, 2, 2, 1, 1, 1)
  (7, 6, 5, 5, 5, 3, 3, 3, 2, 2, 1, 1, 1, 1, 1)
  (7, 6, 5, 5, 5, 3, 3, 3, 2, 1, 1, 1, 1, 1, 1, 1)
  (7, 6, 5, 5, 5, 3, 3, 2, 2, 2, 2, 2, 2)
  (7, 6, 5, 5, 5, 3, 3, 2, 2, 2, 2, 2, 1, 1)
  (7, 6, 5, 5, 5, 3, 3, 2, 2, 2, 2, 1, 1, 1, 1)
  (7, 6, 5, 5, 5, 3, 3, 2, 2, 2, 1, 1, 1, 1, 1, 1)
  (7, 6, 5, 5, 5, 3, 2, 2, 2, 2, 2, 2, 2, 1)
  (7, 6, 5, 5, 5, 3, 2, 2, 2, 2, 2, 2, 1, 1, 1)
  (7, 6, 5, 5, 5, 3, 2, 2, 2, 2, 2, 1, 1, 1, 1, 1)
  (7, 6, 5, 5, 4, 4, 4, 4, 4, 3)
  (7, 6, 5, 5, 4, 4, 4, 4, 4, 2, 1)
  (7, 6, 5, 5, 4, 4, 4, 4, 4, 1, 1, 1)
  (7, 6, 5, 5, 4, 4, 4, 4, 3, 3, 1)
  (7, 6, 5, 5, 4, 4, 4, 4, 3, 2, 2)
  (7, 6, 5, 5, 4, 4, 4, 4, 3, 2, 1, 1)
  (7, 6, 5, 5, 4, 4, 4, 4, 3, 1, 1, 1, 1)
  (7, 6, 5, 5, 4, 4, 4, 4, 2, 2, 2, 1)
  (7, 6, 5, 5, 4, 4, 4, 4, 2, 2, 1, 1, 1)
  (7, 6, 5, 5, 4, 4, 4, 4, 2, 1, 1, 1, 1, 1)
  (7, 6, 5, 5, 4, 4, 4, 4, 1, 1, 1, 1, 1, 1, 1)
  (7, 6, 5, 5, 4, 4, 4, 3, 3, 3, 2)
  (7, 6, 5, 5, 4, 4, 4, 3, 3, 3, 1, 1)
  (7, 6, 5, 5, 4, 4, 4, 3, 3, 2, 2, 1)
  (7, 6, 5, 5, 4, 4, 4, 3, 3, 2, 1, 1, 1)
  (7, 6, 5, 5, 4, 4, 4, 3, 3, 1, 1, 1, 1, 1)
  (7, 6, 5, 5, 4, 4, 4, 3, 2, 2, 2, 2)
  (7, 6, 5, 5, 4, 4, 4, 3, 2, 2, 2, 1, 1)
  (7, 6, 5, 5, 4, 4, 4, 3, 2, 2, 1, 1, 1, 1)
  (7, 6, 5, 5, 4, 4, 4, 3, 2, 1, 1, 1, 1, 1, 1)
  (7, 6, 5, 5, 4, 4, 4, 3, 1, 1, 1, 1, 1, 1, 1, 1)
  (7, 6, 5, 5, 4, 4, 4, 2, 2, 2, 2, 2, 1)
  (7, 6, 5, 5, 4, 4, 4, 2, 2, 2, 2, 1, 1, 1)
  (7, 6, 5, 5, 4, 4, 4, 2, 2, 2, 1, 1, 1, 1, 1)
  (7, 6, 5, 5, 4, 4, 4, 2, 2, 1, 1, 1, 1, 1, 1, 1)
  (7, 6, 5, 5, 4, 4, 3, 3, 3, 3, 3)
  (7, 6, 5, 5, 4, 4, 3, 3, 3, 3, 2, 1)
  (7, 6, 5, 5, 4, 4, 3, 3, 3, 3, 1, 1, 1)
  (7, 6, 5, 5, 4, 4, 3, 3, 3, 2, 2, 2)
  (7, 6, 5, 5, 4, 4, 3, 3, 3, 2, 2, 1, 1)
  (7, 6, 5, 5, 4, 4, 3, 3, 3, 2, 1, 1, 1, 1)
  (7, 6, 5, 5, 4, 4, 3, 3, 3, 1, 1, 1, 1, 1, 1)
  (7, 6, 5, 5, 4, 4, 3, 3, 2, 2, 2, 2, 1)
  (7, 6, 5, 5, 4, 4, 3, 3, 2, 2, 2, 1, 1, 1)
  (7, 6, 5, 5, 4, 4, 3, 3, 2, 2, 1, 1, 1, 1, 1)
  (7, 6, 5, 5, 4, 4, 3, 3, 2, 1, 1, 1, 1, 1, 1, 1)
  (7, 6, 5, 5, 4, 4, 3, 2, 2, 2, 2, 2, 2)
  (7, 6, 5, 5, 4, 4, 3, 2, 2, 2, 2, 2, 1, 1)
  (7, 6, 5, 5, 4, 4, 3, 2, 2, 2, 2, 1, 1, 1, 1)
  (7, 6, 5, 5, 4, 4, 3, 2, 2, 2, 1, 1, 1, 1, 1, 1)
  (7, 6, 5, 5, 4, 4, 2, 2, 2, 2, 2, 2, 2, 1)
  (7, 6, 5, 5, 4, 4, 2, 2, 2, 2, 2, 2, 1, 1, 1)
  (7, 6, 5, 5, 4, 4, 2, 2, 2, 2, 2, 1, 1, 1, 1, 1)
  (7, 6, 5, 5, 4, 3, 3, 3, 3, 3, 3, 1)
  (7, 6, 5, 5, 4, 3, 3, 3, 3, 3, 2, 2)
  (7, 6, 5, 5, 4, 3, 3, 3, 3, 3, 2, 1, 1)
  (7, 6, 5, 5, 4, 3, 3, 3, 3, 3, 1, 1, 1, 1)
  (7, 6, 5, 5, 4, 3, 3, 3, 3, 2, 2, 2, 1)
  (7, 6, 5, 5, 4, 3, 3, 3, 3, 2, 2, 1, 1, 1)
  (7, 6, 5, 5, 4, 3, 3, 3, 3, 2, 1, 1, 1, 1, 1)
  (7, 6, 5, 5, 4, 3, 3, 3, 3, 1, 1, 1, 1, 1, 1, 1)
  (7, 6, 5, 5, 4, 3, 3, 3, 2, 2, 2, 2, 2)
  (7, 6, 5, 5, 4, 3, 3, 3, 2, 2, 2, 2, 1, 1)
  (7, 6, 5, 5, 4, 3, 3, 3, 2, 2, 2, 1, 1, 1, 1)
  (7, 6, 5, 5, 4, 3, 3, 3, 2, 2, 1, 1, 1, 1, 1, 1)
  (7, 6, 5, 5, 4, 3, 3, 2, 2, 2, 2, 2, 2, 1)
  (7, 6, 5, 5, 4, 3, 3, 2, 2, 2, 2, 2, 1, 1, 1)
  (7, 6, 5, 5, 4, 3, 3, 2, 2, 2, 2, 1, 1, 1, 1, 1)
  (7, 6, 5, 5, 4, 3, 2, 2, 2, 2, 2, 2, 2, 2)
  (7, 6, 5, 5, 4, 3, 2, 2, 2, 2, 2, 2, 2, 1, 1)
  (7, 6, 5, 5, 4, 3, 2, 2, 2, 2, 2, 2, 1, 1, 1, 1)
  (7, 6, 5, 5, 3, 3, 3, 3, 3, 3, 3, 2)
  (7, 6, 5, 5, 3, 3, 3, 3, 3, 3, 3, 1, 1)
  (7, 6, 5, 5, 3, 3, 3, 3, 3, 3, 2, 2, 1)
  (7, 6, 5, 5, 3, 3, 3, 3, 3, 3, 2, 1, 1, 1)
  (7, 6, 5, 5, 3, 3, 3, 3, 3, 3, 1, 1, 1, 1, 1)
  (7, 6, 5, 5, 3, 3, 3, 3, 3, 2, 2, 2, 2)
  (7, 6, 5, 5, 3, 3, 3, 3, 3, 2, 2, 2, 1, 1)
  (7, 6, 5, 5, 3, 3, 3, 3, 3, 2, 2, 1, 1, 1, 1)
  (7, 6, 5, 5, 3, 3, 3, 3, 3, 2, 1, 1, 1, 1, 1, 1)
  (7, 6, 5, 5, 3, 3, 3, 3, 2, 2, 2, 2, 2, 1)
  (7, 6, 5, 5, 3, 3, 3, 3, 2, 2, 2, 2, 1, 1, 1)
  (7, 6, 5, 5, 3, 3, 3, 3, 2, 2, 2, 1, 1, 1, 1, 1)
  (7, 6, 5, 5, 3, 3, 3, 2, 2, 2, 2, 2, 2, 2)
  (7, 6, 5, 5, 3, 3, 3, 2, 2, 2, 2, 2, 2, 1, 1)
  (7, 6, 5, 5, 3, 3, 3, 2, 2, 2, 2, 2, 1, 1, 1, 1)
  (7, 6, 5, 4, 4, 4, 4, 4, 4, 4)
  (7, 6, 5, 4, 4, 4, 4, 4, 4, 3, 1)
  (7, 6, 5, 4, 4, 4, 4, 4, 4, 2, 2)
  (7, 6, 5, 4, 4, 4, 4, 4, 4, 2, 1, 1)
  (7, 6, 5, 4, 4, 4, 4, 4, 4, 1, 1, 1, 1)
  (7, 6, 5, 4, 4, 4, 4, 4, 3, 3, 2)
  (7, 6, 5, 4, 4, 4, 4, 4, 3, 3, 1, 1)
  (7, 6, 5, 4, 4, 4, 4, 4, 3, 2, 2, 1)
  (7, 6, 5, 4, 4, 4, 4, 4, 3, 2, 1, 1, 1)
  (7, 6, 5, 4, 4, 4, 4, 4, 3, 1, 1, 1, 1, 1)
  (7, 6, 5, 4, 4, 4, 4, 4, 2, 2, 2, 2)
  (7, 6, 5, 4, 4, 4, 4, 4, 2, 2, 2, 1, 1)
  (7, 6, 5, 4, 4, 4, 4, 4, 2, 2, 1, 1, 1, 1)
  (7, 6, 5, 4, 4, 4, 4, 4, 2, 1, 1, 1, 1, 1, 1)
  (7, 6, 5, 4, 4, 4, 4, 4, 1, 1, 1, 1, 1, 1, 1, 1)
  (7, 6, 5, 4, 4, 4, 4, 3, 3, 3, 3)
  (7, 6, 5, 4, 4, 4, 4, 3, 3, 3, 2, 1)
  (7, 6, 5, 4, 4, 4, 4, 3, 3, 3, 1, 1, 1)
  (7, 6, 5, 4, 4, 4, 4, 3, 3, 2, 2, 2)
  (7, 6, 5, 4, 4, 4, 4, 3, 3, 2, 2, 1, 1)
  (7, 6, 5, 4, 4, 4, 4, 3, 3, 2, 1, 1, 1, 1)
  (7, 6, 5, 4, 4, 4, 4, 3, 3, 1, 1, 1, 1, 1, 1)
  (7, 6, 5, 4, 4, 4, 4, 3, 2, 2, 2, 2, 1)
  (7, 6, 5, 4, 4, 4, 4, 3, 2, 2, 2, 1, 1, 1)
  (7, 6, 5, 4, 4, 4, 4, 3, 2, 2, 1, 1, 1, 1, 1)
  (7, 6, 5, 4, 4, 4, 4, 3, 2, 1, 1, 1, 1, 1, 1, 1)
  (7, 6, 5, 4, 4, 4, 4, 2, 2, 2, 2, 2, 2)
  (7, 6, 5, 4, 4, 4, 4, 2, 2, 2, 2, 2, 1, 1)
  (7, 6, 5, 4, 4, 4, 4, 2, 2, 2, 2, 1, 1, 1, 1)
  (7, 6, 5, 4, 4, 4, 4, 2, 2, 2, 1, 1, 1, 1, 1, 1)
  (7, 6, 5, 4, 4, 4, 3, 3, 3, 3, 3, 1)
  (7, 6, 5, 4, 4, 4, 3, 3, 3, 3, 2, 2)
  (7, 6, 5, 4, 4, 4, 3, 3, 3, 3, 2, 1, 1)
  (7, 6, 5, 4, 4, 4, 3, 3, 3, 3, 1, 1, 1, 1)
  (7, 6, 5, 4, 4, 4, 3, 3, 3, 2, 2, 2, 1)
  (7, 6, 5, 4, 4, 4, 3, 3, 3, 2, 2, 1, 1, 1)
  (7, 6, 5, 4, 4, 4, 3, 3, 3, 2, 1, 1, 1, 1, 1)
  (7, 6, 5, 4, 4, 4, 3, 3, 3, 1, 1, 1, 1, 1, 1, 1)
  (7, 6, 5, 4, 4, 4, 3, 3, 2, 2, 2, 2, 2)
  (7, 6, 5, 4, 4, 4, 3, 3, 2, 2, 2, 2, 1, 1)
  (7, 6, 5, 4, 4, 4, 3, 3, 2, 2, 2, 1, 1, 1, 1)
  (7, 6, 5, 4, 4, 4, 3, 3, 2, 2, 1, 1, 1, 1, 1, 1)
  (7, 6, 5, 4, 4, 4, 3, 2, 2, 2, 2, 2, 2, 1)
  (7, 6, 5, 4, 4, 4, 3, 2, 2, 2, 2, 2, 1, 1, 1)
  (7, 6, 5, 4, 4, 4, 3, 2, 2, 2, 2, 1, 1, 1, 1, 1)
  (7, 6, 5, 4, 4, 4, 2, 2, 2, 2, 2, 2, 2, 2)
  (7, 6, 5, 4, 4, 4, 2, 2, 2, 2, 2, 2, 2, 1, 1)
  (7, 6, 5, 4, 4, 4, 2, 2, 2, 2, 2, 2, 1, 1, 1, 1)
  (7, 6, 5, 4, 4, 3, 3, 3, 3, 3, 3, 2)
  (7, 6, 5, 4, 4, 3, 3, 3, 3, 3, 3, 1, 1)
  (7, 6, 5, 4, 4, 3, 3, 3, 3, 3, 2, 2, 1)
  (7, 6, 5, 4, 4, 3, 3, 3, 3, 3, 2, 1, 1, 1)
  (7, 6, 5, 4, 4, 3, 3, 3, 3, 3, 1, 1, 1, 1, 1)
  (7, 6, 5, 4, 4, 3, 3, 3, 3, 2, 2, 2, 2)
  (7, 6, 5, 4, 4, 3, 3, 3, 3, 2, 2, 2, 1, 1)
  (7, 6, 5, 4, 4, 3, 3, 3, 3, 2, 2, 1, 1, 1, 1)
  (7, 6, 5, 4, 4, 3, 3, 3, 3, 2, 1, 1, 1, 1, 1, 1)
  (7, 6, 5, 4, 4, 3, 3, 3, 2, 2, 2, 2, 2, 1)
  (7, 6, 5, 4, 4, 3, 3, 3, 2, 2, 2, 2, 1, 1, 1)
  (7, 6, 5, 4, 4, 3, 3, 3, 2, 2, 2, 1, 1, 1, 1, 1)
  (7, 6, 5, 4, 4, 3, 3, 2, 2, 2, 2, 2, 2, 2)
  (7, 6, 5, 4, 4, 3, 3, 2, 2, 2, 2, 2, 2, 1, 1)
  (7, 6, 5, 4, 4, 3, 3, 2, 2, 2, 2, 2, 1, 1, 1, 1)
  (7, 6, 5, 4, 4, 3, 2, 2, 2, 2, 2, 2, 2, 2, 1)
  (7, 6, 5, 4, 4, 3, 2, 2, 2, 2, 2, 2, 2, 1, 1, 1)
  (7, 6, 5, 4, 3, 3, 3, 3, 3, 3, 3, 3)
  (7, 6, 5, 4, 3, 3, 3, 3, 3, 3, 3, 2, 1)
  (7, 6, 5, 4, 3, 3, 3, 3, 3, 3, 3, 1, 1, 1)
  (7, 6, 5, 4, 3, 3, 3, 3, 3, 3, 2, 2, 2)
  (7, 6, 5, 4, 3, 3, 3, 3, 3, 3, 2, 2, 1, 1)
  (7, 6, 5, 4, 3, 3, 3, 3, 3, 3, 2, 1, 1, 1, 1)
  (7, 6, 5, 4, 3, 3, 3, 3, 3, 3, 1, 1, 1, 1, 1, 1)
  (7, 6, 5, 4, 3, 3, 3, 3, 3, 2, 2, 2, 2, 1)
  (7, 6, 5, 4, 3, 3, 3, 3, 3, 2, 2, 2, 1, 1, 1)
  (7, 6, 5, 4, 3, 3, 3, 3, 3, 2, 2, 1, 1, 1, 1, 1)
  (7, 6, 5, 4, 3, 3, 3, 3, 2, 2, 2, 2, 2, 2)
  (7, 6, 5, 4, 3, 3, 3, 3, 2, 2, 2, 2, 2, 1, 1)
  (7, 6, 5, 4, 3, 3, 3, 3, 2, 2, 2, 2, 1, 1, 1, 1)
  (7, 6, 5, 4, 3, 3, 3, 2, 2, 2, 2, 2, 2, 2, 1)
  (7, 6, 5, 4, 3, 3, 3, 2, 2, 2, 2, 2, 2, 1, 1, 1)
  (7, 6, 4, 4, 4, 4, 4, 4, 4, 4, 1)
  (7, 6, 4, 4, 4, 4, 4, 4, 4, 3, 2)
  (7, 6, 4, 4, 4, 4, 4, 4, 4, 3, 1, 1)
  (7, 6, 4, 4, 4, 4, 4, 4, 4, 2, 2, 1)
  (7, 6, 4, 4, 4, 4, 4, 4, 4, 2, 1, 1, 1)
  (7, 6, 4, 4, 4, 4, 4, 4, 4, 1, 1, 1, 1, 1)
  (7, 6, 4, 4, 4, 4, 4, 4, 3, 3, 3)
  (7, 6, 4, 4, 4, 4, 4, 4, 3, 3, 2, 1)
  (7, 6, 4, 4, 4, 4, 4, 4, 3, 3, 1, 1, 1)
  (7, 6, 4, 4, 4, 4, 4, 4, 3, 2, 2, 2)
  (7, 6, 4, 4, 4, 4, 4, 4, 3, 2, 2, 1, 1)
  (7, 6, 4, 4, 4, 4, 4, 4, 3, 2, 1, 1, 1, 1)
  (7, 6, 4, 4, 4, 4, 4, 4, 3, 1, 1, 1, 1, 1, 1)
  (7, 6, 4, 4, 4, 4, 4, 4, 2, 2, 2, 2, 1)
  (7, 6, 4, 4, 4, 4, 4, 4, 2, 2, 2, 1, 1, 1)
  (7, 6, 4, 4, 4, 4, 4, 4, 2, 2, 1, 1, 1, 1, 1)
  (7, 6, 4, 4, 4, 4, 4, 4, 2, 1, 1, 1, 1, 1, 1, 1)
  (7, 6, 4, 4, 4, 4, 4, 3, 3, 3, 3, 1)
  (7, 6, 4, 4, 4, 4, 4, 3, 3, 3, 2, 2)
  (7, 6, 4, 4, 4, 4, 4, 3, 3, 3, 2, 1, 1)
  (7, 6, 4, 4, 4, 4, 4, 3, 3, 3, 1, 1, 1, 1)
  (7, 6, 4, 4, 4, 4, 4, 3, 3, 2, 2, 2, 1)
  (7, 6, 4, 4, 4, 4, 4, 3, 3, 2, 2, 1, 1, 1)
  (7, 6, 4, 4, 4, 4, 4, 3, 3, 2, 1, 1, 1, 1, 1)
  (7, 6, 4, 4, 4, 4, 4, 3, 3, 1, 1, 1, 1, 1, 1, 1)
  (7, 6, 4, 4, 4, 4, 4, 3, 2, 2, 2, 2, 2)
  (7, 6, 4, 4, 4, 4, 4, 3, 2, 2, 2, 2, 1, 1)
  (7, 6, 4, 4, 4, 4, 4, 3, 2, 2, 2, 1, 1, 1, 1)
  (7, 6, 4, 4, 4, 4, 4, 3, 2, 2, 1, 1, 1, 1, 1, 1)
  (7, 6, 4, 4, 4, 4, 4, 2, 2, 2, 2, 2, 2, 1)
  (7, 6, 4, 4, 4, 4, 4, 2, 2, 2, 2, 2, 1, 1, 1)
  (7, 6, 4, 4, 4, 4, 4, 2, 2, 2, 2, 1, 1, 1, 1, 1)
  (7, 6, 4, 4, 4, 4, 3, 3, 3, 3, 3, 2)
  (7, 6, 4, 4, 4, 4, 3, 3, 3, 3, 3, 1, 1)
  (7, 6, 4, 4, 4, 4, 3, 3, 3, 3, 2, 2, 1)
  (7, 6, 4, 4, 4, 4, 3, 3, 3, 3, 2, 1, 1, 1)
  (7, 6, 4, 4, 4, 4, 3, 3, 3, 3, 1, 1, 1, 1, 1)
  (7, 6, 4, 4, 4, 4, 3, 3, 3, 2, 2, 2, 2)
  (7, 6, 4, 4, 4, 4, 3, 3, 3, 2, 2, 2, 1, 1)
  (7, 6, 4, 4, 4, 4, 3, 3, 3, 2, 2, 1, 1, 1, 1)
  (7, 6, 4, 4, 4, 4, 3, 3, 3, 2, 1, 1, 1, 1, 1, 1)
  (7, 6, 4, 4, 4, 4, 3, 3, 2, 2, 2, 2, 2, 1)
  (7, 6, 4, 4, 4, 4, 3, 3, 2, 2, 2, 2, 1, 1, 1)
  (7, 6, 4, 4, 4, 4, 3, 3, 2, 2, 2, 1, 1, 1, 1, 1)
  (7, 6, 4, 4, 4, 4, 3, 2, 2, 2, 2, 2, 2, 2)
  (7, 6, 4, 4, 4, 4, 3, 2, 2, 2, 2, 2, 2, 1, 1)
  (7, 6, 4, 4, 4, 4, 3, 2, 2, 2, 2, 2, 1, 1, 1, 1)
  (7, 6, 4, 4, 4, 3, 3, 3, 3, 3, 3, 3)
  (7, 6, 4, 4, 4, 3, 3, 3, 3, 3, 3, 2, 1)
  (7, 6, 4, 4, 4, 3, 3, 3, 3, 3, 3, 1, 1, 1)
  (7, 6, 4, 4, 4, 3, 3, 3, 3, 3, 2, 2, 2)
  (7, 6, 4, 4, 4, 3, 3, 3, 3, 3, 2, 2, 1, 1)
  (7, 6, 4, 4, 4, 3, 3, 3, 3, 3, 2, 1, 1, 1, 1)
  (7, 6, 4, 4, 4, 3, 3, 3, 3, 3, 1, 1, 1, 1, 1, 1)
  (7, 6, 4, 4, 4, 3, 3, 3, 3, 2, 2, 2, 2, 1)
  (7, 6, 4, 4, 4, 3, 3, 3, 3, 2, 2, 2, 1, 1, 1)
  (7, 6, 4, 4, 4, 3, 3, 3, 3, 2, 2, 1, 1, 1, 1, 1)
  (7, 6, 4, 4, 4, 3, 3, 3, 2, 2, 2, 2, 2, 2)
  (7, 6, 4, 4, 4, 3, 3, 3, 2, 2, 2, 2, 2, 1, 1)
  (7, 6, 4, 4, 4, 3, 3, 3, 2, 2, 2, 2, 1, 1, 1, 1)
  (7, 6, 4, 4, 4, 3, 3, 2, 2, 2, 2, 2, 2, 2, 1)
  (7, 6, 4, 4, 4, 3, 3, 2, 2, 2, 2, 2, 2, 1, 1, 1)
  (7, 5, 5, 5, 5, 5, 5, 5, 3, 1)
  (7, 5, 5, 5, 5, 5, 5, 5, 2, 2)
  (7, 5, 5, 5, 5, 5, 5, 5, 2, 1, 1)
  (7, 5, 5, 5, 5, 5, 5, 5, 1, 1, 1, 1)
  (7, 5, 5, 5, 5, 5, 5, 4, 4, 1)
  (7, 5, 5, 5, 5, 5, 5, 4, 3, 2)
  (7, 5, 5, 5, 5, 5, 5, 4, 3, 1, 1)
  (7, 5, 5, 5, 5, 5, 5, 4, 2, 2, 1)
  (7, 5, 5, 5, 5, 5, 5, 4, 2, 1, 1, 1)
  (7, 5, 5, 5, 5, 5, 5, 4, 1, 1, 1, 1, 1)
  (7, 5, 5, 5, 5, 5, 5, 3, 3, 3)
  (7, 5, 5, 5, 5, 5, 5, 3, 3, 2, 1)
  (7, 5, 5, 5, 5, 5, 5, 3, 3, 1, 1, 1)
  (7, 5, 5, 5, 5, 5, 5, 3, 2, 2, 2)
  (7, 5, 5, 5, 5, 5, 5, 3, 2, 2, 1, 1)
  (7, 5, 5, 5, 5, 5, 5, 3, 2, 1, 1, 1, 1)
  (7, 5, 5, 5, 5, 5, 5, 3, 1, 1, 1, 1, 1, 1)
  (7, 5, 5, 5, 5, 5, 5, 2, 2, 2, 2, 1)
  (7, 5, 5, 5, 5, 5, 5, 2, 2, 2, 1, 1, 1)
  (7, 5, 5, 5, 5, 5, 5, 2, 2, 1, 1, 1, 1, 1)
  (7, 5, 5, 5, 5, 5, 5, 2, 1, 1, 1, 1, 1, 1, 1)
  (7, 5, 5, 5, 5, 5, 4, 4, 4, 2)
  (7, 5, 5, 5, 5, 5, 4, 4, 4, 1, 1)
  (7, 5, 5, 5, 5, 5, 4, 4, 3, 3)
  (7, 5, 5, 5, 5, 5, 4, 4, 3, 2, 1)
  (7, 5, 5, 5, 5, 5, 4, 4, 3, 1, 1, 1)
  (7, 5, 5, 5, 5, 5, 4, 4, 2, 2, 2)
  (7, 5, 5, 5, 5, 5, 4, 4, 2, 2, 1, 1)
  (7, 5, 5, 5, 5, 5, 4, 4, 2, 1, 1, 1, 1)
  (7, 5, 5, 5, 5, 5, 4, 4, 1, 1, 1, 1, 1, 1)
  (7, 5, 5, 5, 5, 5, 4, 3, 3, 3, 1)
  (7, 5, 5, 5, 5, 5, 4, 3, 3, 2, 2)
  (7, 5, 5, 5, 5, 5, 4, 3, 3, 2, 1, 1)
  (7, 5, 5, 5, 5, 5, 4, 3, 3, 1, 1, 1, 1)
  (7, 5, 5, 5, 5, 5, 4, 3, 2, 2, 2, 1)
  (7, 5, 5, 5, 5, 5, 4, 3, 2, 2, 1, 1, 1)
  (7, 5, 5, 5, 5, 5, 4, 3, 2, 1, 1, 1, 1, 1)
  (7, 5, 5, 5, 5, 5, 4, 3, 1, 1, 1, 1, 1, 1, 1)
  (7, 5, 5, 5, 5, 5, 4, 2, 2, 2, 2, 2)
  (7, 5, 5, 5, 5, 5, 4, 2, 2, 2, 2, 1, 1)
  (7, 5, 5, 5, 5, 5, 4, 2, 2, 2, 1, 1, 1, 1)
  (7, 5, 5, 5, 5, 5, 4, 2, 2, 1, 1, 1, 1, 1, 1)
  (7, 5, 5, 5, 5, 5, 4, 2, 1, 1, 1, 1, 1, 1, 1, 1)
  (7, 5, 5, 5, 5, 5, 3, 3, 3, 3, 2)
  (7, 5, 5, 5, 5, 5, 3, 3, 3, 3, 1, 1)
  (7, 5, 5, 5, 5, 5, 3, 3, 3, 2, 2, 1)
  (7, 5, 5, 5, 5, 5, 3, 3, 3, 2, 1, 1, 1)
  (7, 5, 5, 5, 5, 5, 3, 3, 3, 1, 1, 1, 1, 1)
  (7, 5, 5, 5, 5, 5, 3, 3, 2, 2, 2, 2)
  (7, 5, 5, 5, 5, 5, 3, 3, 2, 2, 2, 1, 1)
  (7, 5, 5, 5, 5, 5, 3, 3, 2, 2, 1, 1, 1, 1)
  (7, 5, 5, 5, 5, 5, 3, 3, 2, 1, 1, 1, 1, 1, 1)
  (7, 5, 5, 5, 5, 5, 3, 3, 1, 1, 1, 1, 1, 1, 1, 1)
  (7, 5, 5, 5, 5, 5, 3, 2, 2, 2, 2, 2, 1)
  (7, 5, 5, 5, 5, 5, 3, 2, 2, 2, 2, 1, 1, 1)
  (7, 5, 5, 5, 5, 5, 3, 2, 2, 2, 1, 1, 1, 1, 1)
  (7, 5, 5, 5, 5, 5, 3, 2, 2, 1, 1, 1, 1, 1, 1, 1)
  (7, 5, 5, 5, 5, 5, 2, 2, 2, 2, 2, 2, 2)
  (7, 5, 5, 5, 5, 5, 2, 2, 2, 2, 2, 2, 1, 1)
  (7, 5, 5, 5, 5, 5, 2, 2, 2, 2, 2, 1, 1, 1, 1)
  (7, 5, 5, 5, 5, 5, 2, 2, 2, 2, 1, 1, 1, 1, 1, 1)
  (7, 5, 5, 5, 5, 4, 4, 4, 4, 3)
  (7, 5, 5, 5, 5, 4, 4, 4, 4, 2, 1)
  (7, 5, 5, 5, 5, 4, 4, 4, 4, 1, 1, 1)
  (7, 5, 5, 5, 5, 4, 4, 4, 3, 3, 1)
  (7, 5, 5, 5, 5, 4, 4, 4, 3, 2, 2)
  (7, 5, 5, 5, 5, 4, 4, 4, 3, 2, 1, 1)
  (7, 5, 5, 5, 5, 4, 4, 4, 3, 1, 1, 1, 1)
  (7, 5, 5, 5, 5, 4, 4, 4, 2, 2, 2, 1)
  (7, 5, 5, 5, 5, 4, 4, 4, 2, 2, 1, 1, 1)
  (7, 5, 5, 5, 5, 4, 4, 4, 2, 1, 1, 1, 1, 1)
  (7, 5, 5, 5, 5, 4, 4, 4, 1, 1, 1, 1, 1, 1, 1)
  (7, 5, 5, 5, 5, 4, 4, 3, 3, 3, 2)
  (7, 5, 5, 5, 5, 4, 4, 3, 3, 3, 1, 1)
  (7, 5, 5, 5, 5, 4, 4, 3, 3, 2, 2, 1)
  (7, 5, 5, 5, 5, 4, 4, 3, 3, 2, 1, 1, 1)
  (7, 5, 5, 5, 5, 4, 4, 3, 3, 1, 1, 1, 1, 1)
  (7, 5, 5, 5, 5, 4, 4, 3, 2, 2, 2, 2)
  (7, 5, 5, 5, 5, 4, 4, 3, 2, 2, 2, 1, 1)
  (7, 5, 5, 5, 5, 4, 4, 3, 2, 2, 1, 1, 1, 1)
  (7, 5, 5, 5, 5, 4, 4, 3, 2, 1, 1, 1, 1, 1, 1)
  (7, 5, 5, 5, 5, 4, 4, 3, 1, 1, 1, 1, 1, 1, 1, 1)
  (7, 5, 5, 5, 5, 4, 4, 2, 2, 2, 2, 2, 1)
  (7, 5, 5, 5, 5, 4, 4, 2, 2, 2, 2, 1, 1, 1)
  (7, 5, 5, 5, 5, 4, 4, 2, 2, 2, 1, 1, 1, 1, 1)
  (7, 5, 5, 5, 5, 4, 4, 2, 2, 1, 1, 1, 1, 1, 1, 1)
  (7, 5, 5, 5, 5, 4, 3, 3, 3, 3, 3)
  (7, 5, 5, 5, 5, 4, 3, 3, 3, 3, 2, 1)
  (7, 5, 5, 5, 5, 4, 3, 3, 3, 3, 1, 1, 1)
  (7, 5, 5, 5, 5, 4, 3, 3, 3, 2, 2, 2)
  (7, 5, 5, 5, 5, 4, 3, 3, 3, 2, 2, 1, 1)
  (7, 5, 5, 5, 5, 4, 3, 3, 3, 2, 1, 1, 1, 1)
  (7, 5, 5, 5, 5, 4, 3, 3, 3, 1, 1, 1, 1, 1, 1)
  (7, 5, 5, 5, 5, 4, 3, 3, 2, 2, 2, 2, 1)
  (7, 5, 5, 5, 5, 4, 3, 3, 2, 2, 2, 1, 1, 1)
  (7, 5, 5, 5, 5, 4, 3, 3, 2, 2, 1, 1, 1, 1, 1)
  (7, 5, 5, 5, 5, 4, 3, 3, 2, 1, 1, 1, 1, 1, 1, 1)
  (7, 5, 5, 5, 5, 4, 3, 2, 2, 2, 2, 2, 2)
  (7, 5, 5, 5, 5, 4, 3, 2, 2, 2, 2, 2, 1, 1)
  (7, 5, 5, 5, 5, 4, 3, 2, 2, 2, 2, 1, 1, 1, 1)
  (7, 5, 5, 5, 5, 4, 3, 2, 2, 2, 1, 1, 1, 1, 1, 1)
  (7, 5, 5, 5, 5, 4, 2, 2, 2, 2, 2, 2, 2, 1)
  (7, 5, 5, 5, 5, 4, 2, 2, 2, 2, 2, 2, 1, 1, 1)
  (7, 5, 5, 5, 5, 4, 2, 2, 2, 2, 2, 1, 1, 1, 1, 1)
  (7, 5, 5, 5, 5, 3, 3, 3, 3, 3, 3, 1)
  (7, 5, 5, 5, 5, 3, 3, 3, 3, 3, 2, 2)
  (7, 5, 5, 5, 5, 3, 3, 3, 3, 3, 2, 1, 1)
  (7, 5, 5, 5, 5, 3, 3, 3, 3, 3, 1, 1, 1, 1)
  (7, 5, 5, 5, 5, 3, 3, 3, 3, 2, 2, 2, 1)
  (7, 5, 5, 5, 5, 3, 3, 3, 3, 2, 2, 1, 1, 1)
  (7, 5, 5, 5, 5, 3, 3, 3, 3, 2, 1, 1, 1, 1, 1)
  (7, 5, 5, 5, 5, 3, 3, 3, 3, 1, 1, 1, 1, 1, 1, 1)
  (7, 5, 5, 5, 5, 3, 3, 3, 2, 2, 2, 2, 2)
  (7, 5, 5, 5, 5, 3, 3, 3, 2, 2, 2, 2, 1, 1)
  (7, 5, 5, 5, 5, 3, 3, 3, 2, 2, 2, 1, 1, 1, 1)
  (7, 5, 5, 5, 5, 3, 3, 3, 2, 2, 1, 1, 1, 1, 1, 1)
  (7, 5, 5, 5, 5, 3, 3, 2, 2, 2, 2, 2, 2, 1)
  (7, 5, 5, 5, 5, 3, 3, 2, 2, 2, 2, 2, 1, 1, 1)
  (7, 5, 5, 5, 5, 3, 3, 2, 2, 2, 2, 1, 1, 1, 1, 1)
  (7, 5, 5, 5, 5, 3, 2, 2, 2, 2, 2, 2, 2, 2)
  (7, 5, 5, 5, 5, 3, 2, 2, 2, 2, 2, 2, 2, 1, 1)
  (7, 5, 5, 5, 5, 3, 2, 2, 2, 2, 2, 2, 1, 1, 1, 1)
  (7, 5, 5, 5, 4, 4, 4, 4, 4, 4)
  (7, 5, 5, 5, 4, 4, 4, 4, 4, 3, 1)
  (7, 5, 5, 5, 4, 4, 4, 4, 4, 2, 2)
  (7, 5, 5, 5, 4, 4, 4, 4, 4, 2, 1, 1)
  (7, 5, 5, 5, 4, 4, 4, 4, 4, 1, 1, 1, 1)
  (7, 5, 5, 5, 4, 4, 4, 4, 3, 3, 2)
  (7, 5, 5, 5, 4, 4, 4, 4, 3, 3, 1, 1)
  (7, 5, 5, 5, 4, 4, 4, 4, 3, 2, 2, 1)
  (7, 5, 5, 5, 4, 4, 4, 4, 3, 2, 1, 1, 1)
  (7, 5, 5, 5, 4, 4, 4, 4, 3, 1, 1, 1, 1, 1)
  (7, 5, 5, 5, 4, 4, 4, 4, 2, 2, 2, 2)
  (7, 5, 5, 5, 4, 4, 4, 4, 2, 2, 2, 1, 1)
  (7, 5, 5, 5, 4, 4, 4, 4, 2, 2, 1, 1, 1, 1)
  (7, 5, 5, 5, 4, 4, 4, 4, 2, 1, 1, 1, 1, 1, 1)
  (7, 5, 5, 5, 4, 4, 4, 4, 1, 1, 1, 1, 1, 1, 1, 1)
  (7, 5, 5, 5, 4, 4, 4, 3, 3, 3, 3)
  (7, 5, 5, 5, 4, 4, 4, 3, 3, 3, 2, 1)
  (7, 5, 5, 5, 4, 4, 4, 3, 3, 3, 1, 1, 1)
  (7, 5, 5, 5, 4, 4, 4, 3, 3, 2, 2, 2)
  (7, 5, 5, 5, 4, 4, 4, 3, 3, 2, 2, 1, 1)
  (7, 5, 5, 5, 4, 4, 4, 3, 3, 2, 1, 1, 1, 1)
  (7, 5, 5, 5, 4, 4, 4, 3, 3, 1, 1, 1, 1, 1, 1)
  (7, 5, 5, 5, 4, 4, 4, 3, 2, 2, 2, 2, 1)
  (7, 5, 5, 5, 4, 4, 4, 3, 2, 2, 2, 1, 1, 1)
  (7, 5, 5, 5, 4, 4, 4, 3, 2, 2, 1, 1, 1, 1, 1)
  (7, 5, 5, 5, 4, 4, 4, 3, 2, 1, 1, 1, 1, 1, 1, 1)
  (7, 5, 5, 5, 4, 4, 4, 2, 2, 2, 2, 2, 2)
  (7, 5, 5, 5, 4, 4, 4, 2, 2, 2, 2, 2, 1, 1)
  (7, 5, 5, 5, 4, 4, 4, 2, 2, 2, 2, 1, 1, 1, 1)
  (7, 5, 5, 5, 4, 4, 4, 2, 2, 2, 1, 1, 1, 1, 1, 1)
  (7, 5, 5, 5, 4, 4, 3, 3, 3, 3, 3, 1)
  (7, 5, 5, 5, 4, 4, 3, 3, 3, 3, 2, 2)
  (7, 5, 5, 5, 4, 4, 3, 3, 3, 3, 2, 1, 1)
  (7, 5, 5, 5, 4, 4, 3, 3, 3, 3, 1, 1, 1, 1)
  (7, 5, 5, 5, 4, 4, 3, 3, 3, 2, 2, 2, 1)
  (7, 5, 5, 5, 4, 4, 3, 3, 3, 2, 2, 1, 1, 1)
  (7, 5, 5, 5, 4, 4, 3, 3, 3, 2, 1, 1, 1, 1, 1)
  (7, 5, 5, 5, 4, 4, 3, 3, 3, 1, 1, 1, 1, 1, 1, 1)
  (7, 5, 5, 5, 4, 4, 3, 3, 2, 2, 2, 2, 2)
  (7, 5, 5, 5, 4, 4, 3, 3, 2, 2, 2, 2, 1, 1)
  (7, 5, 5, 5, 4, 4, 3, 3, 2, 2, 2, 1, 1, 1, 1)
  (7, 5, 5, 5, 4, 4, 3, 3, 2, 2, 1, 1, 1, 1, 1, 1)
  (7, 5, 5, 5, 4, 4, 3, 2, 2, 2, 2, 2, 2, 1)
  (7, 5, 5, 5, 4, 4, 3, 2, 2, 2, 2, 2, 1, 1, 1)
  (7, 5, 5, 5, 4, 4, 3, 2, 2, 2, 2, 1, 1, 1, 1, 1)
  (7, 5, 5, 5, 4, 4, 2, 2, 2, 2, 2, 2, 2, 2)
  (7, 5, 5, 5, 4, 4, 2, 2, 2, 2, 2, 2, 2, 1, 1)
  (7, 5, 5, 5, 4, 4, 2, 2, 2, 2, 2, 2, 1, 1, 1, 1)
  (7, 5, 5, 5, 4, 3, 3, 3, 3, 3, 3, 2)
  (7, 5, 5, 5, 4, 3, 3, 3, 3, 3, 3, 1, 1)
  (7, 5, 5, 5, 4, 3, 3, 3, 3, 3, 2, 2, 1)
  (7, 5, 5, 5, 4, 3, 3, 3, 3, 3, 2, 1, 1, 1)
  (7, 5, 5, 5, 4, 3, 3, 3, 3, 3, 1, 1, 1, 1, 1)
  (7, 5, 5, 5, 4, 3, 3, 3, 3, 2, 2, 2, 2)
  (7, 5, 5, 5, 4, 3, 3, 3, 3, 2, 2, 2, 1, 1)
  (7, 5, 5, 5, 4, 3, 3, 3, 3, 2, 2, 1, 1, 1, 1)
  (7, 5, 5, 5, 4, 3, 3, 3, 3, 2, 1, 1, 1, 1, 1, 1)
  (7, 5, 5, 5, 4, 3, 3, 3, 2, 2, 2, 2, 2, 1)
  (7, 5, 5, 5, 4, 3, 3, 3, 2, 2, 2, 2, 1, 1, 1)
  (7, 5, 5, 5, 4, 3, 3, 3, 2, 2, 2, 1, 1, 1, 1, 1)
  (7, 5, 5, 5, 4, 3, 3, 2, 2, 2, 2, 2, 2, 2)
  (7, 5, 5, 5, 4, 3, 3, 2, 2, 2, 2, 2, 2, 1, 1)
  (7, 5, 5, 5, 4, 3, 3, 2, 2, 2, 2, 2, 1, 1, 1, 1)
  (7, 5, 5, 5, 4, 3, 2, 2, 2, 2, 2, 2, 2, 2, 1)
  (7, 5, 5, 5, 4, 3, 2, 2, 2, 2, 2, 2, 2, 1, 1, 1)
  (7, 5, 5, 5, 3, 3, 3, 3, 3, 3, 3, 3)
  (7, 5, 5, 5, 3, 3, 3, 3, 3, 3, 3, 2, 1)
  (7, 5, 5, 5, 3, 3, 3, 3, 3, 3, 3, 1, 1, 1)
  (7, 5, 5, 5, 3, 3, 3, 3, 3, 3, 2, 2, 2)
  (7, 5, 5, 5, 3, 3, 3, 3, 3, 3, 2, 2, 1, 1)
  (7, 5, 5, 5, 3, 3, 3, 3, 3, 3, 2, 1, 1, 1, 1)
  (7, 5, 5, 5, 3, 3, 3, 3, 3, 3, 1, 1, 1, 1, 1, 1)
  (7, 5, 5, 5, 3, 3, 3, 3, 3, 2, 2, 2, 2, 1)
  (7, 5, 5, 5, 3, 3, 3, 3, 3, 2, 2, 2, 1, 1, 1)
  (7, 5, 5, 5, 3, 3, 3, 3, 3, 2, 2, 1, 1, 1, 1, 1)
  (7, 5, 5, 5, 3, 3, 3, 3, 2, 2, 2, 2, 2, 2)
  (7, 5, 5, 5, 3, 3, 3, 3, 2, 2, 2, 2, 2, 1, 1)
  (7, 5, 5, 5, 3, 3, 3, 3, 2, 2, 2, 2, 1, 1, 1, 1)
  (7, 5, 5, 5, 3, 3, 3, 2, 2, 2, 2, 2, 2, 2, 1)
  (7, 5, 5, 5, 3, 3, 3, 2, 2, 2, 2, 2, 2, 1, 1, 1)
  (7, 5, 5, 4, 4, 4, 4, 4, 4, 4, 1)
  (7, 5, 5, 4, 4, 4, 4, 4, 4, 3, 2)
  (7, 5, 5, 4, 4, 4, 4, 4, 4, 3, 1, 1)
  (7, 5, 5, 4, 4, 4, 4, 4, 4, 2, 2, 1)
  (7, 5, 5, 4, 4, 4, 4, 4, 4, 2, 1, 1, 1)
  (7, 5, 5, 4, 4, 4, 4, 4, 4, 1, 1, 1, 1, 1)
  (7, 5, 5, 4, 4, 4, 4, 4, 3, 3, 3)
  (7, 5, 5, 4, 4, 4, 4, 4, 3, 3, 2, 1)
  (7, 5, 5, 4, 4, 4, 4, 4, 3, 3, 1, 1, 1)
  (7, 5, 5, 4, 4, 4, 4, 4, 3, 2, 2, 2)
  (7, 5, 5, 4, 4, 4, 4, 4, 3, 2, 2, 1, 1)
  (7, 5, 5, 4, 4, 4, 4, 4, 3, 2, 1, 1, 1, 1)
  (7, 5, 5, 4, 4, 4, 4, 4, 3, 1, 1, 1, 1, 1, 1)
  (7, 5, 5, 4, 4, 4, 4, 4, 2, 2, 2, 2, 1)
  (7, 5, 5, 4, 4, 4, 4, 4, 2, 2, 2, 1, 1, 1)
  (7, 5, 5, 4, 4, 4, 4, 4, 2, 2, 1, 1, 1, 1, 1)
  (7, 5, 5, 4, 4, 4, 4, 4, 2, 1, 1, 1, 1, 1, 1, 1)
  (7, 5, 5, 4, 4, 4, 4, 3, 3, 3, 3, 1)
  (7, 5, 5, 4, 4, 4, 4, 3, 3, 3, 2, 2)
  (7, 5, 5, 4, 4, 4, 4, 3, 3, 3, 2, 1, 1)
  (7, 5, 5, 4, 4, 4, 4, 3, 3, 3, 1, 1, 1, 1)
  (7, 5, 5, 4, 4, 4, 4, 3, 3, 2, 2, 2, 1)
  (7, 5, 5, 4, 4, 4, 4, 3, 3, 2, 2, 1, 1, 1)
  (7, 5, 5, 4, 4, 4, 4, 3, 3, 2, 1, 1, 1, 1, 1)
  (7, 5, 5, 4, 4, 4, 4, 3, 3, 1, 1, 1, 1, 1, 1, 1)
  (7, 5, 5, 4, 4, 4, 4, 3, 2, 2, 2, 2, 2)
  (7, 5, 5, 4, 4, 4, 4, 3, 2, 2, 2, 2, 1, 1)
  (7, 5, 5, 4, 4, 4, 4, 3, 2, 2, 2, 1, 1, 1, 1)
  (7, 5, 5, 4, 4, 4, 4, 3, 2, 2, 1, 1, 1, 1, 1, 1)
  (7, 5, 5, 4, 4, 4, 4, 2, 2, 2, 2, 2, 2, 1)
  (7, 5, 5, 4, 4, 4, 4, 2, 2, 2, 2, 2, 1, 1, 1)
  (7, 5, 5, 4, 4, 4, 4, 2, 2, 2, 2, 1, 1, 1, 1, 1)
  (7, 5, 5, 4, 4, 4, 3, 3, 3, 3, 3, 2)
  (7, 5, 5, 4, 4, 4, 3, 3, 3, 3, 3, 1, 1)
  (7, 5, 5, 4, 4, 4, 3, 3, 3, 3, 2, 2, 1)
  (7, 5, 5, 4, 4, 4, 3, 3, 3, 3, 2, 1, 1, 1)
  (7, 5, 5, 4, 4, 4, 3, 3, 3, 3, 1, 1, 1, 1, 1)
  (7, 5, 5, 4, 4, 4, 3, 3, 3, 2, 2, 2, 2)
  (7, 5, 5, 4, 4, 4, 3, 3, 3, 2, 2, 2, 1, 1)
  (7, 5, 5, 4, 4, 4, 3, 3, 3, 2, 2, 1, 1, 1, 1)
  (7, 5, 5, 4, 4, 4, 3, 3, 3, 2, 1, 1, 1, 1, 1, 1)
  (7, 5, 5, 4, 4, 4, 3, 3, 2, 2, 2, 2, 2, 1)
  (7, 5, 5, 4, 4, 4, 3, 3, 2, 2, 2, 2, 1, 1, 1)
  (7, 5, 5, 4, 4, 4, 3, 3, 2, 2, 2, 1, 1, 1, 1, 1)
  (7, 5, 5, 4, 4, 4, 3, 2, 2, 2, 2, 2, 2, 2)
  (7, 5, 5, 4, 4, 4, 3, 2, 2, 2, 2, 2, 2, 1, 1)
  (7, 5, 5, 4, 4, 4, 3, 2, 2, 2, 2, 2, 1, 1, 1, 1)
  (7, 5, 5, 4, 4, 4, 2, 2, 2, 2, 2, 2, 2, 2, 1)
  (7, 5, 5, 4, 4, 4, 2, 2, 2, 2, 2, 2, 2, 1, 1, 1)
  (7, 5, 5, 4, 4, 3, 3, 3, 3, 3, 3, 3)
  (7, 5, 5, 4, 4, 3, 3, 3, 3, 3, 3, 2, 1)
  (7, 5, 5, 4, 4, 3, 3, 3, 3, 3, 3, 1, 1, 1)
  (7, 5, 5, 4, 4, 3, 3, 3, 3, 3, 2, 2, 2)
  (7, 5, 5, 4, 4, 3, 3, 3, 3, 3, 2, 2, 1, 1)
  (7, 5, 5, 4, 4, 3, 3, 3, 3, 3, 2, 1, 1, 1, 1)
  (7, 5, 5, 4, 4, 3, 3, 3, 3, 3, 1, 1, 1, 1, 1, 1)
  (7, 5, 5, 4, 4, 3, 3, 3, 3, 2, 2, 2, 2, 1)
  (7, 5, 5, 4, 4, 3, 3, 3, 3, 2, 2, 2, 1, 1, 1)
  (7, 5, 5, 4, 4, 3, 3, 3, 3, 2, 2, 1, 1, 1, 1, 1)
  (7, 5, 5, 4, 4, 3, 3, 3, 2, 2, 2, 2, 2, 2)
  (7, 5, 5, 4, 4, 3, 3, 3, 2, 2, 2, 2, 2, 1, 1)
  (7, 5, 5, 4, 4, 3, 3, 3, 2, 2, 2, 2, 1, 1, 1, 1)
  (7, 5, 5, 4, 3, 3, 3, 3, 3, 3, 3, 3, 1)
  (7, 5, 5, 4, 3, 3, 3, 3, 3, 3, 3, 2, 2)
  (7, 5, 5, 4, 3, 3, 3, 3, 3, 3, 3, 2, 1, 1)
  (7, 5, 5, 4, 3, 3, 3, 3, 3, 3, 3, 1, 1, 1, 1)
  (7, 5, 5, 4, 3, 3, 3, 3, 3, 3, 2, 2, 2, 1)
  (7, 5, 5, 4, 3, 3, 3, 3, 3, 3, 2, 2, 1, 1, 1)
  (7, 5, 5, 4, 3, 3, 3, 3, 3, 3, 2, 1, 1, 1, 1, 1)
  (7, 5, 5, 4, 3, 3, 3, 3, 3, 2, 2, 2, 2, 2)
  (7, 5, 5, 4, 3, 3, 3, 3, 3, 2, 2, 2, 2, 1, 1)
  (7, 5, 5, 4, 3, 3, 3, 3, 3, 2, 2, 2, 1, 1, 1, 1)
  (7, 5, 5, 4, 3, 3, 3, 3, 2, 2, 2, 2, 2, 2, 1)
  (7, 5, 5, 4, 3, 3, 3, 3, 2, 2, 2, 2, 2, 1, 1, 1)
  (7, 5, 4, 4, 4, 4, 4, 4, 4, 4, 2)
  (7, 5, 4, 4, 4, 4, 4, 4, 4, 4, 1, 1)
  (7, 5, 4, 4, 4, 4, 4, 4, 4, 3, 3)
  (7, 5, 4, 4, 4, 4, 4, 4, 4, 3, 2, 1)
  (7, 5, 4, 4, 4, 4, 4, 4, 4, 3, 1, 1, 1)
  (7, 5, 4, 4, 4, 4, 4, 4, 4, 2, 2, 2)
  (7, 5, 4, 4, 4, 4, 4, 4, 4, 2, 2, 1, 1)
  (7, 5, 4, 4, 4, 4, 4, 4, 4, 2, 1, 1, 1, 1)
  (7, 5, 4, 4, 4, 4, 4, 4, 4, 1, 1, 1, 1, 1, 1)
  (7, 5, 4, 4, 4, 4, 4, 4, 3, 3, 3, 1)
  (7, 5, 4, 4, 4, 4, 4, 4, 3, 3, 2, 2)
  (7, 5, 4, 4, 4, 4, 4, 4, 3, 3, 2, 1, 1)
  (7, 5, 4, 4, 4, 4, 4, 4, 3, 3, 1, 1, 1, 1)
  (7, 5, 4, 4, 4, 4, 4, 4, 3, 2, 2, 2, 1)
  (7, 5, 4, 4, 4, 4, 4, 4, 3, 2, 2, 1, 1, 1)
  (7, 5, 4, 4, 4, 4, 4, 4, 3, 2, 1, 1, 1, 1, 1)
  (7, 5, 4, 4, 4, 4, 4, 4, 3, 1, 1, 1, 1, 1, 1, 1)
  (7, 5, 4, 4, 4, 4, 4, 4, 2, 2, 2, 2, 2)
  (7, 5, 4, 4, 4, 4, 4, 4, 2, 2, 2, 2, 1, 1)
  (7, 5, 4, 4, 4, 4, 4, 4, 2, 2, 2, 1, 1, 1, 1)
  (7, 5, 4, 4, 4, 4, 4, 4, 2, 2, 1, 1, 1, 1, 1, 1)
  (7, 5, 4, 4, 4, 4, 4, 3, 3, 3, 3, 2)
  (7, 5, 4, 4, 4, 4, 4, 3, 3, 3, 3, 1, 1)
  (7, 5, 4, 4, 4, 4, 4, 3, 3, 3, 2, 2, 1)
  (7, 5, 4, 4, 4, 4, 4, 3, 3, 3, 2, 1, 1, 1)
  (7, 5, 4, 4, 4, 4, 4, 3, 3, 3, 1, 1, 1, 1, 1)
  (7, 5, 4, 4, 4, 4, 4, 3, 3, 2, 2, 2, 2)
  (7, 5, 4, 4, 4, 4, 4, 3, 3, 2, 2, 2, 1, 1)
  (7, 5, 4, 4, 4, 4, 4, 3, 3, 2, 2, 1, 1, 1, 1)
  (7, 5, 4, 4, 4, 4, 4, 3, 3, 2, 1, 1, 1, 1, 1, 1)
  (7, 5, 4, 4, 4, 4, 4, 3, 2, 2, 2, 2, 2, 1)
  (7, 5, 4, 4, 4, 4, 4, 3, 2, 2, 2, 2, 1, 1, 1)
  (7, 5, 4, 4, 4, 4, 4, 3, 2, 2, 2, 1, 1, 1, 1, 1)
  (7, 5, 4, 4, 4, 4, 4, 2, 2, 2, 2, 2, 2, 2)
  (7, 5, 4, 4, 4, 4, 4, 2, 2, 2, 2, 2, 2, 1, 1)
  (7, 5, 4, 4, 4, 4, 4, 2, 2, 2, 2, 2, 1, 1, 1, 1)
  (7, 5, 4, 4, 4, 4, 3, 3, 3, 3, 3, 3)
  (7, 5, 4, 4, 4, 4, 3, 3, 3, 3, 3, 2, 1)
  (7, 5, 4, 4, 4, 4, 3, 3, 3, 3, 3, 1, 1, 1)
  (7, 5, 4, 4, 4, 4, 3, 3, 3, 3, 2, 2, 2)
  (7, 5, 4, 4, 4, 4, 3, 3, 3, 3, 2, 2, 1, 1)
  (7, 5, 4, 4, 4, 4, 3, 3, 3, 3, 2, 1, 1, 1, 1)
  (7, 5, 4, 4, 4, 4, 3, 3, 3, 3, 1, 1, 1, 1, 1, 1)
  (7, 5, 4, 4, 4, 4, 3, 3, 3, 2, 2, 2, 2, 1)
  (7, 5, 4, 4, 4, 4, 3, 3, 3, 2, 2, 2, 1, 1, 1)
  (7, 5, 4, 4, 4, 4, 3, 3, 3, 2, 2, 1, 1, 1, 1, 1)
  (7, 5, 4, 4, 4, 4, 3, 3, 2, 2, 2, 2, 2, 2)
  (7, 5, 4, 4, 4, 4, 3, 3, 2, 2, 2, 2, 2, 1, 1)
  (7, 5, 4, 4, 4, 4, 3, 3, 2, 2, 2, 2, 1, 1, 1, 1)
  (7, 5, 4, 4, 4, 4, 3, 2, 2, 2, 2, 2, 2, 2, 1)
  (7, 5, 4, 4, 4, 4, 3, 2, 2, 2, 2, 2, 2, 1, 1, 1)
  (7, 5, 4, 4, 4, 3, 3, 3, 3, 3, 3, 3, 1)
  (7, 5, 4, 4, 4, 3, 3, 3, 3, 3, 3, 2, 2)
  (7, 5, 4, 4, 4, 3, 3, 3, 3, 3, 3, 2, 1, 1)
  (7, 5, 4, 4, 4, 3, 3, 3, 3, 3, 3, 1, 1, 1, 1)
  (7, 5, 4, 4, 4, 3, 3, 3, 3, 3, 2, 2, 2, 1)
  (7, 5, 4, 4, 4, 3, 3, 3, 3, 3, 2, 2, 1, 1, 1)
  (7, 5, 4, 4, 4, 3, 3, 3, 3, 3, 2, 1, 1, 1, 1, 1)
  (7, 5, 4, 4, 4, 3, 3, 3, 3, 2, 2, 2, 2, 2)
  (7, 5, 4, 4, 4, 3, 3, 3, 3, 2, 2, 2, 2, 1, 1)
  (7, 5, 4, 4, 4, 3, 3, 3, 3, 2, 2, 2, 1, 1, 1, 1)
  (7, 5, 4, 4, 4, 3, 3, 3, 2, 2, 2, 2, 2, 2, 1)
  (7, 5, 4, 4, 4, 3, 3, 3, 2, 2, 2, 2, 2, 1, 1, 1)
  (6, 6, 6, 6, 6, 6, 5, 2, 2, 1)
  (6, 6, 6, 6, 6, 6, 5, 2, 1, 1, 1)
  (6, 6, 6, 6, 6, 6, 4, 3, 2, 1)
  (6, 6, 6, 6, 6, 6, 4, 3, 1, 1, 1)
  (6, 6, 6, 6, 6, 6, 4, 2, 2, 2)
  (6, 6, 6, 6, 6, 6, 4, 2, 2, 1, 1)
  (6, 6, 6, 6, 6, 6, 4, 2, 1, 1, 1, 1)
  (6, 6, 6, 6, 6, 6, 3, 3, 3, 1)
  (6, 6, 6, 6, 6, 6, 3, 3, 2, 2)
  (6, 6, 6, 6, 6, 6, 3, 3, 2, 1, 1)
  (6, 6, 6, 6, 6, 6, 3, 3, 1, 1, 1, 1)
  (6, 6, 6, 6, 6, 6, 3, 2, 2, 2, 1)
  (6, 6, 6, 6, 6, 6, 3, 2, 2, 1, 1, 1)
  (6, 6, 6, 6, 6, 6, 3, 2, 1, 1, 1, 1, 1)
  (6, 6, 6, 6, 6, 6, 2, 2, 2, 2, 2)
  (6, 6, 6, 6, 6, 6, 2, 2, 2, 2, 1, 1)
  (6, 6, 6, 6, 6, 6, 2, 2, 2, 1, 1, 1, 1)
  (6, 6, 6, 6, 6, 5, 5, 3, 2, 1)
  (6, 6, 6, 6, 6, 5, 5, 3, 1, 1, 1)
  (6, 6, 6, 6, 6, 5, 5, 2, 2, 2)
  (6, 6, 6, 6, 6, 5, 5, 2, 2, 1, 1)
  (6, 6, 6, 6, 6, 5, 5, 2, 1, 1, 1, 1)
  (6, 6, 6, 6, 6, 5, 4, 4, 2, 1)
  (6, 6, 6, 6, 6, 5, 4, 4, 1, 1, 1)
  (6, 6, 6, 6, 6, 5, 4, 3, 3, 1)
  (6, 6, 6, 6, 6, 5, 4, 3, 2, 2)
  (6, 6, 6, 6, 6, 5, 4, 3, 2, 1, 1)
  (6, 6, 6, 6, 6, 5, 4, 3, 1, 1, 1, 1)
  (6, 6, 6, 6, 6, 5, 4, 2, 2, 2, 1)
  (6, 6, 6, 6, 6, 5, 4, 2, 2, 1, 1, 1)
  (6, 6, 6, 6, 6, 5, 4, 2, 1, 1, 1, 1, 1)
  (6, 6, 6, 6, 6, 5, 3, 3, 3, 2)
  (6, 6, 6, 6, 6, 5, 3, 3, 3, 1, 1)
  (6, 6, 6, 6, 6, 5, 3, 3, 2, 2, 1)
  (6, 6, 6, 6, 6, 5, 3, 3, 2, 1, 1, 1)
  (6, 6, 6, 6, 6, 5, 3, 3, 1, 1, 1, 1, 1)
  (6, 6, 6, 6, 6, 5, 3, 2, 2, 2, 2)
  (6, 6, 6, 6, 6, 5, 3, 2, 2, 2, 1, 1)
  (6, 6, 6, 6, 6, 5, 3, 2, 2, 1, 1, 1, 1)
  (6, 6, 6, 6, 6, 5, 3, 2, 1, 1, 1, 1, 1, 1)
  (6, 6, 6, 6, 6, 5, 2, 2, 2, 2, 2, 1)
  (6, 6, 6, 6, 6, 5, 2, 2, 2, 2, 1, 1, 1)
  (6, 6, 6, 6, 6, 5, 2, 2, 2, 1, 1, 1, 1, 1)
  (6, 6, 6, 6, 6, 4, 4, 4, 3, 1)
  (6, 6, 6, 6, 6, 4, 4, 4, 2, 2)
  (6, 6, 6, 6, 6, 4, 4, 4, 2, 1, 1)
  (6, 6, 6, 6, 6, 4, 4, 4, 1, 1, 1, 1)
  (6, 6, 6, 6, 6, 4, 4, 3, 3, 2)
  (6, 6, 6, 6, 6, 4, 4, 3, 3, 1, 1)
  (6, 6, 6, 6, 6, 4, 4, 3, 2, 2, 1)
  (6, 6, 6, 6, 6, 4, 4, 3, 2, 1, 1, 1)
  (6, 6, 6, 6, 6, 4, 4, 3, 1, 1, 1, 1, 1)
  (6, 6, 6, 6, 6, 4, 4, 2, 2, 2, 2)
  (6, 6, 6, 6, 6, 4, 4, 2, 2, 2, 1, 1)
  (6, 6, 6, 6, 6, 4, 4, 2, 2, 1, 1, 1, 1)
  (6, 6, 6, 6, 6, 4, 4, 2, 1, 1, 1, 1, 1, 1)
  (6, 6, 6, 6, 6, 4, 3, 3, 3, 3)
  (6, 6, 6, 6, 6, 4, 3, 3, 3, 2, 1)
  (6, 6, 6, 6, 6, 4, 3, 3, 3, 1, 1, 1)
  (6, 6, 6, 6, 6, 4, 3, 3, 2, 2, 2)
  (6, 6, 6, 6, 6, 4, 3, 3, 2, 2, 1, 1)
  (6, 6, 6, 6, 6, 4, 3, 3, 2, 1, 1, 1, 1)
  (6, 6, 6, 6, 6, 4, 3, 3, 1, 1, 1, 1, 1, 1)
  (6, 6, 6, 6, 6, 4, 3, 2, 2, 2, 2, 1)
  (6, 6, 6, 6, 6, 4, 3, 2, 2, 2, 1, 1, 1)
  (6, 6, 6, 6, 6, 4, 3, 2, 2, 1, 1, 1, 1, 1)
  (6, 6, 6, 6, 6, 4, 3, 2, 1, 1, 1, 1, 1, 1, 1)
  (6, 6, 6, 6, 6, 4, 2, 2, 2, 2, 2, 2)
  (6, 6, 6, 6, 6, 4, 2, 2, 2, 2, 2, 1, 1)
  (6, 6, 6, 6, 6, 4, 2, 2, 2, 2, 1, 1, 1, 1)
  (6, 6, 6, 6, 6, 4, 2, 2, 2, 1, 1, 1, 1, 1, 1)
  (6, 6, 6, 6, 6, 3, 3, 3, 3, 3, 1)
  (6, 6, 6, 6, 6, 3, 3, 3, 3, 2, 2)
  (6, 6, 6, 6, 6, 3, 3, 3, 3, 2, 1, 1)
  (6, 6, 6, 6, 6, 3, 3, 3, 3, 1, 1, 1, 1)
  (6, 6, 6, 6, 6, 3, 3, 3, 2, 2, 2, 1)
  (6, 6, 6, 6, 6, 3, 3, 3, 2, 2, 1, 1, 1)
  (6, 6, 6, 6, 6, 3, 3, 3, 2, 1, 1, 1, 1, 1)
  (6, 6, 6, 6, 6, 3, 3, 3, 1, 1, 1, 1, 1, 1, 1)
  (6, 6, 6, 6, 6, 3, 3, 2, 2, 2, 2, 2)
  (6, 6, 6, 6, 6, 3, 3, 2, 2, 2, 2, 1, 1)
  (6, 6, 6, 6, 6, 3, 3, 2, 2, 2, 1, 1, 1, 1)
  (6, 6, 6, 6, 6, 3, 3, 2, 2, 1, 1, 1, 1, 1, 1)
  (6, 6, 6, 6, 6, 3, 3, 2, 1, 1, 1, 1, 1, 1, 1, 1)
  (6, 6, 6, 6, 6, 3, 2, 2, 2, 2, 2, 2, 1)
  (6, 6, 6, 6, 6, 3, 2, 2, 2, 2, 2, 1, 1, 1)
  (6, 6, 6, 6, 6, 3, 2, 2, 2, 2, 1, 1, 1, 1, 1)
  (6, 6, 6, 6, 6, 3, 2, 2, 2, 1, 1, 1, 1, 1, 1, 1)
  (6, 6, 6, 6, 5, 5, 5, 4, 2, 1)
  (6, 6, 6, 6, 5, 5, 5, 4, 1, 1, 1)
  (6, 6, 6, 6, 5, 5, 5, 3, 3, 1)
  (6, 6, 6, 6, 5, 5, 5, 3, 2, 2)
  (6, 6, 6, 6, 5, 5, 5, 3, 2, 1, 1)
  (6, 6, 6, 6, 5, 5, 5, 3, 1, 1, 1, 1)
  (6, 6, 6, 6, 5, 5, 5, 2, 2, 2, 1)
  (6, 6, 6, 6, 5, 5, 5, 2, 2, 1, 1, 1)
  (6, 6, 6, 6, 5, 5, 5, 2, 1, 1, 1, 1, 1)
  (6, 6, 6, 6, 5, 5, 4, 4, 3, 1)
  (6, 6, 6, 6, 5, 5, 4, 4, 2, 2)
  (6, 6, 6, 6, 5, 5, 4, 4, 2, 1, 1)
  (6, 6, 6, 6, 5, 5, 4, 4, 1, 1, 1, 1)
  (6, 6, 6, 6, 5, 5, 4, 3, 3, 2)
  (6, 6, 6, 6, 5, 5, 4, 3, 3, 1, 1)
  (6, 6, 6, 6, 5, 5, 4, 3, 2, 2, 1)
  (6, 6, 6, 6, 5, 5, 4, 3, 2, 1, 1, 1)
  (6, 6, 6, 6, 5, 5, 4, 3, 1, 1, 1, 1, 1)
  (6, 6, 6, 6, 5, 5, 4, 2, 2, 2, 2)
  (6, 6, 6, 6, 5, 5, 4, 2, 2, 2, 1, 1)
  (6, 6, 6, 6, 5, 5, 4, 2, 2, 1, 1, 1, 1)
  (6, 6, 6, 6, 5, 5, 4, 2, 1, 1, 1, 1, 1, 1)
  (6, 6, 6, 6, 5, 5, 3, 3, 3, 3)
  (6, 6, 6, 6, 5, 5, 3, 3, 3, 2, 1)
  (6, 6, 6, 6, 5, 5, 3, 3, 3, 1, 1, 1)
  (6, 6, 6, 6, 5, 5, 3, 3, 2, 2, 2)
  (6, 6, 6, 6, 5, 5, 3, 3, 2, 2, 1, 1)
  (6, 6, 6, 6, 5, 5, 3, 3, 2, 1, 1, 1, 1)
  (6, 6, 6, 6, 5, 5, 3, 3, 1, 1, 1, 1, 1, 1)
  (6, 6, 6, 6, 5, 5, 3, 2, 2, 2, 2, 1)
  (6, 6, 6, 6, 5, 5, 3, 2, 2, 2, 1, 1, 1)
  (6, 6, 6, 6, 5, 5, 3, 2, 2, 1, 1, 1, 1, 1)
  (6, 6, 6, 6, 5, 5, 3, 2, 1, 1, 1, 1, 1, 1, 1)
  (6, 6, 6, 6, 5, 5, 2, 2, 2, 2, 2, 2)
  (6, 6, 6, 6, 5, 5, 2, 2, 2, 2, 2, 1, 1)
  (6, 6, 6, 6, 5, 5, 2, 2, 2, 2, 1, 1, 1, 1)
  (6, 6, 6, 6, 5, 5, 2, 2, 2, 1, 1, 1, 1, 1, 1)
  (6, 6, 6, 6, 5, 4, 4, 4, 4, 1)
  (6, 6, 6, 6, 5, 4, 4, 4, 3, 2)
  (6, 6, 6, 6, 5, 4, 4, 4, 3, 1, 1)
  (6, 6, 6, 6, 5, 4, 4, 4, 2, 2, 1)
  (6, 6, 6, 6, 5, 4, 4, 4, 2, 1, 1, 1)
  (6, 6, 6, 6, 5, 4, 4, 4, 1, 1, 1, 1, 1)
  (6, 6, 6, 6, 5, 4, 4, 3, 3, 3)
  (6, 6, 6, 6, 5, 4, 4, 3, 3, 2, 1)
  (6, 6, 6, 6, 5, 4, 4, 3, 3, 1, 1, 1)
  (6, 6, 6, 6, 5, 4, 4, 3, 2, 2, 2)
  (6, 6, 6, 6, 5, 4, 4, 3, 2, 2, 1, 1)
  (6, 6, 6, 6, 5, 4, 4, 3, 2, 1, 1, 1, 1)
  (6, 6, 6, 6, 5, 4, 4, 3, 1, 1, 1, 1, 1, 1)
  (6, 6, 6, 6, 5, 4, 4, 2, 2, 2, 2, 1)
  (6, 6, 6, 6, 5, 4, 4, 2, 2, 2, 1, 1, 1)
  (6, 6, 6, 6, 5, 4, 4, 2, 2, 1, 1, 1, 1, 1)
  (6, 6, 6, 6, 5, 4, 4, 2, 1, 1, 1, 1, 1, 1, 1)
  (6, 6, 6, 6, 5, 4, 3, 3, 3, 3, 1)
  (6, 6, 6, 6, 5, 4, 3, 3, 3, 2, 2)
  (6, 6, 6, 6, 5, 4, 3, 3, 3, 2, 1, 1)
  (6, 6, 6, 6, 5, 4, 3, 3, 3, 1, 1, 1, 1)
  (6, 6, 6, 6, 5, 4, 3, 3, 2, 2, 2, 1)
  (6, 6, 6, 6, 5, 4, 3, 3, 2, 2, 1, 1, 1)
  (6, 6, 6, 6, 5, 4, 3, 3, 2, 1, 1, 1, 1, 1)
  (6, 6, 6, 6, 5, 4, 3, 3, 1, 1, 1, 1, 1, 1, 1)
  (6, 6, 6, 6, 5, 4, 3, 2, 2, 2, 2, 2)
  (6, 6, 6, 6, 5, 4, 3, 2, 2, 2, 2, 1, 1)
  (6, 6, 6, 6, 5, 4, 3, 2, 2, 2, 1, 1, 1, 1)
  (6, 6, 6, 6, 5, 4, 3, 2, 2, 1, 1, 1, 1, 1, 1)
  (6, 6, 6, 6, 5, 4, 3, 2, 1, 1, 1, 1, 1, 1, 1, 1)
  (6, 6, 6, 6, 5, 4, 2, 2, 2, 2, 2, 2, 1)
  (6, 6, 6, 6, 5, 4, 2, 2, 2, 2, 2, 1, 1, 1)
  (6, 6, 6, 6, 5, 4, 2, 2, 2, 2, 1, 1, 1, 1, 1)
  (6, 6, 6, 6, 5, 4, 2, 2, 2, 1, 1, 1, 1, 1, 1, 1)
  (6, 6, 6, 6, 5, 3, 3, 3, 3, 3, 2)
  (6, 6, 6, 6, 5, 3, 3, 3, 3, 3, 1, 1)
  (6, 6, 6, 6, 5, 3, 3, 3, 3, 2, 2, 1)
  (6, 6, 6, 6, 5, 3, 3, 3, 3, 2, 1, 1, 1)
  (6, 6, 6, 6, 5, 3, 3, 3, 3, 1, 1, 1, 1, 1)
  (6, 6, 6, 6, 5, 3, 3, 3, 2, 2, 2, 2)
  (6, 6, 6, 6, 5, 3, 3, 3, 2, 2, 2, 1, 1)
  (6, 6, 6, 6, 5, 3, 3, 3, 2, 2, 1, 1, 1, 1)
  (6, 6, 6, 6, 5, 3, 3, 3, 2, 1, 1, 1, 1, 1, 1)
  (6, 6, 6, 6, 5, 3, 3, 3, 1, 1, 1, 1, 1, 1, 1, 1)
  (6, 6, 6, 6, 5, 3, 3, 2, 2, 2, 2, 2, 1)
  (6, 6, 6, 6, 5, 3, 3, 2, 2, 2, 2, 1, 1, 1)
  (6, 6, 6, 6, 5, 3, 3, 2, 2, 2, 1, 1, 1, 1, 1)
  (6, 6, 6, 6, 5, 3, 3, 2, 2, 1, 1, 1, 1, 1, 1, 1)
  (6, 6, 6, 6, 5, 3, 2, 2, 2, 2, 2, 2, 2)
  (6, 6, 6, 6, 5, 3, 2, 2, 2, 2, 2, 2, 1, 1)
  (6, 6, 6, 6, 5, 3, 2, 2, 2, 2, 2, 1, 1, 1, 1)
  (6, 6, 6, 6, 5, 3, 2, 2, 2, 2, 1, 1, 1, 1, 1, 1)
  (6, 6, 6, 6, 4, 4, 4, 4, 4, 2)
  (6, 6, 6, 6, 4, 4, 4, 4, 4, 1, 1)
  (6, 6, 6, 6, 4, 4, 4, 4, 3, 3)
  (6, 6, 6, 6, 4, 4, 4, 4, 3, 2, 1)
  (6, 6, 6, 6, 4, 4, 4, 4, 3, 1, 1, 1)
  (6, 6, 6, 6, 4, 4, 4, 4, 2, 2, 2)
  (6, 6, 6, 6, 4, 4, 4, 4, 2, 2, 1, 1)
  (6, 6, 6, 6, 4, 4, 4, 4, 2, 1, 1, 1, 1)
  (6, 6, 6, 6, 4, 4, 4, 4, 1, 1, 1, 1, 1, 1)
  (6, 6, 6, 6, 4, 4, 4, 3, 3, 3, 1)
  (6, 6, 6, 6, 4, 4, 4, 3, 3, 2, 2)
  (6, 6, 6, 6, 4, 4, 4, 3, 3, 2, 1, 1)
  (6, 6, 6, 6, 4, 4, 4, 3, 3, 1, 1, 1, 1)
  (6, 6, 6, 6, 4, 4, 4, 3, 2, 2, 2, 1)
  (6, 6, 6, 6, 4, 4, 4, 3, 2, 2, 1, 1, 1)
  (6, 6, 6, 6, 4, 4, 4, 3, 2, 1, 1, 1, 1, 1)
  (6, 6, 6, 6, 4, 4, 4, 3, 1, 1, 1, 1, 1, 1, 1)
  (6, 6, 6, 6, 4, 4, 4, 2, 2, 2, 2, 2)
  (6, 6, 6, 6, 4, 4, 4, 2, 2, 2, 2, 1, 1)
  (6, 6, 6, 6, 4, 4, 4, 2, 2, 2, 1, 1, 1, 1)
  (6, 6, 6, 6, 4, 4, 4, 2, 2, 1, 1, 1, 1, 1, 1)
  (6, 6, 6, 6, 4, 4, 4, 2, 1, 1, 1, 1, 1, 1, 1, 1)
  (6, 6, 6, 6, 4, 4, 3, 3, 3, 3, 2)
  (6, 6, 6, 6, 4, 4, 3, 3, 3, 3, 1, 1)
  (6, 6, 6, 6, 4, 4, 3, 3, 3, 2, 2, 1)
  (6, 6, 6, 6, 4, 4, 3, 3, 3, 2, 1, 1, 1)
  (6, 6, 6, 6, 4, 4, 3, 3, 3, 1, 1, 1, 1, 1)
  (6, 6, 6, 6, 4, 4, 3, 3, 2, 2, 2, 2)
  (6, 6, 6, 6, 4, 4, 3, 3, 2, 2, 2, 1, 1)
  (6, 6, 6, 6, 4, 4, 3, 3, 2, 2, 1, 1, 1, 1)
  (6, 6, 6, 6, 4, 4, 3, 3, 2, 1, 1, 1, 1, 1, 1)
  (6, 6, 6, 6, 4, 4, 3, 3, 1, 1, 1, 1, 1, 1, 1, 1)
  (6, 6, 6, 6, 4, 4, 3, 2, 2, 2, 2, 2, 1)
  (6, 6, 6, 6, 4, 4, 3, 2, 2, 2, 2, 1, 1, 1)
  (6, 6, 6, 6, 4, 4, 3, 2, 2, 2, 1, 1, 1, 1, 1)
  (6, 6, 6, 6, 4, 4, 3, 2, 2, 1, 1, 1, 1, 1, 1, 1)
  (6, 6, 6, 6, 4, 4, 2, 2, 2, 2, 2, 2, 2)
  (6, 6, 6, 6, 4, 4, 2, 2, 2, 2, 2, 2, 1, 1)
  (6, 6, 6, 6, 4, 4, 2, 2, 2, 2, 2, 1, 1, 1, 1)
  (6, 6, 6, 6, 4, 4, 2, 2, 2, 2, 1, 1, 1, 1, 1, 1)
  (6, 6, 6, 6, 4, 3, 3, 3, 3, 3, 3)
  (6, 6, 6, 6, 4, 3, 3, 3, 3, 3, 2, 1)
  (6, 6, 6, 6, 4, 3, 3, 3, 3, 3, 1, 1, 1)
  (6, 6, 6, 6, 4, 3, 3, 3, 3, 2, 2, 2)
  (6, 6, 6, 6, 4, 3, 3, 3, 3, 2, 2, 1, 1)
  (6, 6, 6, 6, 4, 3, 3, 3, 3, 2, 1, 1, 1, 1)
  (6, 6, 6, 6, 4, 3, 3, 3, 3, 1, 1, 1, 1, 1, 1)
  (6, 6, 6, 6, 4, 3, 3, 3, 2, 2, 2, 2, 1)
  (6, 6, 6, 6, 4, 3, 3, 3, 2, 2, 2, 1, 1, 1)
  (6, 6, 6, 6, 4, 3, 3, 3, 2, 2, 1, 1, 1, 1, 1)
  (6, 6, 6, 6, 4, 3, 3, 3, 2, 1, 1, 1, 1, 1, 1, 1)
  (6, 6, 6, 6, 4, 3, 3, 2, 2, 2, 2, 2, 2)
  (6, 6, 6, 6, 4, 3, 3, 2, 2, 2, 2, 2, 1, 1)
  (6, 6, 6, 6, 4, 3, 3, 2, 2, 2, 2, 1, 1, 1, 1)
  (6, 6, 6, 6, 4, 3, 3, 2, 2, 2, 1, 1, 1, 1, 1, 1)
  (6, 6, 6, 6, 4, 3, 2, 2, 2, 2, 2, 2, 2, 1)
  (6, 6, 6, 6, 4, 3, 2, 2, 2, 2, 2, 2, 1, 1, 1)
  (6, 6, 6, 6, 4, 3, 2, 2, 2, 2, 2, 1, 1, 1, 1, 1)
  (6, 6, 6, 6, 3, 3, 3, 3, 3, 3, 3, 1)
  (6, 6, 6, 6, 3, 3, 3, 3, 3, 3, 2, 2)
  (6, 6, 6, 6, 3, 3, 3, 3, 3, 3, 2, 1, 1)
  (6, 6, 6, 6, 3, 3, 3, 3, 3, 3, 1, 1, 1, 1)
  (6, 6, 6, 6, 3, 3, 3, 3, 3, 2, 2, 2, 1)
  (6, 6, 6, 6, 3, 3, 3, 3, 3, 2, 2, 1, 1, 1)
  (6, 6, 6, 6, 3, 3, 3, 3, 3, 2, 1, 1, 1, 1, 1)
  (6, 6, 6, 6, 3, 3, 3, 3, 3, 1, 1, 1, 1, 1, 1, 1)
  (6, 6, 6, 6, 3, 3, 3, 3, 2, 2, 2, 2, 2)
  (6, 6, 6, 6, 3, 3, 3, 3, 2, 2, 2, 2, 1, 1)
  (6, 6, 6, 6, 3, 3, 3, 3, 2, 2, 2, 1, 1, 1, 1)
  (6, 6, 6, 6, 3, 3, 3, 3, 2, 2, 1, 1, 1, 1, 1, 1)
  (6, 6, 6, 6, 3, 3, 3, 2, 2, 2, 2, 2, 2, 1)
  (6, 6, 6, 6, 3, 3, 3, 2, 2, 2, 2, 2, 1, 1, 1)
  (6, 6, 6, 6, 3, 3, 3, 2, 2, 2, 2, 1, 1, 1, 1, 1)
  (6, 6, 6, 5, 5, 5, 5, 5, 2, 1)
  (6, 6, 6, 5, 5, 5, 5, 5, 1, 1, 1)
  (6, 6, 6, 5, 5, 5, 5, 4, 3, 1)
  (6, 6, 6, 5, 5, 5, 5, 4, 2, 2)
  (6, 6, 6, 5, 5, 5, 5, 4, 2, 1, 1)
  (6, 6, 6, 5, 5, 5, 5, 4, 1, 1, 1, 1)
  (6, 6, 6, 5, 5, 5, 5, 3, 3, 2)
  (6, 6, 6, 5, 5, 5, 5, 3, 3, 1, 1)
  (6, 6, 6, 5, 5, 5, 5, 3, 2, 2, 1)
  (6, 6, 6, 5, 5, 5, 5, 3, 2, 1, 1, 1)
  (6, 6, 6, 5, 5, 5, 5, 3, 1, 1, 1, 1, 1)
  (6, 6, 6, 5, 5, 5, 5, 2, 2, 2, 2)
  (6, 6, 6, 5, 5, 5, 5, 2, 2, 2, 1, 1)
  (6, 6, 6, 5, 5, 5, 5, 2, 2, 1, 1, 1, 1)
  (6, 6, 6, 5, 5, 5, 5, 2, 1, 1, 1, 1, 1, 1)
  (6, 6, 6, 5, 5, 5, 4, 4, 4, 1)
  (6, 6, 6, 5, 5, 5, 4, 4, 3, 2)
  (6, 6, 6, 5, 5, 5, 4, 4, 3, 1, 1)
  (6, 6, 6, 5, 5, 5, 4, 4, 2, 2, 1)
  (6, 6, 6, 5, 5, 5, 4, 4, 2, 1, 1, 1)
  (6, 6, 6, 5, 5, 5, 4, 4, 1, 1, 1, 1, 1)
  (6, 6, 6, 5, 5, 5, 4, 3, 3, 3)
  (6, 6, 6, 5, 5, 5, 4, 3, 3, 2, 1)
  (6, 6, 6, 5, 5, 5, 4, 3, 3, 1, 1, 1)
  (6, 6, 6, 5, 5, 5, 4, 3, 2, 2, 2)
  (6, 6, 6, 5, 5, 5, 4, 3, 2, 2, 1, 1)
  (6, 6, 6, 5, 5, 5, 4, 3, 2, 1, 1, 1, 1)
  (6, 6, 6, 5, 5, 5, 4, 3, 1, 1, 1, 1, 1, 1)
  (6, 6, 6, 5, 5, 5, 4, 2, 2, 2, 2, 1)
  (6, 6, 6, 5, 5, 5, 4, 2, 2, 2, 1, 1, 1)
  (6, 6, 6, 5, 5, 5, 4, 2, 2, 1, 1, 1, 1, 1)
  (6, 6, 6, 5, 5, 5, 4, 2, 1, 1, 1, 1, 1, 1, 1)
  (6, 6, 6, 5, 5, 5, 3, 3, 3, 3, 1)
  (6, 6, 6, 5, 5, 5, 3, 3, 3, 2, 2)
  (6, 6, 6, 5, 5, 5, 3, 3, 3, 2, 1, 1)
  (6, 6, 6, 5, 5, 5, 3, 3, 3, 1, 1, 1, 1)
  (6, 6, 6, 5, 5, 5, 3, 3, 2, 2, 2, 1)
  (6, 6, 6, 5, 5, 5, 3, 3, 2, 2, 1, 1, 1)
  (6, 6, 6, 5, 5, 5, 3, 3, 2, 1, 1, 1, 1, 1)
  (6, 6, 6, 5, 5, 5, 3, 3, 1, 1, 1, 1, 1, 1, 1)
  (6, 6, 6, 5, 5, 5, 3, 2, 2, 2, 2, 2)
  (6, 6, 6, 5, 5, 5, 3, 2, 2, 2, 2, 1, 1)
  (6, 6, 6, 5, 5, 5, 3, 2, 2, 2, 1, 1, 1, 1)
  (6, 6, 6, 5, 5, 5, 3, 2, 2, 1, 1, 1, 1, 1, 1)
  (6, 6, 6, 5, 5, 5, 3, 2, 1, 1, 1, 1, 1, 1, 1, 1)
  (6, 6, 6, 5, 5, 5, 2, 2, 2, 2, 2, 2, 1)
  (6, 6, 6, 5, 5, 5, 2, 2, 2, 2, 2, 1, 1, 1)
  (6, 6, 6, 5, 5, 5, 2, 2, 2, 2, 1, 1, 1, 1, 1)
  (6, 6, 6, 5, 5, 5, 2, 2, 2, 1, 1, 1, 1, 1, 1, 1)
  (6, 6, 6, 5, 5, 4, 4, 4, 4, 2)
  (6, 6, 6, 5, 5, 4, 4, 4, 4, 1, 1)
  (6, 6, 6, 5, 5, 4, 4, 4, 3, 3)
  (6, 6, 6, 5, 5, 4, 4, 4, 3, 2, 1)
  (6, 6, 6, 5, 5, 4, 4, 4, 3, 1, 1, 1)
  (6, 6, 6, 5, 5, 4, 4, 4, 2, 2, 2)
  (6, 6, 6, 5, 5, 4, 4, 4, 2, 2, 1, 1)
  (6, 6, 6, 5, 5, 4, 4, 4, 2, 1, 1, 1, 1)
  (6, 6, 6, 5, 5, 4, 4, 4, 1, 1, 1, 1, 1, 1)
  (6, 6, 6, 5, 5, 4, 4, 3, 3, 3, 1)
  (6, 6, 6, 5, 5, 4, 4, 3, 3, 2, 2)
  (6, 6, 6, 5, 5, 4, 4, 3, 3, 2, 1, 1)
  (6, 6, 6, 5, 5, 4, 4, 3, 3, 1, 1, 1, 1)
  (6, 6, 6, 5, 5, 4, 4, 3, 2, 2, 2, 1)
  (6, 6, 6, 5, 5, 4, 4, 3, 2, 2, 1, 1, 1)
  (6, 6, 6, 5, 5, 4, 4, 3, 2, 1, 1, 1, 1, 1)
  (6, 6, 6, 5, 5, 4, 4, 3, 1, 1, 1, 1, 1, 1, 1)
  (6, 6, 6, 5, 5, 4, 4, 2, 2, 2, 2, 2)
  (6, 6, 6, 5, 5, 4, 4, 2, 2, 2, 2, 1, 1)
  (6, 6, 6, 5, 5, 4, 4, 2, 2, 2, 1, 1, 1, 1)
  (6, 6, 6, 5, 5, 4, 4, 2, 2, 1, 1, 1, 1, 1, 1)
  (6, 6, 6, 5, 5, 4, 4, 2, 1, 1, 1, 1, 1, 1, 1, 1)
  (6, 6, 6, 5, 5, 4, 3, 3, 3, 3, 2)
  (6, 6, 6, 5, 5, 4, 3, 3, 3, 3, 1, 1)
  (6, 6, 6, 5, 5, 4, 3, 3, 3, 2, 2, 1)
  (6, 6, 6, 5, 5, 4, 3, 3, 3, 2, 1, 1, 1)
  (6, 6, 6, 5, 5, 4, 3, 3, 3, 1, 1, 1, 1, 1)
  (6, 6, 6, 5, 5, 4, 3, 3, 2, 2, 2, 2)
  (6, 6, 6, 5, 5, 4, 3, 3, 2, 2, 2, 1, 1)
  (6, 6, 6, 5, 5, 4, 3, 3, 2, 2, 1, 1, 1, 1)
  (6, 6, 6, 5, 5, 4, 3, 3, 2, 1, 1, 1, 1, 1, 1)
  (6, 6, 6, 5, 5, 4, 3, 3, 1, 1, 1, 1, 1, 1, 1, 1)
  (6, 6, 6, 5, 5, 4, 3, 2, 2, 2, 2, 2, 1)
  (6, 6, 6, 5, 5, 4, 3, 2, 2, 2, 2, 1, 1, 1)
  (6, 6, 6, 5, 5, 4, 3, 2, 2, 2, 1, 1, 1, 1, 1)
  (6, 6, 6, 5, 5, 4, 3, 2, 2, 1, 1, 1, 1, 1, 1, 1)
  (6, 6, 6, 5, 5, 4, 2, 2, 2, 2, 2, 2, 2)
  (6, 6, 6, 5, 5, 4, 2, 2, 2, 2, 2, 2, 1, 1)
  (6, 6, 6, 5, 5, 4, 2, 2, 2, 2, 2, 1, 1, 1, 1)
  (6, 6, 6, 5, 5, 4, 2, 2, 2, 2, 1, 1, 1, 1, 1, 1)
  (6, 6, 6, 5, 5, 3, 3, 3, 3, 3, 3)
  (6, 6, 6, 5, 5, 3, 3, 3, 3, 3, 2, 1)
  (6, 6, 6, 5, 5, 3, 3, 3, 3, 3, 1, 1, 1)
  (6, 6, 6, 5, 5, 3, 3, 3, 3, 2, 2, 2)
  (6, 6, 6, 5, 5, 3, 3, 3, 3, 2, 2, 1, 1)
  (6, 6, 6, 5, 5, 3, 3, 3, 3, 2, 1, 1, 1, 1)
  (6, 6, 6, 5, 5, 3, 3, 3, 3, 1, 1, 1, 1, 1, 1)
  (6, 6, 6, 5, 5, 3, 3, 3, 2, 2, 2, 2, 1)
  (6, 6, 6, 5, 5, 3, 3, 3, 2, 2, 2, 1, 1, 1)
  (6, 6, 6, 5, 5, 3, 3, 3, 2, 2, 1, 1, 1, 1, 1)
  (6, 6, 6, 5, 5, 3, 3, 3, 2, 1, 1, 1, 1, 1, 1, 1)
  (6, 6, 6, 5, 5, 3, 3, 2, 2, 2, 2, 2, 2)
  (6, 6, 6, 5, 5, 3, 3, 2, 2, 2, 2, 2, 1, 1)
  (6, 6, 6, 5, 5, 3, 3, 2, 2, 2, 2, 1, 1, 1, 1)
  (6, 6, 6, 5, 5, 3, 3, 2, 2, 2, 1, 1, 1, 1, 1, 1)
  (6, 6, 6, 5, 5, 3, 2, 2, 2, 2, 2, 2, 2, 1)
  (6, 6, 6, 5, 5, 3, 2, 2, 2, 2, 2, 2, 1, 1, 1)
  (6, 6, 6, 5, 5, 3, 2, 2, 2, 2, 2, 1, 1, 1, 1, 1)
  (6, 6, 6, 5, 4, 4, 4, 4, 4, 3)
  (6, 6, 6, 5, 4, 4, 4, 4, 4, 2, 1)
  (6, 6, 6, 5, 4, 4, 4, 4, 4, 1, 1, 1)
  (6, 6, 6, 5, 4, 4, 4, 4, 3, 3, 1)
  (6, 6, 6, 5, 4, 4, 4, 4, 3, 2, 2)
  (6, 6, 6, 5, 4, 4, 4, 4, 3, 2, 1, 1)
  (6, 6, 6, 5, 4, 4, 4, 4, 3, 1, 1, 1, 1)
  (6, 6, 6, 5, 4, 4, 4, 4, 2, 2, 2, 1)
  (6, 6, 6, 5, 4, 4, 4, 4, 2, 2, 1, 1, 1)
  (6, 6, 6, 5, 4, 4, 4, 4, 2, 1, 1, 1, 1, 1)
  (6, 6, 6, 5, 4, 4, 4, 4, 1, 1, 1, 1, 1, 1, 1)
  (6, 6, 6, 5, 4, 4, 4, 3, 3, 3, 2)
  (6, 6, 6, 5, 4, 4, 4, 3, 3, 3, 1, 1)
  (6, 6, 6, 5, 4, 4, 4, 3, 3, 2, 2, 1)
  (6, 6, 6, 5, 4, 4, 4, 3, 3, 2, 1, 1, 1)
  (6, 6, 6, 5, 4, 4, 4, 3, 3, 1, 1, 1, 1, 1)
  (6, 6, 6, 5, 4, 4, 4, 3, 2, 2, 2, 2)
  (6, 6, 6, 5, 4, 4, 4, 3, 2, 2, 2, 1, 1)
  (6, 6, 6, 5, 4, 4, 4, 3, 2, 2, 1, 1, 1, 1)
  (6, 6, 6, 5, 4, 4, 4, 3, 2, 1, 1, 1, 1, 1, 1)
  (6, 6, 6, 5, 4, 4, 4, 3, 1, 1, 1, 1, 1, 1, 1, 1)
  (6, 6, 6, 5, 4, 4, 4, 2, 2, 2, 2, 2, 1)
  (6, 6, 6, 5, 4, 4, 4, 2, 2, 2, 2, 1, 1, 1)
  (6, 6, 6, 5, 4, 4, 4, 2, 2, 2, 1, 1, 1, 1, 1)
  (6, 6, 6, 5, 4, 4, 4, 2, 2, 1, 1, 1, 1, 1, 1, 1)
  (6, 6, 6, 5, 4, 4, 3, 3, 3, 3, 3)
  (6, 6, 6, 5, 4, 4, 3, 3, 3, 3, 2, 1)
  (6, 6, 6, 5, 4, 4, 3, 3, 3, 3, 1, 1, 1)
  (6, 6, 6, 5, 4, 4, 3, 3, 3, 2, 2, 2)
  (6, 6, 6, 5, 4, 4, 3, 3, 3, 2, 2, 1, 1)
  (6, 6, 6, 5, 4, 4, 3, 3, 3, 2, 1, 1, 1, 1)
  (6, 6, 6, 5, 4, 4, 3, 3, 3, 1, 1, 1, 1, 1, 1)
  (6, 6, 6, 5, 4, 4, 3, 3, 2, 2, 2, 2, 1)
  (6, 6, 6, 5, 4, 4, 3, 3, 2, 2, 2, 1, 1, 1)
  (6, 6, 6, 5, 4, 4, 3, 3, 2, 2, 1, 1, 1, 1, 1)
  (6, 6, 6, 5, 4, 4, 3, 3, 2, 1, 1, 1, 1, 1, 1, 1)
  (6, 6, 6, 5, 4, 4, 3, 2, 2, 2, 2, 2, 2)
  (6, 6, 6, 5, 4, 4, 3, 2, 2, 2, 2, 2, 1, 1)
  (6, 6, 6, 5, 4, 4, 3, 2, 2, 2, 2, 1, 1, 1, 1)
  (6, 6, 6, 5, 4, 4, 3, 2, 2, 2, 1, 1, 1, 1, 1, 1)
  (6, 6, 6, 5, 4, 4, 2, 2, 2, 2, 2, 2, 2, 1)
  (6, 6, 6, 5, 4, 4, 2, 2, 2, 2, 2, 2, 1, 1, 1)
  (6, 6, 6, 5, 4, 4, 2, 2, 2, 2, 2, 1, 1, 1, 1, 1)
  (6, 6, 6, 5, 4, 3, 3, 3, 3, 3, 3, 1)
  (6, 6, 6, 5, 4, 3, 3, 3, 3, 3, 2, 2)
  (6, 6, 6, 5, 4, 3, 3, 3, 3, 3, 2, 1, 1)
  (6, 6, 6, 5, 4, 3, 3, 3, 3, 3, 1, 1, 1, 1)
  (6, 6, 6, 5, 4, 3, 3, 3, 3, 2, 2, 2, 1)
  (6, 6, 6, 5, 4, 3, 3, 3, 3, 2, 2, 1, 1, 1)
  (6, 6, 6, 5, 4, 3, 3, 3, 3, 2, 1, 1, 1, 1, 1)
  (6, 6, 6, 5, 4, 3, 3, 3, 3, 1, 1, 1, 1, 1, 1, 1)
  (6, 6, 6, 5, 4, 3, 3, 3, 2, 2, 2, 2, 2)
  (6, 6, 6, 5, 4, 3, 3, 3, 2, 2, 2, 2, 1, 1)
  (6, 6, 6, 5, 4, 3, 3, 3, 2, 2, 2, 1, 1, 1, 1)
  (6, 6, 6, 5, 4, 3, 3, 3, 2, 2, 1, 1, 1, 1, 1, 1)
  (6, 6, 6, 5, 4, 3, 3, 2, 2, 2, 2, 2, 2, 1)
  (6, 6, 6, 5, 4, 3, 3, 2, 2, 2, 2, 2, 1, 1, 1)
  (6, 6, 6, 5, 4, 3, 3, 2, 2, 2, 2, 1, 1, 1, 1, 1)
  (6, 6, 6, 5, 4, 3, 2, 2, 2, 2, 2, 2, 2, 2)
  (6, 6, 6, 5, 4, 3, 2, 2, 2, 2, 2, 2, 2, 1, 1)
  (6, 6, 6, 5, 4, 3, 2, 2, 2, 2, 2, 2, 1, 1, 1, 1)
  (6, 6, 6, 5, 3, 3, 3, 3, 3, 3, 3, 2)
  (6, 6, 6, 5, 3, 3, 3, 3, 3, 3, 3, 1, 1)
  (6, 6, 6, 5, 3, 3, 3, 3, 3, 3, 2, 2, 1)
  (6, 6, 6, 5, 3, 3, 3, 3, 3, 3, 2, 1, 1, 1)
  (6, 6, 6, 5, 3, 3, 3, 3, 3, 3, 1, 1, 1, 1, 1)
  (6, 6, 6, 5, 3, 3, 3, 3, 3, 2, 2, 2, 2)
  (6, 6, 6, 5, 3, 3, 3, 3, 3, 2, 2, 2, 1, 1)
  (6, 6, 6, 5, 3, 3, 3, 3, 3, 2, 2, 1, 1, 1, 1)
  (6, 6, 6, 5, 3, 3, 3, 3, 3, 2, 1, 1, 1, 1, 1, 1)
  (6, 6, 6, 5, 3, 3, 3, 3, 2, 2, 2, 2, 2, 1)
  (6, 6, 6, 5, 3, 3, 3, 3, 2, 2, 2, 2, 1, 1, 1)
  (6, 6, 6, 5, 3, 3, 3, 3, 2, 2, 2, 1, 1, 1, 1, 1)
  (6, 6, 6, 5, 3, 3, 3, 2, 2, 2, 2, 2, 2, 2)
  (6, 6, 6, 5, 3, 3, 3, 2, 2, 2, 2, 2, 2, 1, 1)
  (6, 6, 6, 5, 3, 3, 3, 2, 2, 2, 2, 2, 1, 1, 1, 1)
  (6, 6, 6, 4, 4, 4, 4, 4, 4, 4)
  (6, 6, 6, 4, 4, 4, 4, 4, 4, 3, 1)
  (6, 6, 6, 4, 4, 4, 4, 4, 4, 2, 2)
  (6, 6, 6, 4, 4, 4, 4, 4, 4, 2, 1, 1)
  (6, 6, 6, 4, 4, 4, 4, 4, 4, 1, 1, 1, 1)
  (6, 6, 6, 4, 4, 4, 4, 4, 3, 3, 2)
  (6, 6, 6, 4, 4, 4, 4, 4, 3, 3, 1, 1)
  (6, 6, 6, 4, 4, 4, 4, 4, 3, 2, 2, 1)
  (6, 6, 6, 4, 4, 4, 4, 4, 3, 2, 1, 1, 1)
  (6, 6, 6, 4, 4, 4, 4, 4, 3, 1, 1, 1, 1, 1)
  (6, 6, 6, 4, 4, 4, 4, 4, 2, 2, 2, 2)
  (6, 6, 6, 4, 4, 4, 4, 4, 2, 2, 2, 1, 1)
  (6, 6, 6, 4, 4, 4, 4, 4, 2, 2, 1, 1, 1, 1)
  (6, 6, 6, 4, 4, 4, 4, 4, 2, 1, 1, 1, 1, 1, 1)
  (6, 6, 6, 4, 4, 4, 4, 4, 1, 1, 1, 1, 1, 1, 1, 1)
  (6, 6, 6, 4, 4, 4, 4, 3, 3, 3, 3)
  (6, 6, 6, 4, 4, 4, 4, 3, 3, 3, 2, 1)
  (6, 6, 6, 4, 4, 4, 4, 3, 3, 3, 1, 1, 1)
  (6, 6, 6, 4, 4, 4, 4, 3, 3, 2, 2, 2)
  (6, 6, 6, 4, 4, 4, 4, 3, 3, 2, 2, 1, 1)
  (6, 6, 6, 4, 4, 4, 4, 3, 3, 2, 1, 1, 1, 1)
  (6, 6, 6, 4, 4, 4, 4, 3, 3, 1, 1, 1, 1, 1, 1)
  (6, 6, 6, 4, 4, 4, 4, 3, 2, 2, 2, 2, 1)
  (6, 6, 6, 4, 4, 4, 4, 3, 2, 2, 2, 1, 1, 1)
  (6, 6, 6, 4, 4, 4, 4, 3, 2, 2, 1, 1, 1, 1, 1)
  (6, 6, 6, 4, 4, 4, 4, 3, 2, 1, 1, 1, 1, 1, 1, 1)
  (6, 6, 6, 4, 4, 4, 4, 2, 2, 2, 2, 2, 2)
  (6, 6, 6, 4, 4, 4, 4, 2, 2, 2, 2, 2, 1, 1)
  (6, 6, 6, 4, 4, 4, 4, 2, 2, 2, 2, 1, 1, 1, 1)
  (6, 6, 6, 4, 4, 4, 4, 2, 2, 2, 1, 1, 1, 1, 1, 1)
  (6, 6, 6, 4, 4, 4, 3, 3, 3, 3, 3, 1)
  (6, 6, 6, 4, 4, 4, 3, 3, 3, 3, 2, 2)
  (6, 6, 6, 4, 4, 4, 3, 3, 3, 3, 2, 1, 1)
  (6, 6, 6, 4, 4, 4, 3, 3, 3, 3, 1, 1, 1, 1)
  (6, 6, 6, 4, 4, 4, 3, 3, 3, 2, 2, 2, 1)
  (6, 6, 6, 4, 4, 4, 3, 3, 3, 2, 2, 1, 1, 1)
  (6, 6, 6, 4, 4, 4, 3, 3, 3, 2, 1, 1, 1, 1, 1)
  (6, 6, 6, 4, 4, 4, 3, 3, 3, 1, 1, 1, 1, 1, 1, 1)
  (6, 6, 6, 4, 4, 4, 3, 3, 2, 2, 2, 2, 2)
  (6, 6, 6, 4, 4, 4, 3, 3, 2, 2, 2, 2, 1, 1)
  (6, 6, 6, 4, 4, 4, 3, 3, 2, 2, 2, 1, 1, 1, 1)
  (6, 6, 6, 4, 4, 4, 3, 3, 2, 2, 1, 1, 1, 1, 1, 1)
  (6, 6, 6, 4, 4, 4, 3, 2, 2, 2, 2, 2, 2, 1)
  (6, 6, 6, 4, 4, 4, 3, 2, 2, 2, 2, 2, 1, 1, 1)
  (6, 6, 6, 4, 4, 4, 3, 2, 2, 2, 2, 1, 1, 1, 1, 1)
  (6, 6, 6, 4, 4, 4, 2, 2, 2, 2, 2, 2, 2, 2)
  (6, 6, 6, 4, 4, 4, 2, 2, 2, 2, 2, 2, 2, 1, 1)
  (6, 6, 6, 4, 4, 4, 2, 2, 2, 2, 2, 2, 1, 1, 1, 1)
  (6, 6, 6, 4, 4, 3, 3, 3, 3, 3, 3, 2)
  (6, 6, 6, 4, 4, 3, 3, 3, 3, 3, 3, 1, 1)
  (6, 6, 6, 4, 4, 3, 3, 3, 3, 3, 2, 2, 1)
  (6, 6, 6, 4, 4, 3, 3, 3, 3, 3, 2, 1, 1, 1)
  (6, 6, 6, 4, 4, 3, 3, 3, 3, 3, 1, 1, 1, 1, 1)
  (6, 6, 6, 4, 4, 3, 3, 3, 3, 2, 2, 2, 2)
  (6, 6, 6, 4, 4, 3, 3, 3, 3, 2, 2, 2, 1, 1)
  (6, 6, 6, 4, 4, 3, 3, 3, 3, 2, 2, 1, 1, 1, 1)
  (6, 6, 6, 4, 4, 3, 3, 3, 3, 2, 1, 1, 1, 1, 1, 1)
  (6, 6, 6, 4, 4, 3, 3, 3, 2, 2, 2, 2, 2, 1)
  (6, 6, 6, 4, 4, 3, 3, 3, 2, 2, 2, 2, 1, 1, 1)
  (6, 6, 6, 4, 4, 3, 3, 3, 2, 2, 2, 1, 1, 1, 1, 1)
  (6, 6, 6, 4, 4, 3, 3, 2, 2, 2, 2, 2, 2, 2)
  (6, 6, 6, 4, 4, 3, 3, 2, 2, 2, 2, 2, 2, 1, 1)
  (6, 6, 6, 4, 4, 3, 3, 2, 2, 2, 2, 2, 1, 1, 1, 1)
  (6, 6, 6, 4, 4, 3, 2, 2, 2, 2, 2, 2, 2, 2, 1)
  (6, 6, 6, 4, 4, 3, 2, 2, 2, 2, 2, 2, 2, 1, 1, 1)
  (6, 6, 6, 4, 3, 3, 3, 3, 3, 3, 3, 3)
  (6, 6, 6, 4, 3, 3, 3, 3, 3, 3, 3, 2, 1)
  (6, 6, 6, 4, 3, 3, 3, 3, 3, 3, 3, 1, 1, 1)
  (6, 6, 6, 4, 3, 3, 3, 3, 3, 3, 2, 2, 2)
  (6, 6, 6, 4, 3, 3, 3, 3, 3, 3, 2, 2, 1, 1)
  (6, 6, 6, 4, 3, 3, 3, 3, 3, 3, 2, 1, 1, 1, 1)
  (6, 6, 6, 4, 3, 3, 3, 3, 3, 3, 1, 1, 1, 1, 1, 1)
  (6, 6, 6, 4, 3, 3, 3, 3, 3, 2, 2, 2, 2, 1)
  (6, 6, 6, 4, 3, 3, 3, 3, 3, 2, 2, 2, 1, 1, 1)
  (6, 6, 6, 4, 3, 3, 3, 3, 3, 2, 2, 1, 1, 1, 1, 1)
  (6, 6, 6, 4, 3, 3, 3, 3, 2, 2, 2, 2, 2, 2)
  (6, 6, 6, 4, 3, 3, 3, 3, 2, 2, 2, 2, 2, 1, 1)
  (6, 6, 6, 4, 3, 3, 3, 3, 2, 2, 2, 2, 1, 1, 1, 1)
  (6, 6, 6, 4, 3, 3, 3, 2, 2, 2, 2, 2, 2, 2, 1)
  (6, 6, 6, 4, 3, 3, 3, 2, 2, 2, 2, 2, 2, 1, 1, 1)
  (6, 6, 5, 5, 5, 5, 5, 5, 3, 1)
  (6, 6, 5, 5, 5, 5, 5, 5, 2, 2)
  (6, 6, 5, 5, 5, 5, 5, 5, 2, 1, 1)
  (6, 6, 5, 5, 5, 5, 5, 5, 1, 1, 1, 1)
  (6, 6, 5, 5, 5, 5, 5, 4, 4, 1)
  (6, 6, 5, 5, 5, 5, 5, 4, 3, 2)
  (6, 6, 5, 5, 5, 5, 5, 4, 3, 1, 1)
  (6, 6, 5, 5, 5, 5, 5, 4, 2, 2, 1)
  (6, 6, 5, 5, 5, 5, 5, 4, 2, 1, 1, 1)
  (6, 6, 5, 5, 5, 5, 5, 4, 1, 1, 1, 1, 1)
  (6, 6, 5, 5, 5, 5, 5, 3, 3, 3)
  (6, 6, 5, 5, 5, 5, 5, 3, 3, 2, 1)
  (6, 6, 5, 5, 5, 5, 5, 3, 3, 1, 1, 1)
  (6, 6, 5, 5, 5, 5, 5, 3, 2, 2, 2)
  (6, 6, 5, 5, 5, 5, 5, 3, 2, 2, 1, 1)
  (6, 6, 5, 5, 5, 5, 5, 3, 2, 1, 1, 1, 1)
  (6, 6, 5, 5, 5, 5, 5, 3, 1, 1, 1, 1, 1, 1)
  (6, 6, 5, 5, 5, 5, 5, 2, 2, 2, 2, 1)
  (6, 6, 5, 5, 5, 5, 5, 2, 2, 2, 1, 1, 1)
  (6, 6, 5, 5, 5, 5, 5, 2, 2, 1, 1, 1, 1, 1)
  (6, 6, 5, 5, 5, 5, 5, 2, 1, 1, 1, 1, 1, 1, 1)
  (6, 6, 5, 5, 5, 5, 4, 4, 4, 2)
  (6, 6, 5, 5, 5, 5, 4, 4, 4, 1, 1)
  (6, 6, 5, 5, 5, 5, 4, 4, 3, 3)
  (6, 6, 5, 5, 5, 5, 4, 4, 3, 2, 1)
  (6, 6, 5, 5, 5, 5, 4, 4, 3, 1, 1, 1)
  (6, 6, 5, 5, 5, 5, 4, 4, 2, 2, 2)
  (6, 6, 5, 5, 5, 5, 4, 4, 2, 2, 1, 1)
  (6, 6, 5, 5, 5, 5, 4, 4, 2, 1, 1, 1, 1)
  (6, 6, 5, 5, 5, 5, 4, 4, 1, 1, 1, 1, 1, 1)
  (6, 6, 5, 5, 5, 5, 4, 3, 3, 3, 1)
  (6, 6, 5, 5, 5, 5, 4, 3, 3, 2, 2)
  (6, 6, 5, 5, 5, 5, 4, 3, 3, 2, 1, 1)
  (6, 6, 5, 5, 5, 5, 4, 3, 3, 1, 1, 1, 1)
  (6, 6, 5, 5, 5, 5, 4, 3, 2, 2, 2, 1)
  (6, 6, 5, 5, 5, 5, 4, 3, 2, 2, 1, 1, 1)
  (6, 6, 5, 5, 5, 5, 4, 3, 2, 1, 1, 1, 1, 1)
  (6, 6, 5, 5, 5, 5, 4, 3, 1, 1, 1, 1, 1, 1, 1)
  (6, 6, 5, 5, 5, 5, 4, 2, 2, 2, 2, 2)
  (6, 6, 5, 5, 5, 5, 4, 2, 2, 2, 2, 1, 1)
  (6, 6, 5, 5, 5, 5, 4, 2, 2, 2, 1, 1, 1, 1)
  (6, 6, 5, 5, 5, 5, 4, 2, 2, 1, 1, 1, 1, 1, 1)
  (6, 6, 5, 5, 5, 5, 4, 2, 1, 1, 1, 1, 1, 1, 1, 1)
  (6, 6, 5, 5, 5, 5, 3, 3, 3, 3, 2)
  (6, 6, 5, 5, 5, 5, 3, 3, 3, 3, 1, 1)
  (6, 6, 5, 5, 5, 5, 3, 3, 3, 2, 2, 1)
  (6, 6, 5, 5, 5, 5, 3, 3, 3, 2, 1, 1, 1)
  (6, 6, 5, 5, 5, 5, 3, 3, 3, 1, 1, 1, 1, 1)
  (6, 6, 5, 5, 5, 5, 3, 3, 2, 2, 2, 2)
  (6, 6, 5, 5, 5, 5, 3, 3, 2, 2, 2, 1, 1)
  (6, 6, 5, 5, 5, 5, 3, 3, 2, 2, 1, 1, 1, 1)
  (6, 6, 5, 5, 5, 5, 3, 3, 2, 1, 1, 1, 1, 1, 1)
  (6, 6, 5, 5, 5, 5, 3, 3, 1, 1, 1, 1, 1, 1, 1, 1)
  (6, 6, 5, 5, 5, 5, 3, 2, 2, 2, 2, 2, 1)
  (6, 6, 5, 5, 5, 5, 3, 2, 2, 2, 2, 1, 1, 1)
  (6, 6, 5, 5, 5, 5, 3, 2, 2, 2, 1, 1, 1, 1, 1)
  (6, 6, 5, 5, 5, 5, 3, 2, 2, 1, 1, 1, 1, 1, 1, 1)
  (6, 6, 5, 5, 5, 5, 2, 2, 2, 2, 2, 2, 2)
  (6, 6, 5, 5, 5, 5, 2, 2, 2, 2, 2, 2, 1, 1)
  (6, 6, 5, 5, 5, 5, 2, 2, 2, 2, 2, 1, 1, 1, 1)
  (6, 6, 5, 5, 5, 5, 2, 2, 2, 2, 1, 1, 1, 1, 1, 1)
  (6, 6, 5, 5, 5, 4, 4, 4, 4, 3)
  (6, 6, 5, 5, 5, 4, 4, 4, 4, 2, 1)
  (6, 6, 5, 5, 5, 4, 4, 4, 4, 1, 1, 1)
  (6, 6, 5, 5, 5, 4, 4, 4, 3, 3, 1)
  (6, 6, 5, 5, 5, 4, 4, 4, 3, 2, 2)
  (6, 6, 5, 5, 5, 4, 4, 4, 3, 2, 1, 1)
  (6, 6, 5, 5, 5, 4, 4, 4, 3, 1, 1, 1, 1)
  (6, 6, 5, 5, 5, 4, 4, 4, 2, 2, 2, 1)
  (6, 6, 5, 5, 5, 4, 4, 4, 2, 2, 1, 1, 1)
  (6, 6, 5, 5, 5, 4, 4, 4, 2, 1, 1, 1, 1, 1)
  (6, 6, 5, 5, 5, 4, 4, 4, 1, 1, 1, 1, 1, 1, 1)
  (6, 6, 5, 5, 5, 4, 4, 3, 3, 3, 2)
  (6, 6, 5, 5, 5, 4, 4, 3, 3, 3, 1, 1)
  (6, 6, 5, 5, 5, 4, 4, 3, 3, 2, 2, 1)
  (6, 6, 5, 5, 5, 4, 4, 3, 3, 2, 1, 1, 1)
  (6, 6, 5, 5, 5, 4, 4, 3, 3, 1, 1, 1, 1, 1)
  (6, 6, 5, 5, 5, 4, 4, 3, 2, 2, 2, 2)
  (6, 6, 5, 5, 5, 4, 4, 3, 2, 2, 2, 1, 1)
  (6, 6, 5, 5, 5, 4, 4, 3, 2, 2, 1, 1, 1, 1)
  (6, 6, 5, 5, 5, 4, 4, 3, 2, 1, 1, 1, 1, 1, 1)
  (6, 6, 5, 5, 5, 4, 4, 3, 1, 1, 1, 1, 1, 1, 1, 1)
  (6, 6, 5, 5, 5, 4, 4, 2, 2, 2, 2, 2, 1)
  (6, 6, 5, 5, 5, 4, 4, 2, 2, 2, 2, 1, 1, 1)
  (6, 6, 5, 5, 5, 4, 4, 2, 2, 2, 1, 1, 1, 1, 1)
  (6, 6, 5, 5, 5, 4, 4, 2, 2, 1, 1, 1, 1, 1, 1, 1)
  (6, 6, 5, 5, 5, 4, 3, 3, 3, 3, 3)
  (6, 6, 5, 5, 5, 4, 3, 3, 3, 3, 2, 1)
  (6, 6, 5, 5, 5, 4, 3, 3, 3, 3, 1, 1, 1)
  (6, 6, 5, 5, 5, 4, 3, 3, 3, 2, 2, 2)
  (6, 6, 5, 5, 5, 4, 3, 3, 3, 2, 2, 1, 1)
  (6, 6, 5, 5, 5, 4, 3, 3, 3, 2, 1, 1, 1, 1)
  (6, 6, 5, 5, 5, 4, 3, 3, 3, 1, 1, 1, 1, 1, 1)
  (6, 6, 5, 5, 5, 4, 3, 3, 2, 2, 2, 2, 1)
  (6, 6, 5, 5, 5, 4, 3, 3, 2, 2, 2, 1, 1, 1)
  (6, 6, 5, 5, 5, 4, 3, 3, 2, 2, 1, 1, 1, 1, 1)
  (6, 6, 5, 5, 5, 4, 3, 3, 2, 1, 1, 1, 1, 1, 1, 1)
  (6, 6, 5, 5, 5, 4, 3, 2, 2, 2, 2, 2, 2)
  (6, 6, 5, 5, 5, 4, 3, 2, 2, 2, 2, 2, 1, 1)
  (6, 6, 5, 5, 5, 4, 3, 2, 2, 2, 2, 1, 1, 1, 1)
  (6, 6, 5, 5, 5, 4, 3, 2, 2, 2, 1, 1, 1, 1, 1, 1)
  (6, 6, 5, 5, 5, 4, 2, 2, 2, 2, 2, 2, 2, 1)
  (6, 6, 5, 5, 5, 4, 2, 2, 2, 2, 2, 2, 1, 1, 1)
  (6, 6, 5, 5, 5, 4, 2, 2, 2, 2, 2, 1, 1, 1, 1, 1)
  (6, 6, 5, 5, 5, 3, 3, 3, 3, 3, 3, 1)
  (6, 6, 5, 5, 5, 3, 3, 3, 3, 3, 2, 2)
  (6, 6, 5, 5, 5, 3, 3, 3, 3, 3, 2, 1, 1)
  (6, 6, 5, 5, 5, 3, 3, 3, 3, 3, 1, 1, 1, 1)
  (6, 6, 5, 5, 5, 3, 3, 3, 3, 2, 2, 2, 1)
  (6, 6, 5, 5, 5, 3, 3, 3, 3, 2, 2, 1, 1, 1)
  (6, 6, 5, 5, 5, 3, 3, 3, 3, 2, 1, 1, 1, 1, 1)
  (6, 6, 5, 5, 5, 3, 3, 3, 3, 1, 1, 1, 1, 1, 1, 1)
  (6, 6, 5, 5, 5, 3, 3, 3, 2, 2, 2, 2, 2)
  (6, 6, 5, 5, 5, 3, 3, 3, 2, 2, 2, 2, 1, 1)
  (6, 6, 5, 5, 5, 3, 3, 3, 2, 2, 2, 1, 1, 1, 1)
  (6, 6, 5, 5, 5, 3, 3, 3, 2, 2, 1, 1, 1, 1, 1, 1)
  (6, 6, 5, 5, 5, 3, 3, 2, 2, 2, 2, 2, 2, 1)
  (6, 6, 5, 5, 5, 3, 3, 2, 2, 2, 2, 2, 1, 1, 1)
  (6, 6, 5, 5, 5, 3, 3, 2, 2, 2, 2, 1, 1, 1, 1, 1)
  (6, 6, 5, 5, 5, 3, 2, 2, 2, 2, 2, 2, 2, 2)
  (6, 6, 5, 5, 5, 3, 2, 2, 2, 2, 2, 2, 2, 1, 1)
  (6, 6, 5, 5, 5, 3, 2, 2, 2, 2, 2, 2, 1, 1, 1, 1)
  (6, 6, 5, 5, 4, 4, 4, 4, 4, 4)
  (6, 6, 5, 5, 4, 4, 4, 4, 4, 3, 1)
  (6, 6, 5, 5, 4, 4, 4, 4, 4, 2, 2)
  (6, 6, 5, 5, 4, 4, 4, 4, 4, 2, 1, 1)
  (6, 6, 5, 5, 4, 4, 4, 4, 4, 1, 1, 1, 1)
  (6, 6, 5, 5, 4, 4, 4, 4, 3, 3, 2)
  (6, 6, 5, 5, 4, 4, 4, 4, 3, 3, 1, 1)
  (6, 6, 5, 5, 4, 4, 4, 4, 3, 2, 2, 1)
  (6, 6, 5, 5, 4, 4, 4, 4, 3, 2, 1, 1, 1)
  (6, 6, 5, 5, 4, 4, 4, 4, 3, 1, 1, 1, 1, 1)
  (6, 6, 5, 5, 4, 4, 4, 4, 2, 2, 2, 2)
  (6, 6, 5, 5, 4, 4, 4, 4, 2, 2, 2, 1, 1)
  (6, 6, 5, 5, 4, 4, 4, 4, 2, 2, 1, 1, 1, 1)
  (6, 6, 5, 5, 4, 4, 4, 4, 2, 1, 1, 1, 1, 1, 1)
  (6, 6, 5, 5, 4, 4, 4, 4, 1, 1, 1, 1, 1, 1, 1, 1)
  (6, 6, 5, 5, 4, 4, 4, 3, 3, 3, 3)
  (6, 6, 5, 5, 4, 4, 4, 3, 3, 3, 2, 1)
  (6, 6, 5, 5, 4, 4, 4, 3, 3, 3, 1, 1, 1)
  (6, 6, 5, 5, 4, 4, 4, 3, 3, 2, 2, 2)
  (6, 6, 5, 5, 4, 4, 4, 3, 3, 2, 2, 1, 1)
  (6, 6, 5, 5, 4, 4, 4, 3, 3, 2, 1, 1, 1, 1)
  (6, 6, 5, 5, 4, 4, 4, 3, 3, 1, 1, 1, 1, 1, 1)
  (6, 6, 5, 5, 4, 4, 4, 3, 2, 2, 2, 2, 1)
  (6, 6, 5, 5, 4, 4, 4, 3, 2, 2, 2, 1, 1, 1)
  (6, 6, 5, 5, 4, 4, 4, 3, 2, 2, 1, 1, 1, 1, 1)
  (6, 6, 5, 5, 4, 4, 4, 3, 2, 1, 1, 1, 1, 1, 1, 1)
  (6, 6, 5, 5, 4, 4, 4, 2, 2, 2, 2, 2, 2)
  (6, 6, 5, 5, 4, 4, 4, 2, 2, 2, 2, 2, 1, 1)
  (6, 6, 5, 5, 4, 4, 4, 2, 2, 2, 2, 1, 1, 1, 1)
  (6, 6, 5, 5, 4, 4, 4, 2, 2, 2, 1, 1, 1, 1, 1, 1)
  (6, 6, 5, 5, 4, 4, 3, 3, 3, 3, 3, 1)
  (6, 6, 5, 5, 4, 4, 3, 3, 3, 3, 2, 2)
  (6, 6, 5, 5, 4, 4, 3, 3, 3, 3, 2, 1, 1)
  (6, 6, 5, 5, 4, 4, 3, 3, 3, 3, 1, 1, 1, 1)
  (6, 6, 5, 5, 4, 4, 3, 3, 3, 2, 2, 2, 1)
  (6, 6, 5, 5, 4, 4, 3, 3, 3, 2, 2, 1, 1, 1)
  (6, 6, 5, 5, 4, 4, 3, 3, 3, 2, 1, 1, 1, 1, 1)
  (6, 6, 5, 5, 4, 4, 3, 3, 3, 1, 1, 1, 1, 1, 1, 1)
  (6, 6, 5, 5, 4, 4, 3, 3, 2, 2, 2, 2, 2)
  (6, 6, 5, 5, 4, 4, 3, 3, 2, 2, 2, 2, 1, 1)
  (6, 6, 5, 5, 4, 4, 3, 3, 2, 2, 2, 1, 1, 1, 1)
  (6, 6, 5, 5, 4, 4, 3, 2, 2, 2, 2, 2, 2, 1)
  (6, 6, 5, 5, 4, 4, 3, 2, 2, 2, 2, 2, 1, 1, 1)
  (6, 6, 5, 5, 4, 4, 3, 2, 2, 2, 2, 1, 1, 1, 1, 1)
  (6, 6, 5, 5, 4, 4, 2, 2, 2, 2, 2, 2, 2, 2)
  (6, 6, 5, 5, 4, 4, 2, 2, 2, 2, 2, 2, 2, 1, 1)
  (6, 6, 5, 5, 4, 4, 2, 2, 2, 2, 2, 2, 1, 1, 1, 1)
  (6, 6, 5, 5, 4, 3, 3, 3, 3, 3, 3, 2)
  (6, 6, 5, 5, 4, 3, 3, 3, 3, 3, 3, 1, 1)
  (6, 6, 5, 5, 4, 3, 3, 3, 3, 3, 2, 2, 1)
  (6, 6, 5, 5, 4, 3, 3, 3, 3, 3, 2, 1, 1, 1)
  (6, 6, 5, 5, 4, 3, 3, 3, 3, 3, 1, 1, 1, 1, 1)
  (6, 6, 5, 5, 4, 3, 3, 3, 3, 2, 2, 2, 2)
  (6, 6, 5, 5, 4, 3, 3, 3, 3, 2, 2, 2, 1, 1)
  (6, 6, 5, 5, 4, 3, 3, 3, 3, 2, 2, 1, 1, 1, 1)
  (6, 6, 5, 5, 4, 3, 3, 3, 3, 2, 1, 1, 1, 1, 1, 1)
  (6, 6, 5, 5, 4, 3, 3, 3, 2, 2, 2, 2, 2, 1)
  (6, 6, 5, 5, 4, 3, 3, 3, 2, 2, 2, 2, 1, 1, 1)
  (6, 6, 5, 5, 4, 3, 3, 3, 2, 2, 2, 1, 1, 1, 1, 1)
  (6, 6, 5, 5, 4, 3, 3, 2, 2, 2, 2, 2, 2, 2)
  (6, 6, 5, 5, 4, 3, 3, 2, 2, 2, 2, 2, 2, 1, 1)
  (6, 6, 5, 5, 4, 3, 3, 2, 2, 2, 2, 2, 1, 1, 1, 1)
  (6, 6, 5, 5, 4, 3, 2, 2, 2, 2, 2, 2, 2, 2, 1)
  (6, 6, 5, 5, 4, 3, 2, 2, 2, 2, 2, 2, 2, 1, 1, 1)
  (6, 6, 5, 5, 3, 3, 3, 3, 3, 3, 3, 3)
  (6, 6, 5, 5, 3, 3, 3, 3, 3, 3, 3, 2, 1)
  (6, 6, 5, 5, 3, 3, 3, 3, 3, 3, 3, 1, 1, 1)
  (6, 6, 5, 5, 3, 3, 3, 3, 3, 3, 2, 2, 2)
  (6, 6, 5, 5, 3, 3, 3, 3, 3, 3, 2, 2, 1, 1)
  (6, 6, 5, 5, 3, 3, 3, 3, 3, 3, 2, 1, 1, 1, 1)
  (6, 6, 5, 5, 3, 3, 3, 3, 3, 3, 1, 1, 1, 1, 1, 1)
  (6, 6, 5, 5, 3, 3, 3, 3, 3, 2, 2, 2, 2, 1)
  (6, 6, 5, 5, 3, 3, 3, 3, 3, 2, 2, 2, 1, 1, 1)
  (6, 6, 5, 5, 3, 3, 3, 3, 3, 2, 2, 1, 1, 1, 1, 1)
  (6, 6, 5, 5, 3, 3, 3, 3, 2, 2, 2, 2, 2, 2)
  (6, 6, 5, 5, 3, 3, 3, 3, 2, 2, 2, 2, 2, 1, 1)
  (6, 6, 5, 5, 3, 3, 3, 3, 2, 2, 2, 2, 1, 1, 1, 1)
  (6, 6, 5, 5, 3, 3, 3, 2, 2, 2, 2, 2, 2, 2, 1)
  (6, 6, 5, 5, 3, 3, 3, 2, 2, 2, 2, 2, 2, 1, 1, 1)
  (6, 6, 5, 4, 4, 4, 4, 4, 4, 4, 1)
  (6, 6, 5, 4, 4, 4, 4, 4, 4, 3, 2)
  (6, 6, 5, 4, 4, 4, 4, 4, 4, 3, 1, 1)
  (6, 6, 5, 4, 4, 4, 4, 4, 4, 2, 2, 1)
  (6, 6, 5, 4, 4, 4, 4, 4, 4, 2, 1, 1, 1)
  (6, 6, 5, 4, 4, 4, 4, 4, 4, 1, 1, 1, 1, 1)
  (6, 6, 5, 4, 4, 4, 4, 4, 3, 3, 3)
  (6, 6, 5, 4, 4, 4, 4, 4, 3, 3, 2, 1)
  (6, 6, 5, 4, 4, 4, 4, 4, 3, 3, 1, 1, 1)
  (6, 6, 5, 4, 4, 4, 4, 4, 3, 2, 2, 2)
  (6, 6, 5, 4, 4, 4, 4, 4, 3, 2, 2, 1, 1)
  (6, 6, 5, 4, 4, 4, 4, 4, 3, 2, 1, 1, 1, 1)
  (6, 6, 5, 4, 4, 4, 4, 4, 3, 1, 1, 1, 1, 1, 1)
  (6, 6, 5, 4, 4, 4, 4, 4, 2, 2, 2, 2, 1)
  (6, 6, 5, 4, 4, 4, 4, 4, 2, 2, 2, 1, 1, 1)
  (6, 6, 5, 4, 4, 4, 4, 4, 2, 2, 1, 1, 1, 1, 1)
  (6, 6, 5, 4, 4, 4, 4, 4, 2, 1, 1, 1, 1, 1, 1, 1)
  (6, 6, 5, 4, 4, 4, 4, 3, 3, 3, 3, 1)
  (6, 6, 5, 4, 4, 4, 4, 3, 3, 3, 2, 2)
  (6, 6, 5, 4, 4, 4, 4, 3, 3, 3, 2, 1, 1)
  (6, 6, 5, 4, 4, 4, 4, 3, 3, 3, 1, 1, 1, 1)
  (6, 6, 5, 4, 4, 4, 4, 3, 3, 2, 2, 2, 1)
  (6, 6, 5, 4, 4, 4, 4, 3, 3, 2, 2, 1, 1, 1)
  (6, 6, 5, 4, 4, 4, 4, 3, 3, 2, 1, 1, 1, 1, 1)
  (6, 6, 5, 4, 4, 4, 4, 3, 3, 1, 1, 1, 1, 1, 1, 1)
  (6, 6, 5, 4, 4, 4, 4, 3, 2, 2, 2, 2, 2)
  (6, 6, 5, 4, 4, 4, 4, 3, 2, 2, 2, 2, 1, 1)
  (6, 6, 5, 4, 4, 4, 4, 3, 2, 2, 2, 1, 1, 1, 1)
  (6, 6, 5, 4, 4, 4, 4, 3, 2, 2, 1, 1, 1, 1, 1, 1)
  (6, 6, 5, 4, 4, 4, 4, 2, 2, 2, 2, 2, 2, 1)
  (6, 6, 5, 4, 4, 4, 4, 2, 2, 2, 2, 2, 1, 1, 1)
  (6, 6, 5, 4, 4, 4, 4, 2, 2, 2, 2, 1, 1, 1, 1, 1)
  (6, 6, 5, 4, 4, 4, 3, 3, 3, 3, 3, 2)
  (6, 6, 5, 4, 4, 4, 3, 3, 3, 3, 3, 1, 1)
  (6, 6, 5, 4, 4, 4, 3, 3, 3, 3, 2, 2, 1)
  (6, 6, 5, 4, 4, 4, 3, 3, 3, 3, 2, 1, 1, 1)
  (6, 6, 5, 4, 4, 4, 3, 3, 3, 3, 1, 1, 1, 1, 1)
  (6, 6, 5, 4, 4, 4, 3, 3, 3, 2, 2, 2, 2)
  (6, 6, 5, 4, 4, 4, 3, 3, 3, 2, 2, 2, 1, 1)
  (6, 6, 5, 4, 4, 4, 3, 3, 3, 2, 2, 1, 1, 1, 1)
  (6, 6, 5, 4, 4, 4, 3, 3, 3, 2, 1, 1, 1, 1, 1, 1)
  (6, 6, 5, 4, 4, 4, 3, 3, 2, 2, 2, 2, 2, 1)
  (6, 6, 5, 4, 4, 4, 3, 3, 2, 2, 2, 2, 1, 1, 1)
  (6, 6, 5, 4, 4, 4, 3, 3, 2, 2, 2, 1, 1, 1, 1, 1)
  (6, 6, 5, 4, 4, 4, 3, 2, 2, 2, 2, 2, 2, 2)
  (6, 6, 5, 4, 4, 4, 3, 2, 2, 2, 2, 2, 2, 1, 1)
  (6, 6, 5, 4, 4, 4, 3, 2, 2, 2, 2, 2, 1, 1, 1, 1)
  (6, 6, 5, 4, 4, 4, 2, 2, 2, 2, 2, 2, 2, 2, 1)
  (6, 6, 5, 4, 4, 4, 2, 2, 2, 2, 2, 2, 2, 1, 1, 1)
  (6, 6, 5, 4, 4, 3, 3, 3, 3, 3, 3, 3)
  (6, 6, 5, 4, 4, 3, 3, 3, 3, 3, 3, 2, 1)
  (6, 6, 5, 4, 4, 3, 3, 3, 3, 3, 3, 1, 1, 1)
  (6, 6, 5, 4, 4, 3, 3, 3, 3, 3, 2, 2, 2)
  (6, 6, 5, 4, 4, 3, 3, 3, 3, 3, 2, 2, 1, 1)
  (6, 6, 5, 4, 4, 3, 3, 3, 3, 3, 2, 1, 1, 1, 1)
  (6, 6, 5, 4, 4, 3, 3, 3, 3, 3, 1, 1, 1, 1, 1, 1)
  (6, 6, 5, 4, 4, 3, 3, 3, 3, 2, 2, 2, 2, 1)
  (6, 6, 5, 4, 4, 3, 3, 3, 3, 2, 2, 2, 1, 1, 1)
  (6, 6, 5, 4, 4, 3, 3, 3, 3, 2, 2, 1, 1, 1, 1, 1)
  (6, 6, 5, 4, 4, 3, 3, 3, 2, 2, 2, 2, 2, 2)
  (6, 6, 5, 4, 4, 3, 3, 3, 2, 2, 2, 2, 2, 1, 1)
  (6, 6, 5, 4, 4, 3, 3, 3, 2, 2, 2, 2, 1, 1, 1, 1)
  (6, 6, 5, 4, 4, 3, 3, 2, 2, 2, 2, 2, 2, 2, 1)
  (6, 6, 5, 4, 4, 3, 3, 2, 2, 2, 2, 2, 2, 1, 1, 1)
  (6, 6, 5, 4, 3, 3, 3, 3, 3, 3, 3, 3, 1)
  (6, 6, 5, 4, 3, 3, 3, 3, 3, 3, 3, 2, 2)
  (6, 6, 5, 4, 3, 3, 3, 3, 3, 3, 3, 2, 1, 1)
  (6, 6, 5, 4, 3, 3, 3, 3, 3, 3, 3, 1, 1, 1, 1)
  (6, 6, 5, 4, 3, 3, 3, 3, 3, 3, 2, 2, 2, 1)
  (6, 6, 5, 4, 3, 3, 3, 3, 3, 3, 2, 2, 1, 1, 1)
  (6, 6, 5, 4, 3, 3, 3, 3, 3, 3, 2, 1, 1, 1, 1, 1)
  (6, 6, 5, 4, 3, 3, 3, 3, 3, 2, 2, 2, 2, 2)
  (6, 6, 5, 4, 3, 3, 3, 3, 3, 2, 2, 2, 2, 1, 1)
  (6, 6, 5, 4, 3, 3, 3, 3, 3, 2, 2, 2, 1, 1, 1, 1)
  (6, 6, 5, 4, 3, 3, 3, 3, 2, 2, 2, 2, 2, 2, 1)
  (6, 6, 5, 4, 3, 3, 3, 3, 2, 2, 2, 2, 2, 1, 1, 1)
  (6, 6, 4, 4, 4, 4, 4, 4, 4, 4, 2)
  (6, 6, 4, 4, 4, 4, 4, 4, 4, 4, 1, 1)
  (6, 6, 4, 4, 4, 4, 4, 4, 4, 3, 3)
  (6, 6, 4, 4, 4, 4, 4, 4, 4, 3, 2, 1)
  (6, 6, 4, 4, 4, 4, 4, 4, 4, 3, 1, 1, 1)
  (6, 6, 4, 4, 4, 4, 4, 4, 4, 2, 2, 2)
  (6, 6, 4, 4, 4, 4, 4, 4, 4, 2, 2, 1, 1)
  (6, 6, 4, 4, 4, 4, 4, 4, 4, 2, 1, 1, 1, 1)
  (6, 6, 4, 4, 4, 4, 4, 4, 4, 1, 1, 1, 1, 1, 1)
  (6, 6, 4, 4, 4, 4, 4, 4, 3, 3, 3, 1)
  (6, 6, 4, 4, 4, 4, 4, 4, 3, 3, 2, 2)
  (6, 6, 4, 4, 4, 4, 4, 4, 3, 3, 2, 1, 1)
  (6, 6, 4, 4, 4, 4, 4, 4, 3, 3, 1, 1, 1, 1)
  (6, 6, 4, 4, 4, 4, 4, 4, 3, 2, 2, 2, 1)
  (6, 6, 4, 4, 4, 4, 4, 4, 3, 2, 2, 1, 1, 1)
  (6, 6, 4, 4, 4, 4, 4, 4, 3, 2, 1, 1, 1, 1, 1)
  (6, 6, 4, 4, 4, 4, 4, 4, 3, 1, 1, 1, 1, 1, 1, 1)
  (6, 6, 4, 4, 4, 4, 4, 4, 2, 2, 2, 2, 2)
  (6, 6, 4, 4, 4, 4, 4, 4, 2, 2, 2, 2, 1, 1)
  (6, 6, 4, 4, 4, 4, 4, 4, 2, 2, 2, 1, 1, 1, 1)
  (6, 6, 4, 4, 4, 4, 4, 4, 2, 2, 1, 1, 1, 1, 1, 1)
  (6, 6, 4, 4, 4, 4, 4, 3, 3, 3, 3, 2)
  (6, 6, 4, 4, 4, 4, 4, 3, 3, 3, 3, 1, 1)
  (6, 6, 4, 4, 4, 4, 4, 3, 3, 3, 2, 2, 1)
  (6, 6, 4, 4, 4, 4, 4, 3, 3, 3, 2, 1, 1, 1)
  (6, 6, 4, 4, 4, 4, 4, 3, 3, 3, 1, 1, 1, 1, 1)
  (6, 6, 4, 4, 4, 4, 4, 3, 3, 2, 2, 2, 2)
  (6, 6, 4, 4, 4, 4, 4, 3, 3, 2, 2, 2, 1, 1)
  (6, 6, 4, 4, 4, 4, 4, 3, 3, 2, 2, 1, 1, 1, 1)
  (6, 6, 4, 4, 4, 4, 4, 3, 3, 2, 1, 1, 1, 1, 1, 1)
  (6, 6, 4, 4, 4, 4, 4, 3, 2, 2, 2, 2, 2, 1)
  (6, 6, 4, 4, 4, 4, 4, 3, 2, 2, 2, 2, 1, 1, 1)
  (6, 6, 4, 4, 4, 4, 4, 3, 2, 2, 2, 1, 1, 1, 1, 1)
  (6, 6, 4, 4, 4, 4, 4, 2, 2, 2, 2, 2, 2, 2)
  (6, 6, 4, 4, 4, 4, 4, 2, 2, 2, 2, 2, 2, 1, 1)
  (6, 6, 4, 4, 4, 4, 4, 2, 2, 2, 2, 2, 1, 1, 1, 1)
  (6, 6, 4, 4, 4, 4, 3, 3, 3, 3, 3, 3)
  (6, 6, 4, 4, 4, 4, 3, 3, 3, 3, 3, 2, 1)
  (6, 6, 4, 4, 4, 4, 3, 3, 3, 3, 3, 1, 1, 1)
  (6, 6, 4, 4, 4, 4, 3, 3, 3, 3, 2, 2, 2)
  (6, 6, 4, 4, 4, 4, 3, 3, 3, 3, 2, 2, 1, 1)
  (6, 6, 4, 4, 4, 4, 3, 3, 3, 3, 2, 1, 1, 1, 1)
  (6, 6, 4, 4, 4, 4, 3, 3, 3, 3, 1, 1, 1, 1, 1, 1)
  (6, 6, 4, 4, 4, 4, 3, 3, 3, 2, 2, 2, 2, 1)
  (6, 6, 4, 4, 4, 4, 3, 3, 3, 2, 2, 2, 1, 1, 1)
  (6, 6, 4, 4, 4, 4, 3, 3, 3, 2, 2, 1, 1, 1, 1, 1)
  (6, 6, 4, 4, 4, 4, 3, 3, 2, 2, 2, 2, 2, 2)
  (6, 6, 4, 4, 4, 4, 3, 3, 2, 2, 2, 2, 2, 1, 1)
  (6, 6, 4, 4, 4, 4, 3, 3, 2, 2, 2, 2, 1, 1, 1, 1)
  (6, 6, 4, 4, 4, 4, 3, 2, 2, 2, 2, 2, 2, 2, 1)
  (6, 6, 4, 4, 4, 4, 3, 2, 2, 2, 2, 2, 2, 1, 1, 1)
  (6, 6, 4, 4, 4, 3, 3, 3, 3, 3, 3, 3, 1)
  (6, 6, 4, 4, 4, 3, 3, 3, 3, 3, 3, 2, 2)
  (6, 6, 4, 4, 4, 3, 3, 3, 3, 3, 3, 2, 1, 1)
  (6, 6, 4, 4, 4, 3, 3, 3, 3, 3, 3, 1, 1, 1, 1)
  (6, 6, 4, 4, 4, 3, 3, 3, 3, 3, 2, 2, 2, 1)
  (6, 6, 4, 4, 4, 3, 3, 3, 3, 3, 2, 2, 1, 1, 1)
  (6, 6, 4, 4, 4, 3, 3, 3, 3, 3, 2, 1, 1, 1, 1, 1)
  (6, 6, 4, 4, 4, 3, 3, 3, 3, 2, 2, 2, 2, 2)
  (6, 6, 4, 4, 4, 3, 3, 3, 3, 2, 2, 2, 2, 1, 1)
  (6, 6, 4, 4, 4, 3, 3, 3, 3, 2, 2, 2, 1, 1, 1, 1)
  (6, 6, 4, 4, 4, 3, 3, 3, 2, 2, 2, 2, 2, 2, 1)
  (6, 6, 4, 4, 4, 3, 3, 3, 2, 2, 2, 2, 2, 1, 1, 1)
  (6, 5, 5, 5, 5, 5, 5, 5, 4, 1)
  (6, 5, 5, 5, 5, 5, 5, 5, 3, 2)
  (6, 5, 5, 5, 5, 5, 5, 5, 3, 1, 1)
  (6, 5, 5, 5, 5, 5, 5, 5, 2, 2, 1)
  (6, 5, 5, 5, 5, 5, 5, 5, 2, 1, 1, 1)
  (6, 5, 5, 5, 5, 5, 5, 5, 1, 1, 1, 1, 1)
  (6, 5, 5, 5, 5, 5, 5, 4, 4, 2)
  (6, 5, 5, 5, 5, 5, 5, 4, 4, 1, 1)
  (6, 5, 5, 5, 5, 5, 5, 4, 3, 3)
  (6, 5, 5, 5, 5, 5, 5, 4, 3, 2, 1)
  (6, 5, 5, 5, 5, 5, 5, 4, 3, 1, 1, 1)
  (6, 5, 5, 5, 5, 5, 5, 4, 2, 2, 2)
  (6, 5, 5, 5, 5, 5, 5, 4, 2, 2, 1, 1)
  (6, 5, 5, 5, 5, 5, 5, 4, 2, 1, 1, 1, 1)
  (6, 5, 5, 5, 5, 5, 5, 4, 1, 1, 1, 1, 1, 1)
  (6, 5, 5, 5, 5, 5, 5, 3, 3, 3, 1)
  (6, 5, 5, 5, 5, 5, 5, 3, 3, 2, 2)
  (6, 5, 5, 5, 5, 5, 5, 3, 3, 2, 1, 1)
  (6, 5, 5, 5, 5, 5, 5, 3, 3, 1, 1, 1, 1)
  (6, 5, 5, 5, 5, 5, 5, 3, 2, 2, 2, 1)
  (6, 5, 5, 5, 5, 5, 5, 3, 2, 2, 1, 1, 1)
  (6, 5, 5, 5, 5, 5, 5, 3, 2, 1, 1, 1, 1, 1)
  (6, 5, 5, 5, 5, 5, 5, 3, 1, 1, 1, 1, 1, 1, 1)
  (6, 5, 5, 5, 5, 5, 5, 2, 2, 2, 2, 2)
  (6, 5, 5, 5, 5, 5, 5, 2, 2, 2, 2, 1, 1)
  (6, 5, 5, 5, 5, 5, 5, 2, 2, 2, 1, 1, 1, 1)
  (6, 5, 5, 5, 5, 5, 5, 2, 2, 1, 1, 1, 1, 1, 1)
  (6, 5, 5, 5, 5, 5, 5, 2, 1, 1, 1, 1, 1, 1, 1, 1)
  (6, 5, 5, 5, 5, 5, 4, 4, 4, 3)
  (6, 5, 5, 5, 5, 5, 4, 4, 4, 2, 1)
  (6, 5, 5, 5, 5, 5, 4, 4, 4, 1, 1, 1)
  (6, 5, 5, 5, 5, 5, 4, 4, 3, 3, 1)
  (6, 5, 5, 5, 5, 5, 4, 4, 3, 2, 2)
  (6, 5, 5, 5, 5, 5, 4, 4, 3, 2, 1, 1)
  (6, 5, 5, 5, 5, 5, 4, 4, 3, 1, 1, 1, 1)
  (6, 5, 5, 5, 5, 5, 4, 4, 2, 2, 2, 1)
  (6, 5, 5, 5, 5, 5, 4, 4, 2, 2, 1, 1, 1)
  (6, 5, 5, 5, 5, 5, 4, 4, 2, 1, 1, 1, 1, 1)
  (6, 5, 5, 5, 5, 5, 4, 4, 1, 1, 1, 1, 1, 1, 1)
  (6, 5, 5, 5, 5, 5, 4, 3, 3, 3, 2)
  (6, 5, 5, 5, 5, 5, 4, 3, 3, 3, 1, 1)
  (6, 5, 5, 5, 5, 5, 4, 3, 3, 2, 2, 1)
  (6, 5, 5, 5, 5, 5, 4, 3, 3, 2, 1, 1, 1)
  (6, 5, 5, 5, 5, 5, 4, 3, 3, 1, 1, 1, 1, 1)
  (6, 5, 5, 5, 5, 5, 4, 3, 2, 2, 2, 2)
  (6, 5, 5, 5, 5, 5, 4, 3, 2, 2, 2, 1, 1)
  (6, 5, 5, 5, 5, 5, 4, 3, 2, 2, 1, 1, 1, 1)
  (6, 5, 5, 5, 5, 5, 4, 3, 2, 1, 1, 1, 1, 1, 1)
  (6, 5, 5, 5, 5, 5, 4, 3, 1, 1, 1, 1, 1, 1, 1, 1)
  (6, 5, 5, 5, 5, 5, 4, 2, 2, 2, 2, 2, 1)
  (6, 5, 5, 5, 5, 5, 4, 2, 2, 2, 2, 1, 1, 1)
  (6, 5, 5, 5, 5, 5, 4, 2, 2, 2, 1, 1, 1, 1, 1)
  (6, 5, 5, 5, 5, 5, 4, 2, 2, 1, 1, 1, 1, 1, 1, 1)
  (6, 5, 5, 5, 5, 5, 3, 3, 3, 3, 3)
  (6, 5, 5, 5, 5, 5, 3, 3, 3, 3, 2, 1)
  (6, 5, 5, 5, 5, 5, 3, 3, 3, 3, 1, 1, 1)
  (6, 5, 5, 5, 5, 5, 3, 3, 3, 2, 2, 2)
  (6, 5, 5, 5, 5, 5, 3, 3, 3, 2, 2, 1, 1)
  (6, 5, 5, 5, 5, 5, 3, 3, 3, 2, 1, 1, 1, 1)
  (6, 5, 5, 5, 5, 5, 3, 3, 3, 1, 1, 1, 1, 1, 1)
  (6, 5, 5, 5, 5, 5, 3, 3, 2, 2, 2, 2, 1)
  (6, 5, 5, 5, 5, 5, 3, 3, 2, 2, 2, 1, 1, 1)
  (6, 5, 5, 5, 5, 5, 3, 3, 2, 2, 1, 1, 1, 1, 1)
  (6, 5, 5, 5, 5, 5, 3, 3, 2, 1, 1, 1, 1, 1, 1, 1)
  (6, 5, 5, 5, 5, 5, 3, 2, 2, 2, 2, 2, 2)
  (6, 5, 5, 5, 5, 5, 3, 2, 2, 2, 2, 2, 1, 1)
  (6, 5, 5, 5, 5, 5, 3, 2, 2, 2, 2, 1, 1, 1, 1)
  (6, 5, 5, 5, 5, 5, 3, 2, 2, 2, 1, 1, 1, 1, 1, 1)
  (6, 5, 5, 5, 5, 5, 2, 2, 2, 2, 2, 2, 2, 1)
  (6, 5, 5, 5, 5, 5, 2, 2, 2, 2, 2, 2, 1, 1, 1)
  (6, 5, 5, 5, 5, 5, 2, 2, 2, 2, 2, 1, 1, 1, 1, 1)
  (6, 5, 5, 5, 5, 4, 4, 4, 4, 4)
  (6, 5, 5, 5, 5, 4, 4, 4, 4, 3, 1)
  (6, 5, 5, 5, 5, 4, 4, 4, 4, 2, 2)
  (6, 5, 5, 5, 5, 4, 4, 4, 4, 2, 1, 1)
  (6, 5, 5, 5, 5, 4, 4, 4, 4, 1, 1, 1, 1)
  (6, 5, 5, 5, 5, 4, 4, 4, 3, 3, 2)
  (6, 5, 5, 5, 5, 4, 4, 4, 3, 3, 1, 1)
  (6, 5, 5, 5, 5, 4, 4, 4, 3, 2, 2, 1)
  (6, 5, 5, 5, 5, 4, 4, 4, 3, 2, 1, 1, 1)
  (6, 5, 5, 5, 5, 4, 4, 4, 3, 1, 1, 1, 1, 1)
  (6, 5, 5, 5, 5, 4, 4, 4, 2, 2, 2, 2)
  (6, 5, 5, 5, 5, 4, 4, 4, 2, 2, 2, 1, 1)
  (6, 5, 5, 5, 5, 4, 4, 4, 2, 2, 1, 1, 1, 1)
  (6, 5, 5, 5, 5, 4, 4, 4, 2, 1, 1, 1, 1, 1, 1)
  (6, 5, 5, 5, 5, 4, 4, 4, 1, 1, 1, 1, 1, 1, 1, 1)
  (6, 5, 5, 5, 5, 4, 4, 3, 3, 3, 3)
  (6, 5, 5, 5, 5, 4, 4, 3, 3, 3, 2, 1)
  (6, 5, 5, 5, 5, 4, 4, 3, 3, 3, 1, 1, 1)
  (6, 5, 5, 5, 5, 4, 4, 3, 3, 2, 2, 2)
  (6, 5, 5, 5, 5, 4, 4, 3, 3, 2, 2, 1, 1)
  (6, 5, 5, 5, 5, 4, 4, 3, 3, 2, 1, 1, 1, 1)
  (6, 5, 5, 5, 5, 4, 4, 3, 3, 1, 1, 1, 1, 1, 1)
  (6, 5, 5, 5, 5, 4, 4, 3, 2, 2, 2, 2, 1)
  (6, 5, 5, 5, 5, 4, 4, 3, 2, 2, 2, 1, 1, 1)
  (6, 5, 5, 5, 5, 4, 4, 3, 2, 2, 1, 1, 1, 1, 1)
  (6, 5, 5, 5, 5, 4, 4, 3, 2, 1, 1, 1, 1, 1, 1, 1)
  (6, 5, 5, 5, 5, 4, 4, 2, 2, 2, 2, 2, 2)
  (6, 5, 5, 5, 5, 4, 4, 2, 2, 2, 2, 2, 1, 1)
  (6, 5, 5, 5, 5, 4, 4, 2, 2, 2, 2, 1, 1, 1, 1)
  (6, 5, 5, 5, 5, 4, 4, 2, 2, 2, 1, 1, 1, 1, 1, 1)
  (6, 5, 5, 5, 5, 4, 3, 3, 3, 3, 3, 1)
  (6, 5, 5, 5, 5, 4, 3, 3, 3, 3, 2, 2)
  (6, 5, 5, 5, 5, 4, 3, 3, 3, 3, 2, 1, 1)
  (6, 5, 5, 5, 5, 4, 3, 3, 3, 3, 1, 1, 1, 1)
  (6, 5, 5, 5, 5, 4, 3, 3, 3, 2, 2, 2, 1)
  (6, 5, 5, 5, 5, 4, 3, 3, 3, 2, 2, 1, 1, 1)
  (6, 5, 5, 5, 5, 4, 3, 3, 3, 2, 1, 1, 1, 1, 1)
  (6, 5, 5, 5, 5, 4, 3, 3, 3, 1, 1, 1, 1, 1, 1, 1)
  (6, 5, 5, 5, 5, 4, 3, 3, 2, 2, 2, 2, 2)
  (6, 5, 5, 5, 5, 4, 3, 3, 2, 2, 2, 2, 1, 1)
  (6, 5, 5, 5, 5, 4, 3, 3, 2, 2, 2, 1, 1, 1, 1)
  (6, 5, 5, 5, 5, 4, 3, 3, 2, 2, 1, 1, 1, 1, 1, 1)
  (6, 5, 5, 5, 5, 4, 3, 2, 2, 2, 2, 2, 2, 1)
  (6, 5, 5, 5, 5, 4, 3, 2, 2, 2, 2, 2, 1, 1, 1)
  (6, 5, 5, 5, 5, 4, 3, 2, 2, 2, 2, 1, 1, 1, 1, 1)
  (6, 5, 5, 5, 5, 4, 2, 2, 2, 2, 2, 2, 2, 2)
  (6, 5, 5, 5, 5, 4, 2, 2, 2, 2, 2, 2, 2, 1, 1)
  (6, 5, 5, 5, 5, 4, 2, 2, 2, 2, 2, 2, 1, 1, 1, 1)
  (6, 5, 5, 5, 5, 3, 3, 3, 3, 3, 3, 2)
  (6, 5, 5, 5, 5, 3, 3, 3, 3, 3, 3, 1, 1)
  (6, 5, 5, 5, 5, 3, 3, 3, 3, 3, 2, 2, 1)
  (6, 5, 5, 5, 5, 3, 3, 3, 3, 3, 2, 1, 1, 1)
  (6, 5, 5, 5, 5, 3, 3, 3, 3, 3, 1, 1, 1, 1, 1)
  (6, 5, 5, 5, 5, 3, 3, 3, 3, 2, 2, 2, 2)
  (6, 5, 5, 5, 5, 3, 3, 3, 3, 2, 2, 2, 1, 1)
  (6, 5, 5, 5, 5, 3, 3, 3, 3, 2, 2, 1, 1, 1, 1)
  (6, 5, 5, 5, 5, 3, 3, 3, 3, 2, 1, 1, 1, 1, 1, 1)
  (6, 5, 5, 5, 5, 3, 3, 3, 2, 2, 2, 2, 2, 1)
  (6, 5, 5, 5, 5, 3, 3, 3, 2, 2, 2, 2, 1, 1, 1)
  (6, 5, 5, 5, 5, 3, 3, 3, 2, 2, 2, 1, 1, 1, 1, 1)
  (6, 5, 5, 5, 5, 3, 3, 2, 2, 2, 2, 2, 2, 2)
  (6, 5, 5, 5, 5, 3, 3, 2, 2, 2, 2, 2, 2, 1, 1)
  (6, 5, 5, 5, 5, 3, 3, 2, 2, 2, 2, 2, 1, 1, 1, 1)
  (6, 5, 5, 5, 5, 3, 2, 2, 2, 2, 2, 2, 2, 2, 1)
  (6, 5, 5, 5, 5, 3, 2, 2, 2, 2, 2, 2, 2, 1, 1, 1)
  (6, 5, 5, 5, 4, 4, 4, 4, 4, 4, 1)
  (6, 5, 5, 5, 4, 4, 4, 4, 4, 3, 2)
  (6, 5, 5, 5, 4, 4, 4, 4, 4, 3, 1, 1)
  (6, 5, 5, 5, 4, 4, 4, 4, 4, 2, 2, 1)
  (6, 5, 5, 5, 4, 4, 4, 4, 4, 2, 1, 1, 1)
  (6, 5, 5, 5, 4, 4, 4, 4, 4, 1, 1, 1, 1, 1)
  (6, 5, 5, 5, 4, 4, 4, 4, 3, 3, 3)
  (6, 5, 5, 5, 4, 4, 4, 4, 3, 3, 2, 1)
  (6, 5, 5, 5, 4, 4, 4, 4, 3, 3, 1, 1, 1)
  (6, 5, 5, 5, 4, 4, 4, 4, 3, 2, 2, 2)
  (6, 5, 5, 5, 4, 4, 4, 4, 3, 2, 2, 1, 1)
  (6, 5, 5, 5, 4, 4, 4, 4, 3, 2, 1, 1, 1, 1)
  (6, 5, 5, 5, 4, 4, 4, 4, 3, 1, 1, 1, 1, 1, 1)
  (6, 5, 5, 5, 4, 4, 4, 4, 2, 2, 2, 2, 1)
  (6, 5, 5, 5, 4, 4, 4, 4, 2, 2, 2, 1, 1, 1)
  (6, 5, 5, 5, 4, 4, 4, 4, 2, 2, 1, 1, 1, 1, 1)
  (6, 5, 5, 5, 4, 4, 4, 4, 2, 1, 1, 1, 1, 1, 1, 1)
  (6, 5, 5, 5, 4, 4, 4, 3, 3, 3, 3, 1)
  (6, 5, 5, 5, 4, 4, 4, 3, 3, 3, 2, 2)
  (6, 5, 5, 5, 4, 4, 4, 3, 3, 3, 2, 1, 1)
  (6, 5, 5, 5, 4, 4, 4, 3, 3, 3, 1, 1, 1, 1)
  (6, 5, 5, 5, 4, 4, 4, 3, 3, 2, 2, 2, 1)
  (6, 5, 5, 5, 4, 4, 4, 3, 3, 2, 2, 1, 1, 1)
  (6, 5, 5, 5, 4, 4, 4, 3, 3, 2, 1, 1, 1, 1, 1)
  (6, 5, 5, 5, 4, 4, 4, 3, 3, 1, 1, 1, 1, 1, 1, 1)
  (6, 5, 5, 5, 4, 4, 4, 3, 2, 2, 2, 2, 2)
  (6, 5, 5, 5, 4, 4, 4, 3, 2, 2, 2, 2, 1, 1)
  (6, 5, 5, 5, 4, 4, 4, 3, 2, 2, 2, 1, 1, 1, 1)
  (6, 5, 5, 5, 4, 4, 4, 3, 2, 2, 1, 1, 1, 1, 1, 1)
  (6, 5, 5, 5, 4, 4, 4, 2, 2, 2, 2, 2, 2, 1)
  (6, 5, 5, 5, 4, 4, 4, 2, 2, 2, 2, 2, 1, 1, 1)
  (6, 5, 5, 5, 4, 4, 4, 2, 2, 2, 2, 1, 1, 1, 1, 1)
  (6, 5, 5, 5, 4, 4, 3, 3, 3, 3, 3, 2)
  (6, 5, 5, 5, 4, 4, 3, 3, 3, 3, 3, 1, 1)
  (6, 5, 5, 5, 4, 4, 3, 3, 3, 3, 2, 2, 1)
  (6, 5, 5, 5, 4, 4, 3, 3, 3, 3, 2, 1, 1, 1)
  (6, 5, 5, 5, 4, 4, 3, 3, 3, 3, 1, 1, 1, 1, 1)
  (6, 5, 5, 5, 4, 4, 3, 3, 3, 2, 2, 2, 2)
  (6, 5, 5, 5, 4, 4, 3, 3, 3, 2, 2, 2, 1, 1)
  (6, 5, 5, 5, 4, 4, 3, 3, 3, 2, 2, 1, 1, 1, 1)
  (6, 5, 5, 5, 4, 4, 3, 3, 3, 2, 1, 1, 1, 1, 1, 1)
  (6, 5, 5, 5, 4, 4, 3, 3, 2, 2, 2, 2, 2, 1)
  (6, 5, 5, 5, 4, 4, 3, 3, 2, 2, 2, 2, 1, 1, 1)
  (6, 5, 5, 5, 4, 4, 3, 3, 2, 2, 2, 1, 1, 1, 1, 1)
  (6, 5, 5, 5, 4, 4, 3, 2, 2, 2, 2, 2, 2, 2)
  (6, 5, 5, 5, 4, 4, 3, 2, 2, 2, 2, 2, 2, 1, 1)
  (6, 5, 5, 5, 4, 4, 3, 2, 2, 2, 2, 2, 1, 1, 1, 1)
  (6, 5, 5, 5, 4, 4, 2, 2, 2, 2, 2, 2, 2, 2, 1)
  (6, 5, 5, 5, 4, 4, 2, 2, 2, 2, 2, 2, 2, 1, 1, 1)
  (6, 5, 5, 5, 4, 3, 3, 3, 3, 3, 3, 3)
  (6, 5, 5, 5, 4, 3, 3, 3, 3, 3, 3, 2, 1)
  (6, 5, 5, 5, 4, 3, 3, 3, 3, 3, 3, 1, 1, 1)
  (6, 5, 5, 5, 4, 3, 3, 3, 3, 3, 2, 2, 2)
  (6, 5, 5, 5, 4, 3, 3, 3, 3, 3, 2, 2, 1, 1)
  (6, 5, 5, 5, 4, 3, 3, 3, 3, 3, 2, 1, 1, 1, 1)
  (6, 5, 5, 5, 4, 3, 3, 3, 3, 3, 1, 1, 1, 1, 1, 1)
  (6, 5, 5, 5, 4, 3, 3, 3, 3, 2, 2, 2, 2, 1)
  (6, 5, 5, 5, 4, 3, 3, 3, 3, 2, 2, 2, 1, 1, 1)
  (6, 5, 5, 5, 4, 3, 3, 3, 3, 2, 2, 1, 1, 1, 1, 1)
  (6, 5, 5, 5, 4, 3, 3, 3, 2, 2, 2, 2, 2, 2)
  (6, 5, 5, 5, 4, 3, 3, 3, 2, 2, 2, 2, 2, 1, 1)
  (6, 5, 5, 5, 4, 3, 3, 3, 2, 2, 2, 2, 1, 1, 1, 1)
  (6, 5, 5, 5, 4, 3, 3, 2, 2, 2, 2, 2, 2, 2, 1)
  (6, 5, 5, 5, 4, 3, 3, 2, 2, 2, 2, 2, 2, 1, 1, 1)
  (6, 5, 5, 5, 3, 3, 3, 3, 3, 3, 3, 3, 1)
  (6, 5, 5, 5, 3, 3, 3, 3, 3, 3, 3, 2, 2)
  (6, 5, 5, 5, 3, 3, 3, 3, 3, 3, 3, 2, 1, 1)
  (6, 5, 5, 5, 3, 3, 3, 3, 3, 3, 3, 1, 1, 1, 1)
  (6, 5, 5, 5, 3, 3, 3, 3, 3, 3, 2, 2, 2, 1)
  (6, 5, 5, 5, 3, 3, 3, 3, 3, 3, 2, 2, 1, 1, 1)
  (6, 5, 5, 5, 3, 3, 3, 3, 3, 3, 2, 1, 1, 1, 1, 1)
  (6, 5, 5, 5, 3, 3, 3, 3, 3, 2, 2, 2, 2, 2)
  (6, 5, 5, 5, 3, 3, 3, 3, 3, 2, 2, 2, 2, 1, 1)
  (6, 5, 5, 5, 3, 3, 3, 3, 3, 2, 2, 2, 1, 1, 1, 1)
  (6, 5, 5, 5, 3, 3, 3, 3, 2, 2, 2, 2, 2, 2, 1)
  (6, 5, 5, 5, 3, 3, 3, 3, 2, 2, 2, 2, 2, 1, 1, 1)
  (6, 5, 5, 4, 4, 4, 4, 4, 4, 4, 2)
  (6, 5, 5, 4, 4, 4, 4, 4, 4, 4, 1, 1)
  (6, 5, 5, 4, 4, 4, 4, 4, 4, 3, 3)
  (6, 5, 5, 4, 4, 4, 4, 4, 4, 3, 2, 1)
  (6, 5, 5, 4, 4, 4, 4, 4, 4, 3, 1, 1, 1)
  (6, 5, 5, 4, 4, 4, 4, 4, 4, 2, 2, 2)
  (6, 5, 5, 4, 4, 4, 4, 4, 4, 2, 2, 1, 1)
  (6, 5, 5, 4, 4, 4, 4, 4, 4, 2, 1, 1, 1, 1)
  (6, 5, 5, 4, 4, 4, 4, 4, 4, 1, 1, 1, 1, 1, 1)
  (6, 5, 5, 4, 4, 4, 4, 4, 3, 3, 3, 1)
  (6, 5, 5, 4, 4, 4, 4, 4, 3, 3, 2, 2)
  (6, 5, 5, 4, 4, 4, 4, 4, 3, 3, 2, 1, 1)
  (6, 5, 5, 4, 4, 4, 4, 4, 3, 3, 1, 1, 1, 1)
  (6, 5, 5, 4, 4, 4, 4, 4, 3, 2, 2, 2, 1)
  (6, 5, 5, 4, 4, 4, 4, 4, 3, 2, 2, 1, 1, 1)
  (6, 5, 5, 4, 4, 4, 4, 4, 3, 2, 1, 1, 1, 1, 1)
  (6, 5, 5, 4, 4, 4, 4, 4, 3, 1, 1, 1, 1, 1, 1, 1)
  (6, 5, 5, 4, 4, 4, 4, 4, 2, 2, 2, 2, 2)
  (6, 5, 5, 4, 4, 4, 4, 4, 2, 2, 2, 2, 1, 1)
  (6, 5, 5, 4, 4, 4, 4, 4, 2, 2, 2, 1, 1, 1, 1)
  (6, 5, 5, 4, 4, 4, 4, 4, 2, 2, 1, 1, 1, 1, 1, 1)
  (6, 5, 5, 4, 4, 4, 4, 3, 3, 3, 3, 2)
  (6, 5, 5, 4, 4, 4, 4, 3, 3, 3, 3, 1, 1)
  (6, 5, 5, 4, 4, 4, 4, 3, 3, 3, 2, 2, 1)
  (6, 5, 5, 4, 4, 4, 4, 3, 3, 3, 2, 1, 1, 1)
  (6, 5, 5, 4, 4, 4, 4, 3, 3, 3, 1, 1, 1, 1, 1)
  (6, 5, 5, 4, 4, 4, 4, 3, 3, 2, 2, 2, 2)
  (6, 5, 5, 4, 4, 4, 4, 3, 3, 2, 2, 2, 1, 1)
  (6, 5, 5, 4, 4, 4, 4, 3, 3, 2, 2, 1, 1, 1, 1)
  (6, 5, 5, 4, 4, 4, 4, 3, 3, 2, 1, 1, 1, 1, 1, 1)
  (6, 5, 5, 4, 4, 4, 4, 3, 2, 2, 2, 2, 2, 1)
  (6, 5, 5, 4, 4, 4, 4, 3, 2, 2, 2, 2, 1, 1, 1)
  (6, 5, 5, 4, 4, 4, 4, 3, 2, 2, 2, 1, 1, 1, 1, 1)
  (6, 5, 5, 4, 4, 4, 4, 2, 2, 2, 2, 2, 2, 2)
  (6, 5, 5, 4, 4, 4, 4, 2, 2, 2, 2, 2, 2, 1, 1)
  (6, 5, 5, 4, 4, 4, 4, 2, 2, 2, 2, 2, 1, 1, 1, 1)
  (6, 5, 5, 4, 4, 4, 3, 3, 3, 3, 3, 3)
  (6, 5, 5, 4, 4, 4, 3, 3, 3, 3, 3, 2, 1)
  (6, 5, 5, 4, 4, 4, 3, 3, 3, 3, 3, 1, 1, 1)
  (6, 5, 5, 4, 4, 4, 3, 3, 3, 3, 2, 2, 2)
  (6, 5, 5, 4, 4, 4, 3, 3, 3, 3, 2, 2, 1, 1)
  (6, 5, 5, 4, 4, 4, 3, 3, 3, 3, 2, 1, 1, 1, 1)
  (6, 5, 5, 4, 4, 4, 3, 3, 3, 3, 1, 1, 1, 1, 1, 1)
  (6, 5, 5, 4, 4, 4, 3, 3, 3, 2, 2, 2, 2, 1)
  (6, 5, 5, 4, 4, 4, 3, 3, 3, 2, 2, 2, 1, 1, 1)
  (6, 5, 5, 4, 4, 4, 3, 3, 3, 2, 2, 1, 1, 1, 1, 1)
  (6, 5, 5, 4, 4, 4, 3, 3, 2, 2, 2, 2, 2, 2)
  (6, 5, 5, 4, 4, 4, 3, 3, 2, 2, 2, 2, 2, 1, 1)
  (6, 5, 5, 4, 4, 4, 3, 3, 2, 2, 2, 2, 1, 1, 1, 1)
  (6, 5, 5, 4, 4, 4, 3, 2, 2, 2, 2, 2, 2, 2, 1)
  (6, 5, 5, 4, 4, 4, 3, 2, 2, 2, 2, 2, 2, 1, 1, 1)
  (6, 5, 5, 4, 4, 3, 3, 3, 3, 3, 3, 3, 1)
  (6, 5, 5, 4, 4, 3, 3, 3, 3, 3, 3, 2, 2)
  (6, 5, 5, 4, 4, 3, 3, 3, 3, 3, 3, 2, 1, 1)
  (6, 5, 5, 4, 4, 3, 3, 3, 3, 3, 3, 1, 1, 1, 1)
  (6, 5, 5, 4, 4, 3, 3, 3, 3, 3, 2, 2, 2, 1)
  (6, 5, 5, 4, 4, 3, 3, 3, 3, 3, 2, 2, 1, 1, 1)
  (6, 5, 5, 4, 4, 3, 3, 3, 3, 3, 2, 1, 1, 1, 1, 1)
  (6, 5, 5, 4, 4, 3, 3, 3, 3, 2, 2, 2, 2, 2)
  (6, 5, 5, 4, 4, 3, 3, 3, 3, 2, 2, 2, 2, 1, 1)
  (6, 5, 5, 4, 4, 3, 3, 3, 3, 2, 2, 2, 1, 1, 1, 1)
  (6, 5, 5, 4, 4, 3, 3, 3, 2, 2, 2, 2, 2, 2, 1)
  (6, 5, 5, 4, 4, 3, 3, 3, 2, 2, 2, 2, 2, 1, 1, 1)
  (6, 5, 5, 4, 3, 3, 3, 3, 3, 3, 3, 3, 2)
  (6, 5, 5, 4, 3, 3, 3, 3, 3, 3, 3, 3, 1, 1)
  (6, 5, 5, 4, 3, 3, 3, 3, 3, 3, 3, 2, 2, 1)
  (6, 5, 5, 4, 3, 3, 3, 3, 3, 3, 3, 2, 1, 1, 1)
  (6, 5, 5, 4, 3, 3, 3, 3, 3, 3, 3, 1, 1, 1, 1, 1)
  (6, 5, 5, 4, 3, 3, 3, 3, 3, 3, 2, 2, 2, 2)
  (6, 5, 5, 4, 3, 3, 3, 3, 3, 3, 2, 2, 2, 1, 1)
  (6, 5, 5, 4, 3, 3, 3, 3, 3, 3, 2, 2, 1, 1, 1, 1)
  (6, 5, 5, 4, 3, 3, 3, 3, 3, 2, 2, 2, 2, 2, 1)
  (6, 5, 5, 4, 3, 3, 3, 3, 3, 2, 2, 2, 2, 1, 1, 1)
  (6, 5, 4, 4, 4, 4, 4, 4, 4, 4, 3)
  (6, 5, 4, 4, 4, 4, 4, 4, 4, 4, 2, 1)
  (6, 5, 4, 4, 4, 4, 4, 4, 4, 4, 1, 1, 1)
  (6, 5, 4, 4, 4, 4, 4, 4, 4, 3, 3, 1)
  (6, 5, 4, 4, 4, 4, 4, 4, 4, 3, 2, 2)
  (6, 5, 4, 4, 4, 4, 4, 4, 4, 3, 2, 1, 1)
  (6, 5, 4, 4, 4, 4, 4, 4, 4, 3, 1, 1, 1, 1)
  (6, 5, 4, 4, 4, 4, 4, 4, 4, 2, 2, 2, 1)
  (6, 5, 4, 4, 4, 4, 4, 4, 4, 2, 2, 1, 1, 1)
  (6, 5, 4, 4, 4, 4, 4, 4, 4, 2, 1, 1, 1, 1, 1)
  (6, 5, 4, 4, 4, 4, 4, 4, 4, 1, 1, 1, 1, 1, 1, 1)
  (6, 5, 4, 4, 4, 4, 4, 4, 3, 3, 3, 2)
  (6, 5, 4, 4, 4, 4, 4, 4, 3, 3, 3, 1, 1)
  (6, 5, 4, 4, 4, 4, 4, 4, 3, 3, 2, 2, 1)
  (6, 5, 4, 4, 4, 4, 4, 4, 3, 3, 2, 1, 1, 1)
  (6, 5, 4, 4, 4, 4, 4, 4, 3, 3, 1, 1, 1, 1, 1)
  (6, 5, 4, 4, 4, 4, 4, 4, 3, 2, 2, 2, 2)
  (6, 5, 4, 4, 4, 4, 4, 4, 3, 2, 2, 2, 1, 1)
  (6, 5, 4, 4, 4, 4, 4, 4, 3, 2, 2, 1, 1, 1, 1)
  (6, 5, 4, 4, 4, 4, 4, 4, 3, 2, 1, 1, 1, 1, 1, 1)
  (6, 5, 4, 4, 4, 4, 4, 4, 2, 2, 2, 2, 2, 1)
  (6, 5, 4, 4, 4, 4, 4, 4, 2, 2, 2, 2, 1, 1, 1)
  (6, 5, 4, 4, 4, 4, 4, 4, 2, 2, 2, 1, 1, 1, 1, 1)
  (6, 5, 4, 4, 4, 4, 4, 3, 3, 3, 3, 3)
  (6, 5, 4, 4, 4, 4, 4, 3, 3, 3, 3, 2, 1)
  (6, 5, 4, 4, 4, 4, 4, 3, 3, 3, 3, 1, 1, 1)
  (6, 5, 4, 4, 4, 4, 4, 3, 3, 3, 2, 2, 2)
  (6, 5, 4, 4, 4, 4, 4, 3, 3, 3, 2, 2, 1, 1)
  (6, 5, 4, 4, 4, 4, 4, 3, 3, 3, 2, 1, 1, 1, 1)
  (6, 5, 4, 4, 4, 4, 4, 3, 3, 3, 1, 1, 1, 1, 1, 1)
  (6, 5, 4, 4, 4, 4, 4, 3, 3, 2, 2, 2, 2, 1)
  (6, 5, 4, 4, 4, 4, 4, 3, 3, 2, 2, 2, 1, 1, 1)
  (6, 5, 4, 4, 4, 4, 4, 3, 3, 2, 2, 1, 1, 1, 1, 1)
  (6, 5, 4, 4, 4, 4, 4, 3, 2, 2, 2, 2, 2, 2)
  (6, 5, 4, 4, 4, 4, 4, 3, 2, 2, 2, 2, 2, 1, 1)
  (6, 5, 4, 4, 4, 4, 4, 3, 2, 2, 2, 2, 1, 1, 1, 1)
  (6, 5, 4, 4, 4, 4, 4, 2, 2, 2, 2, 2, 2, 2, 1)
  (6, 5, 4, 4, 4, 4, 4, 2, 2, 2, 2, 2, 2, 1, 1, 1)
  (6, 5, 4, 4, 4, 4, 3, 3, 3, 3, 3, 3, 1)
  (6, 5, 4, 4, 4, 4, 3, 3, 3, 3, 3, 2, 2)
  (6, 5, 4, 4, 4, 4, 3, 3, 3, 3, 3, 2, 1, 1)
  (6, 5, 4, 4, 4, 4, 3, 3, 3, 3, 3, 1, 1, 1, 1)
  (6, 5, 4, 4, 4, 4, 3, 3, 3, 3, 2, 2, 2, 1)
  (6, 5, 4, 4, 4, 4, 3, 3, 3, 3, 2, 2, 1, 1, 1)
  (6, 5, 4, 4, 4, 4, 3, 3, 3, 3, 2, 1, 1, 1, 1, 1)
  (6, 5, 4, 4, 4, 4, 3, 3, 3, 2, 2, 2, 2, 2)
  (6, 5, 4, 4, 4, 4, 3, 3, 3, 2, 2, 2, 2, 1, 1)
  (6, 5, 4, 4, 4, 4, 3, 3, 3, 2, 2, 2, 1, 1, 1, 1)
  (6, 5, 4, 4, 4, 4, 3, 3, 2, 2, 2, 2, 2, 2, 1)
  (6, 5, 4, 4, 4, 4, 3, 3, 2, 2, 2, 2, 2, 1, 1, 1)
  (6, 5, 4, 4, 4, 3, 3, 3, 3, 3, 3, 3, 2)
  (6, 5, 4, 4, 4, 3, 3, 3, 3, 3, 3, 3, 1, 1)
  (6, 5, 4, 4, 4, 3, 3, 3, 3, 3, 3, 2, 2, 1)
  (6, 5, 4, 4, 4, 3, 3, 3, 3, 3, 3, 2, 1, 1, 1)
  (6, 5, 4, 4, 4, 3, 3, 3, 3, 3, 3, 1, 1, 1, 1, 1)
  (6, 5, 4, 4, 4, 3, 3, 3, 3, 3, 2, 2, 2, 2)
  (6, 5, 4, 4, 4, 3, 3, 3, 3, 3, 2, 2, 2, 1, 1)
  (6, 5, 4, 4, 4, 3, 3, 3, 3, 3, 2, 2, 1, 1, 1, 1)
  (6, 5, 4, 4, 4, 3, 3, 3, 3, 2, 2, 2, 2, 2, 1)
  (6, 5, 4, 4, 4, 3, 3, 3, 3, 2, 2, 2, 2, 1, 1, 1)
  (5, 5, 5, 5, 5, 5, 5, 5, 4, 1, 1)
  (5, 5, 5, 5, 5, 5, 5, 5, 3, 2, 1)
  (5, 5, 5, 5, 5, 5, 5, 5, 3, 1, 1, 1)
  (5, 5, 5, 5, 5, 5, 5, 5, 2, 2, 2)
  (5, 5, 5, 5, 5, 5, 5, 5, 2, 2, 1, 1)
  (5, 5, 5, 5, 5, 5, 5, 5, 2, 1, 1, 1, 1)
  (5, 5, 5, 5, 5, 5, 5, 4, 4, 2, 1)
  (5, 5, 5, 5, 5, 5, 5, 4, 4, 1, 1, 1)
  (5, 5, 5, 5, 5, 5, 5, 4, 3, 3, 1)
  (5, 5, 5, 5, 5, 5, 5, 4, 3, 2, 2)
  (5, 5, 5, 5, 5, 5, 5, 4, 3, 2, 1, 1)
  (5, 5, 5, 5, 5, 5, 5, 4, 3, 1, 1, 1, 1)
  (5, 5, 5, 5, 5, 5, 5, 4, 2, 2, 2, 1)
  (5, 5, 5, 5, 5, 5, 5, 4, 2, 2, 1, 1, 1)
  (5, 5, 5, 5, 5, 5, 5, 4, 2, 1, 1, 1, 1, 1)
  (5, 5, 5, 5, 5, 5, 5, 3, 3, 3, 2)
  (5, 5, 5, 5, 5, 5, 5, 3, 3, 3, 1, 1)
  (5, 5, 5, 5, 5, 5, 5, 3, 3, 2, 2, 1)
  (5, 5, 5, 5, 5, 5, 5, 3, 3, 2, 1, 1, 1)
  (5, 5, 5, 5, 5, 5, 5, 3, 3, 1, 1, 1, 1, 1)
  (5, 5, 5, 5, 5, 5, 5, 3, 2, 2, 2, 2)
  (5, 5, 5, 5, 5, 5, 5, 3, 2, 2, 2, 1, 1)
  (5, 5, 5, 5, 5, 5, 5, 3, 2, 2, 1, 1, 1, 1)
  (5, 5, 5, 5, 5, 5, 5, 3, 2, 1, 1, 1, 1, 1, 1)
  (5, 5, 5, 5, 5, 5, 5, 2, 2, 2, 2, 2, 1)
  (5, 5, 5, 5, 5, 5, 5, 2, 2, 2, 2, 1, 1, 1)
  (5, 5, 5, 5, 5, 5, 5, 2, 2, 2, 1, 1, 1, 1, 1)
  (5, 5, 5, 5, 5, 5, 5, 2, 2, 1, 1, 1, 1, 1, 1, 1)
  (5, 5, 5, 5, 5, 5, 4, 4, 4, 3, 1)
  (5, 5, 5, 5, 5, 5, 4, 4, 4, 2, 2)
  (5, 5, 5, 5, 5, 5, 4, 4, 4, 2, 1, 1)
  (5, 5, 5, 5, 5, 5, 4, 4, 4, 1, 1, 1, 1)
  (5, 5, 5, 5, 5, 5, 4, 4, 3, 3, 2)
  (5, 5, 5, 5, 5, 5, 4, 4, 3, 3, 1, 1)
  (5, 5, 5, 5, 5, 5, 4, 4, 3, 2, 2, 1)
  (5, 5, 5, 5, 5, 5, 4, 4, 3, 2, 1, 1, 1)
  (5, 5, 5, 5, 5, 5, 4, 4, 3, 1, 1, 1, 1, 1)
  (5, 5, 5, 5, 5, 5, 4, 4, 2, 2, 2, 2)
  (5, 5, 5, 5, 5, 5, 4, 4, 2, 2, 2, 1, 1)
  (5, 5, 5, 5, 5, 5, 4, 4, 2, 2, 1, 1, 1, 1)
  (5, 5, 5, 5, 5, 5, 4, 4, 2, 1, 1, 1, 1, 1, 1)
  (5, 5, 5, 5, 5, 5, 4, 3, 3, 3, 3)
  (5, 5, 5, 5, 5, 5, 4, 3, 3, 3, 2, 1)
  (5, 5, 5, 5, 5, 5, 4, 3, 3, 3, 1, 1, 1)
  (5, 5, 5, 5, 5, 5, 4, 3, 3, 2, 2, 2)
  (5, 5, 5, 5, 5, 5, 4, 3, 3, 2, 2, 1, 1)
  (5, 5, 5, 5, 5, 5, 4, 3, 3, 2, 1, 1, 1, 1)
  (5, 5, 5, 5, 5, 5, 4, 3, 3, 1, 1, 1, 1, 1, 1)
  (5, 5, 5, 5, 5, 5, 4, 3, 2, 2, 2, 2, 1)
  (5, 5, 5, 5, 5, 5, 4, 3, 2, 2, 2, 1, 1, 1)
  (5, 5, 5, 5, 5, 5, 4, 3, 2, 2, 1, 1, 1, 1, 1)
  (5, 5, 5, 5, 5, 5, 4, 3, 2, 1, 1, 1, 1, 1, 1, 1)
  (5, 5, 5, 5, 5, 5, 4, 2, 2, 2, 2, 2, 2)
  (5, 5, 5, 5, 5, 5, 4, 2, 2, 2, 2, 2, 1, 1)
  (5, 5, 5, 5, 5, 5, 4, 2, 2, 2, 2, 1, 1, 1, 1)
  (5, 5, 5, 5, 5, 5, 4, 2, 2, 2, 1, 1, 1, 1, 1, 1)
  (5, 5, 5, 5, 5, 5, 3, 3, 3, 3, 3, 1)
  (5, 5, 5, 5, 5, 5, 3, 3, 3, 3, 2, 2)
  (5, 5, 5, 5, 5, 5, 3, 3, 3, 3, 2, 1, 1)
  (5, 5, 5, 5, 5, 5, 3, 3, 3, 3, 1, 1, 1, 1)
  (5, 5, 5, 5, 5, 5, 3, 3, 3, 2, 2, 2, 1)
  (5, 5, 5, 5, 5, 5, 3, 3, 3, 2, 2, 1, 1, 1)
  (5, 5, 5, 5, 5, 5, 3, 3, 3, 2, 1, 1, 1, 1, 1)
  (5, 5, 5, 5, 5, 5, 3, 3, 3, 1, 1, 1, 1, 1, 1, 1)
  (5, 5, 5, 5, 5, 5, 3, 3, 2, 2, 2, 2, 2)
  (5, 5, 5, 5, 5, 5, 3, 3, 2, 2, 2, 2, 1, 1)
  (5, 5, 5, 5, 5, 5, 3, 3, 2, 2, 2, 1, 1, 1, 1)
  (5, 5, 5, 5, 5, 5, 3, 3, 2, 2, 1, 1, 1, 1, 1, 1)
  (5, 5, 5, 5, 5, 5, 3, 2, 2, 2, 2, 2, 2, 1)
  (5, 5, 5, 5, 5, 5, 3, 2, 2, 2, 2, 2, 1, 1, 1)
  (5, 5, 5, 5, 5, 5, 3, 2, 2, 2, 2, 1, 1, 1, 1, 1)
  (5, 5, 5, 5, 5, 4, 4, 4, 4, 4, 1)
  (5, 5, 5, 5, 5, 4, 4, 4, 4, 3, 2)
  (5, 5, 5, 5, 5, 4, 4, 4, 4, 3, 1, 1)
  (5, 5, 5, 5, 5, 4, 4, 4, 4, 2, 2, 1)
  (5, 5, 5, 5, 5, 4, 4, 4, 4, 2, 1, 1, 1)
  (5, 5, 5, 5, 5, 4, 4, 4, 4, 1, 1, 1, 1, 1)
  (5, 5, 5, 5, 5, 4, 4, 4, 3, 3, 3)
  (5, 5, 5, 5, 5, 4, 4, 4, 3, 3, 2, 1)
  (5, 5, 5, 5, 5, 4, 4, 4, 3, 3, 1, 1, 1)
  (5, 5, 5, 5, 5, 4, 4, 4, 3, 2, 2, 2)
  (5, 5, 5, 5, 5, 4, 4, 4, 3, 2, 2, 1, 1)
  (5, 5, 5, 5, 5, 4, 4, 4, 3, 2, 1, 1, 1, 1)
  (5, 5, 5, 5, 5, 4, 4, 4, 3, 1, 1, 1, 1, 1, 1)
  (5, 5, 5, 5, 5, 4, 4, 4, 2, 2, 2, 2, 1)
  (5, 5, 5, 5, 5, 4, 4, 4, 2, 2, 2, 1, 1, 1)
  (5, 5, 5, 5, 5, 4, 4, 4, 2, 2, 1, 1, 1, 1, 1)
  (5, 5, 5, 5, 5, 4, 4, 4, 2, 1, 1, 1, 1, 1, 1, 1)
  (5, 5, 5, 5, 5, 4, 4, 3, 3, 3, 3, 1)
  (5, 5, 5, 5, 5, 4, 4, 3, 3, 3, 2, 2)
  (5, 5, 5, 5, 5, 4, 4, 3, 3, 3, 2, 1, 1)
  (5, 5, 5, 5, 5, 4, 4, 3, 3, 3, 1, 1, 1, 1)
  (5, 5, 5, 5, 5, 4, 4, 3, 3, 2, 2, 2, 1)
  (5, 5, 5, 5, 5, 4, 4, 3, 3, 2, 2, 1, 1, 1)
  (5, 5, 5, 5, 5, 4, 4, 3, 3, 2, 1, 1, 1, 1, 1)
  (5, 5, 5, 5, 5, 4, 4, 3, 3, 1, 1, 1, 1, 1, 1, 1)
  (5, 5, 5, 5, 5, 4, 4, 3, 2, 2, 2, 2, 2)
  (5, 5, 5, 5, 5, 4, 4, 3, 2, 2, 2, 2, 1, 1)
  (5, 5, 5, 5, 5, 4, 4, 3, 2, 2, 2, 1, 1, 1, 1)
  (5, 5, 5, 5, 5, 4, 4, 3, 2, 2, 1, 1, 1, 1, 1, 1)
  (5, 5, 5, 5, 5, 4, 4, 2, 2, 2, 2, 2, 2, 1)
  (5, 5, 5, 5, 5, 4, 4, 2, 2, 2, 2, 2, 1, 1, 1)
  (5, 5, 5, 5, 5, 4, 4, 2, 2, 2, 2, 1, 1, 1, 1, 1)
  (5, 5, 5, 5, 5, 4, 3, 3, 3, 3, 3, 2)
  (5, 5, 5, 5, 5, 4, 3, 3, 3, 3, 3, 1, 1)
  (5, 5, 5, 5, 5, 4, 3, 3, 3, 3, 2, 2, 1)
  (5, 5, 5, 5, 5, 4, 3, 3, 3, 3, 2, 1, 1, 1)
  (5, 5, 5, 5, 5, 4, 3, 3, 3, 3, 1, 1, 1, 1, 1)
  (5, 5, 5, 5, 5, 4, 3, 3, 3, 2, 2, 2, 2)
  (5, 5, 5, 5, 5, 4, 3, 3, 3, 2, 2, 2, 1, 1)
  (5, 5, 5, 5, 5, 4, 3, 3, 3, 2, 2, 1, 1, 1, 1)
  (5, 5, 5, 5, 5, 4, 3, 3, 3, 2, 1, 1, 1, 1, 1, 1)
  (5, 5, 5, 5, 5, 4, 3, 3, 2, 2, 2, 2, 2, 1)
  (5, 5, 5, 5, 5, 4, 3, 3, 2, 2, 2, 2, 1, 1, 1)
  (5, 5, 5, 5, 5, 4, 3, 3, 2, 2, 2, 1, 1, 1, 1, 1)
  (5, 5, 5, 5, 5, 4, 3, 2, 2, 2, 2, 2, 2, 2)
  (5, 5, 5, 5, 5, 4, 3, 2, 2, 2, 2, 2, 2, 1, 1)
  (5, 5, 5, 5, 5, 4, 3, 2, 2, 2, 2, 2, 1, 1, 1, 1)
  (5, 5, 5, 5, 5, 3, 3, 3, 3, 3, 3, 3)
  (5, 5, 5, 5, 5, 3, 3, 3, 3, 3, 3, 2, 1)
  (5, 5, 5, 5, 5, 3, 3, 3, 3, 3, 3, 1, 1, 1)
  (5, 5, 5, 5, 5, 3, 3, 3, 3, 3, 2, 2, 2)
  (5, 5, 5, 5, 5, 3, 3, 3, 3, 3, 2, 2, 1, 1)
  (5, 5, 5, 5, 5, 3, 3, 3, 3, 3, 2, 1, 1, 1, 1)
  (5, 5, 5, 5, 5, 3, 3, 3, 3, 3, 1, 1, 1, 1, 1, 1)
  (5, 5, 5, 5, 5, 3, 3, 3, 3, 2, 2, 2, 2, 1)
  (5, 5, 5, 5, 5, 3, 3, 3, 3, 2, 2, 2, 1, 1, 1)
  (5, 5, 5, 5, 5, 3, 3, 3, 3, 2, 2, 1, 1, 1, 1, 1)
  (5, 5, 5, 5, 5, 3, 3, 3, 2, 2, 2, 2, 2, 2)
  (5, 5, 5, 5, 5, 3, 3, 3, 2, 2, 2, 2, 2, 1, 1)
  (5, 5, 5, 5, 5, 3, 3, 3, 2, 2, 2, 2, 1, 1, 1, 1)
  (5, 5, 5, 5, 5, 3, 3, 2, 2, 2, 2, 2, 2, 2, 1)
  (5, 5, 5, 5, 5, 3, 3, 2, 2, 2, 2, 2, 2, 1, 1, 1)
  (5, 5, 5, 5, 4, 4, 4, 4, 4, 4, 2)
  (5, 5, 5, 5, 4, 4, 4, 4, 4, 4, 1, 1)
  (5, 5, 5, 5, 4, 4, 4, 4, 4, 3, 3)
  (5, 5, 5, 5, 4, 4, 4, 4, 4, 3, 2, 1)
  (5, 5, 5, 5, 4, 4, 4, 4, 4, 3, 1, 1, 1)
  (5, 5, 5, 5, 4, 4, 4, 4, 4, 2, 2, 2)
  (5, 5, 5, 5, 4, 4, 4, 4, 4, 2, 2, 1, 1)
  (5, 5, 5, 5, 4, 4, 4, 4, 4, 2, 1, 1, 1, 1)
  (5, 5, 5, 5, 4, 4, 4, 4, 4, 1, 1, 1, 1, 1, 1)
  (5, 5, 5, 5, 4, 4, 4, 4, 3, 3, 3, 1)
  (5, 5, 5, 5, 4, 4, 4, 4, 3, 3, 2, 2)
  (5, 5, 5, 5, 4, 4, 4, 4, 3, 3, 2, 1, 1)
  (5, 5, 5, 5, 4, 4, 4, 4, 3, 3, 1, 1, 1, 1)
  (5, 5, 5, 5, 4, 4, 4, 4, 3, 2, 2, 2, 1)
  (5, 5, 5, 5, 4, 4, 4, 4, 3, 2, 2, 1, 1, 1)
  (5, 5, 5, 5, 4, 4, 4, 4, 3, 2, 1, 1, 1, 1, 1)
  (5, 5, 5, 5, 4, 4, 4, 4, 3, 1, 1, 1, 1, 1, 1, 1)
  (5, 5, 5, 5, 4, 4, 4, 4, 2, 2, 2, 2, 2)
  (5, 5, 5, 5, 4, 4, 4, 4, 2, 2, 2, 2, 1, 1)
  (5, 5, 5, 5, 4, 4, 4, 4, 2, 2, 2, 1, 1, 1, 1)
  (5, 5, 5, 5, 4, 4, 4, 4, 2, 2, 1, 1, 1, 1, 1, 1)
  (5, 5, 5, 5, 4, 4, 4, 3, 3, 3, 3, 2)
  (5, 5, 5, 5, 4, 4, 4, 3, 3, 3, 3, 1, 1)
  (5, 5, 5, 5, 4, 4, 4, 3, 3, 3, 2, 2, 1)
  (5, 5, 5, 5, 4, 4, 4, 3, 3, 3, 2, 1, 1, 1)
  (5, 5, 5, 5, 4, 4, 4, 3, 3, 3, 1, 1, 1, 1, 1)
  (5, 5, 5, 5, 4, 4, 4, 3, 3, 2, 2, 2, 2)
  (5, 5, 5, 5, 4, 4, 4, 3, 3, 2, 2, 2, 1, 1)
  (5, 5, 5, 5, 4, 4, 4, 3, 3, 2, 2, 1, 1, 1, 1)
  (5, 5, 5, 5, 4, 4, 4, 3, 3, 2, 1, 1, 1, 1, 1, 1)
  (5, 5, 5, 5, 4, 4, 4, 3, 2, 2, 2, 2, 2, 1)
  (5, 5, 5, 5, 4, 4, 4, 3, 2, 2, 2, 2, 1, 1, 1)
  (5, 5, 5, 5, 4, 4, 4, 3, 2, 2, 2, 1, 1, 1, 1, 1)
  (5, 5, 5, 5, 4, 4, 4, 2, 2, 2, 2, 2, 2, 2)
  (5, 5, 5, 5, 4, 4, 4, 2, 2, 2, 2, 2, 2, 1, 1)
  (5, 5, 5, 5, 4, 4, 4, 2, 2, 2, 2, 2, 1, 1, 1, 1)
  (5, 5, 5, 5, 4, 4, 3, 3, 3, 3, 3, 3)
  (5, 5, 5, 5, 4, 4, 3, 3, 3, 3, 3, 2, 1)
  (5, 5, 5, 5, 4, 4, 3, 3, 3, 3, 3, 1, 1, 1)
  (5, 5, 5, 5, 4, 4, 3, 3, 3, 3, 2, 2, 2)
  (5, 5, 5, 5, 4, 4, 3, 3, 3, 3, 2, 2, 1, 1)
  (5, 5, 5, 5, 4, 4, 3, 3, 3, 3, 2, 1, 1, 1, 1)
  (5, 5, 5, 5, 4, 4, 3, 3, 3, 3, 1, 1, 1, 1, 1, 1)
  (5, 5, 5, 5, 4, 4, 3, 3, 3, 2, 2, 2, 2, 1)
  (5, 5, 5, 5, 4, 4, 3, 3, 3, 2, 2, 2, 1, 1, 1)
  (5, 5, 5, 5, 4, 4, 3, 3, 3, 2, 2, 1, 1, 1, 1, 1)
  (5, 5, 5, 5, 4, 4, 3, 3, 2, 2, 2, 2, 2, 2)
  (5, 5, 5, 5, 4, 4, 3, 3, 2, 2, 2, 2, 2, 1, 1)
  (5, 5, 5, 5, 4, 4, 3, 3, 2, 2, 2, 2, 1, 1, 1, 1)
  (5, 5, 5, 5, 4, 4, 3, 2, 2, 2, 2, 2, 2, 2, 1)
  (5, 5, 5, 5, 4, 4, 3, 2, 2, 2, 2, 2, 2, 1, 1, 1)
  (5, 5, 5, 5, 4, 3, 3, 3, 3, 3, 3, 3, 1)
  (5, 5, 5, 5, 4, 3, 3, 3, 3, 3, 3, 2, 2)
  (5, 5, 5, 5, 4, 3, 3, 3, 3, 3, 3, 2, 1, 1)
  (5, 5, 5, 5, 4, 3, 3, 3, 3, 3, 3, 1, 1, 1, 1)
  (5, 5, 5, 5, 4, 3, 3, 3, 3, 3, 2, 2, 2, 1)
  (5, 5, 5, 5, 4, 3, 3, 3, 3, 3, 2, 2, 1, 1, 1)
  (5, 5, 5, 5, 4, 3, 3, 3, 3, 3, 2, 1, 1, 1, 1, 1)
  (5, 5, 5, 5, 4, 3, 3, 3, 3, 2, 2, 2, 2, 2)
  (5, 5, 5, 5, 4, 3, 3, 3, 3, 2, 2, 2, 2, 1, 1)
  (5, 5, 5, 5, 4, 3, 3, 3, 3, 2, 2, 2, 1, 1, 1, 1)
  (5, 5, 5, 5, 4, 3, 3, 3, 2, 2, 2, 2, 2, 2, 1)
  (5, 5, 5, 5, 4, 3, 3, 3, 2, 2, 2, 2, 2, 1, 1, 1)
  (5, 5, 5, 4, 4, 4, 4, 4, 4, 4, 3)
  (5, 5, 5, 4, 4, 4, 4, 4, 4, 4, 2, 1)
  (5, 5, 5, 4, 4, 4, 4, 4, 4, 4, 1, 1, 1)
  (5, 5, 5, 4, 4, 4, 4, 4, 4, 3, 3, 1)
  (5, 5, 5, 4, 4, 4, 4, 4, 4, 3, 2, 2)
  (5, 5, 5, 4, 4, 4, 4, 4, 4, 3, 2, 1, 1)
  (5, 5, 5, 4, 4, 4, 4, 4, 4, 3, 1, 1, 1, 1)
  (5, 5, 5, 4, 4, 4, 4, 4, 4, 2, 2, 2, 1)
  (5, 5, 5, 4, 4, 4, 4, 4, 4, 2, 2, 1, 1, 1)
  (5, 5, 5, 4, 4, 4, 4, 4, 4, 2, 1, 1, 1, 1, 1)
  (5, 5, 5, 4, 4, 4, 4, 4, 4, 1, 1, 1, 1, 1, 1, 1)
  (5, 5, 5, 4, 4, 4, 4, 4, 3, 3, 3, 2)
  (5, 5, 5, 4, 4, 4, 4, 4, 3, 3, 3, 1, 1)
  (5, 5, 5, 4, 4, 4, 4, 4, 3, 3, 2, 2, 1)
  (5, 5, 5, 4, 4, 4, 4, 4, 3, 3, 2, 1, 1, 1)
  (5, 5, 5, 4, 4, 4, 4, 4, 3, 3, 1, 1, 1, 1, 1)
  (5, 5, 5, 4, 4, 4, 4, 4, 3, 2, 2, 2, 2)
  (5, 5, 5, 4, 4, 4, 4, 4, 3, 2, 2, 2, 1, 1)
  (5, 5, 5, 4, 4, 4, 4, 4, 3, 2, 2, 1, 1, 1, 1)
  (5, 5, 5, 4, 4, 4, 4, 4, 3, 2, 1, 1, 1, 1, 1, 1)
  (5, 5, 5, 4, 4, 4, 4, 4, 2, 2, 2, 2, 2, 1)
  (5, 5, 5, 4, 4, 4, 4, 4, 2, 2, 2, 2, 1, 1, 1)
  (5, 5, 5, 4, 4, 4, 4, 4, 2, 2, 2, 1, 1, 1, 1, 1)
  (5, 5, 5, 4, 4, 4, 4, 3, 3, 3, 3, 3)
  (5, 5, 5, 4, 4, 4, 4, 3, 3, 3, 3, 2, 1)
  (5, 5, 5, 4, 4, 4, 4, 3, 3, 3, 3, 1, 1, 1)
  (5, 5, 5, 4, 4, 4, 4, 3, 3, 3, 2, 2, 2)
  (5, 5, 5, 4, 4, 4, 4, 3, 3, 3, 2, 2, 1, 1)
  (5, 5, 5, 4, 4, 4, 4, 3, 3, 3, 2, 1, 1, 1, 1)
  (5, 5, 5, 4, 4, 4, 4, 3, 3, 3, 1, 1, 1, 1, 1, 1)
  (5, 5, 5, 4, 4, 4, 4, 3, 3, 2, 2, 2, 2, 1)
  (5, 5, 5, 4, 4, 4, 4, 3, 3, 2, 2, 2, 1, 1, 1)
  (5, 5, 5, 4, 4, 4, 4, 3, 3, 2, 2, 1, 1, 1, 1, 1)
  (5, 5, 5, 4, 4, 4, 4, 3, 2, 2, 2, 2, 2, 2)
  (5, 5, 5, 4, 4, 4, 4, 3, 2, 2, 2, 2, 2, 1, 1)
  (5, 5, 5, 4, 4, 4, 4, 3, 2, 2, 2, 2, 1, 1, 1, 1)
  (5, 5, 5, 4, 4, 4, 4, 2, 2, 2, 2, 2, 2, 2, 1)
  (5, 5, 5, 4, 4, 4, 4, 2, 2, 2, 2, 2, 2, 1, 1, 1)
  (5, 5, 5, 4, 4, 4, 3, 3, 3, 3, 3, 3, 1)
  (5, 5, 5, 4, 4, 4, 3, 3, 3, 3, 3, 2, 2)
  (5, 5, 5, 4, 4, 4, 3, 3, 3, 3, 3, 2, 1, 1)
  (5, 5, 5, 4, 4, 4, 3, 3, 3, 3, 3, 1, 1, 1, 1)
  (5, 5, 5, 4, 4, 4, 3, 3, 3, 3, 2, 2, 2, 1)
  (5, 5, 5, 4, 4, 4, 3, 3, 3, 3, 2, 2, 1, 1, 1)
  (5, 5, 5, 4, 4, 4, 3, 3, 3, 3, 2, 1, 1, 1, 1, 1)
  (5, 5, 5, 4, 4, 4, 3, 3, 3, 2, 2, 2, 2, 2)
  (5, 5, 5, 4, 4, 4, 3, 3, 3, 2, 2, 2, 2, 1, 1)
  (5, 5, 5, 4, 4, 4, 3, 3, 3, 2, 2, 2, 1, 1, 1, 1)
  (5, 5, 5, 4, 4, 4, 3, 3, 2, 2, 2, 2, 2, 2, 1)
  (5, 5, 5, 4, 4, 4, 3, 3, 2, 2, 2, 2, 2, 1, 1, 1)
  (5, 5, 5, 4, 4, 3, 3, 3, 3, 3, 3, 3, 2)
  (5, 5, 5, 4, 4, 3, 3, 3, 3, 3, 3, 3, 1, 1)
  (5, 5, 5, 4, 4, 3, 3, 3, 3, 3, 3, 2, 2, 1)
  (5, 5, 5, 4, 4, 3, 3, 3, 3, 3, 3, 2, 1, 1, 1)
  (5, 5, 5, 4, 4, 3, 3, 3, 3, 3, 3, 1, 1, 1, 1, 1)
  (5, 5, 5, 4, 4, 3, 3, 3, 3, 3, 2, 2, 2, 2)
  (5, 5, 5, 4, 4, 3, 3, 3, 3, 3, 2, 2, 2, 1, 1)
  (5, 5, 5, 4, 4, 3, 3, 3, 3, 3, 2, 2, 1, 1, 1, 1)
  (5, 5, 5, 4, 4, 3, 3, 3, 3, 2, 2, 2, 2, 2, 1)
  (5, 5, 5, 4, 4, 3, 3, 3, 3, 2, 2, 2, 2, 1, 1, 1)
