# k=10 n=54 max d_B=79 |E_k|=18163
9 8 8 7 6 5 4 3 2 1 1
9 8 8 7 6 5 4 2 2 2 1
9 8 8 7 6 5 4 2 2 1 1 1
9 8 8 7 6 5 3 3 3 1 1
9 8 8 7 6 5 3 3 2 2 1
9 8 8 7 6 5 3 3 2 1 1 1
9 8 8 7 6 5 3 2 2 2 2
9 8 8 7 6 5 3 2 2 2 1 1
9 8 8 7 6 5 3 2 2 1 1 1 1
9 8 8 7 6 4 4 4 2 1 1
9 8 8 7 6 4 4 3 3 1 1
9 8 8 7 6 4 4 3 2 2 1
9 8 8 7 6 4 4 3 2 1 1 1
9 8 8 7 6 4 4 2 2 2 2
9 8 8 7 6 4 4 2 2 2 1 1
9 8 8 7 6 4 4 2 2 1 1 1 1
9 8 8 7 6 4 3 3 3 2 1
9 8 8 7 6 4 3 3 3 1 1 1
9 8 8 7 6 4 3 3 2 2 2
9 8 8 7 6 4 3 3 2 2 1 1
9 8 8 7 6 4 3 3 2 1 1 1 1
9 8 8 7 6 4 3 2 2 2 2 1
9 8 8 7 6 4 3 2 2 2 1 1 1
9 8 8 7 6 4 3 2 2 1 1 1 1 1
9 8 8 7 6 3 3 3 3 3 1
9 8 8 7 6 3 3 3 3 2 2
9 8 8 7 6 3 3 3 3 2 1 1
9 8 8 7 6 3 3 3 3 1 1 1 1
9 8 8 7 6 3 3 3 2 2 2 1
9 8 8 7 6 3 3 3 2 2 1 1 1
9 8 8 7 6 3 3 3 2 1 1 1 1 1
9 8 8 7 6 3 3 2 2 2 2 2
9 8 8 7 6 3 3 2 2 2 2 1 1
9 8 8 7 6 3 3 2 2 2 1 1 1 1
9 8 8 7 5 5 5 3 2 1 1
9 8 8 7 5 5 5 2 2 2 1
9 8 8 7 5 5 5 2 2 1 1 1
9 8 8 7 5 5 4 4 2 1 1
9 8 8 7 5 5 4 3 3 1 1
9 8 8 7 5 5 4 3 2 2 1
9 8 8 7 5 5 4 3 2 1 1 1
9 8 8 7 5 5 4 2 2 2 2
9 8 8 7 5 5 4 2 2 2 1 1
9 8 8 7 5 5 4 2 2 1 1 1 1
9 8 8 7 5 5 3 3 3 2 1
9 8 8 7 5 5 3 3 3 1 1 1
9 8 8 7 5 5 3 3 2 2 2
9 8 8 7 5 5 3 3 2 2 1 1
9 8 8 7 5 5 3 3 2 1 1 1 1
9 8 8 7 5 5 3 2 2 2 2 1
9 8 8 7 5 5 3 2 2 2 1 1 1
9 8 8 7 5 5 3 2 2 1 1 1 1 1
9 8 8 7 5 4 4 4 3 1 1
9 8 8 7 5 4 4 4 2 2 1
9 8 8 7 5 4 4 4 2 1 1 1
9 8 8 7 5 4 4 3 3 2 1
9 8 8 7 5 4 4 3 3 1 1 1
9 8 8 7 5 4 4 3 2 2 2
9 8 8 7 5 4 4 3 2 2 1 1
9 8 8 7 5 4 4 3 2 1 1 1 1
9 8 8 7 5 4 4 2 2 2 2 1
9 8 8 7 5 4 4 2 2 2 1 1 1
9 8 8 7 5 4 4 2 2 1 1 1 1 1
9 8 8 7 5 4 3 3 3 3 1
9 8 8 7 5 4 3 3 3 2 2
9 8 8 7 5 4 3 3 3 2 1 1
9 8 8 7 5 4 3 3 3 1 1 1 1
9 8 8 7 5 4 3 3 2 2 2 1
9 8 8 7 5 4 3 3 2 2 1 1 1
9 8 8 7 5 4 3 3 2 1 1 1 1 1
9 8 8 7 5 4 3 2 2 2 2 2
9 8 8 7 5 4 3 2 2 2 2 1 1
9 8 8 7 5 4 3 2 2 2 1 1 1 1
9 8 8 7 5 4 3 2 2 1 1 1 1 1 1
9 8 8 7 5 3 3 3 3 3 2
9 8 8 7 5 3 3 3 3 3 1 1
9 8 8 7 5 3 3 3 3 2 2 1
9 8 8 7 5 3 3 3 3 2 1 1 1
9 8 8 7 5 3 3 3 3 1 1 1 1 1
9 8 8 7 5 3 3 3 2 2 2 2
9 8 8 7 5 3 3 3 2 2 2 1 1
9 8 8 7 5 3 3 3 2 2 1 1 1 1
9 8 8 7 5 3 3 3 2 1 1 1 1 1 1
9 8 8 7 5 3 3 2 2 2 2 2 1
9 8 8 7 5 3 3 2 2 2 2 1 1 1
9 8 8 7 5 3 3 2 2 2 1 1 1 1 1
9 8 8 7 4 4 4 4 4 1 1
9 8 8 7 4 4 4 4 3 2 1
9 8 8 7 4 4 4 4 3 1 1 1
9 8 8 7 4 4 4 4 2 2 2
9 8 8 7 4 4 4 4 2 2 1 1
9 8 8 7 4 4 4 4 2 1 1 1 1
9 8 8 7 4 4 4 3 3 3 1
9 8 8 7 4 4 4 3 3 2 2
9 8 8 7 4 4 4 3 3 2 1 1
9 8 8 7 4 4 4 3 3 1 1 1 1
9 8 8 7 4 4 4 3 2 2 2 1
9 8 8 7 4 4 4 3 2 2 1 1 1
9 8 8 7 4 4 4 3 2 1 1 1 1 1
9 8 8 7 4 4 4 2 2 2 2 2
9 8 8 7 4 4 4 2 2 2 2 1 1
9 8 8 7 4 4 4 2 2 2 1 1 1 1
9 8 8 7 4 4 4 2 2 1 1 1 1 1 1
9 8 8 7 4 4 3 3 3 3 2
9 8 8 7 4 4 3 3 3 3 1 1
9 8 8 7 4 4 3 3 3 2 2 1
9 8 8 7 4 4 3 3 3 2 1 1 1
9 8 8 7 4 4 3 3 3 1 1 1 1 1
9 8 8 7 4 4 3 3 2 2 2 2
9 8 8 7 4 4 3 3 2 2 2 1 1
9 8 8 7 4 4 3 3 2 2 1 1 1 1
9 8 8 7 4 4 3 3 2 1 1 1 1 1 1
9 8 8 7 4 4 3 2 2 2 2 2 1
9 8 8 7 4 4 3 2 2 2 2 1 1 1
9 8 8 7 4 4 3 2 2 2 1 1 1 1 1
9 8 8 7 4 3 3 3 3 3 3
9 8 8 7 4 3 3 3 3 3 2 1
9 8 8 7 4 3 3 3 3 3 1 1 1
9 8 8 7 4 3 3 3 3 2 2 2
9 8 8 7 4 3 3 3 3 2 2 1 1
9 8 8 7 4 3 3 3 3 2 1 1 1 1
9 8 8 7 4 3 3 3 3 1 1 1 1 1 1
9 8 8 7 4 3 3 3 2 2 2 2 1
9 8 8 7 4 3 3 3 2 2 2 1 1 1
9 8 8 7 4 3 3 3 2 2 1 1 1 1 1
9 8 8 7 4 3 3 2 2 2 2 2 2
9 8 8 7 4 3 3 2 2 2 2 2 1 1
9 8 8 7 4 3 3 2 2 2 2 1 1 1 1
9 8 8 6 6 6 4 3 2 1 1
9 8 8 6 6 6 4 2 2 2 1
9 8 8 6 6 6 4 2 2 1 1 1
9 8 8 6 6 6 3 3 3 1 1
9 8 8 6 6 6 3 3 2 2 1
9 8 8 6 6 6 3 3 2 1 1 1
9 8 8 6 6 6 3 2 2 2 2
9 8 8 6 6 6 3 2 2 2 1 1
9 8 8 6 6 6 3 2 2 1 1 1 1
9 8 8 6 6 5 5 3 2 1 1
9 8 8 6 6 5 5 2 2 2 1
9 8 8 6 6 5 5 2 2 1 1 1
9 8 8 6 6 5 4 4 2 1 1
9 8 8 6 6 5 4 3 3 1 1
9 8 8 6 6 5 4 3 2 2 1
9 8 8 6 6 5 4 3 2 1 1 1
9 8 8 6 6 5 4 2 2 2 2
9 8 8 6 6 5 4 2 2 2 1 1
9 8 8 6 6 5 4 2 2 1 1 1 1
9 8 8 6 6 5 3 3 3 2 1
9 8 8 6 6 5 3 3 3 1 1 1
9 8 8 6 6 5 3 3 2 2 2
9 8 8 6 6 5 3 3 2 2 1 1
9 8 8 6 6 5 3 3 2 1 1 1 1
9 8 8 6 6 5 3 2 2 2 2 1
9 8 8 6 6 5 3 2 2 2 1 1 1
9 8 8 6 6 5 3 2 2 1 1 1 1 1
9 8 8 6 6 4 4 4 3 1 1
9 8 8 6 6 4 4 4 2 2 1
9 8 8 6 6 4 4 4 2 1 1 1
9 8 8 6 6 4 4 3 3 2 1
9 8 8 6 6 4 4 3 3 1 1 1
9 8 8 6 6 4 4 3 2 2 2
9 8 8 6 6 4 4 3 2 2 1 1
9 8 8 6 6 4 4 3 2 1 1 1 1
9 8 8 6 6 4 4 2 2 2 2 1
9 8 8 6 6 4 4 2 2 2 1 1 1
9 8 8 6 6 4 4 2 2 1 1 1 1 1
9 8 8 6 6 4 3 3 3 3 1
9 8 8 6 6 4 3 3 3 2 2
9 8 8 6 6 4 3 3 3 2 1 1
9 8 8 6 6 4 3 3 3 1 1 1 1
9 8 8 6 6 4 3 3 2 2 2 1
9 8 8 6 6 4 3 3 2 2 1 1 1
9 8 8 6 6 4 3 3 2 1 1 1 1 1
9 8 8 6 6 4 3 2 2 2 2 2
9 8 8 6 6 4 3 2 2 2 2 1 1
9 8 8 6 6 4 3 2 2 2 1 1 1 1
9 8 8 6 6 4 3 2 2 1 1 1 1 1 1
9 8 8 6 6 3 3 3 3 3 2
9 8 8 6 6 3 3 3 3 3 1 1
9 8 8 6 6 3 3 3 3 2 2 1
9 8 8 6 6 3 3 3 3 2 1 1 1
9 8 8 6 6 3 3 3 3 1 1 1 1 1
9 8 8 6 6 3 3 3 2 2 2 2
9 8 8 6 6 3 3 3 2 2 2 1 1
9 8 8 6 6 3 3 3 2 2 1 1 1 1
9 8 8 6 6 3 3 3 2 1 1 1 1 1 1
9 8 8 6 6 3 3 2 2 2 2 2 1
9 8 8 6 6 3 3 2 2 2 2 1 1 1
9 8 8 6 6 3 3 2 2 2 1 1 1 1 1
9 8 8 6 5 5 5 4 2 1 1
9 8 8 6 5 5 5 3 3 1 1
9 8 8 6 5 5 5 3 2 2 1
9 8 8 6 5 5 5 3 2 1 1 1
9 8 8 6 5 5 5 2 2 2 2
9 8 8 6 5 5 5 2 2 2 1 1
9 8 8 6 5 5 5 2 2 1 1 1 1
9 8 8 6 5 5 4 4 3 1 1
9 8 8 6 5 5 4 4 2 2 1
9 8 8 6 5 5 4 4 2 1 1 1
9 8 8 6 5 5 4 3 3 2 1
9 8 8 6 5 5 4 3 3 1 1 1
9 8 8 6 5 5 4 3 2 2 2
9 8 8 6 5 5 4 3 2 2 1 1
9 8 8 6 5 5 4 3 2 1 1 1 1
9 8 8 6 5 5 4 2 2 2 2 1
9 8 8 6 5 5 4 2 2 2 1 1 1
9 8 8 6 5 5 4 2 2 1 1 1 1 1
9 8 8 6 5 5 3 3 3 3 1
9 8 8 6 5 5 3 3 3 2 2
9 8 8 6 5 5 3 3 3 2 1 1
9 8 8 6 5 5 3 3 3 1 1 1 1
9 8 8 6 5 5 3 3 2 2 2 1
9 8 8 6 5 5 3 3 2 2 1 1 1
9 8 8 6 5 5 3 3 2 1 1 1 1 1
9 8 8 6 5 5 3 2 2 2 2 2
9 8 8 6 5 5 3 2 2 2 2 1 1
9 8 8 6 5 5 3 2 2 2 1 1 1 1
9 8 8 6 5 5 3 2 2 1 1 1 1 1 1
9 8 8 6 5 4 4 4 4 1 1
9 8 8 6 5 4 4 4 3 2 1
9 8 8 6 5 4 4 4 3 1 1 1
9 8 8 6 5 4 4 4 2 2 2
9 8 8 6 5 4 4 4 2 2 1 1
9 8 8 6 5 4 4 4 2 1 1 1 1
9 8 8 6 5 4 4 3 3 3 1
9 8 8 6 5 4 4 3 3 2 2
9 8 8 6 5 4 4 3 3 2 1 1
9 8 8 6 5 4 4 3 3 1 1 1 1
9 8 8 6 5 4 4 3 2 2 2 1
9 8 8 6 5 4 4 3 2 2 1 1 1
9 8 8 6 5 4 4 3 2 1 1 1 1 1
9 8 8 6 5 4 4 2 2 2 2 2
9 8 8 6 5 4 4 2 2 2 2 1 1
9 8 8 6 5 4 4 2 2 2 1 1 1 1
9 8 8 6 5 4 4 2 2 1 1 1 1 1 1
9 8 8 6 5 4 3 3 3 3 2
9 8 8 6 5 4 3 3 3 3 1 1
9 8 8 6 5 4 3 3 3 2 2 1
9 8 8 6 5 4 3 3 3 2 1 1 1
9 8 8 6 5 4 3 3 3 1 1 1 1 1
9 8 8 6 5 4 3 3 2 2 2 2
9 8 8 6 5 4 3 3 2 2 2 1 1
9 8 8 6 5 4 3 3 2 2 1 1 1 1
9 8 8 6 5 4 3 3 2 1 1 1 1 1 1
9 8 8 6 5 4 3 2 2 2 2 2 1
9 8 8 6 5 4 3 2 2 2 2 1 1 1
9 8 8 6 5 4 3 2 2 2 1 1 1 1 1
9 8 8 6 5 4 3 2 2 1 1 1 1 1 1 1
9 8 8 6 5 3 3 3 3 3 3
9 8 8 6 5 3 3 3 3 3 2 1
9 8 8 6 5 3 3 3 3 3 1 1 1
9 8 8 6 5 3 3 3 3 2 2 2
9 8 8 6 5 3 3 3 3 2 2 1 1
9 8 8 6 5 3 3 3 3 2 1 1 1 1
9 8 8 6 5 3 3 3 3 1 1 1 1 1 1
9 8 8 6 5 3 3 3 2 2 2 2 1
9 8 8 6 5 3 3 3 2 2 2 1 1 1
9 8 8 6 5 3 3 3 2 2 1 1 1 1 1
9 8 8 6 5 3 3 3 2 1 1 1 1 1 1 1
9 8 8 6 5 3 3 2 2 2 2 2 2
9 8 8 6 5 3 3 2 2 2 2 2 1 1
9 8 8 6 5 3 3 2 2 2 2 1 1 1 1
9 8 8 6 5 3 3 2 2 2 1 1 1 1 1 1
9 8 8 6 4 4 4 4 4 2 1
9 8 8 6 4 4 4 4 4 1 1 1
9 8 8 6 4 4 4 4 3 3 1
9 8 8 6 4 4 4 4 3 2 2
9 8 8 6 4 4 4 4 3 2 1 1
9 8 8 6 4 4 4 4 3 1 1 1 1
9 8 8 6 4 4 4 4 2 2 2 1
9 8 8 6 4 4 4 4 2 2 1 1 1
9 8 8 6 4 4 4 4 2 1 1 1 1 1
9 8 8 6 4 4 4 3 3 3 2
9 8 8 6 4 4 4 3 3 3 1 1
9 8 8 6 4 4 4 3 3 2 2 1
9 8 8 6 4 4 4 3 3 2 1 1 1
9 8 8 6 4 4 4 3 3 1 1 1 1 1
9 8 8 6 4 4 4 3 2 2 2 2
9 8 8 6 4 4 4 3 2 2 2 1 1
9 8 8 6 4 4 4 3 2 2 1 1 1 1
9 8 8 6 4 4 4 3 2 1 1 1 1 1 1
9 8 8 6 4 4 4 2 2 2 2 2 1
9 8 8 6 4 4 4 2 2 2 2 1 1 1
9 8 8 6 4 4 4 2 2 2 1 1 1 1 1
9 8 8 6 4 4 4 2 2 1 1 1 1 1 1 1
9 8 8 6 4 4 3 3 3 3 3
9 8 8 6 4 4 3 3 3 3 2 1
9 8 8 6 4 4 3 3 3 3 1 1 1
9 8 8 6 4 4 3 3 3 2 2 2
9 8 8 6 4 4 3 3 3 2 2 1 1
9 8 8 6 4 4 3 3 3 2 1 1 1 1
9 8 8 6 4 4 3 3 3 1 1 1 1 1 1
9 8 8 6 4 4 3 3 2 2 2 2 1
9 8 8 6 4 4 3 3 2 2 2 1 1 1
9 8 8 6 4 4 3 3 2 2 1 1 1 1 1
9 8 8 6 4 4 3 3 2 1 1 1 1 1 1 1
9 8 8 6 4 4 3 2 2 2 2 2 2
9 8 8 6 4 4 3 2 2 2 2 2 1 1
9 8 8 6 4 4 3 2 2 2 2 1 1 1 1
9 8 8 6 4 4 3 2 2 2 1 1 1 1 1 1
9 8 8 6 4 3 3 3 3 3 3 1
9 8 8 6 4 3 3 3 3 3 2 2
9 8 8 6 4 3 3 3 3 3 2 1 1
9 8 8 6 4 3 3 3 3 3 1 1 1 1
9 8 8 6 4 3 3 3 3 2 2 2 1
9 8 8 6 4 3 3 3 3 2 2 1 1 1
9 8 8 6 4 3 3 3 3 2 1 1 1 1 1
9 8 8 6 4 3 3 3 3 1 1 1 1 1 1 1
9 8 8 6 4 3 3 3 2 2 2 2 2
9 8 8 6 4 3 3 3 2 2 2 2 1 1
9 8 8 6 4 3 3 3 2 2 2 1 1 1 1
9 8 8 6 4 3 3 3 2 2 1 1 1 1 1 1
9 8 8 6 4 3 3 2 2 2 2 2 2 1
9 8 8 6 4 3 3 2 2 2 2 2 1 1 1
9 8 8 6 4 3 3 2 2 2 2 1 1 1 1 1
9 8 8 5 5 5 5 5 2 1 1
9 8 8 5 5 5 5 4 3 1 1
9 8 8 5 5 5 5 4 2 2 1
9 8 8 5 5 5 5 4 2 1 1 1
9 8 8 5 5 5 5 3 3 2 1
9 8 8 5 5 5 5 3 3 1 1 1
9 8 8 5 5 5 5 3 2 2 2
9 8 8 5 5 5 5 3 2 2 1 1
9 8 8 5 5 5 5 3 2 1 1 1 1
9 8 8 5 5 5 5 2 2 2 2 1
9 8 8 5 5 5 5 2 2 2 1 1 1
9 8 8 5 5 5 5 2 2 1 1 1 1 1
9 8 8 5 5 5 4 4 4 1 1
9 8 8 5 5 5 4 4 3 2 1
9 8 8 5 5 5 4 4 3 1 1 1
9 8 8 5 5 5 4 4 2 2 2
9 8 8 5 5 5 4 4 2 2 1 1
9 8 8 5 5 5 4 4 2 1 1 1 1
9 8 8 5 5 5 4 3 3 3 1
9 8 8 5 5 5 4 3 3 2 2
9 8 8 5 5 5 4 3 3 2 1 1
9 8 8 5 5 5 4 3 3 1 1 1 1
9 8 8 5 5 5 4 3 2 2 2 1
9 8 8 5 5 5 4 3 2 2 1 1 1
9 8 8 5 5 5 4 3 2 1 1 1 1 1
9 8 8 5 5 5 4 2 2 2 2 2
9 8 8 5 5 5 4 2 2 2 2 1 1
9 8 8 5 5 5 4 2 2 2 1 1 1 1
9 8 8 5 5 5 4 2 2 1 1 1 1 1 1
9 8 8 5 5 5 3 3 3 3 2
9 8 8 5 5 5 3 3 3 3 1 1
9 8 8 5 5 5 3 3 3 2 2 1
9 8 8 5 5 5 3 3 3 2 1 1 1
9 8 8 5 5 5 3 3 3 1 1 1 1 1
9 8 8 5 5 5 3 3 2 2 2 2
9 8 8 5 5 5 3 3 2 2 2 1 1
9 8 8 5 5 5 3 3 2 2 1 1 1 1
9 8 8 5 5 5 3 3 2 1 1 1 1 1 1
9 8 8 5 5 5 3 2 2 2 2 2 1
9 8 8 5 5 5 3 2 2 2 2 1 1 1
9 8 8 5 5 5 3 2 2 2 1 1 1 1 1
9 8 8 5 5 5 3 2 2 1 1 1 1 1 1 1
9 8 8 5 5 4 4 4 4 2 1
9 8 8 5 5 4 4 4 4 1 1 1
9 8 8 5 5 4 4 4 3 3 1
9 8 8 5 5 4 4 4 3 2 2
9 8 8 5 5 4 4 4 3 2 1 1
9 8 8 5 5 4 4 4 3 1 1 1 1
9 8 8 5 5 4 4 4 2 2 2 1
9 8 8 5 5 4 4 4 2 2 1 1 1
9 8 8 5 5 4 4 4 2 1 1 1 1 1
9 8 8 5 5 4 4 3 3 3 2
9 8 8 5 5 4 4 3 3 3 1 1
9 8 8 5 5 4 4 3 3 2 2 1
9 8 8 5 5 4 4 3 3 2 1 1 1
9 8 8 5 5 4 4 3 3 1 1 1 1 1
9 8 8 5 5 4 4 3 2 2 2 2
9 8 8 5 5 4 4 3 2 2 2 1 1
9 8 8 5 5 4 4 3 2 2 1 1 1 1
9 8 8 5 5 4 4 3 2 1 1 1 1 1 1
9 8 8 5 5 4 4 2 2 2 2 2 1
9 8 8 5 5 4 4 2 2 2 2 1 1 1
9 8 8 5 5 4 4 2 2 2 1 1 1 1 1
9 8 8 5 5 4 4 2 2 1 1 1 1 1 1 1
9 8 8 5 5 4 3 3 3 3 3
9 8 8 5 5 4 3 3 3 3 2 1
9 8 8 5 5 4 3 3 3 3 1 1 1
9 8 8 5 5 4 3 3 3 2 2 2
9 8 8 5 5 4 3 3 3 2 2 1 1
9 8 8 5 5 4 3 3 3 2 1 1 1 1
9 8 8 5 5 4 3 3 3 1 1 1 1 1 1
9 8 8 5 5 4 3 3 2 2 2 2 1
9 8 8 5 5 4 3 3 2 2 2 1 1 1
9 8 8 5 5 4 3 3 2 2 1 1 1 1 1
9 8 8 5 5 4 3 3 2 1 1 1 1 1 1 1
9 8 8 5 5 4 3 2 2 2 2 2 2
9 8 8 5 5 4 3 2 2 2 2 2 1 1
9 8 8 5 5 4 3 2 2 2 2 1 1 1 1
9 8 8 5 5 4 3 2 2 2 1 1 1 1 1 1
9 8 8 5 5 3 3 3 3 3 3 1
9 8 8 5 5 3 3 3 3 3 2 2
9 8 8 5 5 3 3 3 3 3 2 1 1
9 8 8 5 5 3 3 3 3 3 1 1 1 1
9 8 8 5 5 3 3 3 3 2 2 2 1
9 8 8 5 5 3 3 3 3 2 2 1 1 1
9 8 8 5 5 3 3 3 3 2 1 1 1 1 1
9 8 8 5 5 3 3 3 3 1 1 1 1 1 1 1
9 8 8 5 5 3 3 3 2 2 2 2 2
9 8 8 5 5 3 3 3 2 2 2 2 1 1
9 8 8 5 5 3 3 3 2 2 2 1 1 1 1
9 8 8 5 5 3 3 3 2 2 1 1 1 1 1 1
9 8 8 5 5 3 3 2 2 2 2 2 2 1
9 8 8 5 5 3 3 2 2 2 2 2 1 1 1
9 8 8 5 5 3 3 2 2 2 2 1 1 1 1 1
9 8 8 5 4 4 4 4 4 3 1
9 8 8 5 4 4 4 4 4 2 2
9 8 8 5 4 4 4 4 4 2 1 1
9 8 8 5 4 4 4 4 4 1 1 1 1
9 8 8 5 4 4 4 4 3 3 2
9 8 8 5 4 4 4 4 3 3 1 1
9 8 8 5 4 4 4 4 3 2 2 1
9 8 8 5 4 4 4 4 3 2 1 1 1
9 8 8 5 4 4 4 4 3 1 1 1 1 1
9 8 8 5 4 4 4 4 2 2 2 2
9 8 8 5 4 4 4 4 2 2 2 1 1
9 8 8 5 4 4 4 4 2 2 1 1 1 1
9 8 8 5 4 4 4 4 2 1 1 1 1 1 1
9 8 8 5 4 4 4 3 3 3 3
9 8 8 5 4 4 4 3 3 3 2 1
9 8 8 5 4 4 4 3 3 3 1 1 1
9 8 8 5 4 4 4 3 3 2 2 2
9 8 8 5 4 4 4 3 3 2 2 1 1
9 8 8 5 4 4 4 3 3 2 1 1 1 1
9 8 8 5 4 4 4 3 3 1 1 1 1 1 1
9 8 8 5 4 4 4 3 2 2 2 2 1
9 8 8 5 4 4 4 3 2 2 2 1 1 1
9 8 8 5 4 4 4 3 2 2 1 1 1 1 1
9 8 8 5 4 4 4 3 2 1 1 1 1 1 1 1
9 8 8 5 4 4 4 2 2 2 2 2 2
9 8 8 5 4 4 4 2 2 2 2 2 1 1
9 8 8 5 4 4 4 2 2 2 2 1 1 1 1
9 8 8 5 4 4 4 2 2 2 1 1 1 1 1 1
9 8 8 5 4 4 3 3 3 3 3 1
9 8 8 5 4 4 3 3 3 3 2 2
9 8 8 5 4 4 3 3 3 3 2 1 1
9 8 8 5 4 4 3 3 3 3 1 1 1 1
9 8 8 5 4 4 3 3 3 2 2 2 1
9 8 8 5 4 4 3 3 3 2 2 1 1 1
9 8 8 5 4 4 3 3 3 2 1 1 1 1 1
9 8 8 5 4 4 3 3 3 1 1 1 1 1 1 1
9 8 8 5 4 4 3 3 2 2 2 2 2
9 8 8 5 4 4 3 3 2 2 2 2 1 1
9 8 8 5 4 4 3 3 2 2 2 1 1 1 1
9 8 8 5 4 4 3 3 2 2 1 1 1 1 1 1
9 8 8 5 4 4 3 2 2 2 2 2 2 1
9 8 8 5 4 4 3 2 2 2 2 2 1 1 1
9 8 8 5 4 4 3 2 2 2 2 1 1 1 1 1
9 8 8 5 4 3 3 3 3 3 3 2
9 8 8 5 4 3 3 3 3 3 3 1 1
9 8 8 5 4 3 3 3 3 3 2 2 1
9 8 8 5 4 3 3 3 3 3 2 1 1 1
9 8 8 5 4 3 3 3 3 3 1 1 1 1 1
9 8 8 5 4 3 3 3 3 2 2 2 2
9 8 8 5 4 3 3 3 3 2 2 2 1 1
9 8 8 5 4 3 3 3 3 2 2 1 1 1 1
9 8 8 5 4 3 3 3 3 2 1 1 1 1 1 1
9 8 8 5 4 3 3 3 2 2 2 2 2 1
9 8 8 5 4 3 3 3 2 2 2 2 1 1 1
9 8 8 5 4 3 3 3 2 2 2 1 1 1 1 1
9 8 8 5 4 3 3 2 2 2 2 2 2 2
9 8 8 5 4 3 3 2 2 2 2 2 2 1 1
9 8 8 5 4 3 3 2 2 2 2 2 1 1 1 1
9 8 8 4 4 4 4 4 4 4 1
9 8 8 4 4 4 4 4 4 3 2
9 8 8 4 4 4 4 4 4 3 1 1
9 8 8 4 4 4 4 4 4 2 2 1
9 8 8 4 4 4 4 4 4 2 1 1 1
9 8 8 4 4 4 4 4 4 1 1 1 1 1
9 8 8 4 4 4 4 4 3 3 3
9 8 8 4 4 4 4 4 3 3 2 1
9 8 8 4 4 4 4 4 3 3 1 1 1
9 8 8 4 4 4 4 4 3 2 2 2
9 8 8 4 4 4 4 4 3 2 2 1 1
9 8 8 4 4 4 4 4 3 2 1 1 1 1
9 8 8 4 4 4 4 4 3 1 1 1 1 1 1
9 8 8 4 4 4 4 4 2 2 2 2 1
9 8 8 4 4 4 4 4 2 2 2 1 1 1
9 8 8 4 4 4 4 4 2 2 1 1 1 1 1
9 8 8 4 4 4 4 4 2 1 1 1 1 1 1 1
9 8 8 4 4 4 4 3 3 3 3 1
9 8 8 4 4 4 4 3 3 3 2 2
9 8 8 4 4 4 4 3 3 3 2 1 1
9 8 8 4 4 4 4 3 3 3 1 1 1 1
9 8 8 4 4 4 4 3 3 2 2 2 1
9 8 8 4 4 4 4 3 3 2 2 1 1 1
9 8 8 4 4 4 4 3 3 2 1 1 1 1 1
9 8 8 4 4 4 4 3 3 1 1 1 1 1 1 1
9 8 8 4 4 4 4 3 2 2 2 2 2
9 8 8 4 4 4 4 3 2 2 2 2 1 1
9 8 8 4 4 4 4 3 2 2 2 1 1 1 1
9 8 8 4 4 4 4 3 2 2 1 1 1 1 1 1
9 8 8 4 4 4 4 2 2 2 2 2 2 1
9 8 8 4 4 4 4 2 2 2 2 2 1 1 1
9 8 8 4 4 4 4 2 2 2 2 1 1 1 1 1
9 8 8 4 4 4 3 3 3 3 3 2
9 8 8 4 4 4 3 3 3 3 3 1 1
9 8 8 4 4 4 3 3 3 3 2 2 1
9 8 8 4 4 4 3 3 3 3 2 1 1 1
9 8 8 4 4 4 3 3 3 3 1 1 1 1 1
9 8 8 4 4 4 3 3 3 2 2 2 2
9 8 8 4 4 4 3 3 3 2 2 2 1 1
9 8 8 4 4 4 3 3 3 2 2 1 1 1 1
9 8 8 4 4 4 3 3 3 2 1 1 1 1 1 1
9 8 8 4 4 4 3 3 2 2 2 2 2 1
9 8 8 4 4 4 3 3 2 2 2 2 1 1 1
9 8 8 4 4 4 3 3 2 2 2 1 1 1 1 1
9 8 8 4 4 4 3 2 2 2 2 2 2 2
9 8 8 4 4 4 3 2 2 2 2 2 2 1 1
9 8 8 4 4 4 3 2 2 2 2 2 1 1 1 1
9 8 8 4 4 3 3 3 3 3 3 3
9 8 8 4 4 3 3 3 3 3 3 2 1
9 8 8 4 4 3 3 3 3 3 3 1 1 1
9 8 8 4 4 3 3 3 3 3 2 2 2
9 8 8 4 4 3 3 3 3 3 2 2 1 1
9 8 8 4 4 3 3 3 3 3 2 1 1 1 1
9 8 8 4 4 3 3 3 3 3 1 1 1 1 1 1
9 8 8 4 4 3 3 3 3 2 2 2 2 1
9 8 8 4 4 3 3 3 3 2 2 2 1 1 1
9 8 8 4 4 3 3 3 3 2 2 1 1 1 1 1
9 8 8 4 4 3 3 3 2 2 2 2 2 2
9 8 8 4 4 3 3 3 2 2 2 2 2 1 1
9 8 8 4 4 3 3 3 2 2 2 2 1 1 1 1
9 8 7 7 7 5 4 3 2 1 1
9 8 7 7 7 5 4 2 2 2 1
9 8 7 7 7 5 4 2 2 1 1 1
9 8 7 7 7 5 3 3 3 1 1
9 8 7 7 7 5 3 3 2 2 1
9 8 7 7 7 5 3 3 2 1 1 1
9 8 7 7 7 5 3 2 2 2 2
9 8 7 7 7 5 3 2 2 2 1 1
9 8 7 7 7 5 3 2 2 1 1 1 1
9 8 7 7 7 4 4 4 2 1 1
9 8 7 7 7 4 4 3 3 1 1
9 8 7 7 7 4 4 3 2 2 1
9 8 7 7 7 4 4 3 2 1 1 1
9 8 7 7 7 4 4 2 2 2 2
9 8 7 7 7 4 4 2 2 2 1 1
9 8 7 7 7 4 4 2 2 1 1 1 1
9 8 7 7 7 4 3 3 3 2 1
9 8 7 7 7 4 3 3 3 1 1 1
9 8 7 7 7 4 3 3 2 2 2
9 8 7 7 7 4 3 3 2 2 1 1
9 8 7 7 7 4 3 3 2 1 1 1 1
9 8 7 7 7 4 3 2 2 2 2 1
9 8 7 7 7 4 3 2 2 2 1 1 1
9 8 7 7 7 4 3 2 2 1 1 1 1 1
9 8 7 7 7 3 3 3 3 3 1
9 8 7 7 7 3 3 3 3 2 2
9 8 7 7 7 3 3 3 3 2 1 1
9 8 7 7 7 3 3 3 3 1 1 1 1
9 8 7 7 7 3 3 3 2 2 2 1
9 8 7 7 7 3 3 3 2 2 1 1 1
9 8 7 7 7 3 3 3 2 1 1 1 1 1
9 8 7 7 7 3 3 2 2 2 2 2
9 8 7 7 7 3 3 2 2 2 2 1 1
9 8 7 7 7 3 3 2 2 2 1 1 1 1
9 8 7 7 6 6 4 3 2 1 1
9 8 7 7 6 6 4 2 2 2 1
9 8 7 7 6 6 4 2 2 1 1 1
9 8 7 7 6 6 3 3 3 1 1
9 8 7 7 6 6 3 3 2 2 1
9 8 7 7 6 6 3 3 2 1 1 1
9 8 7 7 6 6 3 2 2 2 2
9 8 7 7 6 6 3 2 2 2 1 1
9 8 7 7 6 6 3 2 2 1 1 1 1
9 8 7 7 6 5 5 3 2 1 1
9 8 7 7 6 5 5 2 2 2 1
9 8 7 7 6 5 5 2 2 1 1 1
9 8 7 7 6 5 4 4 2 1 1
9 8 7 7 6 5 4 3 3 1 1
9 8 7 7 6 5 4 3 2 2 1
9 8 7 7 6 5 4 3 2 1 1 1
9 8 7 7 6 5 4 2 2 2 2
9 8 7 7 6 5 4 2 2 2 1 1
9 8 7 7 6 5 4 2 2 1 1 1 1
9 8 7 7 6 5 3 3 3 2 1
9 8 7 7 6 5 3 3 3 1 1 1
9 8 7 7 6 5 3 3 2 2 2
9 8 7 7 6 5 3 3 2 2 1 1
9 8 7 7 6 5 3 3 2 1 1 1 1
9 8 7 7 6 5 3 2 2 2 2 1
9 8 7 7 6 5 3 2 2 2 1 1 1
9 8 7 7 6 5 3 2 2 1 1 1 1 1
9 8 7 7 6 4 4 4 3 1 1
9 8 7 7 6 4 4 4 2 2 1
9 8 7 7 6 4 4 4 2 1 1 1
9 8 7 7 6 4 4 3 3 2 1
9 8 7 7 6 4 4 3 3 1 1 1
9 8 7 7 6 4 4 3 2 2 2
9 8 7 7 6 4 4 3 2 2 1 1
9 8 7 7 6 4 4 3 2 1 1 1 1
9 8 7 7 6 4 4 2 2 2 2 1
9 8 7 7 6 4 4 2 2 2 1 1 1
9 8 7 7 6 4 4 2 2 1 1 1 1 1
9 8 7 7 6 4 3 3 3 3 1
9 8 7 7 6 4 3 3 3 2 2
9 8 7 7 6 4 3 3 3 2 1 1
9 8 7 7 6 4 3 3 3 1 1 1 1
9 8 7 7 6 4 3 3 2 2 2 1
9 8 7 7 6 4 3 3 2 2 1 1 1
9 8 7 7 6 4 3 3 2 1 1 1 1 1
9 8 7 7 6 4 3 2 2 2 2 2
9 8 7 7 6 4 3 2 2 2 2 1 1
9 8 7 7 6 4 3 2 2 2 1 1 1 1
9 8 7 7 6 4 3 2 2 1 1 1 1 1 1
9 8 7 7 6 3 3 3 3 3 2
9 8 7 7 6 3 3 3 3 3 1 1
9 8 7 7 6 3 3 3 3 2 2 1
9 8 7 7 6 3 3 3 3 2 1 1 1
9 8 7 7 6 3 3 3 3 1 1 1 1 1
9 8 7 7 6 3 3 3 2 2 2 2
9 8 7 7 6 3 3 3 2 2 2 1 1
9 8 7 7 6 3 3 3 2 2 1 1 1 1
9 8 7 7 6 3 3 3 2 1 1 1 1 1 1
9 8 7 7 6 3 3 2 2 2 2 2 1
9 8 7 7 6 3 3 2 2 2 2 1 1 1
9 8 7 7 6 3 3 2 2 2 1 1 1 1 1
9 8 7 7 5 5 5 4 2 1 1
9 8 7 7 5 5 5 3 3 1 1
9 8 7 7 5 5 5 3 2 2 1
9 8 7 7 5 5 5 3 2 1 1 1
9 8 7 7 5 5 5 2 2 2 2
9 8 7 7 5 5 5 2 2 2 1 1
9 8 7 7 5 5 5 2 2 1 1 1 1
9 8 7 7 5 5 4 4 3 1 1
9 8 7 7 5 5 4 4 2 2 1
9 8 7 7 5 5 4 4 2 1 1 1
9 8 7 7 5 5 4 3 3 2 1
9 8 7 7 5 5 4 3 3 1 1 1
9 8 7 7 5 5 4 3 2 2 2
9 8 7 7 5 5 4 3 2 2 1 1
9 8 7 7 5 5 4 3 2 1 1 1 1
9 8 7 7 5 5 4 2 2 2 2 1
9 8 7 7 5 5 4 2 2 2 1 1 1
9 8 7 7 5 5 4 2 2 1 1 1 1 1
9 8 7 7 5 5 3 3 3 3 1
9 8 7 7 5 5 3 3 3 2 2
9 8 7 7 5 5 3 3 3 2 1 1
9 8 7 7 5 5 3 3 3 1 1 1 1
9 8 7 7 5 5 3 3 2 2 2 1
9 8 7 7 5 5 3 3 2 2 1 1 1
9 8 7 7 5 5 3 3 2 1 1 1 1 1
9 8 7 7 5 5 3 2 2 2 2 2
9 8 7 7 5 5 3 2 2 2 2 1 1
9 8 7 7 5 5 3 2 2 2 1 1 1 1
9 8 7 7 5 5 3 2 2 1 1 1 1 1 1
9 8 7 7 5 4 4 4 4 1 1
9 8 7 7 5 4 4 4 3 2 1
9 8 7 7 5 4 4 4 3 1 1 1
9 8 7 7 5 4 4 4 2 2 2
9 8 7 7 5 4 4 4 2 2 1 1
9 8 7 7 5 4 4 4 2 1 1 1 1
9 8 7 7 5 4 4 3 3 3 1
9 8 7 7 5 4 4 3 3 2 2
9 8 7 7 5 4 4 3 3 2 1 1
9 8 7 7 5 4 4 3 3 1 1 1 1
9 8 7 7 5 4 4 3 2 2 2 1
9 8 7 7 5 4 4 3 2 2 1 1 1
9 8 7 7 5 4 4 3 2 1 1 1 1 1
9 8 7 7 5 4 4 2 2 2 2 2
9 8 7 7 5 4 4 2 2 2 2 1 1
9 8 7 7 5 4 4 2 2 2 1 1 1 1
9 8 7 7 5 4 4 2 2 1 1 1 1 1 1
9 8 7 7 5 4 3 3 3 3 2
9 8 7 7 5 4 3 3 3 3 1 1
9 8 7 7 5 4 3 3 3 2 2 1
9 8 7 7 5 4 3 3 3 2 1 1 1
9 8 7 7 5 4 3 3 3 1 1 1 1 1
9 8 7 7 5 4 3 3 2 2 2 2
9 8 7 7 5 4 3 3 2 2 2 1 1
9 8 7 7 5 4 3 3 2 2 1 1 1 1
9 8 7 7 5 4 3 3 2 1 1 1 1 1 1
9 8 7 7 5 4 3 2 2 2 2 2 1
9 8 7 7 5 4 3 2 2 2 2 1 1 1
9 8 7 7 5 4 3 2 2 2 1 1 1 1 1
9 8 7 7 5 4 3 2 2 1 1 1 1 1 1 1
9 8 7 7 5 3 3 3 3 3 3
9 8 7 7 5 3 3 3 3 3 2 1
9 8 7 7 5 3 3 3 3 3 1 1 1
9 8 7 7 5 3 3 3 3 2 2 2
9 8 7 7 5 3 3 3 3 2 2 1 1
9 8 7 7 5 3 3 3 3 2 1 1 1 1
9 8 7 7 5 3 3 3 3 1 1 1 1 1 1
9 8 7 7 5 3 3 3 2 2 2 2 1
9 8 7 7 5 3 3 3 2 2 2 1 1 1
9 8 7 7 5 3 3 3 2 2 1 1 1 1 1
9 8 7 7 5 3 3 3 2 1 1 1 1 1 1 1
9 8 7 7 5 3 3 2 2 2 2 2 2
9 8 7 7 5 3 3 2 2 2 2 2 1 1
9 8 7 7 5 3 3 2 2 2 2 1 1 1 1
9 8 7 7 5 3 3 2 2 2 1 1 1 1 1 1
9 8 7 7 4 4 4 4 4 2 1
9 8 7 7 4 4 4 4 4 1 1 1
9 8 7 7 4 4 4 4 3 3 1
9 8 7 7 4 4 4 4 3 2 2
9 8 7 7 4 4 4 4 3 2 1 1
9 8 7 7 4 4 4 4 3 1 1 1 1
9 8 7 7 4 4 4 4 2 2 2 1
9 8 7 7 4 4 4 4 2 2 1 1 1
9 8 7 7 4 4 4 4 2 1 1 1 1 1
9 8 7 7 4 4 4 3 3 3 2
9 8 7 7 4 4 4 3 3 3 1 1
9 8 7 7 4 4 4 3 3 2 2 1
9 8 7 7 4 4 4 3 3 2 1 1 1
9 8 7 7 4 4 4 3 3 1 1 1 1 1
9 8 7 7 4 4 4 3 2 2 2 2
9 8 7 7 4 4 4 3 2 2 2 1 1
9 8 7 7 4 4 4 3 2 2 1 1 1 1
9 8 7 7 4 4 4 3 2 1 1 1 1 1 1
9 8 7 7 4 4 4 2 2 2 2 2 1
9 8 7 7 4 4 4 2 2 2 2 1 1 1
9 8 7 7 4 4 4 2 2 2 1 1 1 1 1
9 8 7 7 4 4 4 2 2 1 1 1 1 1 1 1
9 8 7 7 4 4 3 3 3 3 3
9 8 7 7 4 4 3 3 3 3 2 1
9 8 7 7 4 4 3 3 3 3 1 1 1
9 8 7 7 4 4 3 3 3 2 2 2
9 8 7 7 4 4 3 3 3 2 2 1 1
9 8 7 7 4 4 3 3 3 2 1 1 1 1
9 8 7 7 4 4 3 3 3 1 1 1 1 1 1
9 8 7 7 4 4 3 3 2 2 2 2 1
9 8 7 7 4 4 3 3 2 2 2 1 1 1
9 8 7 7 4 4 3 3 2 2 1 1 1 1 1
9 8 7 7 4 4 3 3 2 1 1 1 1 1 1 1
9 8 7 7 4 4 3 2 2 2 2 2 2
9 8 7 7 4 4 3 2 2 2 2 2 1 1
9 8 7 7 4 4 3 2 2 2 2 1 1 1 1
9 8 7 7 4 4 3 2 2 2 1 1 1 1 1 1
9 8 7 7 4 3 3 3 3 3 3 1
9 8 7 7 4 3 3 3 3 3 2 2
9 8 7 7 4 3 3 3 3 3 2 1 1
9 8 7 7 4 3 3 3 3 3 1 1 1 1
9 8 7 7 4 3 3 3 3 2 2 2 1
9 8 7 7 4 3 3 3 3 2 2 1 1 1
9 8 7 7 4 3 3 3 3 2 1 1 1 1 1
9 8 7 7 4 3 3 3 3 1 1 1 1 1 1 1
9 8 7 7 4 3 3 3 2 2 2 2 2
9 8 7 7 4 3 3 3 2 2 2 2 1 1
9 8 7 7 4 3 3 3 2 2 2 1 1 1 1
9 8 7 7 4 3 3 3 2 2 1 1 1 1 1 1
9 8 7 7 4 3 3 2 2 2 2 2 2 1
9 8 7 7 4 3 3 2 2 2 2 2 1 1 1
9 8 7 7 4 3 3 2 2 2 2 1 1 1 1 1
9 8 7 6 6 6 5 3 2 1 1
9 8 7 6 6 6 5 2 2 2 1
9 8 7 6 6 6 5 2 2 1 1 1
9 8 7 6 6 6 4 4 2 1 1
9 8 7 6 6 6 4 3 3 1 1
9 8 7 6 6 6 4 3 2 2 1
9 8 7 6 6 6 4 3 2 1 1 1
9 8 7 6 6 6 4 2 2 2 2
9 8 7 6 6 6 4 2 2 2 1 1
9 8 7 6 6 6 4 2 2 1 1 1 1
9 8 7 6 6 6 3 3 3 2 1
9 8 7 6 6 6 3 3 3 1 1 1
9 8 7 6 6 6 3 3 2 2 2
9 8 7 6 6 6 3 3 2 2 1 1
9 8 7 6 6 6 3 3 2 1 1 1 1
9 8 7 6 6 6 3 2 2 2 2 1
9 8 7 6 6 6 3 2 2 2 1 1 1
9 8 7 6 6 6 3 2 2 1 1 1 1 1
9 8 7 6 6 5 5 4 2 1 1
9 8 7 6 6 5 5 3 3 1 1
9 8 7 6 6 5 5 3 2 2 1
9 8 7 6 6 5 5 3 2 1 1 1
9 8 7 6 6 5 5 2 2 2 2
9 8 7 6 6 5 5 2 2 2 1 1
9 8 7 6 6 5 5 2 2 1 1 1 1
9 8 7 6 6 5 4 4 3 1 1
9 8 7 6 6 5 4 4 2 2 1
9 8 7 6 6 5 4 4 2 1 1 1
9 8 7 6 6 5 4 3 3 2 1
9 8 7 6 6 5 4 3 3 1 1 1
9 8 7 6 6 5 4 3 2 2 2
9 8 7 6 6 5 4 3 2 2 1 1
9 8 7 6 6 5 4 3 2 1 1 1 1
9 8 7 6 6 5 4 2 2 2 2 1
9 8 7 6 6 5 4 2 2 2 1 1 1
9 8 7 6 6 5 4 2 2 1 1 1 1 1
9 8 7 6 6 5 3 3 3 3 1
9 8 7 6 6 5 3 3 3 2 2
9 8 7 6 6 5 3 3 3 2 1 1
9 8 7 6 6 5 3 3 3 1 1 1 1
9 8 7 6 6 5 3 3 2 2 2 1
9 8 7 6 6 5 3 3 2 2 1 1 1
9 8 7 6 6 5 3 3 2 1 1 1 1 1
9 8 7 6 6 5 3 2 2 2 2 2
9 8 7 6 6 5 3 2 2 2 2 1 1
9 8 7 6 6 5 3 2 2 2 1 1 1 1
9 8 7 6 6 5 3 2 2 1 1 1 1 1 1
9 8 7 6 6 4 4 4 4 1 1
9 8 7 6 6 4 4 4 3 2 1
9 8 7 6 6 4 4 4 3 1 1 1
9 8 7 6 6 4 4 4 2 2 2
9 8 7 6 6 4 4 4 2 2 1 1
9 8 7 6 6 4 4 4 2 1 1 1 1
9 8 7 6 6 4 4 3 3 3 1
9 8 7 6 6 4 4 3 3 2 2
9 8 7 6 6 4 4 3 3 2 1 1
9 8 7 6 6 4 4 3 3 1 1 1 1
9 8 7 6 6 4 4 3 2 2 2 1
9 8 7 6 6 4 4 3 2 2 1 1 1
9 8 7 6 6 4 4 3 2 1 1 1 1 1
9 8 7 6 6 4 4 2 2 2 2 2
9 8 7 6 6 4 4 2 2 2 2 1 1
9 8 7 6 6 4 4 2 2 2 1 1 1 1
9 8 7 6 6 4 4 2 2 1 1 1 1 1 1
9 8 7 6 6 4 3 3 3 3 2
9 8 7 6 6 4 3 3 3 3 1 1
9 8 7 6 6 4 3 3 3 2 2 1
9 8 7 6 6 4 3 3 3 2 1 1 1
9 8 7 6 6 4 3 3 3 1 1 1 1 1
9 8 7 6 6 4 3 3 2 2 2 2
9 8 7 6 6 4 3 3 2 2 2 1 1
9 8 7 6 6 4 3 3 2 2 1 1 1 1
9 8 7 6 6 4 3 3 2 1 1 1 1 1 1
9 8 7 6 6 4 3 2 2 2 2 2 1
9 8 7 6 6 4 3 2 2 2 2 1 1 1
9 8 7 6 6 4 3 2 2 2 1 1 1 1 1
9 8 7 6 6 4 3 2 2 1 1 1 1 1 1 1
9 8 7 6 6 3 3 3 3 3 3
9 8 7 6 6 3 3 3 3 3 2 1
9 8 7 6 6 3 3 3 3 3 1 1 1
9 8 7 6 6 3 3 3 3 2 2 2
9 8 7 6 6 3 3 3 3 2 2 1 1
9 8 7 6 6 3 3 3 3 2 1 1 1 1
9 8 7 6 6 3 3 3 3 1 1 1 1 1 1
9 8 7 6 6 3 3 3 2 2 2 2 1
9 8 7 6 6 3 3 3 2 2 2 1 1 1
9 8 7 6 6 3 3 3 2 2 1 1 1 1 1
9 8 7 6 6 3 3 3 2 1 1 1 1 1 1 1
9 8 7 6 6 3 3 2 2 2 2 2 2
9 8 7 6 6 3 3 2 2 2 2 2 1 1
9 8 7 6 6 3 3 2 2 2 2 1 1 1 1
9 8 7 6 6 3 3 2 2 2 1 1 1 1 1 1
9 8 7 6 5 5 5 5 2 1 1
9 8 7 6 5 5 5 4 3 1 1
9 8 7 6 5 5 5 4 2 2 1
9 8 7 6 5 5 5 4 2 1 1 1
9 8 7 6 5 5 5 3 3 2 1
9 8 7 6 5 5 5 3 3 1 1 1
9 8 7 6 5 5 5 3 2 2 2
9 8 7 6 5 5 5 3 2 2 1 1
9 8 7 6 5 5 5 3 2 1 1 1 1
9 8 7 6 5 5 5 2 2 2 2 1
9 8 7 6 5 5 5 2 2 2 1 1 1
9 8 7 6 5 5 5 2 2 1 1 1 1 1
9 8 7 6 5 5 4 4 4 1 1
9 8 7 6 5 5 4 4 3 2 1
9 8 7 6 5 5 4 4 3 1 1 1
9 8 7 6 5 5 4 4 2 2 2
9 8 7 6 5 5 4 4 2 2 1 1
9 8 7 6 5 5 4 4 2 1 1 1 1
9 8 7 6 5 5 4 3 3 3 1
9 8 7 6 5 5 4 3 3 2 2
9 8 7 6 5 5 4 3 3 2 1 1
9 8 7 6 5 5 4 3 3 1 1 1 1
9 8 7 6 5 5 4 3 2 2 2 1
9 8 7 6 5 5 4 3 2 2 1 1 1
9 8 7 6 5 5 4 3 2 1 1 1 1 1
9 8 7 6 5 5 4 2 2 2 2 2
9 8 7 6 5 5 4 2 2 2 2 1 1
9 8 7 6 5 5 4 2 2 2 1 1 1 1
9 8 7 6 5 5 4 2 2 1 1 1 1 1 1
9 8 7 6 5 5 3 3 3 3 2
9 8 7 6 5 5 3 3 3 3 1 1
9 8 7 6 5 5 3 3 3 2 2 1
9 8 7 6 5 5 3 3 3 2 1 1 1
9 8 7 6 5 5 3 3 3 1 1 1 1 1
9 8 7 6 5 5 3 3 2 2 2 2
9 8 7 6 5 5 3 3 2 2 2 1 1
9 8 7 6 5 5 3 3 2 2 1 1 1 1
9 8 7 6 5 5 3 3 2 1 1 1 1 1 1
9 8 7 6 5 5 3 2 2 2 2 2 1
9 8 7 6 5 5 3 2 2 2 2 1 1 1
9 8 7 6 5 5 3 2 2 2 1 1 1 1 1
9 8 7 6 5 5 3 2 2 1 1 1 1 1 1 1
9 8 7 6 5 4 4 4 4 2 1
9 8 7 6 5 4 4 4 4 1 1 1
9 8 7 6 5 4 4 4 3 3 1
9 8 7 6 5 4 4 4 3 2 2
9 8 7 6 5 4 4 4 3 2 1 1
9 8 7 6 5 4 4 4 3 1 1 1 1
9 8 7 6 5 4 4 4 2 2 2 1
9 8 7 6 5 4 4 4 2 2 1 1 1
9 8 7 6 5 4 4 4 2 1 1 1 1 1
9 8 7 6 5 4 4 3 3 3 2
9 8 7 6 5 4 4 3 3 3 1 1
9 8 7 6 5 4 4 3 3 2 2 1
9 8 7 6 5 4 4 3 3 2 1 1 1
9 8 7 6 5 4 4 3 3 1 1 1 1 1
9 8 7 6 5 4 4 3 2 2 2 2
9 8 7 6 5 4 4 3 2 2 2 1 1
9 8 7 6 5 4 4 3 2 2 1 1 1 1
9 8 7 6 5 4 4 3 2 1 1 1 1 1 1
9 8 7 6 5 4 4 2 2 2 2 2 1
9 8 7 6 5 4 4 2 2 2 2 1 1 1
9 8 7 6 5 4 4 2 2 2 1 1 1 1 1
9 8 7 6 5 4 4 2 2 1 1 1 1 1 1 1
9 8 7 6 5 4 3 3 3 3 3
9 8 7 6 5 4 3 3 3 3 2 1
9 8 7 6 5 4 3 3 3 3 1 1 1
9 8 7 6 5 4 3 3 3 2 2 2
9 8 7 6 5 4 3 3 3 2 2 1 1
9 8 7 6 5 4 3 3 3 2 1 1 1 1
9 8 7 6 5 4 3 3 3 1 1 1 1 1 1
9 8 7 6 5 4 3 3 2 2 2 2 1
9 8 7 6 5 4 3 3 2 2 2 1 1 1
9 8 7 6 5 4 3 3 2 2 1 1 1 1 1
9 8 7 6 5 4 3 3 2 1 1 1 1 1 1 1
9 8 7 6 5 4 3 2 2 2 2 2 2
9 8 7 6 5 4 3 2 2 2 2 2 1 1
9 8 7 6 5 4 3 2 2 2 2 1 1 1 1
9 8 7 6 5 4 3 2 2 2 1 1 1 1 1 1
9 8 7 6 5 4 3 2 2 1 1 1 1 1 1 1 1
9 8 7 6 5 3 3 3 3 3 3 1
9 8 7 6 5 3 3 3 3 3 2 2
9 8 7 6 5 3 3 3 3 3 2 1 1
9 8 7 6 5 3 3 3 3 3 1 1 1 1
9 8 7 6 5 3 3 3 3 2 2 2 1
9 8 7 6 5 3 3 3 3 2 2 1 1 1
9 8 7 6 5 3 3 3 3 2 1 1 1 1 1
9 8 7 6 5 3 3 3 3 1 1 1 1 1 1 1
9 8 7 6 5 3 3 3 2 2 2 2 2
9 8 7 6 5 3 3 3 2 2 2 2 1 1
9 8 7 6 5 3 3 3 2 2 2 1 1 1 1
9 8 7 6 5 3 3 3 2 2 1 1 1 1 1 1
9 8 7 6 5 3 3 3 2 1 1 1 1 1 1 1 1
9 8 7 6 5 3 3 2 2 2 2 2 2 1
9 8 7 6 5 3 3 2 2 2 2 2 1 1 1
9 8 7 6 5 3 3 2 2 2 2 1 1 1 1 1
9 8 7 6 5 3 3 2 2 2 1 1 1 1 1 1 1
9 8 7 6 4 4 4 4 4 3 1
9 8 7 6 4 4 4 4 4 2 2
9 8 7 6 4 4 4 4 4 2 1 1
9 8 7 6 4 4 4 4 4 1 1 1 1
9 8 7 6 4 4 4 4 3 3 2
9 8 7 6 4 4 4 4 3 3 1 1
9 8 7 6 4 4 4 4 3 2 2 1
9 8 7 6 4 4 4 4 3 2 1 1 1
9 8 7 6 4 4 4 4 3 1 1 1 1 1
9 8 7 6 4 4 4 4 2 2 2 2
9 8 7 6 4 4 4 4 2 2 2 1 1
9 8 7 6 4 4 4 4 2 2 1 1 1 1
9 8 7 6 4 4 4 4 2 1 1 1 1 1 1
9 8 7 6 4 4 4 3 3 3 3
9 8 7 6 4 4 4 3 3 3 2 1
9 8 7 6 4 4 4 3 3 3 1 1 1
9 8 7 6 4 4 4 3 3 2 2 2
9 8 7 6 4 4 4 3 3 2 2 1 1
9 8 7 6 4 4 4 3 3 2 1 1 1 1
9 8 7 6 4 4 4 3 3 1 1 1 1 1 1
9 8 7 6 4 4 4 3 2 2 2 2 1
9 8 7 6 4 4 4 3 2 2 2 1 1 1
9 8 7 6 4 4 4 3 2 2 1 1 1 1 1
9 8 7 6 4 4 4 3 2 1 1 1 1 1 1 1
9 8 7 6 4 4 4 2 2 2 2 2 2
9 8 7 6 4 4 4 2 2 2 2 2 1 1
9 8 7 6 4 4 4 2 2 2 2 1 1 1 1
9 8 7 6 4 4 4 2 2 2 1 1 1 1 1 1
9 8 7 6 4 4 4 2 2 1 1 1 1 1 1 1 1
9 8 7 6 4 4 3 3 3 3 3 1
9 8 7 6 4 4 3 3 3 3 2 2
9 8 7 6 4 4 3 3 3 3 2 1 1
9 8 7 6 4 4 3 3 3 3 1 1 1 1
9 8 7 6 4 4 3 3 3 2 2 2 1
9 8 7 6 4 4 3 3 3 2 2 1 1 1
9 8 7 6 4 4 3 3 3 2 1 1 1 1 1
9 8 7 6 4 4 3 3 3 1 1 1 1 1 1 1
9 8 7 6 4 4 3 3 2 2 2 2 2
9 8 7 6 4 4 3 3 2 2 2 2 1 1
9 8 7 6 4 4 3 3 2 2 2 1 1 1 1
9 8 7 6 4 4 3 3 2 2 1 1 1 1 1 1
9 8 7 6 4 4 3 3 2 1 1 1 1 1 1 1 1
9 8 7 6 4 4 3 2 2 2 2 2 2 1
9 8 7 6 4 4 3 2 2 2 2 2 1 1 1
9 8 7 6 4 4 3 2 2 2 2 1 1 1 1 1
9 8 7 6 4 4 3 2 2 2 1 1 1 1 1 1 1
9 8 7 6 4 3 3 3 3 3 3 2
9 8 7 6 4 3 3 3 3 3 3 1 1
9 8 7 6 4 3 3 3 3 3 2 2 1
9 8 7 6 4 3 3 3 3 3 2 1 1 1
9 8 7 6 4 3 3 3 3 3 1 1 1 1 1
9 8 7 6 4 3 3 3 3 2 2 2 2
9 8 7 6 4 3 3 3 3 2 2 2 1 1
9 8 7 6 4 3 3 3 3 2 2 1 1 1 1
9 8 7 6 4 3 3 3 3 2 1 1 1 1 1 1
9 8 7 6 4 3 3 3 3 1 1 1 1 1 1 1 1
9 8 7 6 4 3 3 3 2 2 2 2 2 1
9 8 7 6 4 3 3 3 2 2 2 2 1 1 1
9 8 7 6 4 3 3 3 2 2 2 1 1 1 1 1
9 8 7 6 4 3 3 3 2 2 1 1 1 1 1 1 1
9 8 7 6 4 3 3 2 2 2 2 2 2 2
9 8 7 6 4 3 3 2 2 2 2 2 2 1 1
9 8 7 6 4 3 3 2 2 2 2 2 1 1 1 1
9 8 7 6 4 3 3 2 2 2 2 1 1 1 1 1 1
9 8 7 5 5 5 5 5 3 1 1
9 8 7 5 5 5 5 5 2 2 1
9 8 7 5 5 5 5 5 2 1 1 1
9 8 7 5 5 5 5 4 4 1 1
9 8 7 5 5 5 5 4 3 2 1
9 8 7 5 5 5 5 4 3 1 1 1
9 8 7 5 5 5 5 4 2 2 2
9 8 7 5 5 5 5 4 2 2 1 1
9 8 7 5 5 5 5 4 2 1 1 1 1
9 8 7 5 5 5 5 3 3 3 1
9 8 7 5 5 5 5 3 3 2 2
9 8 7 5 5 5 5 3 3 2 1 1
9 8 7 5 5 5 5 3 3 1 1 1 1
9 8 7 5 5 5 5 3 2 2 2 1
9 8 7 5 5 5 5 3 2 2 1 1 1
9 8 7 5 5 5 5 3 2 1 1 1 1 1
9 8 7 5 5 5 5 2 2 2 2 2
9 8 7 5 5 5 5 2 2 2 2 1 1
9 8 7 5 5 5 5 2 2 2 1 1 1 1
9 8 7 5 5 5 5 2 2 1 1 1 1 1 1
9 8 7 5 5 5 4 4 4 2 1
9 8 7 5 5 5 4 4 4 1 1 1
9 8 7 5 5 5 4 4 3 3 1
9 8 7 5 5 5 4 4 3 2 2
9 8 7 5 5 5 4 4 3 2 1 1
9 8 7 5 5 5 4 4 3 1 1 1 1
9 8 7 5 5 5 4 4 2 2 2 1
9 8 7 5 5 5 4 4 2 2 1 1 1
9 8 7 5 5 5 4 4 2 1 1 1 1 1
9 8 7 5 5 5 4 3 3 3 2
9 8 7 5 5 5 4 3 3 3 1 1
9 8 7 5 5 5 4 3 3 2 2 1
9 8 7 5 5 5 4 3 3 2 1 1 1
9 8 7 5 5 5 4 3 3 1 1 1 1 1
9 8 7 5 5 5 4 3 2 2 2 2
9 8 7 5 5 5 4 3 2 2 2 1 1
9 8 7 5 5 5 4 3 2 2 1 1 1 1
9 8 7 5 5 5 4 3 2 1 1 1 1 1 1
9 8 7 5 5 5 4 2 2 2 2 2 1
9 8 7 5 5 5 4 2 2 2 2 1 1 1
9 8 7 5 5 5 4 2 2 2 1 1 1 1 1
9 8 7 5 5 5 4 2 2 1 1 1 1 1 1 1
9 8 7 5 5 5 3 3 3 3 3
9 8 7 5 5 5 3 3 3 3 2 1
9 8 7 5 5 5 3 3 3 3 1 1 1
9 8 7 5 5 5 3 3 3 2 2 2
9 8 7 5 5 5 3 3 3 2 2 1 1
9 8 7 5 5 5 3 3 3 2 1 1 1 1
9 8 7 5 5 5 3 3 3 1 1 1 1 1 1
9 8 7 5 5 5 3 3 2 2 2 2 1
9 8 7 5 5 5 3 3 2 2 2 1 1 1
9 8 7 5 5 5 3 3 2 2 1 1 1 1 1
9 8 7 5 5 5 3 3 2 1 1 1 1 1 1 1
9 8 7 5 5 5 3 2 2 2 2 2 2
9 8 7 5 5 5 3 2 2 2 2 2 1 1
9 8 7 5 5 5 3 2 2 2 2 1 1 1 1
9 8 7 5 5 5 3 2 2 2 1 1 1 1 1 1
9 8 7 5 5 5 3 2 2 1 1 1 1 1 1 1 1
9 8 7 5 5 4 4 4 4 3 1
9 8 7 5 5 4 4 4 4 2 2
9 8 7 5 5 4 4 4 4 2 1 1
9 8 7 5 5 4 4 4 4 1 1 1 1
9 8 7 5 5 4 4 4 3 3 2
9 8 7 5 5 4 4 4 3 3 1 1
9 8 7 5 5 4 4 4 3 2 2 1
9 8 7 5 5 4 4 4 3 2 1 1 1
9 8 7 5 5 4 4 4 3 1 1 1 1 1
9 8 7 5 5 4 4 4 2 2 2 2
9 8 7 5 5 4 4 4 2 2 2 1 1
9 8 7 5 5 4 4 4 2 2 1 1 1 1
9 8 7 5 5 4 4 4 2 1 1 1 1 1 1
9 8 7 5 5 4 4 3 3 3 3
9 8 7 5 5 4 4 3 3 3 2 1
9 8 7 5 5 4 4 3 3 3 1 1 1
9 8 7 5 5 4 4 3 3 2 2 2
9 8 7 5 5 4 4 3 3 2 2 1 1
9 8 7 5 5 4 4 3 3 2 1 1 1 1
9 8 7 5 5 4 4 3 3 1 1 1 1 1 1
9 8 7 5 5 4 4 3 2 2 2 2 1
9 8 7 5 5 4 4 3 2 2 2 1 1 1
9 8 7 5 5 4 4 3 2 2 1 1 1 1 1
9 8 7 5 5 4 4 3 2 1 1 1 1 1 1 1
9 8 7 5 5 4 4 2 2 2 2 2 2
9 8 7 5 5 4 4 2 2 2 2 2 1 1
9 8 7 5 5 4 4 2 2 2 2 1 1 1 1
9 8 7 5 5 4 4 2 2 2 1 1 1 1 1 1
9 8 7 5 5 4 4 2 2 1 1 1 1 1 1 1 1
9 8 7 5 5 4 3 3 3 3 3 1
9 8 7 5 5 4 3 3 3 3 2 2
9 8 7 5 5 4 3 3 3 3 2 1 1
9 8 7 5 5 4 3 3 3 3 1 1 1 1
9 8 7 5 5 4 3 3 3 2 2 2 1
9 8 7 5 5 4 3 3 3 2 2 1 1 1
9 8 7 5 5 4 3 3 3 2 1 1 1 1 1
9 8 7 5 5 4 3 3 3 1 1 1 1 1 1 1
9 8 7 5 5 4 3 3 2 2 2 2 2
9 8 7 5 5 4 3 3 2 2 2 2 1 1
9 8 7 5 5 4 3 3 2 2 2 1 1 1 1
9 8 7 5 5 4 3 3 2 2 1 1 1 1 1 1
9 8 7 5 5 4 3 3 2 1 1 1 1 1 1 1 1
9 8 7 5 5 4 3 2 2 2 2 2 2 1
9 8 7 5 5 4 3 2 2 2 2 2 1 1 1
9 8 7 5 5 4 3 2 2 2 2 1 1 1 1 1
9 8 7 5 5 4 3 2 2 2 1 1 1 1 1 1 1
9 8 7 5 5 3 3 3 3 3 3 2
9 8 7 5 5 3 3 3 3 3 3 1 1
9 8 7 5 5 3 3 3 3 3 2 2 1
9 8 7 5 5 3 3 3 3 3 2 1 1 1
9 8 7 5 5 3 3 3 3 3 1 1 1 1 1
9 8 7 5 5 3 3 3 3 2 2 2 2
9 8 7 5 5 3 3 3 3 2 2 2 1 1
9 8 7 5 5 3 3 3 3 2 2 1 1 1 1
9 8 7 5 5 3 3 3 3 2 1 1 1 1 1 1
9 8 7 5 5 3 3 3 3 1 1 1 1 1 1 1 1
9 8 7 5 5 3 3 3 2 2 2 2 2 1
9 8 7 5 5 3 3 3 2 2 2 2 1 1 1
9 8 7 5 5 3 3 3 2 2 2 1 1 1 1 1
9 8 7 5 5 3 3 3 2 2 1 1 1 1 1 1 1
9 8 7 5 5 3 3 2 2 2 2 2 2 2
9 8 7 5 5 3 3 2 2 2 2 2 2 1 1
9 8 7 5 5 3 3 2 2 2 2 2 1 1 1 1
9 8 7 5 5 3 3 2 2 2 2 1 1 1 1 1 1
9 8 7 5 4 4 4 4 4 4 1
9 8 7 5 4 4 4 4 4 3 2
9 8 7 5 4 4 4 4 4 3 1 1
9 8 7 5 4 4 4 4 4 2 2 1
9 8 7 5 4 4 4 4 4 2 1 1 1
9 8 7 5 4 4 4 4 4 1 1 1 1 1
9 8 7 5 4 4 4 4 3 3 3
9 8 7 5 4 4 4 4 3 3 2 1
9 8 7 5 4 4 4 4 3 3 1 1 1
9 8 7 5 4 4 4 4 3 2 2 2
9 8 7 5 4 4 4 4 3 2 2 1 1
9 8 7 5 4 4 4 4 3 2 1 1 1 1
9 8 7 5 4 4 4 4 3 1 1 1 1 1 1
9 8 7 5 4 4 4 4 2 2 2 2 1
9 8 7 5 4 4 4 4 2 2 2 1 1 1
9 8 7 5 4 4 4 4 2 2 1 1 1 1 1
9 8 7 5 4 4 4 4 2 1 1 1 1 1 1 1
9 8 7 5 4 4 4 3 3 3 3 1
9 8 7 5 4 4 4 3 3 3 2 2
9 8 7 5 4 4 4 3 3 3 2 1 1
9 8 7 5 4 4 4 3 3 3 1 1 1 1
9 8 7 5 4 4 4 3 3 2 2 2 1
9 8 7 5 4 4 4 3 3 2 2 1 1 1
9 8 7 5 4 4 4 3 3 2 1 1 1 1 1
9 8 7 5 4 4 4 3 3 1 1 1 1 1 1 1
9 8 7 5 4 4 4 3 2 2 2 2 2
9 8 7 5 4 4 4 3 2 2 2 2 1 1
9 8 7 5 4 4 4 3 2 2 2 1 1 1 1
9 8 7 5 4 4 4 3 2 2 1 1 1 1 1 1
9 8 7 5 4 4 4 3 2 1 1 1 1 1 1 1 1
9 8 7 5 4 4 4 2 2 2 2 2 2 1
9 8 7 5 4 4 4 2 2 2 2 2 1 1 1
9 8 7 5 4 4 4 2 2 2 2 1 1 1 1 1
9 8 7 5 4 4 4 2 2 2 1 1 1 1 1 1 1
9 8 7 5 4 4 3 3 3 3 3 2
9 8 7 5 4 4 3 3 3 3 3 1 1
9 8 7 5 4 4 3 3 3 3 2 2 1
9 8 7 5 4 4 3 3 3 3 2 1 1 1
9 8 7 5 4 4 3 3 3 3 1 1 1 1 1
9 8 7 5 4 4 3 3 3 2 2 2 2
9 8 7 5 4 4 3 3 3 2 2 2 1 1
9 8 7 5 4 4 3 3 3 2 2 1 1 1 1
9 8 7 5 4 4 3 3 3 2 1 1 1 1 1 1
9 8 7 5 4 4 3 3 3 1 1 1 1 1 1 1 1
9 8 7 5 4 4 3 3 2 2 2 2 2 1
9 8 7 5 4 4 3 3 2 2 2 2 1 1 1
9 8 7 5 4 4 3 3 2 2 2 1 1 1 1 1
9 8 7 5 4 4 3 3 2 2 1 1 1 1 1 1 1
9 8 7 5 4 4 3 2 2 2 2 2 2 2
9 8 7 5 4 4 3 2 2 2 2 2 2 1 1
9 8 7 5 4 4 3 2 2 2 2 2 1 1 1 1
9 8 7 5 4 4 3 2 2 2 2 1 1 1 1 1 1
9 8 7 5 4 3 3 3 3 3 3 3
9 8 7 5 4 3 3 3 3 3 3 2 1
9 8 7 5 4 3 3 3 3 3 3 1 1 1
9 8 7 5 4 3 3 3 3 3 2 2 2
9 8 7 5 4 3 3 3 3 3 2 2 1 1
9 8 7 5 4 3 3 3 3 3 2 1 1 1 1
9 8 7 5 4 3 3 3 3 3 1 1 1 1 1 1
9 8 7 5 4 3 3 3 3 2 2 2 2 1
9 8 7 5 4 3 3 3 3 2 2 2 1 1 1
9 8 7 5 4 3 3 3 3 2 2 1 1 1 1 1
9 8 7 5 4 3 3 3 3 2 1 1 1 1 1 1 1
9 8 7 5 4 3 3 3 2 2 2 2 2 2
9 8 7 5 4 3 3 3 2 2 2 2 2 1 1
9 8 7 5 4 3 3 3 2 2 2 2 1 1 1 1
9 8 7 5 4 3 3 3 2 2 2 1 1 1 1 1 1
9 8 7 5 4 3 3 2 2 2 2 2 2 2 1
9 8 7 5 4 3 3 2 2 2 2 2 2 1 1 1
9 8 7 5 4 3 3 2 2 2 2 2 1 1 1 1 1
9 8 7 4 4 4 4 4 4 4 2
9 8 7 4 4 4 4 4 4 4 1 1
9 8 7 4 4 4 4 4 4 3 3
9 8 7 4 4 4 4 4 4 3 2 1
9 8 7 4 4 4 4 4 4 3 1 1 1
9 8 7 4 4 4 4 4 4 2 2 2
9 8 7 4 4 4 4 4 4 2 2 1 1
9 8 7 4 4 4 4 4 4 2 1 1 1 1
9 8 7 4 4 4 4 4 4 1 1 1 1 1 1
9 8 7 4 4 4 4 4 3 3 3 1
9 8 7 4 4 4 4 4 3 3 2 2
9 8 7 4 4 4 4 4 3 3 2 1 1
9 8 7 4 4 4 4 4 3 3 1 1 1 1
9 8 7 4 4 4 4 4 3 2 2 2 1
9 8 7 4 4 4 4 4 3 2 2 1 1 1
9 8 7 4 4 4 4 4 3 2 1 1 1 1 1
9 8 7 4 4 4 4 4 3 1 1 1 1 1 1 1
9 8 7 4 4 4 4 4 2 2 2 2 2
9 8 7 4 4 4 4 4 2 2 2 2 1 1
9 8 7 4 4 4 4 4 2 2 2 1 1 1 1
9 8 7 4 4 4 4 4 2 2 1 1 1 1 1 1
9 8 7 4 4 4 4 4 2 1 1 1 1 1 1 1 1
9 8 7 4 4 4 4 3 3 3 3 2
9 8 7 4 4 4 4 3 3 3 3 1 1
9 8 7 4 4 4 4 3 3 3 2 2 1
9 8 7 4 4 4 4 3 3 3 2 1 1 1
9 8 7 4 4 4 4 3 3 3 1 1 1 1 1
9 8 7 4 4 4 4 3 3 2 2 2 2
9 8 7 4 4 4 4 3 3 2 2 2 1 1
9 8 7 4 4 4 4 3 3 2 2 1 1 1 1
9 8 7 4 4 4 4 3 3 2 1 1 1 1 1 1
9 8 7 4 4 4 4 3 3 1 1 1 1 1 1 1 1
9 8 7 4 4 4 4 3 2 2 2 2 2 1
9 8 7 4 4 4 4 3 2 2 2 2 1 1 1
9 8 7 4 4 4 4 3 2 2 2 1 1 1 1 1
9 8 7 4 4 4 4 3 2 2 1 1 1 1 1 1 1
9 8 7 4 4 4 4 2 2 2 2 2 2 2
9 8 7 4 4 4 4 2 2 2 2 2 2 1 1
9 8 7 4 4 4 4 2 2 2 2 2 1 1 1 1
9 8 7 4 4 4 4 2 2 2 2 1 1 1 1 1 1
9 8 7 4 4 4 3 3 3 3 3 3
9 8 7 4 4 4 3 3 3 3 3 2 1
9 8 7 4 4 4 3 3 3 3 3 1 1 1
9 8 7 4 4 4 3 3 3 3 2 2 2
9 8 7 4 4 4 3 3 3 3 2 2 1 1
9 8 7 4 4 4 3 3 3 3 2 1 1 1 1
9 8 7 4 4 4 3 3 3 3 1 1 1 1 1 1
9 8 7 4 4 4 3 3 3 2 2 2 2 1
9 8 7 4 4 4 3 3 3 2 2 2 1 1 1
9 8 7 4 4 4 3 3 3 2 2 1 1 1 1 1
9 8 7 4 4 4 3 3 3 2 1 1 1 1 1 1 1
9 8 7 4 4 4 3 3 2 2 2 2 2 2
9 8 7 4 4 4 3 3 2 2 2 2 2 1 1
9 8 7 4 4 4 3 3 2 2 2 2 1 1 1 1
9 8 7 4 4 4 3 3 2 2 2 1 1 1 1 1 1
9 8 7 4 4 4 3 2 2 2 2 2 2 2 1
9 8 7 4 4 4 3 2 2 2 2 2 2 1 1 1
9 8 7 4 4 4 3 2 2 2 2 2 1 1 1 1 1
9 8 7 4 4 3 3 3 3 3 3 3 1
9 8 7 4 4 3 3 3 3 3 3 2 2
9 8 7 4 4 3 3 3 3 3 3 2 1 1
9 8 7 4 4 3 3 3 3 3 3 1 1 1 1
9 8 7 4 4 3 3 3 3 3 2 2 2 1
9 8 7 4 4 3 3 3 3 3 2 2 1 1 1
9 8 7 4 4 3 3 3 3 3 2 1 1 1 1 1
9 8 7 4 4 3 3 3 3 3 1 1 1 1 1 1 1
9 8 7 4 4 3 3 3 3 2 2 2 2 2
9 8 7 4 4 3 3 3 3 2 2 2 2 1 1
9 8 7 4 4 3 3 3 3 2 2 2 1 1 1 1
9 8 7 4 4 3 3 3 3 2 2 1 1 1 1 1 1
9 8 7 4 4 3 3 3 2 2 2 2 2 2 1
9 8 7 4 4 3 3 3 2 2 2 2 2 1 1 1
9 8 7 4 4 3 3 3 2 2 2 2 1 1 1 1 1
9 8 6 6 6 6 6 3 2 1 1
9 8 6 6 6 6 6 2 2 2 1
9 8 6 6 6 6 6 2 2 1 1 1
9 8 6 6 6 6 5 4 2 1 1
9 8 6 6 6 6 5 3 3 1 1
9 8 6 6 6 6 5 3 2 2 1
9 8 6 6 6 6 5 3 2 1 1 1
9 8 6 6 6 6 5 2 2 2 2
9 8 6 6 6 6 5 2 2 2 1 1
9 8 6 6 6 6 5 2 2 1 1 1 1
9 8 6 6 6 6 4 4 3 1 1
9 8 6 6 6 6 4 4 2 2 1
9 8 6 6 6 6 4 4 2 1 1 1
9 8 6 6 6 6 4 3 3 2 1
9 8 6 6 6 6 4 3 3 1 1 1
9 8 6 6 6 6 4 3 2 2 2
9 8 6 6 6 6 4 3 2 2 1 1
9 8 6 6 6 6 4 3 2 1 1 1 1
9 8 6 6 6 6 4 2 2 2 2 1
9 8 6 6 6 6 4 2 2 2 1 1 1
9 8 6 6 6 6 4 2 2 1 1 1 1 1
9 8 6 6 6 6 3 3 3 3 1
9 8 6 6 6 6 3 3 3 2 2
9 8 6 6 6 6 3 3 3 2 1 1
9 8 6 6 6 6 3 3 3 1 1 1 1
9 8 6 6 6 6 3 3 2 2 2 1
9 8 6 6 6 6 3 3 2 2 1 1 1
9 8 6 6 6 6 3 3 2 1 1 1 1 1
9 8 6 6 6 6 3 2 2 2 2 2
9 8 6 6 6 6 3 2 2 2 2 1 1
9 8 6 6 6 6 3 2 2 2 1 1 1 1
9 8 6 6 6 6 3 2 2 1 1 1 1 1 1
9 8 6 6 6 5 5 5 2 1 1
9 8 6 6 6 5 5 4 3 1 1
9 8 6 6 6 5 5 4 2 2 1
9 8 6 6 6 5 5 4 2 1 1 1
9 8 6 6 6 5 5 3 3 2 1
9 8 6 6 6 5 5 3 3 1 1 1
9 8 6 6 6 5 5 3 2 2 2
9 8 6 6 6 5 5 3 2 2 1 1
9 8 6 6 6 5 5 3 2 1 1 1 1
9 8 6 6 6 5 5 2 2 2 2 1
9 8 6 6 6 5 5 2 2 2 1 1 1
9 8 6 6 6 5 5 2 2 1 1 1 1 1
9 8 6 6 6 5 4 4 4 1 1
9 8 6 6 6 5 4 4 3 2 1
9 8 6 6 6 5 4 4 3 1 1 1
9 8 6 6 6 5 4 4 2 2 2
9 8 6 6 6 5 4 4 2 2 1 1
9 8 6 6 6 5 4 4 2 1 1 1 1
9 8 6 6 6 5 4 3 3 3 1
9 8 6 6 6 5 4 3 3 2 2
9 8 6 6 6 5 4 3 3 2 1 1
9 8 6 6 6 5 4 3 3 1 1 1 1
9 8 6 6 6 5 4 3 2 2 2 1
9 8 6 6 6 5 4 3 2 2 1 1 1
9 8 6 6 6 5 4 3 2 1 1 1 1 1
9 8 6 6 6 5 4 2 2 2 2 2
9 8 6 6 6 5 4 2 2 2 2 1 1
9 8 6 6 6 5 4 2 2 2 1 1 1 1
9 8 6 6 6 5 4 2 2 1 1 1 1 1 1
9 8 6 6 6 5 3 3 3 3 2
9 8 6 6 6 5 3 3 3 3 1 1
9 8 6 6 6 5 3 3 3 2 2 1
9 8 6 6 6 5 3 3 3 2 1 1 1
9 8 6 6 6 5 3 3 3 1 1 1 1 1
9 8 6 6 6 5 3 3 2 2 2 2
9 8 6 6 6 5 3 3 2 2 2 1 1
9 8 6 6 6 5 3 3 2 2 1 1 1 1
9 8 6 6 6 5 3 3 2 1 1 1 1 1 1
9 8 6 6 6 5 3 2 2 2 2 2 1
9 8 6 6 6 5 3 2 2 2 2 1 1 1
9 8 6 6 6 5 3 2 2 2 1 1 1 1 1
9 8 6 6 6 5 3 2 2 1 1 1 1 1 1 1
9 8 6 6 6 4 4 4 4 2 1
9 8 6 6 6 4 4 4 4 1 1 1
9 8 6 6 6 4 4 4 3 3 1
9 8 6 6 6 4 4 4 3 2 2
9 8 6 6 6 4 4 4 3 2 1 1
9 8 6 6 6 4 4 4 3 1 1 1 1
9 8 6 6 6 4 4 4 2 2 2 1
9 8 6 6 6 4 4 4 2 2 1 1 1
9 8 6 6 6 4 4 4 2 1 1 1 1 1
9 8 6 6 6 4 4 3 3 3 2
9 8 6 6 6 4 4 3 3 3 1 1
9 8 6 6 6 4 4 3 3 2 2 1
9 8 6 6 6 4 4 3 3 2 1 1 1
9 8 6 6 6 4 4 3 3 1 1 1 1 1
9 8 6 6 6 4 4 3 2 2 2 2
9 8 6 6 6 4 4 3 2 2 2 1 1
9 8 6 6 6 4 4 3 2 2 1 1 1 1
9 8 6 6 6 4 4 3 2 1 1 1 1 1 1
9 8 6 6 6 4 4 2 2 2 2 2 1
9 8 6 6 6 4 4 2 2 2 2 1 1 1
9 8 6 6 6 4 4 2 2 2 1 1 1 1 1
9 8 6 6 6 4 4 2 2 1 1 1 1 1 1 1
9 8 6 6 6 4 3 3 3 3 3
9 8 6 6 6 4 3 3 3 3 2 1
9 8 6 6 6 4 3 3 3 3 1 1 1
9 8 6 6 6 4 3 3 3 2 2 2
9 8 6 6 6 4 3 3 3 2 2 1 1
9 8 6 6 6 4 3 3 3 2 1 1 1 1
9 8 6 6 6 4 3 3 3 1 1 1 1 1 1
9 8 6 6 6 4 3 3 2 2 2 2 1
9 8 6 6 6 4 3 3 2 2 2 1 1 1
9 8 6 6 6 4 3 3 2 2 1 1 1 1 1
9 8 6 6 6 4 3 3 2 1 1 1 1 1 1 1
9 8 6 6 6 4 3 2 2 2 2 2 2
9 8 6 6 6 4 3 2 2 2 2 2 1 1
9 8 6 6 6 4 3 2 2 2 2 1 1 1 1
9 8 6 6 6 4 3 2 2 2 1 1 1 1 1 1
9 8 6 6 6 4 3 2 2 1 1 1 1 1 1 1 1
9 8 6 6 6 3 3 3 3 3 3 1
9 8 6 6 6 3 3 3 3 3 2 2
9 8 6 6 6 3 3 3 3 3 2 1 1
9 8 6 6 6 3 3 3 3 3 1 1 1 1
9 8 6 6 6 3 3 3 3 2 2 2 1
9 8 6 6 6 3 3 3 3 2 2 1 1 1
9 8 6 6 6 3 3 3 3 2 1 1 1 1 1
9 8 6 6 6 3 3 3 3 1 1 1 1 1 1 1
9 8 6 6 6 3 3 3 2 2 2 2 2
9 8 6 6 6 3 3 3 2 2 2 2 1 1
9 8 6 6 6 3 3 3 2 2 2 1 1 1 1
9 8 6 6 6 3 3 3 2 2 1 1 1 1 1 1
9 8 6 6 6 3 3 3 2 1 1 1 1 1 1 1 1
9 8 6 6 6 3 3 2 2 2 2 2 2 1
9 8 6 6 6 3 3 2 2 2 2 2 1 1 1
9 8 6 6 6 3 3 2 2 2 2 1 1 1 1 1
9 8 6 6 6 3 3 2 2 2 1 1 1 1 1 1 1
9 8 6 6 5 5 5 5 3 1 1
9 8 6 6 5 5 5 5 2 2 1
9 8 6 6 5 5 5 5 2 1 1 1
9 8 6 6 5 5 5 4 4 1 1
9 8 6 6 5 5 5 4 3 2 1
9 8 6 6 5 5 5 4 3 1 1 1
9 8 6 6 5 5 5 4 2 2 2
9 8 6 6 5 5 5 4 2 2 1 1
9 8 6 6 5 5 5 4 2 1 1 1 1
9 8 6 6 5 5 5 3 3 3 1
9 8 6 6 5 5 5 3 3 2 2
9 8 6 6 5 5 5 3 3 2 1 1
9 8 6 6 5 5 5 3 3 1 1 1 1
9 8 6 6 5 5 5 3 2 2 2 1
9 8 6 6 5 5 5 3 2 2 1 1 1
9 8 6 6 5 5 5 3 2 1 1 1 1 1
9 8 6 6 5 5 5 2 2 2 2 2
9 8 6 6 5 5 5 2 2 2 2 1 1
9 8 6 6 5 5 5 2 2 2 1 1 1 1
9 8 6 6 5 5 5 2 2 1 1 1 1 1 1
9 8 6 6 5 5 4 4 4 2 1
9 8 6 6 5 5 4 4 4 1 1 1
9 8 6 6 5 5 4 4 3 3 1
9 8 6 6 5 5 4 4 3 2 2
9 8 6 6 5 5 4 4 3 2 1 1
9 8 6 6 5 5 4 4 3 1 1 1 1
9 8 6 6 5 5 4 4 2 2 2 1
9 8 6 6 5 5 4 4 2 2 1 1 1
9 8 6 6 5 5 4 4 2 1 1 1 1 1
9 8 6 6 5 5 4 3 3 3 2
9 8 6 6 5 5 4 3 3 3 1 1
9 8 6 6 5 5 4 3 3 2 2 1
9 8 6 6 5 5 4 3 3 2 1 1 1
9 8 6 6 5 5 4 3 3 1 1 1 1 1
9 8 6 6 5 5 4 3 2 2 2 2
9 8 6 6 5 5 4 3 2 2 2 1 1
9 8 6 6 5 5 4 3 2 2 1 1 1 1
9 8 6 6 5 5 4 3 2 1 1 1 1 1 1
9 8 6 6 5 5 4 2 2 2 2 2 1
9 8 6 6 5 5 4 2 2 2 2 1 1 1
9 8 6 6 5 5 4 2 2 2 1 1 1 1 1
9 8 6 6 5 5 4 2 2 1 1 1 1 1 1 1
9 8 6 6 5 5 3 3 3 3 3
9 8 6 6 5 5 3 3 3 3 2 1
9 8 6 6 5 5 3 3 3 3 1 1 1
9 8 6 6 5 5 3 3 3 2 2 2
9 8 6 6 5 5 3 3 3 2 2 1 1
9 8 6 6 5 5 3 3 3 2 1 1 1 1
9 8 6 6 5 5 3 3 3 1 1 1 1 1 1
9 8 6 6 5 5 3 3 2 2 2 2 1
9 8 6 6 5 5 3 3 2 2 2 1 1 1
9 8 6 6 5 5 3 3 2 2 1 1 1 1 1
9 8 6 6 5 5 3 3 2 1 1 1 1 1 1 1
9 8 6 6 5 5 3 2 2 2 2 2 2
9 8 6 6 5 5 3 2 2 2 2 2 1 1
9 8 6 6 5 5 3 2 2 2 2 1 1 1 1
9 8 6 6 5 5 3 2 2 2 1 1 1 1 1 1
9 8 6 6 5 5 3 2 2 1 1 1 1 1 1 1 1
9 8 6 6 5 4 4 4 4 3 1
9 8 6 6 5 4 4 4 4 2 2
9 8 6 6 5 4 4 4 4 2 1 1
9 8 6 6 5 4 4 4 4 1 1 1 1
9 8 6 6 5 4 4 4 3 3 2
9 8 6 6 5 4 4 4 3 3 1 1
9 8 6 6 5 4 4 4 3 2 2 1
9 8 6 6 5 4 4 4 3 2 1 1 1
9 8 6 6 5 4 4 4 3 1 1 1 1 1
9 8 6 6 5 4 4 4 2 2 2 2
9 8 6 6 5 4 4 4 2 2 2 1 1
9 8 6 6 5 4 4 4 2 2 1 1 1 1
9 8 6 6 5 4 4 4 2 1 1 1 1 1 1
9 8 6 6 5 4 4 3 3 3 3
9 8 6 6 5 4 4 3 3 3 2 1
9 8 6 6 5 4 4 3 3 3 1 1 1
9 8 6 6 5 4 4 3 3 2 2 2
9 8 6 6 5 4 4 3 3 2 2 1 1
9 8 6 6 5 4 4 3 3 2 1 1 1 1
9 8 6 6 5 4 4 3 3 1 1 1 1 1 1
9 8 6 6 5 4 4 3 2 2 2 2 1
9 8 6 6 5 4 4 3 2 2 2 1 1 1
9 8 6 6 5 4 4 3 2 2 1 1 1 1 1
9 8 6 6 5 4 4 3 2 1 1 1 1 1 1 1
9 8 6 6 5 4 4 2 2 2 2 2 2
9 8 6 6 5 4 4 2 2 2 2 2 1 1
9 8 6 6 5 4 4 2 2 2 2 1 1 1 1
9 8 6 6 5 4 4 2 2 2 1 1 1 1 1 1
9 8 6 6 5 4 4 2 2 1 1 1 1 1 1 1 1
9 8 6 6 5 4 3 3 3 3 3 1
9 8 6 6 5 4 3 3 3 3 2 2
9 8 6 6 5 4 3 3 3 3 2 1 1
9 8 6 6 5 4 3 3 3 3 1 1 1 1
9 8 6 6 5 4 3 3 3 2 2 2 1
9 8 6 6 5 4 3 3 3 2 2 1 1 1
9 8 6 6 5 4 3 3 3 2 1 1 1 1 1
9 8 6 6 5 4 3 3 3 1 1 1 1 1 1 1
9 8 6 6 5 4 3 3 2 2 2 2 2
9 8 6 6 5 4 3 3 2 2 2 2 1 1
9 8 6 6 5 4 3 3 2 2 2 1 1 1 1
9 8 6 6 5 4 3 3 2 2 1 1 1 1 1 1
9 8 6 6 5 4 3 3 2 1 1 1 1 1 1 1 1
9 8 6 6 5 4 3 2 2 2 2 2 2 1
9 8 6 6 5 4 3 2 2 2 2 2 1 1 1
9 8 6 6 5 4 3 2 2 2 2 1 1 1 1 1
9 8 6 6 5 4 3 2 2 2 1 1 1 1 1 1 1
9 8 6 6 5 3 3 3 3 3 3 2
9 8 6 6 5 3 3 3 3 3 3 1 1
9 8 6 6 5 3 3 3 3 3 2 2 1
9 8 6 6 5 3 3 3 3 3 2 1 1 1
9 8 6 6 5 3 3 3 3 3 1 1 1 1 1
9 8 6 6 5 3 3 3 3 2 2 2 2
9 8 6 6 5 3 3 3 3 2 2 2 1 1
9 8 6 6 5 3 3 3 3 2 2 1 1 1 1
9 8 6 6 5 3 3 3 3 2 1 1 1 1 1 1
9 8 6 6 5 3 3 3 3 1 1 1 1 1 1 1 1
9 8 6 6 5 3 3 3 2 2 2 2 2 1
9 8 6 6 5 3 3 3 2 2 2 2 1 1 1
9 8 6 6 5 3 3 3 2 2 2 1 1 1 1 1
9 8 6 6 5 3 3 3 2 2 1 1 1 1 1 1 1
9 8 6 6 5 3 3 2 2 2 2 2 2 2
9 8 6 6 5 3 3 2 2 2 2 2 2 1 1
9 8 6 6 5 3 3 2 2 2 2 2 1 1 1 1
9 8 6 6 5 3 3 2 2 2 2 1 1 1 1 1 1
9 8 6 6 4 4 4 4 4 4 1
9 8 6 6 4 4 4 4 4 3 2
9 8 6 6 4 4 4 4 4 3 1 1
9 8 6 6 4 4 4 4 4 2 2 1
9 8 6 6 4 4 4 4 4 2 1 1 1
9 8 6 6 4 4 4 4 4 1 1 1 1 1
9 8 6 6 4 4 4 4 3 3 3
9 8 6 6 4 4 4 4 3 3 2 1
9 8 6 6 4 4 4 4 3 3 1 1 1
9 8 6 6 4 4 4 4 3 2 2 2
9 8 6 6 4 4 4 4 3 2 2 1 1
9 8 6 6 4 4 4 4 3 2 1 1 1 1
9 8 6 6 4 4 4 4 3 1 1 1 1 1 1
9 8 6 6 4 4 4 4 2 2 2 2 1
9 8 6 6 4 4 4 4 2 2 2 1 1 1
9 8 6 6 4 4 4 4 2 2 1 1 1 1 1
9 8 6 6 4 4 4 4 2 1 1 1 1 1 1 1
9 8 6 6 4 4 4 3 3 3 3 1
9 8 6 6 4 4 4 3 3 3 2 2
9 8 6 6 4 4 4 3 3 3 2 1 1
9 8 6 6 4 4 4 3 3 3 1 1 1 1
9 8 6 6 4 4 4 3 3 2 2 2 1
9 8 6 6 4 4 4 3 3 2 2 1 1 1
9 8 6 6 4 4 4 3 3 2 1 1 1 1 1
9 8 6 6 4 4 4 3 3 1 1 1 1 1 1 1
9 8 6 6 4 4 4 3 2 2 2 2 2
9 8 6 6 4 4 4 3 2 2 2 2 1 1
9 8 6 6 4 4 4 3 2 2 2 1 1 1 1
9 8 6 6 4 4 4 3 2 2 1 1 1 1 1 1
9 8 6 6 4 4 4 3 2 1 1 1 1 1 1 1 1
9 8 6 6 4 4 4 2 2 2 2 2 2 1
9 8 6 6 4 4 4 2 2 2 2 2 1 1 1
9 8 6 6 4 4 4 2 2 2 2 1 1 1 1 1
9 8 6 6 4 4 4 2 2 2 1 1 1 1 1 1 1
9 8 6 6 4 4 3 3 3 3 3 2
9 8 6 6 4 4 3 3 3 3 3 1 1
9 8 6 6 4 4 3 3 3 3 2 2 1
9 8 6 6 4 4 3 3 3 3 2 1 1 1
9 8 6 6 4 4 3 3 3 3 1 1 1 1 1
9 8 6 6 4 4 3 3 3 2 2 2 2
9 8 6 6 4 4 3 3 3 2 2 2 1 1
9 8 6 6 4 4 3 3 3 2 2 1 1 1 1
9 8 6 6 4 4 3 3 3 2 1 1 1 1 1 1
9 8 6 6 4 4 3 3 3 1 1 1 1 1 1 1 1
9 8 6 6 4 4 3 3 2 2 2 2 2 1
9 8 6 6 4 4 3 3 2 2 2 2 1 1 1
9 8 6 6 4 4 3 3 2 2 2 1 1 1 1 1
9 8 6 6 4 4 3 3 2 2 1 1 1 1 1 1 1
9 8 6 6 4 4 3 2 2 2 2 2 2 2
9 8 6 6 4 4 3 2 2 2 2 2 2 1 1
9 8 6 6 4 4 3 2 2 2 2 2 1 1 1 1
9 8 6 6 4 4 3 2 2 2 2 1 1 1 1 1 1
9 8 6 6 4 3 3 3 3 3 3 3
9 8 6 6 4 3 3 3 3 3 3 2 1
9 8 6 6 4 3 3 3 3 3 3 1 1 1
9 8 6 6 4 3 3 3 3 3 2 2 2
9 8 6 6 4 3 3 3 3 3 2 2 1 1
9 8 6 6 4 3 3 3 3 3 2 1 1 1 1
9 8 6 6 4 3 3 3 3 3 1 1 1 1 1 1
9 8 6 6 4 3 3 3 3 2 2 2 2 1
9 8 6 6 4 3 3 3 3 2 2 2 1 1 1
9 8 6 6 4 3 3 3 3 2 2 1 1 1 1 1
9 8 6 6 4 3 3 3 3 2 1 1 1 1 1 1 1
9 8 6 6 4 3 3 3 2 2 2 2 2 2
9 8 6 6 4 3 3 3 2 2 2 2 2 1 1
9 8 6 6 4 3 3 3 2 2 2 2 1 1 1 1
9 8 6 6 4 3 3 3 2 2 2 1 1 1 1 1 1
9 8 6 6 4 3 3 2 2 2 2 2 2 2 1
9 8 6 6 4 3 3 2 2 2 2 2 2 1 1 1
9 8 6 6 4 3 3 2 2 2 2 2 1 1 1 1 1
9 8 6 5 5 5 5 5 4 1 1
9 8 6 5 5 5 5 5 3 2 1
9 8 6 5 5 5 5 5 3 1 1 1
9 8 6 5 5 5 5 5 2 2 2
9 8 6 5 5 5 5 5 2 2 1 1
9 8 6 5 5 5 5 5 2 1 1 1 1
9 8 6 5 5 5 5 4 4 2 1
9 8 6 5 5 5 5 4 4 1 1 1
9 8 6 5 5 5 5 4 3 3 1
9 8 6 5 5 5 5 4 3 2 2
9 8 6 5 5 5 5 4 3 2 1 1
9 8 6 5 5 5 5 4 3 1 1 1 1
9 8 6 5 5 5 5 4 2 2 2 1
9 8 6 5 5 5 5 4 2 2 1 1 1
9 8 6 5 5 5 5 4 2 1 1 1 1 1
9 8 6 5 5 5 5 3 3 3 2
9 8 6 5 5 5 5 3 3 3 1 1
9 8 6 5 5 5 5 3 3 2 2 1
9 8 6 5 5 5 5 3 3 2 1 1 1
9 8 6 5 5 5 5 3 3 1 1 1 1 1
9 8 6 5 5 5 5 3 2 2 2 2
9 8 6 5 5 5 5 3 2 2 2 1 1
9 8 6 5 5 5 5 3 2 2 1 1 1 1
9 8 6 5 5 5 5 3 2 1 1 1 1 1 1
9 8 6 5 5 5 5 2 2 2 2 2 1
9 8 6 5 5 5 5 2 2 2 2 1 1 1
9 8 6 5 5 5 5 2 2 2 1 1 1 1 1
9 8 6 5 5 5 5 2 2 1 1 1 1 1 1 1
9 8 6 5 5 5 4 4 4 3 1
9 8 6 5 5 5 4 4 4 2 2
9 8 6 5 5 5 4 4 4 2 1 1
9 8 6 5 5 5 4 4 4 1 1 1 1
9 8 6 5 5 5 4 4 3 3 2
9 8 6 5 5 5 4 4 3 3 1 1
9 8 6 5 5 5 4 4 3 2 2 1
9 8 6 5 5 5 4 4 3 2 1 1 1
9 8 6 5 5 5 4 4 3 1 1 1 1 1
9 8 6 5 5 5 4 4 2 2 2 2
9 8 6 5 5 5 4 4 2 2 2 1 1
9 8 6 5 5 5 4 4 2 2 1 1 1 1
9 8 6 5 5 5 4 4 2 1 1 1 1 1 1
9 8 6 5 5 5 4 3 3 3 3
9 8 6 5 5 5 4 3 3 3 2 1
9 8 6 5 5 5 4 3 3 3 1 1 1
9 8 6 5 5 5 4 3 3 2 2 2
9 8 6 5 5 5 4 3 3 2 2 1 1
9 8 6 5 5 5 4 3 3 2 1 1 1 1
9 8 6 5 5 5 4 3 3 1 1 1 1 1 1
9 8 6 5 5 5 4 3 2 2 2 2 1
9 8 6 5 5 5 4 3 2 2 2 1 1 1
9 8 6 5 5 5 4 3 2 2 1 1 1 1 1
9 8 6 5 5 5 4 3 2 1 1 1 1 1 1 1
9 8 6 5 5 5 4 2 2 2 2 2 2
9 8 6 5 5 5 4 2 2 2 2 2 1 1
9 8 6 5 5 5 4 2 2 2 2 1 1 1 1
9 8 6 5 5 5 4 2 2 2 1 1 1 1 1 1
9 8 6 5 5 5 4 2 2 1 1 1 1 1 1 1 1
9 8 6 5 5 5 3 3 3 3 3 1
9 8 6 5 5 5 3 3 3 3 2 2
9 8 6 5 5 5 3 3 3 3 2 1 1
9 8 6 5 5 5 3 3 3 3 1 1 1 1
9 8 6 5 5 5 3 3 3 2 2 2 1
9 8 6 5 5 5 3 3 3 2 2 1 1 1
9 8 6 5 5 5 3 3 3 2 1 1 1 1 1
9 8 6 5 5 5 3 3 3 1 1 1 1 1 1 1
9 8 6 5 5 5 3 3 2 2 2 2 2
9 8 6 5 5 5 3 3 2 2 2 2 1 1
9 8 6 5 5 5 3 3 2 2 2 1 1 1 1
9 8 6 5 5 5 3 3 2 2 1 1 1 1 1 1
9 8 6 5 5 5 3 3 2 1 1 1 1 1 1 1 1
9 8 6 5 5 5 3 2 2 2 2 2 2 1
9 8 6 5 5 5 3 2 2 2 2 2 1 1 1
9 8 6 5 5 5 3 2 2 2 2 1 1 1 1 1
9 8 6 5 5 5 3 2 2 2 1 1 1 1 1 1 1
9 8 6 5 5 4 4 4 4 4 1
9 8 6 5 5 4 4 4 4 3 2
9 8 6 5 5 4 4 4 4 3 1 1
9 8 6 5 5 4 4 4 4 2 2 1
9 8 6 5 5 4 4 4 4 2 1 1 1
9 8 6 5 5 4 4 4 4 1 1 1 1 1
9 8 6 5 5 4 4 4 3 3 3
9 8 6 5 5 4 4 4 3 3 2 1
9 8 6 5 5 4 4 4 3 3 1 1 1
9 8 6 5 5 4 4 4 3 2 2 2
9 8 6 5 5 4 4 4 3 2 2 1 1
9 8 6 5 5 4 4 4 3 2 1 1 1 1
9 8 6 5 5 4 4 4 3 1 1 1 1 1 1
9 8 6 5 5 4 4 4 2 2 2 2 1
9 8 6 5 5 4 4 4 2 2 2 1 1 1
9 8 6 5 5 4 4 4 2 2 1 1 1 1 1
9 8 6 5 5 4 4 4 2 1 1 1 1 1 1 1
9 8 6 5 5 4 4 3 3 3 3 1
9 8 6 5 5 4 4 3 3 3 2 2
9 8 6 5 5 4 4 3 3 3 2 1 1
9 8 6 5 5 4 4 3 3 3 1 1 1 1
9 8 6 5 5 4 4 3 3 2 2 2 1
9 8 6 5 5 4 4 3 3 2 2 1 1 1
9 8 6 5 5 4 4 3 3 2 1 1 1 1 1
9 8 6 5 5 4 4 3 3 1 1 1 1 1 1 1
9 8 6 5 5 4 4 3 2 2 2 2 2
9 8 6 5 5 4 4 3 2 2 2 2 1 1
9 8 6 5 5 4 4 3 2 2 2 1 1 1 1
9 8 6 5 5 4 4 3 2 2 1 1 1 1 1 1
9 8 6 5 5 4 4 3 2 1 1 1 1 1 1 1 1
9 8 6 5 5 4 4 2 2 2 2 2 2 1
9 8 6 5 5 4 4 2 2 2 2 2 1 1 1
9 8 6 5 5 4 4 2 2 2 2 1 1 1 1 1
9 8 6 5 5 4 4 2 2 2 1 1 1 1 1 1 1
9 8 6 5 5 4 3 3 3 3 3 2
9 8 6 5 5 4 3 3 3 3 3 1 1
9 8 6 5 5 4 3 3 3 3 2 2 1
9 8 6 5 5 4 3 3 3 3 2 1 1 1
9 8 6 5 5 4 3 3 3 3 1 1 1 1 1
9 8 6 5 5 4 3 3 3 2 2 2 2
9 8 6 5 5 4 3 3 3 2 2 2 1 1
9 8 6 5 5 4 3 3 3 2 2 1 1 1 1
9 8 6 5 5 4 3 3 3 2 1 1 1 1 1 1
9 8 6 5 5 4 3 3 3 1 1 1 1 1 1 1 1
9 8 6 5 5 4 3 3 2 2 2 2 2 1
9 8 6 5 5 4 3 3 2 2 2 2 1 1 1
9 8 6 5 5 4 3 3 2 2 2 1 1 1 1 1
9 8 6 5 5 4 3 3 2 2 1 1 1 1 1 1 1
9 8 6 5 5 4 3 2 2 2 2 2 2 2
9 8 6 5 5 4 3 2 2 2 2 2 2 1 1
9 8 6 5 5 4 3 2 2 2 2 2 1 1 1 1
9 8 6 5 5 4 3 2 2 2 2 1 1 1 1 1 1
9 8 6 5 5 3 3 3 3 3 3 3
9 8 6 5 5 3 3 3 3 3 3 2 1
9 8 6 5 5 3 3 3 3 3 3 1 1 1
9 8 6 5 5 3 3 3 3 3 2 2 2
9 8 6 5 5 3 3 3 3 3 2 2 1 1
9 8 6 5 5 3 3 3 3 3 2 1 1 1 1
9 8 6 5 5 3 3 3 3 3 1 1 1 1 1 1
9 8 6 5 5 3 3 3 3 2 2 2 2 1
9 8 6 5 5 3 3 3 3 2 2 2 1 1 1
9 8 6 5 5 3 3 3 3 2 2 1 1 1 1 1
9 8 6 5 5 3 3 3 3 2 1 1 1 1 1 1 1
9 8 6 5 5 3 3 3 2 2 2 2 2 2
9 8 6 5 5 3 3 3 2 2 2 2 2 1 1
9 8 6 5 5 3 3 3 2 2 2 2 1 1 1 1
9 8 6 5 5 3 3 3 2 2 2 1 1 1 1 1 1
9 8 6 5 5 3 3 2 2 2 2 2 2 2 1
9 8 6 5 5 3 3 2 2 2 2 2 2 1 1 1
9 8 6 5 5 3 3 2 2 2 2 2 1 1 1 1 1
9 8 6 5 4 4 4 4 4 4 2
9 8 6 5 4 4 4 4 4 4 1 1
9 8 6 5 4 4 4 4 4 3 3
9 8 6 5 4 4 4 4 4 3 2 1
9 8 6 5 4 4 4 4 4 3 1 1 1
9 8 6 5 4 4 4 4 4 2 2 2
9 8 6 5 4 4 4 4 4 2 2 1 1
9 8 6 5 4 4 4 4 4 2 1 1 1 1
9 8 6 5 4 4 4 4 4 1 1 1 1 1 1
9 8 6 5 4 4 4 4 3 3 3 1
9 8 6 5 4 4 4 4 3 3 2 2
9 8 6 5 4 4 4 4 3 3 2 1 1
9 8 6 5 4 4 4 4 3 3 1 1 1 1
9 8 6 5 4 4 4 4 3 2 2 2 1
9 8 6 5 4 4 4 4 3 2 2 1 1 1
9 8 6 5 4 4 4 4 3 2 1 1 1 1 1
9 8 6 5 4 4 4 4 3 1 1 1 1 1 1 1
9 8 6 5 4 4 4 4 2 2 2 2 2
9 8 6 5 4 4 4 4 2 2 2 2 1 1
9 8 6 5 4 4 4 4 2 2 2 1 1 1 1
9 8 6 5 4 4 4 4 2 2 1 1 1 1 1 1
9 8 6 5 4 4 4 4 2 1 1 1 1 1 1 1 1
9 8 6 5 4 4 4 3 3 3 3 2
9 8 6 5 4 4 4 3 3 3 3 1 1
9 8 6 5 4 4 4 3 3 3 2 2 1
9 8 6 5 4 4 4 3 3 3 2 1 1 1
9 8 6 5 4 4 4 3 3 3 1 1 1 1 1
9 8 6 5 4 4 4 3 3 2 2 2 2
9 8 6 5 4 4 4 3 3 2 2 2 1 1
9 8 6 5 4 4 4 3 3 2 2 1 1 1 1
9 8 6 5 4 4 4 3 3 2 1 1 1 1 1 1
9 8 6 5 4 4 4 3 3 1 1 1 1 1 1 1 1
9 8 6 5 4 4 4 3 2 2 2 2 2 1
9 8 6 5 4 4 4 3 2 2 2 2 1 1 1
9 8 6 5 4 4 4 3 2 2 2 1 1 1 1 1
9 8 6 5 4 4 4 3 2 2 1 1 1 1 1 1 1
9 8 6 5 4 4 4 2 2 2 2 2 2 2
9 8 6 5 4 4 4 2 2 2 2 2 2 1 1
9 8 6 5 4 4 4 2 2 2 2 2 1 1 1 1
9 8 6 5 4 4 4 2 2 2 2 1 1 1 1 1 1
9 8 6 5 4 4 3 3 3 3 3 3
9 8 6 5 4 4 3 3 3 3 3 2 1
9 8 6 5 4 4 3 3 3 3 3 1 1 1
9 8 6 5 4 4 3 3 3 3 2 2 2
9 8 6 5 4 4 3 3 3 3 2 2 1 1
9 8 6 5 4 4 3 3 3 3 2 1 1 1 1
9 8 6 5 4 4 3 3 3 3 1 1 1 1 1 1
9 8 6 5 4 4 3 3 3 2 2 2 2 1
9 8 6 5 4 4 3 3 3 2 2 2 1 1 1
9 8 6 5 4 4 3 3 3 2 2 1 1 1 1 1
9 8 6 5 4 4 3 3 3 2 1 1 1 1 1 1 1
9 8 6 5 4 4 3 3 2 2 2 2 2 2
9 8 6 5 4 4 3 3 2 2 2 2 2 1 1
9 8 6 5 4 4 3 3 2 2 2 2 1 1 1 1
9 8 6 5 4 4 3 3 2 2 2 1 1 1 1 1 1
9 8 6 5 4 4 3 2 2 2 2 2 2 2 1
9 8 6 5 4 4 3 2 2 2 2 2 2 1 1 1
9 8 6 5 4 4 3 2 2 2 2 2 1 1 1 1 1
9 8 6 5 4 3 3 3 3 3 3 3 1
9 8 6 5 4 3 3 3 3 3 3 2 2
9 8 6 5 4 3 3 3 3 3 3 2 1 1
9 8 6 5 4 3 3 3 3 3 3 1 1 1 1
9 8 6 5 4 3 3 3 3 3 2 2 2 1
9 8 6 5 4 3 3 3 3 3 2 2 1 1 1
9 8 6 5 4 3 3 3 3 3 2 1 1 1 1 1
9 8 6 5 4 3 3 3 3 3 1 1 1 1 1 1 1
9 8 6 5 4 3 3 3 3 2 2 2 2 2
9 8 6 5 4 3 3 3 3 2 2 2 2 1 1
9 8 6 5 4 3 3 3 3 2 2 2 1 1 1 1
9 8 6 5 4 3 3 3 3 2 2 1 1 1 1 1 1
9 8 6 5 4 3 3 3 2 2 2 2 2 2 1
9 8 6 5 4 3 3 3 2 2 2 2 2 1 1 1
9 8 6 5 4 3 3 3 2 2 2 2 1 1 1 1 1
9 8 6 5 4 3 3 2 2 2 2 2 2 2 2
9 8 6 5 4 3 3 2 2 2 2 2 2 2 1 1
9 8 6 5 4 3 3 2 2 2 2 2 2 1 1 1 1
9 8 6 4 4 4 4 4 4 4 3
9 8 6 4 4 4 4 4 4 4 2 1
9 8 6 4 4 4 4 4 4 4 1 1 1
9 8 6 4 4 4 4 4 4 3 3 1
9 8 6 4 4 4 4 4 4 3 2 2
9 8 6 4 4 4 4 4 4 3 2 1 1
9 8 6 4 4 4 4 4 4 3 1 1 1 1
9 8 6 4 4 4 4 4 4 2 2 2 1
9 8 6 4 4 4 4 4 4 2 2 1 1 1
9 8 6 4 4 4 4 4 4 2 1 1 1 1 1
9 8 6 4 4 4 4 4 4 1 1 1 1 1 1 1
9 8 6 4 4 4 4 4 3 3 3 2
9 8 6 4 4 4 4 4 3 3 3 1 1
9 8 6 4 4 4 4 4 3 3 2 2 1
9 8 6 4 4 4 4 4 3 3 2 1 1 1
9 8 6 4 4 4 4 4 3 3 1 1 1 1 1
9 8 6 4 4 4 4 4 3 2 2 2 2
9 8 6 4 4 4 4 4 3 2 2 2 1 1
9 8 6 4 4 4 4 4 3 2 2 1 1 1 1
9 8 6 4 4 4 4 4 3 2 1 1 1 1 1 1
9 8 6 4 4 4 4 4 3 1 1 1 1 1 1 1 1
9 8 6 4 4 4 4 4 2 2 2 2 2 1
9 8 6 4 4 4 4 4 2 2 2 2 1 1 1
9 8 6 4 4 4 4 4 2 2 2 1 1 1 1 1
9 8 6 4 4 4 4 4 2 2 1 1 1 1 1 1 1
9 8 6 4 4 4 4 3 3 3 3 3
9 8 6 4 4 4 4 3 3 3 3 2 1
9 8 6 4 4 4 4 3 3 3 3 1 1 1
9 8 6 4 4 4 4 3 3 3 2 2 2
9 8 6 4 4 4 4 3 3 3 2 2 1 1
9 8 6 4 4 4 4 3 3 3 2 1 1 1 1
9 8 6 4 4 4 4 3 3 3 1 1 1 1 1 1
9 8 6 4 4 4 4 3 3 2 2 2 2 1
9 8 6 4 4 4 4 3 3 2 2 2 1 1 1
9 8 6 4 4 4 4 3 3 2 2 1 1 1 1 1
9 8 6 4 4 4 4 3 3 2 1 1 1 1 1 1 1
9 8 6 4 4 4 4 3 2 2 2 2 2 2
9 8 6 4 4 4 4 3 2 2 2 2 2 1 1
9 8 6 4 4 4 4 3 2 2 2 2 1 1 1 1
9 8 6 4 4 4 4 3 2 2 2 1 1 1 1 1 1
9 8 6 4 4 4 4 2 2 2 2 2 2 2 1
9 8 6 4 4 4 4 2 2 2 2 2 2 1 1 1
9 8 6 4 4 4 4 2 2 2 2 2 1 1 1 1 1
9 8 6 4 4 4 3 3 3 3 3 3 1
9 8 6 4 4 4 3 3 3 3 3 2 2
9 8 6 4 4 4 3 3 3 3 3 2 1 1
9 8 6 4 4 4 3 3 3 3 3 1 1 1 1
9 8 6 4 4 4 3 3 3 3 2 2 2 1
9 8 6 4 4 4 3 3 3 3 2 2 1 1 1
9 8 6 4 4 4 3 3 3 3 2 1 1 1 1 1
9 8 6 4 4 4 3 3 3 3 1 1 1 1 1 1 1
9 8 6 4 4 4 3 3 3 2 2 2 2 2
9 8 6 4 4 4 3 3 3 2 2 2 2 1 1
9 8 6 4 4 4 3 3 3 2 2 2 1 1 1 1
9 8 6 4 4 4 3 3 3 2 2 1 1 1 1 1 1
9 8 6 4 4 4 3 3 2 2 2 2 2 2 1
9 8 6 4 4 4 3 3 2 2 2 2 2 1 1 1
9 8 6 4 4 4 3 3 2 2 2 2 1 1 1 1 1
9 8 6 4 4 4 3 2 2 2 2 2 2 2 2
9 8 6 4 4 4 3 2 2 2 2 2 2 2 1 1
9 8 6 4 4 4 3 2 2 2 2 2 2 1 1 1 1
9 8 6 4 4 3 3 3 3 3 3 3 2
9 8 6 4 4 3 3 3 3 3 3 3 1 1
9 8 6 4 4 3 3 3 3 3 3 2 2 1
9 8 6 4 4 3 3 3 3 3 3 2 1 1 1
9 8 6 4 4 3 3 3 3 3 3 1 1 1 1 1
9 8 6 4 4 3 3 3 3 3 2 2 2 2
9 8 6 4 4 3 3 3 3 3 2 2 2 1 1
9 8 6 4 4 3 3 3 3 3 2 2 1 1 1 1
9 8 6 4 4 3 3 3 3 3 2 1 1 1 1 1 1
9 8 6 4 4 3 3 3 3 2 2 2 2 2 1
9 8 6 4 4 3 3 3 3 2 2 2 2 1 1 1
9 8 6 4 4 3 3 3 3 2 2 2 1 1 1 1 1
9 8 6 4 4 3 3 3 2 2 2 2 2 2 2
9 8 6 4 4 3 3 3 2 2 2 2 2 2 1 1
9 8 6 4 4 3 3 3 2 2 2 2 2 1 1 1 1
9 8 5 5 5 5 5 5 5 1 1
9 8 5 5 5 5 5 5 4 2 1
9 8 5 5 5 5 5 5 4 1 1 1
9 8 5 5 5 5 5 5 3 3 1
9 8 5 5 5 5 5 5 3 2 2
9 8 5 5 5 5 5 5 3 2 1 1
9 8 5 5 5 5 5 5 3 1 1 1 1
9 8 5 5 5 5 5 5 2 2 2 1
9 8 5 5 5 5 5 5 2 2 1 1 1
9 8 5 5 5 5 5 5 2 1 1 1 1 1
9 8 5 5 5 5 5 4 4 3 1
9 8 5 5 5 5 5 4 4 2 2
9 8 5 5 5 5 5 4 4 2 1 1
9 8 5 5 5 5 5 4 4 1 1 1 1
9 8 5 5 5 5 5 4 3 3 2
9 8 5 5 5 5 5 4 3 3 1 1
9 8 5 5 5 5 5 4 3 2 2 1
9 8 5 5 5 5 5 4 3 2 1 1 1
9 8 5 5 5 5 5 4 3 1 1 1 1 1
9 8 5 5 5 5 5 4 2 2 2 2
9 8 5 5 5 5 5 4 2 2 2 1 1
9 8 5 5 5 5 5 4 2 2 1 1 1 1
9 8 5 5 5 5 5 4 2 1 1 1 1 1 1
9 8 5 5 5 5 5 3 3 3 3
9 8 5 5 5 5 5 3 3 3 2 1
9 8 5 5 5 5 5 3 3 3 1 1 1
9 8 5 5 5 5 5 3 3 2 2 2
9 8 5 5 5 5 5 3 3 2 2 1 1
9 8 5 5 5 5 5 3 3 2 1 1 1 1
9 8 5 5 5 5 5 3 3 1 1 1 1 1 1
9 8 5 5 5 5 5 3 2 2 2 2 1
9 8 5 5 5 5 5 3 2 2 2 1 1 1
9 8 5 5 5 5 5 3 2 2 1 1 1 1 1
9 8 5 5 5 5 5 3 2 1 1 1 1 1 1 1
9 8 5 5 5 5 5 2 2 2 2 2 2
9 8 5 5 5 5 5 2 2 2 2 2 1 1
9 8 5 5 5 5 5 2 2 2 2 1 1 1 1
9 8 5 5 5 5 5 2 2 2 1 1 1 1 1 1
9 8 5 5 5 5 5 2 2 1 1 1 1 1 1 1 1
9 8 5 5 5 5 4 4 4 4 1
9 8 5 5 5 5 4 4 4 3 2
9 8 5 5 5 5 4 4 4 3 1 1
9 8 5 5 5 5 4 4 4 2 2 1
9 8 5 5 5 5 4 4 4 2 1 1 1
9 8 5 5 5 5 4 4 4 1 1 1 1 1
9 8 5 5 5 5 4 4 3 3 3
9 8 5 5 5 5 4 4 3 3 2 1
9 8 5 5 5 5 4 4 3 3 1 1 1
9 8 5 5 5 5 4 4 3 2 2 2
9 8 5 5 5 5 4 4 3 2 2 1 1
9 8 5 5 5 5 4 4 3 2 1 1 1 1
9 8 5 5 5 5 4 4 3 1 1 1 1 1 1
9 8 5 5 5 5 4 4 2 2 2 2 1
9 8 5 5 5 5 4 4 2 2 2 1 1 1
9 8 5 5 5 5 4 4 2 2 1 1 1 1 1
9 8 5 5 5 5 4 4 2 1 1 1 1 1 1 1
9 8 5 5 5 5 4 3 3 3 3 1
9 8 5 5 5 5 4 3 3 3 2 2
9 8 5 5 5 5 4 3 3 3 2 1 1
9 8 5 5 5 5 4 3 3 3 1 1 1 1
9 8 5 5 5 5 4 3 3 2 2 2 1
9 8 5 5 5 5 4 3 3 2 2 1 1 1
9 8 5 5 5 5 4 3 3 2 1 1 1 1 1
9 8 5 5 5 5 4 3 3 1 1 1 1 1 1 1
9 8 5 5 5 5 4 3 2 2 2 2 2
9 8 5 5 5 5 4 3 2 2 2 2 1 1
9 8 5 5 5 5 4 3 2 2 2 1 1 1 1
9 8 5 5 5 5 4 3 2 2 1 1 1 1 1 1
9 8 5 5 5 5 4 3 2 1 1 1 1 1 1 1 1
9 8 5 5 5 5 4 2 2 2 2 2 2 1
9 8 5 5 5 5 4 2 2 2 2 2 1 1 1
9 8 5 5 5 5 4 2 2 2 2 1 1 1 1 1
9 8 5 5 5 5 4 2 2 2 1 1 1 1 1 1 1
9 8 5 5 5 5 3 3 3 3 3 2
9 8 5 5 5 5 3 3 3 3 3 1 1
9 8 5 5 5 5 3 3 3 3 2 2 1
9 8 5 5 5 5 3 3 3 3 2 1 1 1
9 8 5 5 5 5 3 3 3 3 1 1 1 1 1
9 8 5 5 5 5 3 3 3 2 2 2 2
9 8 5 5 5 5 3 3 3 2 2 2 1 1
9 8 5 5 5 5 3 3 3 2 2 1 1 1 1
9 8 5 5 5 5 3 3 3 2 1 1 1 1 1 1
9 8 5 5 5 5 3 3 3 1 1 1 1 1 1 1 1
9 8 5 5 5 5 3 3 2 2 2 2 2 1
9 8 5 5 5 5 3 3 2 2 2 2 1 1 1
9 8 5 5 5 5 3 3 2 2 2 1 1 1 1 1
9 8 5 5 5 5 3 3 2 2 1 1 1 1 1 1 1
9 8 5 5 5 5 3 2 2 2 2 2 2 2
9 8 5 5 5 5 3 2 2 2 2 2 2 1 1
9 8 5 5 5 5 3 2 2 2 2 2 1 1 1 1
9 8 5 5 5 5 3 2 2 2 2 1 1 1 1 1 1
9 8 5 5 5 4 4 4 4 4 2
9 8 5 5 5 4 4 4 4 4 1 1
9 8 5 5 5 4 4 4 4 3 3
9 8 5 5 5 4 4 4 4 3 2 1
9 8 5 5 5 4 4 4 4 3 1 1 1
9 8 5 5 5 4 4 4 4 2 2 2
9 8 5 5 5 4 4 4 4 2 2 1 1
9 8 5 5 5 4 4 4 4 2 1 1 1 1
9 8 5 5 5 4 4 4 4 1 1 1 1 1 1
9 8 5 5 5 4 4 4 3 3 3 1
9 8 5 5 5 4 4 4 3 3 2 2
9 8 5 5 5 4 4 4 3 3 2 1 1
9 8 5 5 5 4 4 4 3 3 1 1 1 1
9 8 5 5 5 4 4 4 3 2 2 2 1
9 8 5 5 5 4 4 4 3 2 2 1 1 1
9 8 5 5 5 4 4 4 3 2 1 1 1 1 1
9 8 5 5 5 4 4 4 3 1 1 1 1 1 1 1
9 8 5 5 5 4 4 4 2 2 2 2 2
9 8 5 5 5 4 4 4 2 2 2 2 1 1
9 8 5 5 5 4 4 4 2 2 2 1 1 1 1
9 8 5 5 5 4 4 4 2 2 1 1 1 1 1 1
9 8 5 5 5 4 4 4 2 1 1 1 1 1 1 1 1
9 8 5 5 5 4 4 3 3 3 3 2
9 8 5 5 5 4 4 3 3 3 3 1 1
9 8 5 5 5 4 4 3 3 3 2 2 1
9 8 5 5 5 4 4 3 3 3 2 1 1 1
9 8 5 5 5 4 4 3 3 3 1 1 1 1 1
9 8 5 5 5 4 4 3 3 2 2 2 2
9 8 5 5 5 4 4 3 3 2 2 2 1 1
9 8 5 5 5 4 4 3 3 2 2 1 1 1 1
9 8 5 5 5 4 4 3 3 2 1 1 1 1 1 1
9 8 5 5 5 4 4 3 3 1 1 1 1 1 1 1 1
9 8 5 5 5 4 4 3 2 2 2 2 2 1
9 8 5 5 5 4 4 3 2 2 2 2 1 1 1
9 8 5 5 5 4 4 3 2 2 2 1 1 1 1 1
9 8 5 5 5 4 4 3 2 2 1 1 1 1 1 1 1
9 8 5 5 5 4 4 2 2 2 2 2 2 2
9 8 5 5 5 4 4 2 2 2 2 2 2 1 1
9 8 5 5 5 4 4 2 2 2 2 2 1 1 1 1
9 8 5 5 5 4 4 2 2 2 2 1 1 1 1 1 1
9 8 5 5 5 4 3 3 3 3 3 3
9 8 5 5 5 4 3 3 3 3 3 2 1
9 8 5 5 5 4 3 3 3 3 3 1 1 1
9 8 5 5 5 4 3 3 3 3 2 2 2
9 8 5 5 5 4 3 3 3 3 2 2 1 1
9 8 5 5 5 4 3 3 3 3 2 1 1 1 1
9 8 5 5 5 4 3 3 3 3 1 1 1 1 1 1
9 8 5 5 5 4 3 3 3 2 2 2 2 1
9 8 5 5 5 4 3 3 3 2 2 2 1 1 1
9 8 5 5 5 4 3 3 3 2 2 1 1 1 1 1
9 8 5 5 5 4 3 3 3 2 1 1 1 1 1 1 1
9 8 5 5 5 4 3 3 2 2 2 2 2 2
9 8 5 5 5 4 3 3 2 2 2 2 2 1 1
9 8 5 5 5 4 3 3 2 2 2 2 1 1 1 1
9 8 5 5 5 4 3 3 2 2 2 1 1 1 1 1 1
9 8 5 5 5 4 3 2 2 2 2 2 2 2 1
9 8 5 5 5 4 3 2 2 2 2 2 2 1 1 1
9 8 5 5 5 4 3 2 2 2 2 2 1 1 1 1 1
9 8 5 5 5 3 3 3 3 3 3 3 1
9 8 5 5 5 3 3 3 3 3 3 2 2
9 8 5 5 5 3 3 3 3 3 3 2 1 1
9 8 5 5 5 3 3 3 3 3 3 1 1 1 1
9 8 5 5 5 3 3 3 3 3 2 2 2 1
9 8 5 5 5 3 3 3 3 3 2 2 1 1 1
9 8 5 5 5 3 3 3 3 3 2 1 1 1 1 1
9 8 5 5 5 3 3 3 3 3 1 1 1 1 1 1 1
9 8 5 5 5 3 3 3 3 2 2 2 2 2
9 8 5 5 5 3 3 3 3 2 2 2 2 1 1
9 8 5 5 5 3 3 3 3 2 2 2 1 1 1 1
9 8 5 5 5 3 3 3 3 2 2 1 1 1 1 1 1
9 8 5 5 5 3 3 3 2 2 2 2 2 2 1
9 8 5 5 5 3 3 3 2 2 2 2 2 1 1 1
9 8 5 5 5 3 3 3 2 2 2 2 1 1 1 1 1
9 8 5 5 5 3 3 2 2 2 2 2 2 2 2
9 8 5 5 5 3 3 2 2 2 2 2 2 2 1 1
9 8 5 5 5 3 3 2 2 2 2 2 2 1 1 1 1
9 8 5 5 4 4 4 4 4 4 3
9 8 5 5 4 4 4 4 4 4 2 1
9 8 5 5 4 4 4 4 4 4 1 1 1
9 8 5 5 4 4 4 4 4 3 3 1
9 8 5 5 4 4 4 4 4 3 2 2
9 8 5 5 4 4 4 4 4 3 2 1 1
9 8 5 5 4 4 4 4 4 3 1 1 1 1
9 8 5 5 4 4 4 4 4 2 2 2 1
9 8 5 5 4 4 4 4 4 2 2 1 1 1
9 8 5 5 4 4 4 4 4 2 1 1 1 1 1
9 8 5 5 4 4 4 4 4 1 1 1 1 1 1 1
9 8 5 5 4 4 4 4 3 3 3 2
9 8 5 5 4 4 4 4 3 3 3 1 1
9 8 5 5 4 4 4 4 3 3 2 2 1
9 8 5 5 4 4 4 4 3 3 2 1 1 1
9 8 5 5 4 4 4 4 3 3 1 1 1 1 1
9 8 5 5 4 4 4 4 3 2 2 2 2
9 8 5 5 4 4 4 4 3 2 2 2 1 1
9 8 5 5 4 4 4 4 3 2 2 1 1 1 1
9 8 5 5 4 4 4 4 3 2 1 1 1 1 1 1
9 8 5 5 4 4 4 4 3 1 1 1 1 1 1 1 1
9 8 5 5 4 4 4 4 2 2 2 2 2 1
9 8 5 5 4 4 4 4 2 2 2 2 1 1 1
9 8 5 5 4 4 4 4 2 2 2 1 1 1 1 1
9 8 5 5 4 4 4 4 2 2 1 1 1 1 1 1 1
9 8 5 5 4 4 4 3 3 3 3 3
9 8 5 5 4 4 4 3 3 3 3 2 1
9 8 5 5 4 4 4 3 3 3 3 1 1 1
9 8 5 5 4 4 4 3 3 3 2 2 2
9 8 5 5 4 4 4 3 3 3 2 2 1 1
9 8 5 5 4 4 4 3 3 3 2 1 1 1 1
9 8 5 5 4 4 4 3 3 3 1 1 1 1 1 1
9 8 5 5 4 4 4 3 3 2 2 2 2 1
9 8 5 5 4 4 4 3 3 2 2 2 1 1 1
9 8 5 5 4 4 4 3 3 2 2 1 1 1 1 1
9 8 5 5 4 4 4 3 3 2 1 1 1 1 1 1 1
9 8 5 5 4 4 4 3 2 2 2 2 2 2
9 8 5 5 4 4 4 3 2 2 2 2 2 1 1
9 8 5 5 4 4 4 3 2 2 2 2 1 1 1 1
9 8 5 5 4 4 4 3 2 2 2 1 1 1 1 1 1
9 8 5 5 4 4 4 2 2 2 2 2 2 2 1
9 8 5 5 4 4 4 2 2 2 2 2 2 1 1 1
9 8 5 5 4 4 4 2 2 2 2 2 1 1 1 1 1
9 8 5 5 4 4 3 3 3 3 3 3 1
9 8 5 5 4 4 3 3 3 3 3 2 2
9 8 5 5 4 4 3 3 3 3 3 2 1 1
9 8 5 5 4 4 3 3 3 3 3 1 1 1 1
9 8 5 5 4 4 3 3 3 3 2 2 2 1
9 8 5 5 4 4 3 3 3 3 2 2 1 1 1
9 8 5 5 4 4 3 3 3 3 2 1 1 1 1 1
9 8 5 5 4 4 3 3 3 3 1 1 1 1 1 1 1
9 8 5 5 4 4 3 3 3 2 2 2 2 2
9 8 5 5 4 4 3 3 3 2 2 2 2 1 1
9 8 5 5 4 4 3 3 3 2 2 2 1 1 1 1
9 8 5 5 4 4 3 3 3 2 2 1 1 1 1 1 1
9 8 5 5 4 4 3 3 2 2 2 2 2 2 1
9 8 5 5 4 4 3 3 2 2 2 2 2 1 1 1
9 8 5 5 4 4 3 3 2 2 2 2 1 1 1 1 1
9 8 5 5 4 4 3 2 2 2 2 2 2 2 2
9 8 5 5 4 4 3 2 2 2 2 2 2 2 1 1
9 8 5 5 4 4 3 2 2 2 2 2 2 1 1 1 1
9 8 5 5 4 3 3 3 3 3 3 3 2
9 8 5 5 4 3 3 3 3 3 3 3 1 1
9 8 5 5 4 3 3 3 3 3 3 2 2 1
9 8 5 5 4 3 3 3 3 3 3 2 1 1 1
9 8 5 5 4 3 3 3 3 3 3 1 1 1 1 1
9 8 5 5 4 3 3 3 3 3 2 2 2 2
9 8 5 5 4 3 3 3 3 3 2 2 2 1 1
9 8 5 5 4 3 3 3 3 3 2 2 1 1 1 1
9 8 5 5 4 3 3 3 3 3 2 1 1 1 1 1 1
9 8 5 5 4 3 3 3 3 2 2 2 2 2 1
9 8 5 5 4 3 3 3 3 2 2 2 2 1 1 1
9 8 5 5 4 3 3 3 3 2 2 2 1 1 1 1 1
9 8 5 5 4 3 3 3 2 2 2 2 2 2 2
9 8 5 5 4 3 3 3 2 2 2 2 2 2 1 1
9 8 5 5 4 3 3 3 2 2 2 2 2 1 1 1 1
9 8 5 4 4 4 4 4 4 4 4
9 8 5 4 4 4 4 4 4 4 3 1
9 8 5 4 4 4 4 4 4 4 2 2
9 8 5 4 4 4 4 4 4 4 2 1 1
9 8 5 4 4 4 4 4 4 4 1 1 1 1
9 8 5 4 4 4 4 4 4 3 3 2
9 8 5 4 4 4 4 4 4 3 3 1 1
9 8 5 4 4 4 4 4 4 3 2 2 1
9 8 5 4 4 4 4 4 4 3 2 1 1 1
9 8 5 4 4 4 4 4 4 3 1 1 1 1 1
9 8 5 4 4 4 4 4 4 2 2 2 2
9 8 5 4 4 4 4 4 4 2 2 2 1 1
9 8 5 4 4 4 4 4 4 2 2 1 1 1 1
9 8 5 4 4 4 4 4 4 2 1 1 1 1 1 1
9 8 5 4 4 4 4 4 4 1 1 1 1 1 1 1 1
9 8 5 4 4 4 4 4 3 3 3 3
9 8 5 4 4 4 4 4 3 3 3 2 1
9 8 5 4 4 4 4 4 3 3 3 1 1 1
9 8 5 4 4 4 4 4 3 3 2 2 2
9 8 5 4 4 4 4 4 3 3 2 2 1 1
9 8 5 4 4 4 4 4 3 3 2 1 1 1 1
9 8 5 4 4 4 4 4 3 3 1 1 1 1 1 1
9 8 5 4 4 4 4 4 3 2 2 2 2 1
9 8 5 4 4 4 4 4 3 2 2 2 1 1 1
9 8 5 4 4 4 4 4 3 2 2 1 1 1 1 1
9 8 5 4 4 4 4 4 3 2 1 1 1 1 1 1 1
9 8 5 4 4 4 4 4 2 2 2 2 2 2
9 8 5 4 4 4 4 4 2 2 2 2 2 1 1
9 8 5 4 4 4 4 4 2 2 2 2 1 1 1 1
9 8 5 4 4 4 4 4 2 2 2 1 1 1 1 1 1
9 8 5 4 4 4 4 3 3 3 3 3 1
9 8 5 4 4 4 4 3 3 3 3 2 2
9 8 5 4 4 4 4 3 3 3 3 2 1 1
9 8 5 4 4 4 4 3 3 3 3 1 1 1 1
9 8 5 4 4 4 4 3 3 3 2 2 2 1
9 8 5 4 4 4 4 3 3 3 2 2 1 1 1
9 8 5 4 4 4 4 3 3 3 2 1 1 1 1 1
9 8 5 4 4 4 4 3 3 3 1 1 1 1 1 1 1
9 8 5 4 4 4 4 3 3 2 2 2 2 2
9 8 5 4 4 4 4 3 3 2 2 2 2 1 1
9 8 5 4 4 4 4 3 3 2 2 2 1 1 1 1
9 8 5 4 4 4 4 3 3 2 2 1 1 1 1 1 1
9 8 5 4 4 4 4 3 2 2 2 2 2 2 1
9 8 5 4 4 4 4 3 2 2 2 2 2 1 1 1
9 8 5 4 4 4 4 3 2 2 2 2 1 1 1 1 1
9 8 5 4 4 4 4 2 2 2 2 2 2 2 2
9 8 5 4 4 4 4 2 2 2 2 2 2 2 1 1
9 8 5 4 4 4 4 2 2 2 2 2 2 1 1 1 1
9 8 5 4 4 4 3 3 3 3 3 3 2
9 8 5 4 4 4 3 3 3 3 3 3 1 1
9 8 5 4 4 4 3 3 3 3 3 2 2 1
9 8 5 4 4 4 3 3 3 3 3 2 1 1 1
9 8 5 4 4 4 3 3 3 3 3 1 1 1 1 1
9 8 5 4 4 4 3 3 3 3 2 2 2 2
9 8 5 4 4 4 3 3 3 3 2 2 2 1 1
9 8 5 4 4 4 3 3 3 3 2 2 1 1 1 1
9 8 5 4 4 4 3 3 3 3 2 1 1 1 1 1 1
9 8 5 4 4 4 3 3 3 2 2 2 2 2 1
9 8 5 4 4 4 3 3 3 2 2 2 2 1 1 1
9 8 5 4 4 4 3 3 3 2 2 2 1 1 1 1 1
9 8 5 4 4 4 3 3 2 2 2 2 2 2 2
9 8 5 4 4 4 3 3 2 2 2 2 2 2 1 1
9 8 5 4 4 4 3 3 2 2 2 2 2 1 1 1 1
9 8 5 4 4 3 3 3 3 3 3 3 3
9 8 5 4 4 3 3 3 3 3 3 3 2 1
9 8 5 4 4 3 3 3 3 3 3 3 1 1 1
9 8 5 4 4 3 3 3 3 3 3 2 2 2
9 8 5 4 4 3 3 3 3 3 3 2 2 1 1
9 8 5 4 4 3 3 3 3 3 3 2 1 1 1 1
9 8 5 4 4 3 3 3 3 3 3 1 1 1 1 1 1
9 8 5 4 4 3 3 3 3 3 2 2 2 2 1
9 8 5 4 4 3 3 3 3 3 2 2 2 1 1 1
9 8 5 4 4 3 3 3 3 3 2 2 1 1 1 1 1
9 8 5 4 4 3 3 3 3 2 2 2 2 2 2
9 8 5 4 4 3 3 3 3 2 2 2 2 2 1 1
9 8 5 4 4 3 3 3 3 2 2 2 2 1 1 1 1
9 7 7 7 7 6 4 3 2 1 1
9 7 7 7 7 6 4 2 2 2 1
9 7 7 7 7 6 4 2 2 1 1 1
9 7 7 7 7 6 3 3 3 1 1
9 7 7 7 7 6 3 3 2 2 1
9 7 7 7 7 6 3 3 2 1 1 1
9 7 7 7 7 6 3 2 2 2 2
9 7 7 7 7 6 3 2 2 2 1 1
9 7 7 7 7 6 3 2 2 1 1 1 1
9 7 7 7 7 5 5 3 2 1 1
9 7 7 7 7 5 5 2 2 2 1
9 7 7 7 7 5 5 2 2 1 1 1
9 7 7 7 7 5 4 4 2 1 1
9 7 7 7 7 5 4 3 3 1 1
9 7 7 7 7 5 4 3 2 2 1
9 7 7 7 7 5 4 3 2 1 1 1
9 7 7 7 7 5 4 2 2 2 2
9 7 7 7 7 5 4 2 2 2 1 1
9 7 7 7 7 5 4 2 2 1 1 1 1
9 7 7 7 7 5 3 3 3 2 1
9 7 7 7 7 5 3 3 3 1 1 1
9 7 7 7 7 5 3 3 2 2 2
9 7 7 7 7 5 3 3 2 2 1 1
9 7 7 7 7 5 3 3 2 1 1 1 1
9 7 7 7 7 5 3 2 2 2 2 1
9 7 7 7 7 5 3 2 2 2 1 1 1
9 7 7 7 7 5 3 2 2 1 1 1 1 1
9 7 7 7 7 4 4 4 3 1 1
9 7 7 7 7 4 4 4 2 2 1
9 7 7 7 7 4 4 4 2 1 1 1
9 7 7 7 7 4 4 3 3 2 1
9 7 7 7 7 4 4 3 3 1 1 1
9 7 7 7 7 4 4 3 2 2 2
9 7 7 7 7 4 4 3 2 2 1 1
9 7 7 7 7 4 4 3 2 1 1 1 1
9 7 7 7 7 4 4 2 2 2 2 1
9 7 7 7 7 4 4 2 2 2 1 1 1
9 7 7 7 7 4 4 2 2 1 1 1 1 1
9 7 7 7 7 4 3 3 3 3 1
9 7 7 7 7 4 3 3 3 2 2
9 7 7 7 7 4 3 3 3 2 1 1
9 7 7 7 7 4 3 3 3 1 1 1 1
9 7 7 7 7 4 3 3 2 2 2 1
9 7 7 7 7 4 3 3 2 2 1 1 1
9 7 7 7 7 4 3 3 2 1 1 1 1 1
9 7 7 7 7 4 3 2 2 2 2 2
9 7 7 7 7 4 3 2 2 2 2 1 1
9 7 7 7 7 4 3 2 2 2 1 1 1 1
9 7 7 7 7 4 3 2 2 1 1 1 1 1 1
9 7 7 7 7 3 3 3 3 3 2
9 7 7 7 7 3 3 3 3 3 1 1
9 7 7 7 7 3 3 3 3 2 2 1
9 7 7 7 7 3 3 3 3 2 1 1 1
9 7 7 7 7 3 3 3 3 1 1 1 1 1
9 7 7 7 7 3 3 3 2 2 2 2
9 7 7 7 7 3 3 3 2 2 2 1 1
9 7 7 7 7 3 3 3 2 2 1 1 1 1
9 7 7 7 7 3 3 3 2 1 1 1 1 1 1
9 7 7 7 7 3 3 2 2 2 2 2 1
9 7 7 7 7 3 3 2 2 2 2 1 1 1
9 7 7 7 7 3 3 2 2 2 1 1 1 1 1
9 7 7 7 6 6 5 3 2 1 1
9 7 7 7 6 6 5 2 2 2 1
9 7 7 7 6 6 5 2 2 1 1 1
9 7 7 7 6 6 4 4 2 1 1
9 7 7 7 6 6 4 3 3 1 1
9 7 7 7 6 6 4 3 2 2 1
9 7 7 7 6 6 4 3 2 1 1 1
9 7 7 7 6 6 4 2 2 2 2
9 7 7 7 6 6 4 2 2 2 1 1
9 7 7 7 6 6 4 2 2 1 1 1 1
9 7 7 7 6 6 3 3 3 2 1
9 7 7 7 6 6 3 3 3 1 1 1
9 7 7 7 6 6 3 3 2 2 2
9 7 7 7 6 6 3 3 2 2 1 1
9 7 7 7 6 6 3 3 2 1 1 1 1
9 7 7 7 6 6 3 2 2 2 2 1
9 7 7 7 6 6 3 2 2 2 1 1 1
9 7 7 7 6 6 3 2 2 1 1 1 1 1
9 7 7 7 6 5 5 4 2 1 1
9 7 7 7 6 5 5 3 3 1 1
9 7 7 7 6 5 5 3 2 2 1
9 7 7 7 6 5 5 3 2 1 1 1
9 7 7 7 6 5 5 2 2 2 2
9 7 7 7 6 5 5 2 2 2 1 1
9 7 7 7 6 5 5 2 2 1 1 1 1
9 7 7 7 6 5 4 4 3 1 1
9 7 7 7 6 5 4 4 2 2 1
9 7 7 7 6 5 4 4 2 1 1 1
9 7 7 7 6 5 4 3 3 2 1
9 7 7 7 6 5 4 3 3 1 1 1
9 7 7 7 6 5 4 3 2 2 2
9 7 7 7 6 5 4 3 2 2 1 1
9 7 7 7 6 5 4 3 2 1 1 1 1
9 7 7 7 6 5 4 2 2 2 2 1
9 7 7 7 6 5 4 2 2 2 1 1 1
9 7 7 7 6 5 4 2 2 1 1 1 1 1
9 7 7 7 6 5 3 3 3 3 1
9 7 7 7 6 5 3 3 3 2 2
9 7 7 7 6 5 3 3 3 2 1 1
9 7 7 7 6 5 3 3 3 1 1 1 1
9 7 7 7 6 5 3 3 2 2 2 1
9 7 7 7 6 5 3 3 2 2 1 1 1
9 7 7 7 6 5 3 3 2 1 1 1 1 1
9 7 7 7 6 5 3 2 2 2 2 2
9 7 7 7 6 5 3 2 2 2 2 1 1
9 7 7 7 6 5 3 2 2 2 1 1 1 1
9 7 7 7 6 5 3 2 2 1 1 1 1 1 1
9 7 7 7 6 4 4 4 4 1 1
9 7 7 7 6 4 4 4 3 2 1
9 7 7 7 6 4 4 4 3 1 1 1
9 7 7 7 6 4 4 4 2 2 2
9 7 7 7 6 4 4 4 2 2 1 1
9 7 7 7 6 4 4 4 2 1 1 1 1
9 7 7 7 6 4 4 3 3 3 1
9 7 7 7 6 4 4 3 3 2 2
9 7 7 7 6 4 4 3 3 2 1 1
9 7 7 7 6 4 4 3 3 1 1 1 1
9 7 7 7 6 4 4 3 2 2 2 1
9 7 7 7 6 4 4 3 2 2 1 1 1
9 7 7 7 6 4 4 3 2 1 1 1 1 1
9 7 7 7 6 4 4 2 2 2 2 2
9 7 7 7 6 4 4 2 2 2 2 1 1
9 7 7 7 6 4 4 2 2 2 1 1 1 1
9 7 7 7 6 4 4 2 2 1 1 1 1 1 1
9 7 7 7 6 4 3 3 3 3 2
9 7 7 7 6 4 3 3 3 3 1 1
9 7 7 7 6 4 3 3 3 2 2 1
9 7 7 7 6 4 3 3 3 2 1 1 1
9 7 7 7 6 4 3 3 3 1 1 1 1 1
9 7 7 7 6 4 3 3 2 2 2 2
9 7 7 7 6 4 3 3 2 2 2 1 1
9 7 7 7 6 4 3 3 2 2 1 1 1 1
9 7 7 7 6 4 3 3 2 1 1 1 1 1 1
9 7 7 7 6 4 3 2 2 2 2 2 1
9 7 7 7 6 4 3 2 2 2 2 1 1 1
9 7 7 7 6 4 3 2 2 2 1 1 1 1 1
9 7 7 7 6 4 3 2 2 1 1 1 1 1 1 1
9 7 7 7 6 3 3 3 3 3 3
9 7 7 7 6 3 3 3 3 3 2 1
9 7 7 7 6 3 3 3 3 3 1 1 1
9 7 7 7 6 3 3 3 3 2 2 2
9 7 7 7 6 3 3 3 3 2 2 1 1
9 7 7 7 6 3 3 3 3 2 1 1 1 1
9 7 7 7 6 3 3 3 3 1 1 1 1 1 1
9 7 7 7 6 3 3 3 2 2 2 2 1
9 7 7 7 6 3 3 3 2 2 2 1 1 1
9 7 7 7 6 3 3 3 2 2 1 1 1 1 1
9 7 7 7 6 3 3 3 2 1 1 1 1 1 1 1
9 7 7 7 6 3 3 2 2 2 2 2 2
9 7 7 7 6 3 3 2 2 2 2 2 1 1
9 7 7 7 6 3 3 2 2 2 2 1 1 1 1
9 7 7 7 6 3 3 2 2 2 1 1 1 1 1 1
9 7 7 7 5 5 5 5 2 1 1
9 7 7 7 5 5 5 4 3 1 1
9 7 7 7 5 5 5 4 2 2 1
9 7 7 7 5 5 5 4 2 1 1 1
9 7 7 7 5 5 5 3 3 2 1
9 7 7 7 5 5 5 3 3 1 1 1
9 7 7 7 5 5 5 3 2 2 2
9 7 7 7 5 5 5 3 2 2 1 1
9 7 7 7 5 5 5 3 2 1 1 1 1
9 7 7 7 5 5 5 2 2 2 2 1
9 7 7 7 5 5 5 2 2 2 1 1 1
9 7 7 7 5 5 5 2 2 1 1 1 1 1
9 7 7 7 5 5 4 4 4 1 1
9 7 7 7 5 5 4 4 3 2 1
9 7 7 7 5 5 4 4 3 1 1 1
9 7 7 7 5 5 4 4 2 2 2
9 7 7 7 5 5 4 4 2 2 1 1
9 7 7 7 5 5 4 4 2 1 1 1 1
9 7 7 7 5 5 4 3 3 3 1
9 7 7 7 5 5 4 3 3 2 2
9 7 7 7 5 5 4 3 3 2 1 1
9 7 7 7 5 5 4 3 3 1 1 1 1
9 7 7 7 5 5 4 3 2 2 2 1
9 7 7 7 5 5 4 3 2 2 1 1 1
9 7 7 7 5 5 4 3 2 1 1 1 1 1
9 7 7 7 5 5 4 2 2 2 2 2
9 7 7 7 5 5 4 2 2 2 2 1 1
9 7 7 7 5 5 4 2 2 2 1 1 1 1
9 7 7 7 5 5 4 2 2 1 1 1 1 1 1
9 7 7 7 5 5 3 3 3 3 2
9 7 7 7 5 5 3 3 3 3 1 1
9 7 7 7 5 5 3 3 3 2 2 1
9 7 7 7 5 5 3 3 3 2 1 1 1
9 7 7 7 5 5 3 3 3 1 1 1 1 1
9 7 7 7 5 5 3 3 2 2 2 2
9 7 7 7 5 5 3 3 2 2 2 1 1
9 7 7 7 5 5 3 3 2 2 1 1 1 1
9 7 7 7 5 5 3 3 2 1 1 1 1 1 1
9 7 7 7 5 5 3 2 2 2 2 2 1
9 7 7 7 5 5 3 2 2 2 2 1 1 1
9 7 7 7 5 5 3 2 2 2 1 1 1 1 1
9 7 7 7 5 5 3 2 2 1 1 1 1 1 1 1
9 7 7 7 5 4 4 4 4 2 1
9 7 7 7 5 4 4 4 4 1 1 1
9 7 7 7 5 4 4 4 3 3 1
9 7 7 7 5 4 4 4 3 2 2
9 7 7 7 5 4 4 4 3 2 1 1
9 7 7 7 5 4 4 4 3 1 1 1 1
9 7 7 7 5 4 4 4 2 2 2 1
9 7 7 7 5 4 4 4 2 2 1 1 1
9 7 7 7 5 4 4 4 2 1 1 1 1 1
9 7 7 7 5 4 4 3 3 3 2
9 7 7 7 5 4 4 3 3 3 1 1
9 7 7 7 5 4 4 3 3 2 2 1
9 7 7 7 5 4 4 3 3 2 1 1 1
9 7 7 7 5 4 4 3 3 1 1 1 1 1
9 7 7 7 5 4 4 3 2 2 2 2
9 7 7 7 5 4 4 3 2 2 2 1 1
9 7 7 7 5 4 4 3 2 2 1 1 1 1
9 7 7 7 5 4 4 3 2 1 1 1 1 1 1
9 7 7 7 5 4 4 2 2 2 2 2 1
9 7 7 7 5 4 4 2 2 2 2 1 1 1
9 7 7 7 5 4 4 2 2 2 1 1 1 1 1
9 7 7 7 5 4 4 2 2 1 1 1 1 1 1 1
9 7 7 7 5 4 3 3 3 3 3
9 7 7 7 5 4 3 3 3 3 2 1
9 7 7 7 5 4 3 3 3 3 1 1 1
9 7 7 7 5 4 3 3 3 2 2 2
9 7 7 7 5 4 3 3 3 2 2 1 1
9 7 7 7 5 4 3 3 3 2 1 1 1 1
9 7 7 7 5 4 3 3 3 1 1 1 1 1 1
9 7 7 7 5 4 3 3 2 2 2 2 1
9 7 7 7 5 4 3 3 2 2 2 1 1 1
9 7 7 7 5 4 3 3 2 2 1 1 1 1 1
9 7 7 7 5 4 3 3 2 1 1 1 1 1 1 1
9 7 7 7 5 4 3 2 2 2 2 2 2
9 7 7 7 5 4 3 2 2 2 2 2 1 1
9 7 7 7 5 4 3 2 2 2 2 1 1 1 1
9 7 7 7 5 4 3 2 2 2 1 1 1 1 1 1
9 7 7 7 5 4 3 2 2 1 1 1 1 1 1 1 1
9 7 7 7 5 3 3 3 3 3 3 1
9 7 7 7 5 3 3 3 3 3 2 2
9 7 7 7 5 3 3 3 3 3 2 1 1
9 7 7 7 5 3 3 3 3 3 1 1 1 1
9 7 7 7 5 3 3 3 3 2 2 2 1
9 7 7 7 5 3 3 3 3 2 2 1 1 1
9 7 7 7 5 3 3 3 3 2 1 1 1 1 1
9 7 7 7 5 3 3 3 3 1 1 1 1 1 1 1
9 7 7 7 5 3 3 3 2 2 2 2 2
9 7 7 7 5 3 3 3 2 2 2 2 1 1
9 7 7 7 5 3 3 3 2 2 2 1 1 1 1
9 7 7 7 5 3 3 3 2 2 1 1 1 1 1 1
9 7 7 7 5 3 3 3 2 1 1 1 1 1 1 1 1
9 7 7 7 5 3 3 2 2 2 2 2 2 1
9 7 7 7 5 3 3 2 2 2 2 2 1 1 1
9 7 7 7 5 3 3 2 2 2 2 1 1 1 1 1
9 7 7 7 5 3 3 2 2 2 1 1 1 1 1 1 1
9 7 7 7 4 4 4 4 4 3 1
9 7 7 7 4 4 4 4 4 2 2
9 7 7 7 4 4 4 4 4 2 1 1
9 7 7 7 4 4 4 4 4 1 1 1 1
9 7 7 7 4 4 4 4 3 3 2
9 7 7 7 4 4 4 4 3 3 1 1
9 7 7 7 4 4 4 4 3 2 2 1
9 7 7 7 4 4 4 4 3 2 1 1 1
9 7 7 7 4 4 4 4 3 1 1 1 1 1
9 7 7 7 4 4 4 4 2 2 2 2
9 7 7 7 4 4 4 4 2 2 2 1 1
9 7 7 7 4 4 4 4 2 2 1 1 1 1
9 7 7 7 4 4 4 4 2 1 1 1 1 1 1
9 7 7 7 4 4 4 3 3 3 3
9 7 7 7 4 4 4 3 3 3 2 1
9 7 7 7 4 4 4 3 3 3 1 1 1
9 7 7 7 4 4 4 3 3 2 2 2
9 7 7 7 4 4 4 3 3 2 2 1 1
9 7 7 7 4 4 4 3 3 2 1 1 1 1
9 7 7 7 4 4 4 3 3 1 1 1 1 1 1
9 7 7 7 4 4 4 3 2 2 2 2 1
9 7 7 7 4 4 4 3 2 2 2 1 1 1
9 7 7 7 4 4 4 3 2 2 1 1 1 1 1
9 7 7 7 4 4 4 3 2 1 1 1 1 1 1 1
9 7 7 7 4 4 4 2 2 2 2 2 2
9 7 7 7 4 4 4 2 2 2 2 2 1 1
9 7 7 7 4 4 4 2 2 2 2 1 1 1 1
9 7 7 7 4 4 4 2 2 2 1 1 1 1 1 1
9 7 7 7 4 4 4 2 2 1 1 1 1 1 1 1 1
9 7 7 7 4 4 3 3 3 3 3 1
9 7 7 7 4 4 3 3 3 3 2 2
9 7 7 7 4 4 3 3 3 3 2 1 1
9 7 7 7 4 4 3 3 3 3 1 1 1 1
9 7 7 7 4 4 3 3 3 2 2 2 1
9 7 7 7 4 4 3 3 3 2 2 1 1 1
9 7 7 7 4 4 3 3 3 2 1 1 1 1 1
9 7 7 7 4 4 3 3 3 1 1 1 1 1 1 1
9 7 7 7 4 4 3 3 2 2 2 2 2
9 7 7 7 4 4 3 3 2 2 2 2 1 1
9 7 7 7 4 4 3 3 2 2 2 1 1 1 1
9 7 7 7 4 4 3 3 2 2 1 1 1 1 1 1
9 7 7 7 4 4 3 3 2 1 1 1 1 1 1 1 1
9 7 7 7 4 4 3 2 2 2 2 2 2 1
9 7 7 7 4 4 3 2 2 2 2 2 1 1 1
9 7 7 7 4 4 3 2 2 2 2 1 1 1 1 1
9 7 7 7 4 4 3 2 2 2 1 1 1 1 1 1 1
9 7 7 7 4 3 3 3 3 3 3 2
9 7 7 7 4 3 3 3 3 3 3 1 1
9 7 7 7 4 3 3 3 3 3 2 2 1
9 7 7 7 4 3 3 3 3 3 2 1 1 1
9 7 7 7 4 3 3 3 3 3 1 1 1 1 1
9 7 7 7 4 3 3 3 3 2 2 2 2
9 7 7 7 4 3 3 3 3 2 2 2 1 1
9 7 7 7 4 3 3 3 3 2 2 1 1 1 1
9 7 7 7 4 3 3 3 3 2 1 1 1 1 1 1
9 7 7 7 4 3 3 3 3 1 1 1 1 1 1 1 1
9 7 7 7 4 3 3 3 2 2 2 2 2 1
9 7 7 7 4 3 3 3 2 2 2 2 1 1 1
9 7 7 7 4 3 3 3 2 2 2 1 1 1 1 1
9 7 7 7 4 3 3 3 2 2 1 1 1 1 1 1 1
9 7 7 7 4 3 3 2 2 2 2 2 2 2
9 7 7 7 4 3 3 2 2 2 2 2 2 1 1
9 7 7 7 4 3 3 2 2 2 2 2 1 1 1 1
9 7 7 7 4 3 3 2 2 2 2 1 1 1 1 1 1
9 7 7 6 6 6 6 3 2 1 1
9 7 7 6 6 6 6 2 2 2 1
9 7 7 6 6 6 6 2 2 1 1 1
9 7 7 6 6 6 5 4 2 1 1
9 7 7 6 6 6 5 3 3 1 1
9 7 7 6 6 6 5 3 2 2 1
9 7 7 6 6 6 5 3 2 1 1 1
9 7 7 6 6 6 5 2 2 2 2
9 7 7 6 6 6 5 2 2 2 1 1
9 7 7 6 6 6 5 2 2 1 1 1 1
9 7 7 6 6 6 4 4 3 1 1
9 7 7 6 6 6 4 4 2 2 1
9 7 7 6 6 6 4 4 2 1 1 1
9 7 7 6 6 6 4 3 3 2 1
9 7 7 6 6 6 4 3 3 1 1 1
9 7 7 6 6 6 4 3 2 2 2
9 7 7 6 6 6 4 3 2 2 1 1
9 7 7 6 6 6 4 3 2 1 1 1 1
9 7 7 6 6 6 4 2 2 2 2 1
9 7 7 6 6 6 4 2 2 2 1 1 1
9 7 7 6 6 6 4 2 2 1 1 1 1 1
9 7 7 6 6 6 3 3 3 3 1
9 7 7 6 6 6 3 3 3 2 2
9 7 7 6 6 6 3 3 3 2 1 1
9 7 7 6 6 6 3 3 3 1 1 1 1
9 7 7 6 6 6 3 3 2 2 2 1
9 7 7 6 6 6 3 3 2 2 1 1 1
9 7 7 6 6 6 3 3 2 1 1 1 1 1
9 7 7 6 6 6 3 2 2 2 2 2
9 7 7 6 6 6 3 2 2 2 2 1 1
9 7 7 6 6 6 3 2 2 2 1 1 1 1
9 7 7 6 6 6 3 2 2 1 1 1 1 1 1
9 7 7 6 6 5 5 5 2 1 1
9 7 7 6 6 5 5 4 3 1 1
9 7 7 6 6 5 5 4 2 2 1
9 7 7 6 6 5 5 4 2 1 1 1
9 7 7 6 6 5 5 3 3 2 1
9 7 7 6 6 5 5 3 3 1 1 1
9 7 7 6 6 5 5 3 2 2 2
9 7 7 6 6 5 5 3 2 2 1 1
9 7 7 6 6 5 5 3 2 1 1 1 1
9 7 7 6 6 5 5 2 2 2 2 1
9 7 7 6 6 5 5 2 2 2 1 1 1
9 7 7 6 6 5 5 2 2 1 1 1 1 1
9 7 7 6 6 5 4 4 4 1 1
9 7 7 6 6 5 4 4 3 2 1
9 7 7 6 6 5 4 4 3 1 1 1
9 7 7 6 6 5 4 4 2 2 2
9 7 7 6 6 5 4 4 2 2 1 1
9 7 7 6 6 5 4 4 2 1 1 1 1
9 7 7 6 6 5 4 3 3 3 1
9 7 7 6 6 5 4 3 3 2 2
9 7 7 6 6 5 4 3 3 2 1 1
9 7 7 6 6 5 4 3 3 1 1 1 1
9 7 7 6 6 5 4 3 2 2 2 1
9 7 7 6 6 5 4 3 2 2 1 1 1
9 7 7 6 6 5 4 3 2 1 1 1 1 1
9 7 7 6 6 5 4 2 2 2 2 2
9 7 7 6 6 5 4 2 2 2 2 1 1
9 7 7 6 6 5 4 2 2 2 1 1 1 1
9 7 7 6 6 5 4 2 2 1 1 1 1 1 1
9 7 7 6 6 5 3 3 3 3 2
9 7 7 6 6 5 3 3 3 3 1 1
9 7 7 6 6 5 3 3 3 2 2 1
9 7 7 6 6 5 3 3 3 2 1 1 1
9 7 7 6 6 5 3 3 3 1 1 1 1 1
9 7 7 6 6 5 3 3 2 2 2 2
9 7 7 6 6 5 3 3 2 2 2 1 1
9 7 7 6 6 5 3 3 2 2 1 1 1 1
9 7 7 6 6 5 3 3 2 1 1 1 1 1 1
9 7 7 6 6 5 3 2 2 2 2 2 1
9 7 7 6 6 5 3 2 2 2 2 1 1 1
9 7 7 6 6 5 3 2 2 2 1 1 1 1 1
9 7 7 6 6 5 3 2 2 1 1 1 1 1 1 1
9 7 7 6 6 4 4 4 4 2 1
9 7 7 6 6 4 4 4 4 1 1 1
9 7 7 6 6 4 4 4 3 3 1
9 7 7 6 6 4 4 4 3 2 2
9 7 7 6 6 4 4 4 3 2 1 1
9 7 7 6 6 4 4 4 3 1 1 1 1
9 7 7 6 6 4 4 4 2 2 2 1
9 7 7 6 6 4 4 4 2 2 1 1 1
9 7 7 6 6 4 4 4 2 1 1 1 1 1
9 7 7 6 6 4 4 3 3 3 2
9 7 7 6 6 4 4 3 3 3 1 1
9 7 7 6 6 4 4 3 3 2 2 1
9 7 7 6 6 4 4 3 3 2 1 1 1
9 7 7 6 6 4 4 3 3 1 1 1 1 1
9 7 7 6 6 4 4 3 2 2 2 2
9 7 7 6 6 4 4 3 2 2 2 1 1
9 7 7 6 6 4 4 3 2 2 1 1 1 1
9 7 7 6 6 4 4 3 2 1 1 1 1 1 1
9 7 7 6 6 4 4 2 2 2 2 2 1
9 7 7 6 6 4 4 2 2 2 2 1 1 1
9 7 7 6 6 4 4 2 2 2 1 1 1 1 1
9 7 7 6 6 4 4 2 2 1 1 1 1 1 1 1
9 7 7 6 6 4 3 3 3 3 3
9 7 7 6 6 4 3 3 3 3 2 1
9 7 7 6 6 4 3 3 3 3 1 1 1
9 7 7 6 6 4 3 3 3 2 2 2
9 7 7 6 6 4 3 3 3 2 2 1 1
9 7 7 6 6 4 3 3 3 2 1 1 1 1
9 7 7 6 6 4 3 3 3 1 1 1 1 1 1
9 7 7 6 6 4 3 3 2 2 2 2 1
9 7 7 6 6 4 3 3 2 2 2 1 1 1
9 7 7 6 6 4 3 3 2 2 1 1 1 1 1
9 7 7 6 6 4 3 3 2 1 1 1 1 1 1 1
9 7 7 6 6 4 3 2 2 2 2 2 2
9 7 7 6 6 4 3 2 2 2 2 2 1 1
9 7 7 6 6 4 3 2 2 2 2 1 1 1 1
9 7 7 6 6 4 3 2 2 2 1 1 1 1 1 1
9 7 7 6 6 4 3 2 2 1 1 1 1 1 1 1 1
9 7 7 6 6 3 3 3 3 3 3 1
9 7 7 6 6 3 3 3 3 3 2 2
9 7 7 6 6 3 3 3 3 3 2 1 1
9 7 7 6 6 3 3 3 3 3 1 1 1 1
9 7 7 6 6 3 3 3 3 2 2 2 1
9 7 7 6 6 3 3 3 3 2 2 1 1 1
9 7 7 6 6 3 3 3 3 2 1 1 1 1 1
9 7 7 6 6 3 3 3 3 1 1 1 1 1 1 1
9 7 7 6 6 3 3 3 2 2 2 2 2
9 7 7 6 6 3 3 3 2 2 2 2 1 1
9 7 7 6 6 3 3 3 2 2 2 1 1 1 1
9 7 7 6 6 3 3 3 2 2 1 1 1 1 1 1
9 7 7 6 6 3 3 3 2 1 1 1 1 1 1 1 1
9 7 7 6 6 3 3 2 2 2 2 2 2 1
9 7 7 6 6 3 3 2 2 2 2 2 1 1 1
9 7 7 6 6 3 3 2 2 2 2 1 1 1 1 1
9 7 7 6 6 3 3 2 2 2 1 1 1 1 1 1 1
9 7 7 6 5 5 5 5 3 1 1
9 7 7 6 5 5 5 5 2 2 1
9 7 7 6 5 5 5 5 2 1 1 1
9 7 7 6 5 5 5 4 4 1 1
9 7 7 6 5 5 5 4 3 2 1
9 7 7 6 5 5 5 4 3 1 1 1
9 7 7 6 5 5 5 4 2 2 2
9 7 7 6 5 5 5 4 2 2 1 1
9 7 7 6 5 5 5 4 2 1 1 1 1
9 7 7 6 5 5 5 3 3 3 1
9 7 7 6 5 5 5 3 3 2 2
9 7 7 6 5 5 5 3 3 2 1 1
9 7 7 6 5 5 5 3 3 1 1 1 1
9 7 7 6 5 5 5 3 2 2 2 1
9 7 7 6 5 5 5 3 2 2 1 1 1
9 7 7 6 5 5 5 3 2 1 1 1 1 1
9 7 7 6 5 5 5 2 2 2 2 2
9 7 7 6 5 5 5 2 2 2 2 1 1
9 7 7 6 5 5 5 2 2 2 1 1 1 1
9 7 7 6 5 5 5 2 2 1 1 1 1 1 1
9 7 7 6 5 5 4 4 4 2 1
9 7 7 6 5 5 4 4 4 1 1 1
9 7 7 6 5 5 4 4 3 3 1
9 7 7 6 5 5 4 4 3 2 2
9 7 7 6 5 5 4 4 3 2 1 1
9 7 7 6 5 5 4 4 3 1 1 1 1
9 7 7 6 5 5 4 4 2 2 2 1
9 7 7 6 5 5 4 4 2 2 1 1 1
9 7 7 6 5 5 4 4 2 1 1 1 1 1
9 7 7 6 5 5 4 3 3 3 2
9 7 7 6 5 5 4 3 3 3 1 1
9 7 7 6 5 5 4 3 3 2 2 1
9 7 7 6 5 5 4 3 3 2 1 1 1
9 7 7 6 5 5 4 3 3 1 1 1 1 1
9 7 7 6 5 5 4 3 2 2 2 2
9 7 7 6 5 5 4 3 2 2 2 1 1
9 7 7 6 5 5 4 3 2 2 1 1 1 1
9 7 7 6 5 5 4 3 2 1 1 1 1 1 1
9 7 7 6 5 5 4 2 2 2 2 2 1
9 7 7 6 5 5 4 2 2 2 2 1 1 1
9 7 7 6 5 5 4 2 2 2 1 1 1 1 1
9 7 7 6 5 5 4 2 2 1 1 1 1 1 1 1
9 7 7 6 5 5 3 3 3 3 3
9 7 7 6 5 5 3 3 3 3 2 1
9 7 7 6 5 5 3 3 3 3 1 1 1
9 7 7 6 5 5 3 3 3 2 2 2
9 7 7 6 5 5 3 3 3 2 2 1 1
9 7 7 6 5 5 3 3 3 2 1 1 1 1
9 7 7 6 5 5 3 3 3 1 1 1 1 1 1
9 7 7 6 5 5 3 3 2 2 2 2 1
9 7 7 6 5 5 3 3 2 2 2 1 1 1
9 7 7 6 5 5 3 3 2 2 1 1 1 1 1
9 7 7 6 5 5 3 3 2 1 1 1 1 1 1 1
9 7 7 6 5 5 3 2 2 2 2 2 2
9 7 7 6 5 5 3 2 2 2 2 2 1 1
9 7 7 6 5 5 3 2 2 2 2 1 1 1 1
9 7 7 6 5 5 3 2 2 2 1 1 1 1 1 1
9 7 7 6 5 5 3 2 2 1 1 1 1 1 1 1 1
9 7 7 6 5 4 4 4 4 3 1
9 7 7 6 5 4 4 4 4 2 2
9 7 7 6 5 4 4 4 4 2 1 1
9 7 7 6 5 4 4 4 4 1 1 1 1
9 7 7 6 5 4 4 4 3 3 2
9 7 7 6 5 4 4 4 3 3 1 1
9 7 7 6 5 4 4 4 3 2 2 1
9 7 7 6 5 4 4 4 3 2 1 1 1
9 7 7 6 5 4 4 4 3 1 1 1 1 1
9 7 7 6 5 4 4 4 2 2 2 2
9 7 7 6 5 4 4 4 2 2 2 1 1
9 7 7 6 5 4 4 4 2 2 1 1 1 1
9 7 7 6 5 4 4 4 2 1 1 1 1 1 1
9 7 7 6 5 4 4 3 3 3 3
9 7 7 6 5 4 4 3 3 3 2 1
9 7 7 6 5 4 4 3 3 3 1 1 1
9 7 7 6 5 4 4 3 3 2 2 2
9 7 7 6 5 4 4 3 3 2 2 1 1
9 7 7 6 5 4 4 3 3 2 1 1 1 1
9 7 7 6 5 4 4 3 3 1 1 1 1 1 1
9 7 7 6 5 4 4 3 2 2 2 2 1
9 7 7 6 5 4 4 3 2 2 2 1 1 1
9 7 7 6 5 4 4 3 2 2 1 1 1 1 1
9 7 7 6 5 4 4 3 2 1 1 1 1 1 1 1
9 7 7 6 5 4 4 2 2 2 2 2 2
9 7 7 6 5 4 4 2 2 2 2 2 1 1
9 7 7 6 5 4 4 2 2 2 2 1 1 1 1
9 7 7 6 5 4 4 2 2 2 1 1 1 1 1 1
9 7 7 6 5 4 4 2 2 1 1 1 1 1 1 1 1
9 7 7 6 5 4 3 3 3 3 3 1
9 7 7 6 5 4 3 3 3 3 2 2
9 7 7 6 5 4 3 3 3 3 2 1 1
9 7 7 6 5 4 3 3 3 3 1 1 1 1
9 7 7 6 5 4 3 3 3 2 2 2 1
9 7 7 6 5 4 3 3 3 2 2 1 1 1
9 7 7 6 5 4 3 3 3 2 1 1 1 1 1
9 7 7 6 5 4 3 3 3 1 1 1 1 1 1 1
9 7 7 6 5 4 3 3 2 2 2 2 2
9 7 7 6 5 4 3 3 2 2 2 2 1 1
9 7 7 6 5 4 3 3 2 2 2 1 1 1 1
9 7 7 6 5 4 3 3 2 2 1 1 1 1 1 1
9 7 7 6 5 4 3 3 2 1 1 1 1 1 1 1 1
9 7 7 6 5 4 3 2 2 2 2 2 2 1
9 7 7 6 5 4 3 2 2 2 2 2 1 1 1
9 7 7 6 5 4 3 2 2 2 2 1 1 1 1 1
9 7 7 6 5 4 3 2 2 2 1 1 1 1 1 1 1
9 7 7 6 5 3 3 3 3 3 3 2
9 7 7 6 5 3 3 3 3 3 3 1 1
9 7 7 6 5 3 3 3 3 3 2 2 1
9 7 7 6 5 3 3 3 3 3 2 1 1 1
9 7 7 6 5 3 3 3 3 3 1 1 1 1 1
9 7 7 6 5 3 3 3 3 2 2 2 2
9 7 7 6 5 3 3 3 3 2 2 2 1 1
9 7 7 6 5 3 3 3 3 2 2 1 1 1 1
9 7 7 6 5 3 3 3 3 2 1 1 1 1 1 1
9 7 7 6 5 3 3 3 3 1 1 1 1 1 1 1 1
9 7 7 6 5 3 3 3 2 2 2 2 2 1
9 7 7 6 5 3 3 3 2 2 2 2 1 1 1
9 7 7 6 5 3 3 3 2 2 2 1 1 1 1 1
9 7 7 6 5 3 3 3 2 2 1 1 1 1 1 1 1
9 7 7 6 5 3 3 2 2 2 2 2 2 2
9 7 7 6 5 3 3 2 2 2 2 2 2 1 1
9 7 7 6 5 3 3 2 2 2 2 2 1 1 1 1
9 7 7 6 5 3 3 2 2 2 2 1 1 1 1 1 1
9 7 7 6 4 4 4 4 4 4 1
9 7 7 6 4 4 4 4 4 3 2
9 7 7 6 4 4 4 4 4 3 1 1
9 7 7 6 4 4 4 4 4 2 2 1
9 7 7 6 4 4 4 4 4 2 1 1 1
9 7 7 6 4 4 4 4 4 1 1 1 1 1
9 7 7 6 4 4 4 4 3 3 3
9 7 7 6 4 4 4 4 3 3 2 1
9 7 7 6 4 4 4 4 3 3 1 1 1
9 7 7 6 4 4 4 4 3 2 2 2
9 7 7 6 4 4 4 4 3 2 2 1 1
9 7 7 6 4 4 4 4 3 2 1 1 1 1
9 7 7 6 4 4 4 4 3 1 1 1 1 1 1
9 7 7 6 4 4 4 4 2 2 2 2 1
9 7 7 6 4 4 4 4 2 2 2 1 1 1
9 7 7 6 4 4 4 4 2 2 1 1 1 1 1
9 7 7 6 4 4 4 4 2 1 1 1 1 1 1 1
9 7 7 6 4 4 4 3 3 3 3 1
9 7 7 6 4 4 4 3 3 3 2 2
9 7 7 6 4 4 4 3 3 3 2 1 1
9 7 7 6 4 4 4 3 3 3 1 1 1 1
9 7 7 6 4 4 4 3 3 2 2 2 1
9 7 7 6 4 4 4 3 3 2 2 1 1 1
9 7 7 6 4 4 4 3 3 2 1 1 1 1 1
9 7 7 6 4 4 4 3 3 1 1 1 1 1 1 1
9 7 7 6 4 4 4 3 2 2 2 2 2
9 7 7 6 4 4 4 3 2 2 2 2 1 1
9 7 7 6 4 4 4 3 2 2 2 1 1 1 1
9 7 7 6 4 4 4 3 2 2 1 1 1 1 1 1
9 7 7 6 4 4 4 3 2 1 1 1 1 1 1 1 1
9 7 7 6 4 4 4 2 2 2 2 2 2 1
9 7 7 6 4 4 4 2 2 2 2 2 1 1 1
9 7 7 6 4 4 4 2 2 2 2 1 1 1 1 1
9 7 7 6 4 4 4 2 2 2 1 1 1 1 1 1 1
9 7 7 6 4 4 3 3 3 3 3 2
9 7 7 6 4 4 3 3 3 3 3 1 1
9 7 7 6 4 4 3 3 3 3 2 2 1
9 7 7 6 4 4 3 3 3 3 2 1 1 1
9 7 7 6 4 4 3 3 3 3 1 1 1 1 1
9 7 7 6 4 4 3 3 3 2 2 2 2
9 7 7 6 4 4 3 3 3 2 2 2 1 1
9 7 7 6 4 4 3 3 3 2 2 1 1 1 1
9 7 7 6 4 4 3 3 3 2 1 1 1 1 1 1
9 7 7 6 4 4 3 3 3 1 1 1 1 1 1 1 1
9 7 7 6 4 4 3 3 2 2 2 2 2 1
9 7 7 6 4 4 3 3 2 2 2 2 1 1 1
9 7 7 6 4 4 3 3 2 2 2 1 1 1 1 1
9 7 7 6 4 4 3 3 2 2 1 1 1 1 1 1 1
9 7 7 6 4 4 3 2 2 2 2 2 2 2
9 7 7 6 4 4 3 2 2 2 2 2 2 1 1
9 7 7 6 4 4 3 2 2 2 2 2 1 1 1 1
9 7 7 6 4 4 3 2 2 2 2 1 1 1 1 1 1
9 7 7 6 4 3 3 3 3 3 3 3
9 7 7 6 4 3 3 3 3 3 3 2 1
9 7 7 6 4 3 3 3 3 3 3 1 1 1
9 7 7 6 4 3 3 3 3 3 2 2 2
9 7 7 6 4 3 3 3 3 3 2 2 1 1
9 7 7 6 4 3 3 3 3 3 2 1 1 1 1
9 7 7 6 4 3 3 3 3 3 1 1 1 1 1 1
9 7 7 6 4 3 3 3 3 2 2 2 2 1
9 7 7 6 4 3 3 3 3 2 2 2 1 1 1
9 7 7 6 4 3 3 3 3 2 2 1 1 1 1 1
9 7 7 6 4 3 3 3 3 2 1 1 1 1 1 1 1
9 7 7 6 4 3 3 3 2 2 2 2 2 2
9 7 7 6 4 3 3 3 2 2 2 2 2 1 1
9 7 7 6 4 3 3 3 2 2 2 2 1 1 1 1
9 7 7 6 4 3 3 3 2 2 2 1 1 1 1 1 1
9 7 7 6 4 3 3 2 2 2 2 2 2 2 1
9 7 7 6 4 3 3 2 2 2 2 2 2 1 1 1
9 7 7 6 4 3 3 2 2 2 2 2 1 1 1 1 1
9 7 7 5 5 5 5 5 4 1 1
9 7 7 5 5 5 5 5 3 2 1
9 7 7 5 5 5 5 5 3 1 1 1
9 7 7 5 5 5 5 5 2 2 2
9 7 7 5 5 5 5 5 2 2 1 1
9 7 7 5 5 5 5 5 2 1 1 1 1
9 7 7 5 5 5 5 4 4 2 1
9 7 7 5 5 5 5 4 4 1 1 1
9 7 7 5 5 5 5 4 3 3 1
9 7 7 5 5 5 5 4 3 2 2
9 7 7 5 5 5 5 4 3 2 1 1
9 7 7 5 5 5 5 4 3 1 1 1 1
9 7 7 5 5 5 5 4 2 2 2 1
9 7 7 5 5 5 5 4 2 2 1 1 1
9 7 7 5 5 5 5 4 2 1 1 1 1 1
9 7 7 5 5 5 5 3 3 3 2
9 7 7 5 5 5 5 3 3 3 1 1
9 7 7 5 5 5 5 3 3 2 2 1
9 7 7 5 5 5 5 3 3 2 1 1 1
9 7 7 5 5 5 5 3 3 1 1 1 1 1
9 7 7 5 5 5 5 3 2 2 2 2
9 7 7 5 5 5 5 3 2 2 2 1 1
9 7 7 5 5 5 5 3 2 2 1 1 1 1
9 7 7 5 5 5 5 3 2 1 1 1 1 1 1
9 7 7 5 5 5 5 2 2 2 2 2 1
9 7 7 5 5 5 5 2 2 2 2 1 1 1
9 7 7 5 5 5 5 2 2 2 1 1 1 1 1
9 7 7 5 5 5 5 2 2 1 1 1 1 1 1 1
9 7 7 5 5 5 4 4 4 3 1
9 7 7 5 5 5 4 4 4 2 2
9 7 7 5 5 5 4 4 4 2 1 1
9 7 7 5 5 5 4 4 4 1 1 1 1
9 7 7 5 5 5 4 4 3 3 2
9 7 7 5 5 5 4 4 3 3 1 1
9 7 7 5 5 5 4 4 3 2 2 1
9 7 7 5 5 5 4 4 3 2 1 1 1
9 7 7 5 5 5 4 4 3 1 1 1 1 1
9 7 7 5 5 5 4 4 2 2 2 2
9 7 7 5 5 5 4 4 2 2 2 1 1
9 7 7 5 5 5 4 4 2 2 1 1 1 1
9 7 7 5 5 5 4 4 2 1 1 1 1 1 1
9 7 7 5 5 5 4 3 3 3 3
9 7 7 5 5 5 4 3 3 3 2 1
9 7 7 5 5 5 4 3 3 3 1 1 1
9 7 7 5 5 5 4 3 3 2 2 2
9 7 7 5 5 5 4 3 3 2 2 1 1
9 7 7 5 5 5 4 3 3 2 1 1 1 1
9 7 7 5 5 5 4 3 3 1 1 1 1 1 1
9 7 7 5 5 5 4 3 2 2 2 2 1
9 7 7 5 5 5 4 3 2 2 2 1 1 1
9 7 7 5 5 5 4 3 2 2 1 1 1 1 1
9 7 7 5 5 5 4 3 2 1 1 1 1 1 1 1
9 7 7 5 5 5 4 2 2 2 2 2 2
9 7 7 5 5 5 4 2 2 2 2 2 1 1
9 7 7 5 5 5 4 2 2 2 2 1 1 1 1
9 7 7 5 5 5 4 2 2 2 1 1 1 1 1 1
9 7 7 5 5 5 4 2 2 1 1 1 1 1 1 1 1
9 7 7 5 5 5 3 3 3 3 3 1
9 7 7 5 5 5 3 3 3 3 2 2
9 7 7 5 5 5 3 3 3 3 2 1 1
9 7 7 5 5 5 3 3 3 3 1 1 1 1
9 7 7 5 5 5 3 3 3 2 2 2 1
9 7 7 5 5 5 3 3 3 2 2 1 1 1
9 7 7 5 5 5 3 3 3 2 1 1 1 1 1
9 7 7 5 5 5 3 3 3 1 1 1 1 1 1 1
9 7 7 5 5 5 3 3 2 2 2 2 2
9 7 7 5 5 5 3 3 2 2 2 2 1 1
9 7 7 5 5 5 3 3 2 2 2 1 1 1 1
9 7 7 5 5 5 3 3 2 2 1 1 1 1 1 1
9 7 7 5 5 5 3 3 2 1 1 1 1 1 1 1 1
9 7 7 5 5 5 3 2 2 2 2 2 2 1
9 7 7 5 5 5 3 2 2 2 2 2 1 1 1
9 7 7 5 5 5 3 2 2 2 2 1 1 1 1 1
9 7 7 5 5 5 3 2 2 2 1 1 1 1 1 1 1
9 7 7 5 5 4 4 4 4 4 1
9 7 7 5 5 4 4 4 4 3 2
9 7 7 5 5 4 4 4 4 3 1 1
9 7 7 5 5 4 4 4 4 2 2 1
9 7 7 5 5 4 4 4 4 2 1 1 1
9 7 7 5 5 4 4 4 4 1 1 1 1 1
9 7 7 5 5 4 4 4 3 3 3
9 7 7 5 5 4 4 4 3 3 2 1
9 7 7 5 5 4 4 4 3 3 1 1 1
9 7 7 5 5 4 4 4 3 2 2 2
9 7 7 5 5 4 4 4 3 2 2 1 1
9 7 7 5 5 4 4 4 3 2 1 1 1 1
9 7 7 5 5 4 4 4 3 1 1 1 1 1 1
9 7 7 5 5 4 4 4 2 2 2 2 1
9 7 7 5 5 4 4 4 2 2 2 1 1 1
9 7 7 5 5 4 4 4 2 2 1 1 1 1 1
9 7 7 5 5 4 4 4 2 1 1 1 1 1 1 1
9 7 7 5 5 4 4 3 3 3 3 1
9 7 7 5 5 4 4 3 3 3 2 2
9 7 7 5 5 4 4 3 3 3 2 1 1
9 7 7 5 5 4 4 3 3 3 1 1 1 1
9 7 7 5 5 4 4 3 3 2 2 2 1
9 7 7 5 5 4 4 3 3 2 2 1 1 1
9 7 7 5 5 4 4 3 3 2 1 1 1 1 1
9 7 7 5 5 4 4 3 3 1 1 1 1 1 1 1
9 7 7 5 5 4 4 3 2 2 2 2 2
9 7 7 5 5 4 4 3 2 2 2 2 1 1
9 7 7 5 5 4 4 3 2 2 2 1 1 1 1
9 7 7 5 5 4 4 3 2 2 1 1 1 1 1 1
9 7 7 5 5 4 4 3 2 1 1 1 1 1 1 1 1
9 7 7 5 5 4 4 2 2 2 2 2 2 1
9 7 7 5 5 4 4 2 2 2 2 2 1 1 1
9 7 7 5 5 4 4 2 2 2 2 1 1 1 1 1
9 7 7 5 5 4 4 2 2 2 1 1 1 1 1 1 1
9 7 7 5 5 4 3 3 3 3 3 2
9 7 7 5 5 4 3 3 3 3 3 1 1
9 7 7 5 5 4 3 3 3 3 2 2 1
9 7 7 5 5 4 3 3 3 3 2 1 1 1
9 7 7 5 5 4 3 3 3 3 1 1 1 1 1
9 7 7 5 5 4 3 3 3 2 2 2 2
9 7 7 5 5 4 3 3 3 2 2 2 1 1
9 7 7 5 5 4 3 3 3 2 2 1 1 1 1
9 7 7 5 5 4 3 3 3 2 1 1 1 1 1 1
9 7 7 5 5 4 3 3 3 1 1 1 1 1 1 1 1
9 7 7 5 5 4 3 3 2 2 2 2 2 1
9 7 7 5 5 4 3 3 2 2 2 2 1 1 1
9 7 7 5 5 4 3 3 2 2 2 1 1 1 1 1
9 7 7 5 5 4 3 3 2 2 1 1 1 1 1 1 1
9 7 7 5 5 4 3 2 2 2 2 2 2 2
9 7 7 5 5 4 3 2 2 2 2 2 2 1 1
9 7 7 5 5 4 3 2 2 2 2 2 1 1 1 1
9 7 7 5 5 4 3 2 2 2 2 1 1 1 1 1 1
9 7 7 5 5 3 3 3 3 3 3 3
9 7 7 5 5 3 3 3 3 3 3 2 1
9 7 7 5 5 3 3 3 3 3 3 1 1 1
9 7 7 5 5 3 3 3 3 3 2 2 2
9 7 7 5 5 3 3 3 3 3 2 2 1 1
9 7 7 5 5 3 3 3 3 3 2 1 1 1 1
9 7 7 5 5 3 3 3 3 3 1 1 1 1 1 1
9 7 7 5 5 3 3 3 3 2 2 2 2 1
9 7 7 5 5 3 3 3 3 2 2 2 1 1 1
9 7 7 5 5 3 3 3 3 2 2 1 1 1 1 1
9 7 7 5 5 3 3 3 3 2 1 1 1 1 1 1 1
9 7 7 5 5 3 3 3 2 2 2 2 2 2
9 7 7 5 5 3 3 3 2 2 2 2 2 1 1
9 7 7 5 5 3 3 3 2 2 2 2 1 1 1 1
9 7 7 5 5 3 3 3 2 2 2 1 1 1 1 1 1
9 7 7 5 5 3 3 2 2 2 2 2 2 2 1
9 7 7 5 5 3 3 2 2 2 2 2 2 1 1 1
9 7 7 5 5 3 3 2 2 2 2 2 1 1 1 1 1
9 7 7 5 4 4 4 4 4 4 2
9 7 7 5 4 4 4 4 4 4 1 1
9 7 7 5 4 4 4 4 4 3 3
9 7 7 5 4 4 4 4 4 3 2 1
9 7 7 5 4 4 4 4 4 3 1 1 1
9 7 7 5 4 4 4 4 4 2 2 2
9 7 7 5 4 4 4 4 4 2 2 1 1
9 7 7 5 4 4 4 4 4 2 1 1 1 1
9 7 7 5 4 4 4 4 4 1 1 1 1 1 1
9 7 7 5 4 4 4 4 3 3 3 1
9 7 7 5 4 4 4 4 3 3 2 2
9 7 7 5 4 4 4 4 3 3 2 1 1
9 7 7 5 4 4 4 4 3 3 1 1 1 1
9 7 7 5 4 4 4 4 3 2 2 2 1
9 7 7 5 4 4 4 4 3 2 2 1 1 1
9 7 7 5 4 4 4 4 3 2 1 1 1 1 1
9 7 7 5 4 4 4 4 3 1 1 1 1 1 1 1
9 7 7 5 4 4 4 4 2 2 2 2 2
9 7 7 5 4 4 4 4 2 2 2 2 1 1
9 7 7 5 4 4 4 4 2 2 2 1 1 1 1
9 7 7 5 4 4 4 4 2 2 1 1 1 1 1 1
9 7 7 5 4 4 4 4 2 1 1 1 1 1 1 1 1
9 7 7 5 4 4 4 3 3 3 3 2
9 7 7 5 4 4 4 3 3 3 3 1 1
9 7 7 5 4 4 4 3 3 3 2 2 1
9 7 7 5 4 4 4 3 3 3 2 1 1 1
9 7 7 5 4 4 4 3 3 3 1 1 1 1 1
9 7 7 5 4 4 4 3 3 2 2 2 2
9 7 7 5 4 4 4 3 3 2 2 2 1 1
9 7 7 5 4 4 4 3 3 2 2 1 1 1 1
9 7 7 5 4 4 4 3 3 2 1 1 1 1 1 1
9 7 7 5 4 4 4 3 3 1 1 1 1 1 1 1 1
9 7 7 5 4 4 4 3 2 2 2 2 2 1
9 7 7 5 4 4 4 3 2 2 2 2 1 1 1
9 7 7 5 4 4 4 3 2 2 2 1 1 1 1 1
9 7 7 5 4 4 4 3 2 2 1 1 1 1 1 1 1
9 7 7 5 4 4 4 2 2 2 2 2 2 2
9 7 7 5 4 4 4 2 2 2 2 2 2 1 1
9 7 7 5 4 4 4 2 2 2 2 2 1 1 1 1
9 7 7 5 4 4 4 2 2 2 2 1 1 1 1 1 1
9 7 7 5 4 4 3 3 3 3 3 3
9 7 7 5 4 4 3 3 3 3 3 2 1
9 7 7 5 4 4 3 3 3 3 3 1 1 1
9 7 7 5 4 4 3 3 3 3 2 2 2
9 7 7 5 4 4 3 3 3 3 2 2 1 1
9 7 7 5 4 4 3 3 3 3 2 1 1 1 1
9 7 7 5 4 4 3 3 3 3 1 1 1 1 1 1
9 7 7 5 4 4 3 3 3 2 2 2 2 1
9 7 7 5 4 4 3 3 3 2 2 2 1 1 1
9 7 7 5 4 4 3 3 3 2 2 1 1 1 1 1
9 7 7 5 4 4 3 3 3 2 1 1 1 1 1 1 1
9 7 7 5 4 4 3 3 2 2 2 2 2 2
9 7 7 5 4 4 3 3 2 2 2 2 2 1 1
9 7 7 5 4 4 3 3 2 2 2 2 1 1 1 1
9 7 7 5 4 4 3 3 2 2 2 1 1 1 1 1 1
9 7 7 5 4 4 3 2 2 2 2 2 2 2 1
9 7 7 5 4 4 3 2 2 2 2 2 2 1 1 1
9 7 7 5 4 4 3 2 2 2 2 2 1 1 1 1 1
9 7 7 5 4 3 3 3 3 3 3 3 1
9 7 7 5 4 3 3 3 3 3 3 2 2
9 7 7 5 4 3 3 3 3 3 3 2 1 1
9 7 7 5 4 3 3 3 3 3 3 1 1 1 1
9 7 7 5 4 3 3 3 3 3 2 2 2 1
9 7 7 5 4 3 3 3 3 3 2 2 1 1 1
9 7 7 5 4 3 3 3 3 3 2 1 1 1 1 1
9 7 7 5 4 3 3 3 3 3 1 1 1 1 1 1 1
9 7 7 5 4 3 3 3 3 2 2 2 2 2
9 7 7 5 4 3 3 3 3 2 2 2 2 1 1
9 7 7 5 4 3 3 3 3 2 2 2 1 1 1 1
9 7 7 5 4 3 3 3 3 2 2 1 1 1 1 1 1
9 7 7 5 4 3 3 3 2 2 2 2 2 2 1
9 7 7 5 4 3 3 3 2 2 2 2 2 1 1 1
9 7 7 5 4 3 3 3 2 2 2 2 1 1 1 1 1
9 7 7 5 4 3 3 2 2 2 2 2 2 2 2
9 7 7 5 4 3 3 2 2 2 2 2 2 2 1 1
9 7 7 5 4 3 3 2 2 2 2 2 2 1 1 1 1
9 7 7 4 4 4 4 4 4 4 3
9 7 7 4 4 4 4 4 4 4 2 1
9 7 7 4 4 4 4 4 4 4 1 1 1
9 7 7 4 4 4 4 4 4 3 3 1
9 7 7 4 4 4 4 4 4 3 2 2
9 7 7 4 4 4 4 4 4 3 2 1 1
9 7 7 4 4 4 4 4 4 3 1 1 1 1
9 7 7 4 4 4 4 4 4 2 2 2 1
9 7 7 4 4 4 4 4 4 2 2 1 1 1
9 7 7 4 4 4 4 4 4 2 1 1 1 1 1
9 7 7 4 4 4 4 4 4 1 1 1 1 1 1 1
9 7 7 4 4 4 4 4 3 3 3 2
9 7 7 4 4 4 4 4 3 3 3 1 1
9 7 7 4 4 4 4 4 3 3 2 2 1
9 7 7 4 4 4 4 4 3 3 2 1 1 1
9 7 7 4 4 4 4 4 3 3 1 1 1 1 1
9 7 7 4 4 4 4 4 3 2 2 2 2
9 7 7 4 4 4 4 4 3 2 2 2 1 1
9 7 7 4 4 4 4 4 3 2 2 1 1 1 1
9 7 7 4 4 4 4 4 3 2 1 1 1 1 1 1
9 7 7 4 4 4 4 4 3 1 1 1 1 1 1 1 1
9 7 7 4 4 4 4 4 2 2 2 2 2 1
9 7 7 4 4 4 4 4 2 2 2 2 1 1 1
9 7 7 4 4 4 4 4 2 2 2 1 1 1 1 1
9 7 7 4 4 4 4 4 2 2 1 1 1 1 1 1 1
9 7 7 4 4 4 4 3 3 3 3 3
9 7 7 4 4 4 4 3 3 3 3 2 1
9 7 7 4 4 4 4 3 3 3 3 1 1 1
9 7 7 4 4 4 4 3 3 3 2 2 2
9 7 7 4 4 4 4 3 3 3 2 2 1 1
9 7 7 4 4 4 4 3 3 3 2 1 1 1 1
9 7 7 4 4 4 4 3 3 3 1 1 1 1 1 1
9 7 7 4 4 4 4 3 3 2 2 2 2 1
9 7 7 4 4 4 4 3 3 2 2 2 1 1 1
9 7 7 4 4 4 4 3 3 2 2 1 1 1 1 1
9 7 7 4 4 4 4 3 3 2 1 1 1 1 1 1 1
9 7 7 4 4 4 4 3 2 2 2 2 2 2
9 7 7 4 4 4 4 3 2 2 2 2 2 1 1
9 7 7 4 4 4 4 3 2 2 2 2 1 1 1 1
9 7 7 4 4 4 4 3 2 2 2 1 1 1 1 1 1
9 7 7 4 4 4 4 2 2 2 2 2 2 2 1
9 7 7 4 4 4 4 2 2 2 2 2 2 1 1 1
9 7 7 4 4 4 4 2 2 2 2 2 1 1 1 1 1
9 7 7 4 4 4 3 3 3 3 3 3 1
9 7 7 4 4 4 3 3 3 3 3 2 2
9 7 7 4 4 4 3 3 3 3 3 2 1 1
9 7 7 4 4 4 3 3 3 3 3 1 1 1 1
9 7 7 4 4 4 3 3 3 3 2 2 2 1
9 7 7 4 4 4 3 3 3 3 2 2 1 1 1
9 7 7 4 4 4 3 3 3 3 2 1 1 1 1 1
9 7 7 4 4 4 3 3 3 3 1 1 1 1 1 1 1
9 7 7 4 4 4 3 3 3 2 2 2 2 2
9 7 7 4 4 4 3 3 3 2 2 2 2 1 1
9 7 7 4 4 4 3 3 3 2 2 2 1 1 1 1
9 7 7 4 4 4 3 3 3 2 2 1 1 1 1 1 1
9 7 7 4 4 4 3 3 2 2 2 2 2 2 1
9 7 7 4 4 4 3 3 2 2 2 2 2 1 1 1
9 7 7 4 4 4 3 3 2 2 2 2 1 1 1 1 1
9 7 7 4 4 4 3 2 2 2 2 2 2 2 2
9 7 7 4 4 4 3 2 2 2 2 2 2 2 1 1
9 7 7 4 4 4 3 2 2 2 2 2 2 1 1 1 1
9 7 7 4 4 3 3 3 3 3 3 3 2
9 7 7 4 4 3 3 3 3 3 3 3 1 1
9 7 7 4 4 3 3 3 3 3 3 2 2 1
9 7 7 4 4 3 3 3 3 3 3 2 1 1 1
9 7 7 4 4 3 3 3 3 3 3 1 1 1 1 1
9 7 7 4 4 3 3 3 3 3 2 2 2 2
9 7 7 4 4 3 3 3 3 3 2 2 2 1 1
9 7 7 4 4 3 3 3 3 3 2 2 1 1 1 1
9 7 7 4 4 3 3 3 3 3 2 1 1 1 1 1 1
9 7 7 4 4 3 3 3 3 2 2 2 2 2 1
9 7 7 4 4 3 3 3 3 2 2 2 2 1 1 1
9 7 7 4 4 3 3 3 3 2 2 2 1 1 1 1 1
9 7 7 4 4 3 3 3 2 2 2 2 2 2 2
9 7 7 4 4 3 3 3 2 2 2 2 2 2 1 1
9 7 7 4 4 3 3 3 2 2 2 2 2 1 1 1 1
9 7 6 6 6 6 6 4 2 1 1
9 7 6 6 6 6 6 3 3 1 1
9 7 6 6 6 6 6 3 2 2 1
9 7 6 6 6 6 6 3 2 1 1 1
9 7 6 6 6 6 6 2 2 2 2
9 7 6 6 6 6 6 2 2 2 1 1
9 7 6 6 6 6 6 2 2 1 1 1 1
9 7 6 6 6 6 5 5 2 1 1
9 7 6 6 6 6 5 4 3 1 1
9 7 6 6 6 6 5 4 2 2 1
9 7 6 6 6 6 5 4 2 1 1 1
9 7 6 6 6 6 5 3 3 2 1
9 7 6 6 6 6 5 3 3 1 1 1
9 7 6 6 6 6 5 3 2 2 2
9 7 6 6 6 6 5 3 2 2 1 1
9 7 6 6 6 6 5 3 2 1 1 1 1
9 7 6 6 6 6 5 2 2 2 2 1
9 7 6 6 6 6 5 2 2 2 1 1 1
9 7 6 6 6 6 5 2 2 1 1 1 1 1
9 7 6 6 6 6 4 4 4 1 1
9 7 6 6 6 6 4 4 3 2 1
9 7 6 6 6 6 4 4 3 1 1 1
9 7 6 6 6 6 4 4 2 2 2
9 7 6 6 6 6 4 4 2 2 1 1
9 7 6 6 6 6 4 4 2 1 1 1 1
9 7 6 6 6 6 4 3 3 3 1
9 7 6 6 6 6 4 3 3 2 2
9 7 6 6 6 6 4 3 3 2 1 1
9 7 6 6 6 6 4 3 3 1 1 1 1
9 7 6 6 6 6 4 3 2 2 2 1
9 7 6 6 6 6 4 3 2 2 1 1 1
9 7 6 6 6 6 4 3 2 1 1 1 1 1
9 7 6 6 6 6 4 2 2 2 2 2
9 7 6 6 6 6 4 2 2 2 2 1 1
9 7 6 6 6 6 4 2 2 2 1 1 1 1
9 7 6 6 6 6 4 2 2 1 1 1 1 1 1
9 7 6 6 6 6 3 3 3 3 2
9 7 6 6 6 6 3 3 3 3 1 1
9 7 6 6 6 6 3 3 3 2 2 1
9 7 6 6 6 6 3 3 3 2 1 1 1
9 7 6 6 6 6 3 3 3 1 1 1 1 1
9 7 6 6 6 6 3 3 2 2 2 2
9 7 6 6 6 6 3 3 2 2 2 1 1
9 7 6 6 6 6 3 3 2 2 1 1 1 1
9 7 6 6 6 6 3 3 2 1 1 1 1 1 1
9 7 6 6 6 6 3 2 2 2 2 2 1
9 7 6 6 6 6 3 2 2 2 2 1 1 1
9 7 6 6 6 6 3 2 2 2 1 1 1 1 1
9 7 6 6 6 6 3 2 2 1 1 1 1 1 1 1
9 7 6 6 6 5 5 5 3 1 1
9 7 6 6 6 5 5 5 2 2 1
9 7 6 6 6 5 5 5 2 1 1 1
9 7 6 6 6 5 5 4 4 1 1
9 7 6 6 6 5 5 4 3 2 1
9 7 6 6 6 5 5 4 3 1 1 1
9 7 6 6 6 5 5 4 2 2 2
9 7 6 6 6 5 5 4 2 2 1 1
9 7 6 6 6 5 5 4 2 1 1 1 1
9 7 6 6 6 5 5 3 3 3 1
9 7 6 6 6 5 5 3 3 2 2
9 7 6 6 6 5 5 3 3 2 1 1
9 7 6 6 6 5 5 3 3 1 1 1 1
9 7 6 6 6 5 5 3 2 2 2 1
9 7 6 6 6 5 5 3 2 2 1 1 1
9 7 6 6 6 5 5 3 2 1 1 1 1 1
9 7 6 6 6 5 5 2 2 2 2 2
9 7 6 6 6 5 5 2 2 2 2 1 1
9 7 6 6 6 5 5 2 2 2 1 1 1 1
9 7 6 6 6 5 5 2 2 1 1 1 1 1 1
9 7 6 6 6 5 4 4 4 2 1
9 7 6 6 6 5 4 4 4 1 1 1
9 7 6 6 6 5 4 4 3 3 1
9 7 6 6 6 5 4 4 3 2 2
9 7 6 6 6 5 4 4 3 2 1 1
9 7 6 6 6 5 4 4 3 1 1 1 1
9 7 6 6 6 5 4 4 2 2 2 1
9 7 6 6 6 5 4 4 2 2 1 1 1
9 7 6 6 6 5 4 4 2 1 1 1 1 1
9 7 6 6 6 5 4 3 3 3 2
9 7 6 6 6 5 4 3 3 3 1 1
9 7 6 6 6 5 4 3 3 2 2 1
9 7 6 6 6 5 4 3 3 2 1 1 1
9 7 6 6 6 5 4 3 3 1 1 1 1 1
9 7 6 6 6 5 4 3 2 2 2 2
9 7 6 6 6 5 4 3 2 2 2 1 1
9 7 6 6 6 5 4 3 2 2 1 1 1 1
9 7 6 6 6 5 4 3 2 1 1 1 1 1 1
9 7 6 6 6 5 4 2 2 2 2 2 1
9 7 6 6 6 5 4 2 2 2 2 1 1 1
9 7 6 6 6 5 4 2 2 2 1 1 1 1 1
9 7 6 6 6 5 4 2 2 1 1 1 1 1 1 1
9 7 6 6 6 5 3 3 3 3 3
9 7 6 6 6 5 3 3 3 3 2 1
9 7 6 6 6 5 3 3 3 3 1 1 1
9 7 6 6 6 5 3 3 3 2 2 2
9 7 6 6 6 5 3 3 3 2 2 1 1
9 7 6 6 6 5 3 3 3 2 1 1 1 1
9 7 6 6 6 5 3 3 3 1 1 1 1 1 1
9 7 6 6 6 5 3 3 2 2 2 2 1
9 7 6 6 6 5 3 3 2 2 2 1 1 1
9 7 6 6 6 5 3 3 2 2 1 1 1 1 1
9 7 6 6 6 5 3 3 2 1 1 1 1 1 1 1
9 7 6 6 6 5 3 2 2 2 2 2 2
9 7 6 6 6 5 3 2 2 2 2 2 1 1
9 7 6 6 6 5 3 2 2 2 2 1 1 1 1
9 7 6 6 6 5 3 2 2 2 1 1 1 1 1 1
9 7 6 6 6 5 3 2 2 1 1 1 1 1 1 1 1
9 7 6 6 6 4 4 4 4 3 1
9 7 6 6 6 4 4 4 4 2 2
9 7 6 6 6 4 4 4 4 2 1 1
9 7 6 6 6 4 4 4 4 1 1 1 1
9 7 6 6 6 4 4 4 3 3 2
9 7 6 6 6 4 4 4 3 3 1 1
9 7 6 6 6 4 4 4 3 2 2 1
9 7 6 6 6 4 4 4 3 2 1 1 1
9 7 6 6 6 4 4 4 3 1 1 1 1 1
9 7 6 6 6 4 4 4 2 2 2 2
9 7 6 6 6 4 4 4 2 2 2 1 1
9 7 6 6 6 4 4 4 2 2 1 1 1 1
9 7 6 6 6 4 4 4 2 1 1 1 1 1 1
9 7 6 6 6 4 4 3 3 3 3
9 7 6 6 6 4 4 3 3 3 2 1
9 7 6 6 6 4 4 3 3 3 1 1 1
9 7 6 6 6 4 4 3 3 2 2 2
9 7 6 6 6 4 4 3 3 2 2 1 1
9 7 6 6 6 4 4 3 3 2 1 1 1 1
9 7 6 6 6 4 4 3 3 1 1 1 1 1 1
9 7 6 6 6 4 4 3 2 2 2 2 1
9 7 6 6 6 4 4 3 2 2 2 1 1 1
9 7 6 6 6 4 4 3 2 2 1 1 1 1 1
9 7 6 6 6 4 4 3 2 1 1 1 1 1 1 1
9 7 6 6 6 4 4 2 2 2 2 2 2
9 7 6 6 6 4 4 2 2 2 2 2 1 1
9 7 6 6 6 4 4 2 2 2 2 1 1 1 1
9 7 6 6 6 4 4 2 2 2 1 1 1 1 1 1
9 7 6 6 6 4 4 2 2 1 1 1 1 1 1 1 1
9 7 6 6 6 4 3 3 3 3 3 1
9 7 6 6 6 4 3 3 3 3 2 2
9 7 6 6 6 4 3 3 3 3 2 1 1
9 7 6 6 6 4 3 3 3 3 1 1 1 1
9 7 6 6 6 4 3 3 3 2 2 2 1
9 7 6 6 6 4 3 3 3 2 2 1 1 1
9 7 6 6 6 4 3 3 3 2 1 1 1 1 1
9 7 6 6 6 4 3 3 3 1 1 1 1 1 1 1
9 7 6 6 6 4 3 3 2 2 2 2 2
9 7 6 6 6 4 3 3 2 2 2 2 1 1
9 7 6 6 6 4 3 3 2 2 2 1 1 1 1
9 7 6 6 6 4 3 3 2 2 1 1 1 1 1 1
9 7 6 6 6 4 3 3 2 1 1 1 1 1 1 1 1
9 7 6 6 6 4 3 2 2 2 2 2 2 1
9 7 6 6 6 4 3 2 2 2 2 2 1 1 1
9 7 6 6 6 4 3 2 2 2 2 1 1 1 1 1
9 7 6 6 6 4 3 2 2 2 1 1 1 1 1 1 1
9 7 6 6 6 3 3 3 3 3 3 2
9 7 6 6 6 3 3 3 3 3 3 1 1
9 7 6 6 6 3 3 3 3 3 2 2 1
9 7 6 6 6 3 3 3 3 3 2 1 1 1
9 7 6 6 6 3 3 3 3 3 1 1 1 1 1
9 7 6 6 6 3 3 3 3 2 2 2 2
9 7 6 6 6 3 3 3 3 2 2 2 1 1
9 7 6 6 6 3 3 3 3 2 2 1 1 1 1
9 7 6 6 6 3 3 3 3 2 1 1 1 1 1 1
9 7 6 6 6 3 3 3 3 1 1 1 1 1 1 1 1
9 7 6 6 6 3 3 3 2 2 2 2 2 1
9 7 6 6 6 3 3 3 2 2 2 2 1 1 1
9 7 6 6 6 3 3 3 2 2 2 1 1 1 1 1
9 7 6 6 6 3 3 3 2 2 1 1 1 1 1 1 1
9 7 6 6 6 3 3 2 2 2 2 2 2 2
9 7 6 6 6 3 3 2 2 2 2 2 2 1 1
9 7 6 6 6 3 3 2 2 2 2 2 1 1 1 1
9 7 6 6 6 3 3 2 2 2 2 1 1 1 1 1 1
9 7 6 6 5 5 5 5 4 1 1
9 7 6 6 5 5 5 5 3 2 1
9 7 6 6 5 5 5 5 3 1 1 1
9 7 6 6 5 5 5 5 2 2 2
9 7 6 6 5 5 5 5 2 2 1 1
9 7 6 6 5 5 5 5 2 1 1 1 1
9 7 6 6 5 5 5 4 4 2 1
9 7 6 6 5 5 5 4 4 1 1 1
9 7 6 6 5 5 5 4 3 3 1
9 7 6 6 5 5 5 4 3 2 2
9 7 6 6 5 5 5 4 3 2 1 1
9 7 6 6 5 5 5 4 3 1 1 1 1
9 7 6 6 5 5 5 4 2 2 2 1
9 7 6 6 5 5 5 4 2 2 1 1 1
9 7 6 6 5 5 5 4 2 1 1 1 1 1
9 7 6 6 5 5 5 3 3 3 2
9 7 6 6 5 5 5 3 3 3 1 1
9 7 6 6 5 5 5 3 3 2 2 1
9 7 6 6 5 5 5 3 3 2 1 1 1
9 7 6 6 5 5 5 3 3 1 1 1 1 1
9 7 6 6 5 5 5 3 2 2 2 2
9 7 6 6 5 5 5 3 2 2 2 1 1
9 7 6 6 5 5 5 3 2 2 1 1 1 1
9 7 6 6 5 5 5 3 2 1 1 1 1 1 1
9 7 6 6 5 5 5 2 2 2 2 2 1
9 7 6 6 5 5 5 2 2 2 2 1 1 1
9 7 6 6 5 5 5 2 2 2 1 1 1 1 1
9 7 6 6 5 5 5 2 2 1 1 1 1 1 1 1
9 7 6 6 5 5 4 4 4 3 1
9 7 6 6 5 5 4 4 4 2 2
9 7 6 6 5 5 4 4 4 2 1 1
9 7 6 6 5 5 4 4 4 1 1 1 1
9 7 6 6 5 5 4 4 3 3 2
9 7 6 6 5 5 4 4 3 3 1 1
9 7 6 6 5 5 4 4 3 2 2 1
9 7 6 6 5 5 4 4 3 2 1 1 1
9 7 6 6 5 5 4 4 3 1 1 1 1 1
9 7 6 6 5 5 4 4 2 2 2 2
9 7 6 6 5 5 4 4 2 2 2 1 1
9 7 6 6 5 5 4 4 2 2 1 1 1 1
9 7 6 6 5 5 4 4 2 1 1 1 1 1 1
9 7 6 6 5 5 4 3 3 3 3
9 7 6 6 5 5 4 3 3 3 2 1
9 7 6 6 5 5 4 3 3 3 1 1 1
9 7 6 6 5 5 4 3 3 2 2 2
9 7 6 6 5 5 4 3 3 2 2 1 1
9 7 6 6 5 5 4 3 3 2 1 1 1 1
9 7 6 6 5 5 4 3 3 1 1 1 1 1 1
9 7 6 6 5 5 4 3 2 2 2 2 1
9 7 6 6 5 5 4 3 2 2 2 1 1 1
9 7 6 6 5 5 4 3 2 2 1 1 1 1 1
9 7 6 6 5 5 4 3 2 1 1 1 1 1 1 1
9 7 6 6 5 5 4 2 2 2 2 2 2
9 7 6 6 5 5 4 2 2 2 2 2 1 1
9 7 6 6 5 5 4 2 2 2 2 1 1 1 1
9 7 6 6 5 5 4 2 2 2 1 1 1 1 1 1
9 7 6 6 5 5 4 2 2 1 1 1 1 1 1 1 1
9 7 6 6 5 5 3 3 3 3 3 1
9 7 6 6 5 5 3 3 3 3 2 2
9 7 6 6 5 5 3 3 3 3 2 1 1
9 7 6 6 5 5 3 3 3 3 1 1 1 1
9 7 6 6 5 5 3 3 3 2 2 2 1
9 7 6 6 5 5 3 3 3 2 2 1 1 1
9 7 6 6 5 5 3 3 3 2 1 1 1 1 1
9 7 6 6 5 5 3 3 3 1 1 1 1 1 1 1
9 7 6 6 5 5 3 3 2 2 2 2 2
9 7 6 6 5 5 3 3 2 2 2 2 1 1
9 7 6 6 5 5 3 3 2 2 2 1 1 1 1
9 7 6 6 5 5 3 3 2 2 1 1 1 1 1 1
9 7 6 6 5 5 3 3 2 1 1 1 1 1 1 1 1
9 7 6 6 5 5 3 2 2 2 2 2 2 1
9 7 6 6 5 5 3 2 2 2 2 2 1 1 1
9 7 6 6 5 5 3 2 2 2 2 1 1 1 1 1
9 7 6 6 5 5 3 2 2 2 1 1 1 1 1 1 1
9 7 6 6 5 4 4 4 4 4 1
9 7 6 6 5 4 4 4 4 3 2
9 7 6 6 5 4 4 4 4 3 1 1
9 7 6 6 5 4 4 4 4 2 2 1
9 7 6 6 5 4 4 4 4 2 1 1 1
9 7 6 6 5 4 4 4 4 1 1 1 1 1
9 7 6 6 5 4 4 4 3 3 3
9 7 6 6 5 4 4 4 3 3 2 1
9 7 6 6 5 4 4 4 3 3 1 1 1
9 7 6 6 5 4 4 4 3 2 2 2
9 7 6 6 5 4 4 4 3 2 2 1 1
9 7 6 6 5 4 4 4 3 2 1 1 1 1
9 7 6 6 5 4 4 4 3 1 1 1 1 1 1
9 7 6 6 5 4 4 4 2 2 2 2 1
9 7 6 6 5 4 4 4 2 2 2 1 1 1
9 7 6 6 5 4 4 4 2 2 1 1 1 1 1
9 7 6 6 5 4 4 4 2 1 1 1 1 1 1 1
9 7 6 6 5 4 4 3 3 3 3 1
9 7 6 6 5 4 4 3 3 3 2 2
9 7 6 6 5 4 4 3 3 3 2 1 1
9 7 6 6 5 4 4 3 3 3 1 1 1 1
9 7 6 6 5 4 4 3 3 2 2 2 1
9 7 6 6 5 4 4 3 3 2 2 1 1 1
9 7 6 6 5 4 4 3 3 2 1 1 1 1 1
9 7 6 6 5 4 4 3 3 1 1 1 1 1 1 1
9 7 6 6 5 4 4 3 2 2 2 2 2
9 7 6 6 5 4 4 3 2 2 2 2 1 1
9 7 6 6 5 4 4 3 2 2 2 1 1 1 1
9 7 6 6 5 4 4 3 2 2 1 1 1 1 1 1
9 7 6 6 5 4 4 3 2 1 1 1 1 1 1 1 1
9 7 6 6 5 4 4 2 2 2 2 2 2 1
9 7 6 6 5 4 4 2 2 2 2 2 1 1 1
9 7 6 6 5 4 4 2 2 2 2 1 1 1 1 1
9 7 6 6 5 4 4 2 2 2 1 1 1 1 1 1 1
9 7 6 6 5 4 3 3 3 3 3 2
9 7 6 6 5 4 3 3 3 3 3 1 1
9 7 6 6 5 4 3 3 3 3 2 2 1
9 7 6 6 5 4 3 3 3 3 2 1 1 1
9 7 6 6 5 4 3 3 3 3 1 1 1 1 1
9 7 6 6 5 4 3 3 3 2 2 2 2
9 7 6 6 5 4 3 3 3 2 2 2 1 1
9 7 6 6 5 4 3 3 3 2 2 1 1 1 1
9 7 6 6 5 4 3 3 3 2 1 1 1 1 1 1
9 7 6 6 5 4 3 3 3 1 1 1 1 1 1 1 1
9 7 6 6 5 4 3 3 2 2 2 2 2 1
9 7 6 6 5 4 3 3 2 2 2 2 1 1 1
9 7 6 6 5 4 3 3 2 2 2 1 1 1 1 1
9 7 6 6 5 4 3 3 2 2 1 1 1 1 1 1 1
9 7 6 6 5 4 3 2 2 2 2 2 2 2
9 7 6 6 5 4 3 2 2 2 2 2 2 1 1
9 7 6 6 5 4 3 2 2 2 2 2 1 1 1 1
9 7 6 6 5 4 3 2 2 2 2 1 1 1 1 1 1
9 7 6 6 5 3 3 3 3 3 3 3
9 7 6 6 5 3 3 3 3 3 3 2 1
9 7 6 6 5 3 3 3 3 3 3 1 1 1
9 7 6 6 5 3 3 3 3 3 2 2 2
9 7 6 6 5 3 3 3 3 3 2 2 1 1
9 7 6 6 5 3 3 3 3 3 2 1 1 1 1
9 7 6 6 5 3 3 3 3 3 1 1 1 1 1 1
9 7 6 6 5 3 3 3 3 2 2 2 2 1
9 7 6 6 5 3 3 3 3 2 2 2 1 1 1
9 7 6 6 5 3 3 3 3 2 2 1 1 1 1 1
9 7 6 6 5 3 3 3 3 2 1 1 1 1 1 1 1
9 7 6 6 5 3 3 3 2 2 2 2 2 2
9 7 6 6 5 3 3 3 2 2 2 2 2 1 1
9 7 6 6 5 3 3 3 2 2 2 2 1 1 1 1
9 7 6 6 5 3 3 3 2 2 2 1 1 1 1 1 1
9 7 6 6 5 3 3 2 2 2 2 2 2 2 1
9 7 6 6 5 3 3 2 2 2 2 2 2 1 1 1
9 7 6 6 5 3 3 2 2 2 2 2 1 1 1 1 1
9 7 6 6 4 4 4 4 4 4 2
9 7 6 6 4 4 4 4 4 4 1 1
9 7 6 6 4 4 4 4 4 3 3
9 7 6 6 4 4 4 4 4 3 2 1
9 7 6 6 4 4 4 4 4 3 1 1 1
9 7 6 6 4 4 4 4 4 2 2 2
9 7 6 6 4 4 4 4 4 2 2 1 1
9 7 6 6 4 4 4 4 4 2 1 1 1 1
9 7 6 6 4 4 4 4 4 1 1 1 1 1 1
9 7 6 6 4 4 4 4 3 3 3 1
9 7 6 6 4 4 4 4 3 3 2 2
9 7 6 6 4 4 4 4 3 3 2 1 1
9 7 6 6 4 4 4 4 3 3 1 1 1 1
9 7 6 6 4 4 4 4 3 2 2 2 1
9 7 6 6 4 4 4 4 3 2 2 1 1 1
9 7 6 6 4 4 4 4 3 2 1 1 1 1 1
9 7 6 6 4 4 4 4 3 1 1 1 1 1 1 1
9 7 6 6 4 4 4 4 2 2 2 2 2
9 7 6 6 4 4 4 4 2 2 2 2 1 1
9 7 6 6 4 4 4 4 2 2 2 1 1 1 1
9 7 6 6 4 4 4 4 2 2 1 1 1 1 1 1
9 7 6 6 4 4 4 4 2 1 1 1 1 1 1 1 1
9 7 6 6 4 4 4 3 3 3 3 2
9 7 6 6 4 4 4 3 3 3 3 1 1
9 7 6 6 4 4 4 3 3 3 2 2 1
9 7 6 6 4 4 4 3 3 3 2 1 1 1
9 7 6 6 4 4 4 3 3 3 1 1 1 1 1
9 7 6 6 4 4 4 3 3 2 2 2 2
9 7 6 6 4 4 4 3 3 2 2 2 1 1
9 7 6 6 4 4 4 3 3 2 2 1 1 1 1
9 7 6 6 4 4 4 3 3 2 1 1 1 1 1 1
9 7 6 6 4 4 4 3 3 1 1 1 1 1 1 1 1
9 7 6 6 4 4 4 3 2 2 2 2 2 1
9 7 6 6 4 4 4 3 2 2 2 2 1 1 1
9 7 6 6 4 4 4 3 2 2 2 1 1 1 1 1
9 7 6 6 4 4 4 3 2 2 1 1 1 1 1 1 1
9 7 6 6 4 4 4 2 2 2 2 2 2 2
9 7 6 6 4 4 4 2 2 2 2 2 2 1 1
9 7 6 6 4 4 4 2 2 2 2 2 1 1 1 1
9 7 6 6 4 4 4 2 2 2 2 1 1 1 1 1 1
9 7 6 6 4 4 3 3 3 3 3 3
9 7 6 6 4 4 3 3 3 3 3 2 1
9 7 6 6 4 4 3 3 3 3 3 1 1 1
9 7 6 6 4 4 3 3 3 3 2 2 2
9 7 6 6 4 4 3 3 3 3 2 2 1 1
9 7 6 6 4 4 3 3 3 3 2 1 1 1 1
9 7 6 6 4 4 3 3 3 3 1 1 1 1 1 1
9 7 6 6 4 4 3 3 3 2 2 2 2 1
9 7 6 6 4 4 3 3 3 2 2 2 1 1 1
9 7 6 6 4 4 3 3 3 2 2 1 1 1 1 1
9 7 6 6 4 4 3 3 3 2 1 1 1 1 1 1 1
9 7 6 6 4 4 3 3 2 2 2 2 2 2
9 7 6 6 4 4 3 3 2 2 2 2 2 1 1
9 7 6 6 4 4 3 3 2 2 2 2 1 1 1 1
9 7 6 6 4 4 3 3 2 2 2 1 1 1 1 1 1
9 7 6 6 4 4 3 2 2 2 2 2 2 2 1
9 7 6 6 4 4 3 2 2 2 2 2 2 1 1 1
9 7 6 6 4 4 3 2 2 2 2 2 1 1 1 1 1
9 7 6 6 4 3 3 3 3 3 3 3 1
9 7 6 6 4 3 3 3 3 3 3 2 2
9 7 6 6 4 3 3 3 3 3 3 2 1 1
9 7 6 6 4 3 3 3 3 3 3 1 1 1 1
9 7 6 6 4 3 3 3 3 3 2 2 2 1
9 7 6 6 4 3 3 3 3 3 2 2 1 1 1
9 7 6 6 4 3 3 3 3 3 2 1 1 1 1 1
9 7 6 6 4 3 3 3 3 3 1 1 1 1 1 1 1
9 7 6 6 4 3 3 3 3 2 2 2 2 2
9 7 6 6 4 3 3 3 3 2 2 2 2 1 1
9 7 6 6 4 3 3 3 3 2 2 2 1 1 1 1
9 7 6 6 4 3 3 3 3 2 2 1 1 1 1 1 1
9 7 6 6 4 3 3 3 2 2 2 2 2 2 1
9 7 6 6 4 3 3 3 2 2 2 2 2 1 1 1
9 7 6 6 4 3 3 3 2 2 2 2 1 1 1 1 1
9 7 6 6 4 3 3 2 2 2 2 2 2 2 2
9 7 6 6 4 3 3 2 2 2 2 2 2 2 1 1
9 7 6 6 4 3 3 2 2 2 2 2 2 1 1 1 1
9 7 6 5 5 5 5 5 5 1 1
9 7 6 5 5 5 5 5 4 2 1
9 7 6 5 5 5 5 5 4 1 1 1
9 7 6 5 5 5 5 5 3 3 1
9 7 6 5 5 5 5 5 3 2 2
9 7 6 5 5 5 5 5 3 2 1 1
9 7 6 5 5 5 5 5 3 1 1 1 1
9 7 6 5 5 5 5 5 2 2 2 1
9 7 6 5 5 5 5 5 2 2 1 1 1
9 7 6 5 5 5 5 5 2 1 1 1 1 1
9 7 6 5 5 5 5 4 4 3 1
9 7 6 5 5 5 5 4 4 2 2
9 7 6 5 5 5 5 4 4 2 1 1
9 7 6 5 5 5 5 4 4 1 1 1 1
9 7 6 5 5 5 5 4 3 3 2
9 7 6 5 5 5 5 4 3 3 1 1
9 7 6 5 5 5 5 4 3 2 2 1
9 7 6 5 5 5 5 4 3 2 1 1 1
9 7 6 5 5 5 5 4 3 1 1 1 1 1
9 7 6 5 5 5 5 4 2 2 2 2
9 7 6 5 5 5 5 4 2 2 2 1 1
9 7 6 5 5 5 5 4 2 2 1 1 1 1
9 7 6 5 5 5 5 4 2 1 1 1 1 1 1
9 7 6 5 5 5 5 3 3 3 3
9 7 6 5 5 5 5 3 3 3 2 1
9 7 6 5 5 5 5 3 3 3 1 1 1
9 7 6 5 5 5 5 3 3 2 2 2
9 7 6 5 5 5 5 3 3 2 2 1 1
9 7 6 5 5 5 5 3 3 2 1 1 1 1
9 7 6 5 5 5 5 3 3 1 1 1 1 1 1
9 7 6 5 5 5 5 3 2 2 2 2 1
9 7 6 5 5 5 5 3 2 2 2 1 1 1
9 7 6 5 5 5 5 3 2 2 1 1 1 1 1
9 7 6 5 5 5 5 3 2 1 1 1 1 1 1 1
9 7 6 5 5 5 5 2 2 2 2 2 2
9 7 6 5 5 5 5 2 2 2 2 2 1 1
9 7 6 5 5 5 5 2 2 2 2 1 1 1 1
9 7 6 5 5 5 5 2 2 2 1 1 1 1 1 1
9 7 6 5 5 5 5 2 2 1 1 1 1 1 1 1 1
9 7 6 5 5 5 4 4 4 4 1
9 7 6 5 5 5 4 4 4 3 2
9 7 6 5 5 5 4 4 4 3 1 1
9 7 6 5 5 5 4 4 4 2 2 1
9 7 6 5 5 5 4 4 4 2 1 1 1
9 7 6 5 5 5 4 4 4 1 1 1 1 1
9 7 6 5 5 5 4 4 3 3 3
9 7 6 5 5 5 4 4 3 3 2 1
9 7 6 5 5 5 4 4 3 3 1 1 1
9 7 6 5 5 5 4 4 3 2 2 2
9 7 6 5 5 5 4 4 3 2 2 1 1
9 7 6 5 5 5 4 4 3 2 1 1 1 1
9 7 6 5 5 5 4 4 3 1 1 1 1 1 1
9 7 6 5 5 5 4 4 2 2 2 2 1
9 7 6 5 5 5 4 4 2 2 2 1 1 1
9 7 6 5 5 5 4 4 2 2 1 1 1 1 1
9 7 6 5 5 5 4 4 2 1 1 1 1 1 1 1
9 7 6 5 5 5 4 3 3 3 3 1
9 7 6 5 5 5 4 3 3 3 2 2
9 7 6 5 5 5 4 3 3 3 2 1 1
9 7 6 5 5 5 4 3 3 3 1 1 1 1
9 7 6 5 5 5 4 3 3 2 2 2 1
9 7 6 5 5 5 4 3 3 2 2 1 1 1
9 7 6 5 5 5 4 3 3 2 1 1 1 1 1
9 7 6 5 5 5 4 3 3 1 1 1 1 1 1 1
9 7 6 5 5 5 4 3 2 2 2 2 2
9 7 6 5 5 5 4 3 2 2 2 2 1 1
9 7 6 5 5 5 4 3 2 2 2 1 1 1 1
9 7 6 5 5 5 4 3 2 2 1 1 1 1 1 1
9 7 6 5 5 5 4 3 2 1 1 1 1 1 1 1 1
9 7 6 5 5 5 4 2 2 2 2 2 2 1
9 7 6 5 5 5 4 2 2 2 2 2 1 1 1
9 7 6 5 5 5 4 2 2 2 2 1 1 1 1 1
9 7 6 5 5 5 4 2 2 2 1 1 1 1 1 1 1
9 7 6 5 5 5 3 3 3 3 3 2
9 7 6 5 5 5 3 3 3 3 3 1 1
9 7 6 5 5 5 3 3 3 3 2 2 1
9 7 6 5 5 5 3 3 3 3 2 1 1 1
9 7 6 5 5 5 3 3 3 3 1 1 1 1 1
9 7 6 5 5 5 3 3 3 2 2 2 2
9 7 6 5 5 5 3 3 3 2 2 2 1 1
9 7 6 5 5 5 3 3 3 2 2 1 1 1 1
9 7 6 5 5 5 3 3 3 2 1 1 1 1 1 1
9 7 6 5 5 5 3 3 3 1 1 1 1 1 1 1 1
9 7 6 5 5 5 3 3 2 2 2 2 2 1
9 7 6 5 5 5 3 3 2 2 2 2 1 1 1
9 7 6 5 5 5 3 3 2 2 2 1 1 1 1 1
9 7 6 5 5 5 3 3 2 2 1 1 1 1 1 1 1
9 7 6 5 5 5 3 2 2 2 2 2 2 2
9 7 6 5 5 5 3 2 2 2 2 2 2 1 1
9 7 6 5 5 5 3 2 2 2 2 2 1 1 1 1
9 7 6 5 5 5 3 2 2 2 2 1 1 1 1 1 1
9 7 6 5 5 4 4 4 4 4 2
9 7 6 5 5 4 4 4 4 4 1 1
9 7 6 5 5 4 4 4 4 3 3
9 7 6 5 5 4 4 4 4 3 2 1
9 7 6 5 5 4 4 4 4 3 1 1 1
9 7 6 5 5 4 4 4 4 2 2 2
9 7 6 5 5 4 4 4 4 2 2 1 1
9 7 6 5 5 4 4 4 4 2 1 1 1 1
9 7 6 5 5 4 4 4 4 1 1 1 1 1 1
9 7 6 5 5 4 4 4 3 3 3 1
9 7 6 5 5 4 4 4 3 3 2 2
9 7 6 5 5 4 4 4 3 3 2 1 1
9 7 6 5 5 4 4 4 3 3 1 1 1 1
9 7 6 5 5 4 4 4 3 2 2 2 1
9 7 6 5 5 4 4 4 3 2 2 1 1 1
9 7 6 5 5 4 4 4 3 2 1 1 1 1 1
9 7 6 5 5 4 4 4 3 1 1 1 1 1 1 1
9 7 6 5 5 4 4 4 2 2 2 2 2
9 7 6 5 5 4 4 4 2 2 2 2 1 1
9 7 6 5 5 4 4 4 2 2 2 1 1 1 1
9 7 6 5 5 4 4 4 2 2 1 1 1 1 1 1
9 7 6 5 5 4 4 4 2 1 1 1 1 1 1 1 1
9 7 6 5 5 4 4 3 3 3 3 2
9 7 6 5 5 4 4 3 3 3 3 1 1
9 7 6 5 5 4 4 3 3 3 2 2 1
9 7 6 5 5 4 4 3 3 3 2 1 1 1
9 7 6 5 5 4 4 3 3 3 1 1 1 1 1
9 7 6 5 5 4 4 3 3 2 2 2 2
9 7 6 5 5 4 4 3 3 2 2 2 1 1
9 7 6 5 5 4 4 3 3 2 2 1 1 1 1
9 7 6 5 5 4 4 3 3 2 1 1 1 1 1 1
9 7 6 5 5 4 4 3 3 1 1 1 1 1 1 1 1
9 7 6 5 5 4 4 3 2 2 2 2 2 1
9 7 6 5 5 4 4 3 2 2 2 2 1 1 1
9 7 6 5 5 4 4 3 2 2 2 1 1 1 1 1
9 7 6 5 5 4 4 3 2 2 1 1 1 1 1 1 1
9 7 6 5 5 4 4 2 2 2 2 2 2 2
9 7 6 5 5 4 4 2 2 2 2 2 2 1 1
9 7 6 5 5 4 4 2 2 2 2 2 1 1 1 1
9 7 6 5 5 4 4 2 2 2 2 1 1 1 1 1 1
9 7 6 5 5 4 3 3 3 3 3 3
9 7 6 5 5 4 3 3 3 3 3 2 1
9 7 6 5 5 4 3 3 3 3 3 1 1 1
9 7 6 5 5 4 3 3 3 3 2 2 2
9 7 6 5 5 4 3 3 3 3 2 2 1 1
9 7 6 5 5 4 3 3 3 3 2 1 1 1 1
9 7 6 5 5 4 3 3 3 3 1 1 1 1 1 1
9 7 6 5 5 4 3 3 3 2 2 2 2 1
9 7 6 5 5 4 3 3 3 2 2 2 1 1 1
9 7 6 5 5 4 3 3 3 2 2 1 1 1 1 1
9 7 6 5 5 4 3 3 3 2 1 1 1 1 1 1 1
9 7 6 5 5 4 3 3 2 2 2 2 2 2
9 7 6 5 5 4 3 3 2 2 2 2 2 1 1
9 7 6 5 5 4 3 3 2 2 2 2 1 1 1 1
9 7 6 5 5 4 3 3 2 2 2 1 1 1 1 1 1
9 7 6 5 5 4 3 2 2 2 2 2 2 2 1
9 7 6 5 5 4 3 2 2 2 2 2 2 1 1 1
9 7 6 5 5 4 3 2 2 2 2 2 1 1 1 1 1
9 7 6 5 5 3 3 3 3 3 3 3 1
9 7 6 5 5 3 3 3 3 3 3 2 2
9 7 6 5 5 3 3 3 3 3 3 2 1 1
9 7 6 5 5 3 3 3 3 3 3 1 1 1 1
9 7 6 5 5 3 3 3 3 3 2 2 2 1
9 7 6 5 5 3 3 3 3 3 2 2 1 1 1
9 7 6 5 5 3 3 3 3 3 2 1 1 1 1 1
9 7 6 5 5 3 3 3 3 3 1 1 1 1 1 1 1
9 7 6 5 5 3 3 3 3 2 2 2 2 2
9 7 6 5 5 3 3 3 3 2 2 2 2 1 1
9 7 6 5 5 3 3 3 3 2 2 2 1 1 1 1
9 7 6 5 5 3 3 3 3 2 2 1 1 1 1 1 1
9 7 6 5 5 3 3 3 2 2 2 2 2 2 1
9 7 6 5 5 3 3 3 2 2 2 2 2 1 1 1
9 7 6 5 5 3 3 3 2 2 2 2 1 1 1 1 1
9 7 6 5 5 3 3 2 2 2 2 2 2 2 2
9 7 6 5 5 3 3 2 2 2 2 2 2 2 1 1
9 7 6 5 5 3 3 2 2 2 2 2 2 1 1 1 1
9 7 6 5 4 4 4 4 4 4 3
9 7 6 5 4 4 4 4 4 4 2 1
9 7 6 5 4 4 4 4 4 4 1 1 1
9 7 6 5 4 4 4 4 4 3 3 1
9 7 6 5 4 4 4 4 4 3 2 2
9 7 6 5 4 4 4 4 4 3 2 1 1
9 7 6 5 4 4 4 4 4 3 1 1 1 1
9 7 6 5 4 4 4 4 4 2 2 2 1
9 7 6 5 4 4 4 4 4 2 2 1 1 1
9 7 6 5 4 4 4 4 4 2 1 1 1 1 1
9 7 6 5 4 4 4 4 4 1 1 1 1 1 1 1
9 7 6 5 4 4 4 4 3 3 3 2
9 7 6 5 4 4 4 4 3 3 3 1 1
9 7 6 5 4 4 4 4 3 3 2 2 1
9 7 6 5 4 4 4 4 3 3 2 1 1 1
9 7 6 5 4 4 4 4 3 3 1 1 1 1 1
9 7 6 5 4 4 4 4 3 2 2 2 2
9 7 6 5 4 4 4 4 3 2 2 2 1 1
9 7 6 5 4 4 4 4 3 2 2 1 1 1 1
9 7 6 5 4 4 4 4 3 2 1 1 1 1 1 1
9 7 6 5 4 4 4 4 3 1 1 1 1 1 1 1 1
9 7 6 5 4 4 4 4 2 2 2 2 2 1
9 7 6 5 4 4 4 4 2 2 2 2 1 1 1
9 7 6 5 4 4 4 4 2 2 2 1 1 1 1 1
9 7 6 5 4 4 4 4 2 2 1 1 1 1 1 1 1
9 7 6 5 4 4 4 3 3 3 3 3
9 7 6 5 4 4 4 3 3 3 3 2 1
9 7 6 5 4 4 4 3 3 3 3 1 1 1
9 7 6 5 4 4 4 3 3 3 2 2 2
9 7 6 5 4 4 4 3 3 3 2 2 1 1
9 7 6 5 4 4 4 3 3 3 2 1 1 1 1
9 7 6 5 4 4 4 3 3 3 1 1 1 1 1 1
9 7 6 5 4 4 4 3 3 2 2 2 2 1
9 7 6 5 4 4 4 3 3 2 2 2 1 1 1
9 7 6 5 4 4 4 3 3 2 2 1 1 1 1 1
9 7 6 5 4 4 4 3 3 2 1 1 1 1 1 1 1
9 7 6 5 4 4 4 3 2 2 2 2 2 2
9 7 6 5 4 4 4 3 2 2 2 2 2 1 1
9 7 6 5 4 4 4 3 2 2 2 2 1 1 1 1
9 7 6 5 4 4 4 3 2 2 2 1 1 1 1 1 1
9 7 6 5 4 4 4 2 2 2 2 2 2 2 1
9 7 6 5 4 4 4 2 2 2 2 2 2 1 1 1
9 7 6 5 4 4 4 2 2 2 2 2 1 1 1 1 1
9 7 6 5 4 4 3 3 3 3 3 3 1
9 7 6 5 4 4 3 3 3 3 3 2 2
9 7 6 5 4 4 3 3 3 3 3 2 1 1
9 7 6 5 4 4 3 3 3 3 3 1 1 1 1
9 7 6 5 4 4 3 3 3 3 2 2 2 1
9 7 6 5 4 4 3 3 3 3 2 2 1 1 1
9 7 6 5 4 4 3 3 3 3 2 1 1 1 1 1
9 7 6 5 4 4 3 3 3 3 1 1 1 1 1 1 1
9 7 6 5 4 4 3 3 3 2 2 2 2 2
9 7 6 5 4 4 3 3 3 2 2 2 2 1 1
9 7 6 5 4 4 3 3 3 2 2 2 1 1 1 1
9 7 6 5 4 4 3 3 3 2 2 1 1 1 1 1 1
9 7 6 5 4 4 3 3 2 2 2 2 2 2 1
9 7 6 5 4 4 3 3 2 2 2 2 2 1 1 1
9 7 6 5 4 4 3 3 2 2 2 2 1 1 1 1 1
9 7 6 5 4 4 3 2 2 2 2 2 2 2 2
9 7 6 5 4 4 3 2 2 2 2 2 2 2 1 1
9 7 6 5 4 4 3 2 2 2 2 2 2 1 1 1 1
9 7 6 5 4 3 3 3 3 3 3 3 2
9 7 6 5 4 3 3 3 3 3 3 3 1 1
9 7 6 5 4 3 3 3 3 3 3 2 2 1
9 7 6 5 4 3 3 3 3 3 3 2 1 1 1
9 7 6 5 4 3 3 3 3 3 3 1 1 1 1 1
9 7 6 5 4 3 3 3 3 3 2 2 2 2
9 7 6 5 4 3 3 3 3 3 2 2 2 1 1
9 7 6 5 4 3 3 3 3 3 2 2 1 1 1 1
9 7 6 5 4 3 3 3 3 3 2 1 1 1 1 1 1
9 7 6 5 4 3 3 3 3 2 2 2 2 2 1
9 7 6 5 4 3 3 3 3 2 2 2 2 1 1 1
9 7 6 5 4 3 3 3 3 2 2 2 1 1 1 1 1
9 7 6 5 4 3 3 3 2 2 2 2 2 2 2
9 7 6 5 4 3 3 3 2 2 2 2 2 2 1 1
9 7 6 5 4 3 3 3 2 2 2 2 2 1 1 1 1
9 7 6 5 4 3 3 2 2 2 2 2 2 2 2 1
9 7 6 5 4 3 3 2 2 2 2 2 2 2 1 1 1
9 7 6 4 4 4 4 4 4 4 4
9 7 6 4 4 4 4 4 4 4 3 1
9 7 6 4 4 4 4 4 4 4 2 2
9 7 6 4 4 4 4 4 4 4 2 1 1
9 7 6 4 4 4 4 4 4 4 1 1 1 1
9 7 6 4 4 4 4 4 4 3 3 2
9 7 6 4 4 4 4 4 4 3 3 1 1
9 7 6 4 4 4 4 4 4 3 2 2 1
9 7 6 4 4 4 4 4 4 3 2 1 1 1
9 7 6 4 4 4 4 4 4 3 1 1 1 1 1
9 7 6 4 4 4 4 4 4 2 2 2 2
9 7 6 4 4 4 4 4 4 2 2 2 1 1
9 7 6 4 4 4 4 4 4 2 2 1 1 1 1
9 7 6 4 4 4 4 4 4 2 1 1 1 1 1 1
9 7 6 4 4 4 4 4 4 1 1 1 1 1 1 1 1
9 7 6 4 4 4 4 4 3 3 3 3
9 7 6 4 4 4 4 4 3 3 3 2 1
9 7 6 4 4 4 4 4 3 3 3 1 1 1
9 7 6 4 4 4 4 4 3 3 2 2 2
9 7 6 4 4 4 4 4 3 3 2 2 1 1
9 7 6 4 4 4 4 4 3 3 2 1 1 1 1
9 7 6 4 4 4 4 4 3 3 1 1 1 1 1 1
9 7 6 4 4 4 4 4 3 2 2 2 2 1
9 7 6 4 4 4 4 4 3 2 2 2 1 1 1
9 7 6 4 4 4 4 4 3 2 2 1 1 1 1 1
9 7 6 4 4 4 4 4 3 2 1 1 1 1 1 1 1
9 7 6 4 4 4 4 4 2 2 2 2 2 2
9 7 6 4 4 4 4 4 2 2 2 2 2 1 1
9 7 6 4 4 4 4 4 2 2 2 2 1 1 1 1
9 7 6 4 4 4 4 4 2 2 2 1 1 1 1 1 1
9 7 6 4 4 4 4 3 3 3 3 3 1
9 7 6 4 4 4 4 3 3 3 3 2 2
9 7 6 4 4 4 4 3 3 3 3 2 1 1
9 7 6 4 4 4 4 3 3 3 3 1 1 1 1
9 7 6 4 4 4 4 3 3 3 2 2 2 1
9 7 6 4 4 4 4 3 3 3 2 2 1 1 1
9 7 6 4 4 4 4 3 3 3 2 1 1 1 1 1
9 7 6 4 4 4 4 3 3 3 1 1 1 1 1 1 1
9 7 6 4 4 4 4 3 3 2 2 2 2 2
9 7 6 4 4 4 4 3 3 2 2 2 2 1 1
9 7 6 4 4 4 4 3 3 2 2 2 1 1 1 1
9 7 6 4 4 4 4 3 3 2 2 1 1 1 1 1 1
9 7 6 4 4 4 4 3 2 2 2 2 2 2 1
9 7 6 4 4 4 4 3 2 2 2 2 2 1 1 1
9 7 6 4 4 4 4 3 2 2 2 2 1 1 1 1 1
9 7 6 4 4 4 4 2 2 2 2 2 2 2 2
9 7 6 4 4 4 4 2 2 2 2 2 2 2 1 1
9 7 6 4 4 4 4 2 2 2 2 2 2 1 1 1 1
9 7 6 4 4 4 3 3 3 3 3 3 2
9 7 6 4 4 4 3 3 3 3 3 3 1 1
9 7 6 4 4 4 3 3 3 3 3 2 2 1
9 7 6 4 4 4 3 3 3 3 3 2 1 1 1
9 7 6 4 4 4 3 3 3 3 3 1 1 1 1 1
9 7 6 4 4 4 3 3 3 3 2 2 2 2
9 7 6 4 4 4 3 3 3 3 2 2 2 1 1
9 7 6 4 4 4 3 3 3 3 2 2 1 1 1 1
9 7 6 4 4 4 3 3 3 3 2 1 1 1 1 1 1
9 7 6 4 4 4 3 3 3 2 2 2 2 2 1
9 7 6 4 4 4 3 3 3 2 2 2 2 1 1 1
9 7 6 4 4 4 3 3 3 2 2 2 1 1 1 1 1
9 7 6 4 4 4 3 3 2 2 2 2 2 2 2
9 7 6 4 4 4 3 3 2 2 2 2 2 2 1 1
9 7 6 4 4 4 3 3 2 2 2 2 2 1 1 1 1
9 7 6 4 4 4 3 2 2 2 2 2 2 2 2 1
9 7 6 4 4 4 3 2 2 2 2 2 2 2 1 1 1
9 7 6 4 4 3 3 3 3 3 3 3 3
9 7 6 4 4 3 3 3 3 3 3 3 2 1
9 7 6 4 4 3 3 3 3 3 3 3 1 1 1
9 7 6 4 4 3 3 3 3 3 3 2 2 2
9 7 6 4 4 3 3 3 3 3 3 2 2 1 1
9 7 6 4 4 3 3 3 3 3 3 2 1 1 1 1
9 7 6 4 4 3 3 3 3 3 3 1 1 1 1 1 1
9 7 6 4 4 3 3 3 3 3 2 2 2 2 1
9 7 6 4 4 3 3 3 3 3 2 2 2 1 1 1
9 7 6 4 4 3 3 3 3 3 2 2 1 1 1 1 1
9 7 6 4 4 3 3 3 3 2 2 2 2 2 2
9 7 6 4 4 3 3 3 3 2 2 2 2 2 1 1
9 7 6 4 4 3 3 3 3 2 2 2 2 1 1 1 1
9 7 6 4 4 3 3 3 2 2 2 2 2 2 2 1
9 7 6 4 4 3 3 3 2 2 2 2 2 2 1 1 1
9 7 5 5 5 5 5 5 5 2 1
9 7 5 5 5 5 5 5 5 1 1 1
9 7 5 5 5 5 5 5 4 3 1
9 7 5 5 5 5 5 5 4 2 2
9 7 5 5 5 5 5 5 4 2 1 1
9 7 5 5 5 5 5 5 4 1 1 1 1
9 7 5 5 5 5 5 5 3 3 2
9 7 5 5 5 5 5 5 3 3 1 1
9 7 5 5 5 5 5 5 3 2 2 1
9 7 5 5 5 5 5 5 3 2 1 1 1
9 7 5 5 5 5 5 5 3 1 1 1 1 1
9 7 5 5 5 5 5 5 2 2 2 2
9 7 5 5 5 5 5 5 2 2 2 1 1
9 7 5 5 5 5 5 5 2 2 1 1 1 1
9 7 5 5 5 5 5 5 2 1 1 1 1 1 1
9 7 5 5 5 5 5 4 4 4 1
9 7 5 5 5 5 5 4 4 3 2
9 7 5 5 5 5 5 4 4 3 1 1
9 7 5 5 5 5 5 4 4 2 2 1
9 7 5 5 5 5 5 4 4 2 1 1 1
9 7 5 5 5 5 5 4 4 1 1 1 1 1
9 7 5 5 5 5 5 4 3 3 3
9 7 5 5 5 5 5 4 3 3 2 1
9 7 5 5 5 5 5 4 3 3 1 1 1
9 7 5 5 5 5 5 4 3 2 2 2
9 7 5 5 5 5 5 4 3 2 2 1 1
9 7 5 5 5 5 5 4 3 2 1 1 1 1
9 7 5 5 5 5 5 4 3 1 1 1 1 1 1
9 7 5 5 5 5 5 4 2 2 2 2 1
9 7 5 5 5 5 5 4 2 2 2 1 1 1
9 7 5 5 5 5 5 4 2 2 1 1 1 1 1
9 7 5 5 5 5 5 4 2 1 1 1 1 1 1 1
9 7 5 5 5 5 5 3 3 3 3 1
9 7 5 5 5 5 5 3 3 3 2 2
9 7 5 5 5 5 5 3 3 3 2 1 1
9 7 5 5 5 5 5 3 3 3 1 1 1 1
9 7 5 5 5 5 5 3 3 2 2 2 1
9 7 5 5 5 5 5 3 3 2 2 1 1 1
9 7 5 5 5 5 5 3 3 2 1 1 1 1 1
9 7 5 5 5 5 5 3 3 1 1 1 1 1 1 1
9 7 5 5 5 5 5 3 2 2 2 2 2
9 7 5 5 5 5 5 3 2 2 2 2 1 1
9 7 5 5 5 5 5 3 2 2 2 1 1 1 1
9 7 5 5 5 5 5 3 2 2 1 1 1 1 1 1
9 7 5 5 5 5 5 3 2 1 1 1 1 1 1 1 1
9 7 5 5 5 5 5 2 2 2 2 2 2 1
9 7 5 5 5 5 5 2 2 2 2 2 1 1 1
9 7 5 5 5 5 5 2 2 2 2 1 1 1 1 1
9 7 5 5 5 5 5 2 2 2 1 1 1 1 1 1 1
9 7 5 5 5 5 4 4 4 4 2
9 7 5 5 5 5 4 4 4 4 1 1
9 7 5 5 5 5 4 4 4 3 3
9 7 5 5 5 5 4 4 4 3 2 1
9 7 5 5 5 5 4 4 4 3 1 1 1
9 7 5 5 5 5 4 4 4 2 2 2
9 7 5 5 5 5 4 4 4 2 2 1 1
9 7 5 5 5 5 4 4 4 2 1 1 1 1
9 7 5 5 5 5 4 4 4 1 1 1 1 1 1
9 7 5 5 5 5 4 4 3 3 3 1
9 7 5 5 5 5 4 4 3 3 2 2
9 7 5 5 5 5 4 4 3 3 2 1 1
9 7 5 5 5 5 4 4 3 3 1 1 1 1
9 7 5 5 5 5 4 4 3 2 2 2 1
9 7 5 5 5 5 4 4 3 2 2 1 1 1
9 7 5 5 5 5 4 4 3 2 1 1 1 1 1
9 7 5 5 5 5 4 4 3 1 1 1 1 1 1 1
9 7 5 5 5 5 4 4 2 2 2 2 2
9 7 5 5 5 5 4 4 2 2 2 2 1 1
9 7 5 5 5 5 4 4 2 2 2 1 1 1 1
9 7 5 5 5 5 4 4 2 2 1 1 1 1 1 1
9 7 5 5 5 5 4 4 2 1 1 1 1 1 1 1 1
9 7 5 5 5 5 4 3 3 3 3 2
9 7 5 5 5 5 4 3 3 3 3 1 1
9 7 5 5 5 5 4 3 3 3 2 2 1
9 7 5 5 5 5 4 3 3 3 2 1 1 1
9 7 5 5 5 5 4 3 3 3 1 1 1 1 1
9 7 5 5 5 5 4 3 3 2 2 2 2
9 7 5 5 5 5 4 3 3 2 2 2 1 1
9 7 5 5 5 5 4 3 3 2 2 1 1 1 1
9 7 5 5 5 5 4 3 3 2 1 1 1 1 1 1
9 7 5 5 5 5 4 3 3 1 1 1 1 1 1 1 1
9 7 5 5 5 5 4 3 2 2 2 2 2 1
9 7 5 5 5 5 4 3 2 2 2 2 1 1 1
9 7 5 5 5 5 4 3 2 2 2 1 1 1 1 1
9 7 5 5 5 5 4 3 2 2 1 1 1 1 1 1 1
9 7 5 5 5 5 4 2 2 2 2 2 2 2
9 7 5 5 5 5 4 2 2 2 2 2 2 1 1
9 7 5 5 5 5 4 2 2 2 2 2 1 1 1 1
9 7 5 5 5 5 4 2 2 2 2 1 1 1 1 1 1
9 7 5 5 5 5 3 3 3 3 3 3
9 7 5 5 5 5 3 3 3 3 3 2 1
9 7 5 5 5 5 3 3 3 3 3 1 1 1
9 7 5 5 5 5 3 3 3 3 2 2 2
9 7 5 5 5 5 3 3 3 3 2 2 1 1
9 7 5 5 5 5 3 3 3 3 2 1 1 1 1
9 7 5 5 5 5 3 3 3 3 1 1 1 1 1 1
9 7 5 5 5 5 3 3 3 2 2 2 2 1
9 7 5 5 5 5 3 3 3 2 2 2 1 1 1
9 7 5 5 5 5 3 3 3 2 2 1 1 1 1 1
9 7 5 5 5 5 3 3 3 2 1 1 1 1 1 1 1
9 7 5 5 5 5 3 3 2 2 2 2 2 2
9 7 5 5 5 5 3 3 2 2 2 2 2 1 1
9 7 5 5 5 5 3 3 2 2 2 2 1 1 1 1
9 7 5 5 5 5 3 3 2 2 2 1 1 1 1 1 1
9 7 5 5 5 5 3 2 2 2 2 2 2 2 1
9 7 5 5 5 5 3 2 2 2 2 2 2 1 1 1
9 7 5 5 5 5 3 2 2 2 2 2 1 1 1 1 1
9 7 5 5 5 4 4 4 4 4 3
9 7 5 5 5 4 4 4 4 4 2 1
9 7 5 5 5 4 4 4 4 4 1 1 1
9 7 5 5 5 4 4 4 4 3 3 1
9 7 5 5 5 4 4 4 4 3 2 2
9 7 5 5 5 4 4 4 4 3 2 1 1
9 7 5 5 5 4 4 4 4 3 1 1 1 1
9 7 5 5 5 4 4 4 4 2 2 2 1
9 7 5 5 5 4 4 4 4 2 2 1 1 1
9 7 5 5 5 4 4 4 4 2 1 1 1 1 1
9 7 5 5 5 4 4 4 4 1 1 1 1 1 1 1
9 7 5 5 5 4 4 4 3 3 3 2
9 7 5 5 5 4 4 4 3 3 3 1 1
9 7 5 5 5 4 4 4 3 3 2 2 1
9 7 5 5 5 4 4 4 3 3 2 1 1 1
9 7 5 5 5 4 4 4 3 3 1 1 1 1 1
9 7 5 5 5 4 4 4 3 2 2 2 2
9 7 5 5 5 4 4 4 3 2 2 2 1 1
9 7 5 5 5 4 4 4 3 2 2 1 1 1 1
9 7 5 5 5 4 4 4 3 2 1 1 1 1 1 1
9 7 5 5 5 4 4 4 3 1 1 1 1 1 1 1 1
9 7 5 5 5 4 4 4 2 2 2 2 2 1
9 7 5 5 5 4 4 4 2 2 2 2 1 1 1
9 7 5 5 5 4 4 4 2 2 2 1 1 1 1 1
9 7 5 5 5 4 4 4 2 2 1 1 1 1 1 1 1
9 7 5 5 5 4 4 3 3 3 3 3
9 7 5 5 5 4 4 3 3 3 3 2 1
9 7 5 5 5 4 4 3 3 3 3 1 1 1
9 7 5 5 5 4 4 3 3 3 2 2 2
9 7 5 5 5 4 4 3 3 3 2 2 1 1
9 7 5 5 5 4 4 3 3 3 2 1 1 1 1
9 7 5 5 5 4 4 3 3 3 1 1 1 1 1 1
9 7 5 5 5 4 4 3 3 2 2 2 2 1
9 7 5 5 5 4 4 3 3 2 2 2 1 1 1
9 7 5 5 5 4 4 3 3 2 2 1 1 1 1 1
9 7 5 5 5 4 4 3 3 2 1 1 1 1 1 1 1
9 7 5 5 5 4 4 3 2 2 2 2 2 2
9 7 5 5 5 4 4 3 2 2 2 2 2 1 1
9 7 5 5 5 4 4 3 2 2 2 2 1 1 1 1
9 7 5 5 5 4 4 3 2 2 2 1 1 1 1 1 1
9 7 5 5 5 4 4 2 2 2 2 2 2 2 1
9 7 5 5 5 4 4 2 2 2 2 2 2 1 1 1
9 7 5 5 5 4 4 2 2 2 2 2 1 1 1 1 1
9 7 5 5 5 4 3 3 3 3 3 3 1
9 7 5 5 5 4 3 3 3 3 3 2 2
9 7 5 5 5 4 3 3 3 3 3 2 1 1
9 7 5 5 5 4 3 3 3 3 3 1 1 1 1
9 7 5 5 5 4 3 3 3 3 2 2 2 1
9 7 5 5 5 4 3 3 3 3 2 2 1 1 1
9 7 5 5 5 4 3 3 3 3 2 1 1 1 1 1
9 7 5 5 5 4 3 3 3 3 1 1 1 1 1 1 1
9 7 5 5 5 4 3 3 3 2 2 2 2 2
9 7 5 5 5 4 3 3 3 2 2 2 2 1 1
9 7 5 5 5 4 3 3 3 2 2 2 1 1 1 1
9 7 5 5 5 4 3 3 3 2 2 1 1 1 1 1 1
9 7 5 5 5 4 3 3 2 2 2 2 2 2 1
9 7 5 5 5 4 3 3 2 2 2 2 2 1 1 1
9 7 5 5 5 4 3 3 2 2 2 2 1 1 1 1 1
9 7 5 5 5 4 3 2 2 2 2 2 2 2 2
9 7 5 5 5 4 3 2 2 2 2 2 2 2 1 1
9 7 5 5 5 4 3 2 2 2 2 2 2 1 1 1 1
9 7 5 5 5 3 3 3 3 3 3 3 2
9 7 5 5 5 3 3 3 3 3 3 3 1 1
9 7 5 5 5 3 3 3 3 3 3 2 2 1
9 7 5 5 5 3 3 3 3 3 3 2 1 1 1
9 7 5 5 5 3 3 3 3 3 3 1 1 1 1 1
9 7 5 5 5 3 3 3 3 3 2 2 2 2
9 7 5 5 5 3 3 3 3 3 2 2 2 1 1
9 7 5 5 5 3 3 3 3 3 2 2 1 1 1 1
9 7 5 5 5 3 3 3 3 3 2 1 1 1 1 1 1
9 7 5 5 5 3 3 3 3 2 2 2 2 2 1
9 7 5 5 5 3 3 3 3 2 2 2 2 1 1 1
9 7 5 5 5 3 3 3 3 2 2 2 1 1 1 1 1
9 7 5 5 5 3 3 3 2 2 2 2 2 2 2
9 7 5 5 5 3 3 3 2 2 2 2 2 2 1 1
9 7 5 5 5 3 3 3 2 2 2 2 2 1 1 1 1
9 7 5 5 5 3 3 2 2 2 2 2 2 2 2 1
9 7 5 5 5 3 3 2 2 2 2 2 2 2 1 1 1
9 7 5 5 4 4 4 4 4 4 4
9 7 5 5 4 4 4 4 4 4 3 1
9 7 5 5 4 4 4 4 4 4 2 2
9 7 5 5 4 4 4 4 4 4 2 1 1
9 7 5 5 4 4 4 4 4 4 1 1 1 1
9 7 5 5 4 4 4 4 4 3 3 2
9 7 5 5 4 4 4 4 4 3 3 1 1
9 7 5 5 4 4 4 4 4 3 2 2 1
9 7 5 5 4 4 4 4 4 3 2 1 1 1
9 7 5 5 4 4 4 4 4 3 1 1 1 1 1
9 7 5 5 4 4 4 4 4 2 2 2 2
9 7 5 5 4 4 4 4 4 2 2 2 1 1
9 7 5 5 4 4 4 4 4 2 2 1 1 1 1
9 7 5 5 4 4 4 4 4 2 1 1 1 1 1 1
9 7 5 5 4 4 4 4 4 1 1 1 1 1 1 1 1
9 7 5 5 4 4 4 4 3 3 3 3
9 7 5 5 4 4 4 4 3 3 3 2 1
9 7 5 5 4 4 4 4 3 3 3 1 1 1
9 7 5 5 4 4 4 4 3 3 2 2 2
9 7 5 5 4 4 4 4 3 3 2 2 1 1
9 7 5 5 4 4 4 4 3 3 2 1 1 1 1
9 7 5 5 4 4 4 4 3 3 1 1 1 1 1 1
9 7 5 5 4 4 4 4 3 2 2 2 2 1
9 7 5 5 4 4 4 4 3 2 2 2 1 1 1
9 7 5 5 4 4 4 4 3 2 2 1 1 1 1 1
9 7 5 5 4 4 4 4 3 2 1 1 1 1 1 1 1
9 7 5 5 4 4 4 4 2 2 2 2 2 2
9 7 5 5 4 4 4 4 2 2 2 2 2 1 1
9 7 5 5 4 4 4 4 2 2 2 2 1 1 1 1
9 7 5 5 4 4 4 4 2 2 2 1 1 1 1 1 1
9 7 5 5 4 4 4 3 3 3 3 3 1
9 7 5 5 4 4 4 3 3 3 3 2 2
9 7 5 5 4 4 4 3 3 3 3 2 1 1
9 7 5 5 4 4 4 3 3 3 3 1 1 1 1
9 7 5 5 4 4 4 3 3 3 2 2 2 1
9 7 5 5 4 4 4 3 3 3 2 2 1 1 1
9 7 5 5 4 4 4 3 3 3 2 1 1 1 1 1
9 7 5 5 4 4 4 3 3 3 1 1 1 1 1 1 1
9 7 5 5 4 4 4 3 3 2 2 2 2 2
9 7 5 5 4 4 4 3 3 2 2 2 2 1 1
9 7 5 5 4 4 4 3 3 2 2 2 1 1 1 1
9 7 5 5 4 4 4 3 3 2 2 1 1 1 1 1 1
9 7 5 5 4 4 4 3 2 2 2 2 2 2 1
9 7 5 5 4 4 4 3 2 2 2 2 2 1 1 1
9 7 5 5 4 4 4 3 2 2 2 2 1 1 1 1 1
9 7 5 5 4 4 4 2 2 2 2 2 2 2 2
9 7 5 5 4 4 4 2 2 2 2 2 2 2 1 1
9 7 5 5 4 4 4 2 2 2 2 2 2 1 1 1 1
9 7 5 5 4 4 3 3 3 3 3 3 2
9 7 5 5 4 4 3 3 3 3 3 3 1 1
9 7 5 5 4 4 3 3 3 3 3 2 2 1
9 7 5 5 4 4 3 3 3 3 3 2 1 1 1
9 7 5 5 4 4 3 3 3 3 3 1 1 1 1 1
9 7 5 5 4 4 3 3 3 3 2 2 2 2
9 7 5 5 4 4 3 3 3 3 2 2 2 1 1
9 7 5 5 4 4 3 3 3 3 2 2 1 1 1 1
9 7 5 5 4 4 3 3 3 3 2 1 1 1 1 1 1
9 7 5 5 4 4 3 3 3 2 2 2 2 2 1
9 7 5 5 4 4 3 3 3 2 2 2 2 1 1 1
9 7 5 5 4 4 3 3 3 2 2 2 1 1 1 1 1
9 7 5 5 4 4 3 3 2 2 2 2 2 2 2
9 7 5 5 4 4 3 3 2 2 2 2 2 2 1 1
9 7 5 5 4 4 3 3 2 2 2 2 2 1 1 1 1
9 7 5 5 4 4 3 2 2 2 2 2 2 2 2 1
9 7 5 5 4 4 3 2 2 2 2 2 2 2 1 1 1
9 7 5 5 4 3 3 3 3 3 3 3 3
9 7 5 5 4 3 3 3 3 3 3 3 2 1
9 7 5 5 4 3 3 3 3 3 3 3 1 1 1
9 7 5 5 4 3 3 3 3 3 3 2 2 2
9 7 5 5 4 3 3 3 3 3 3 2 2 1 1
9 7 5 5 4 3 3 3 3 3 3 2 1 1 1 1
9 7 5 5 4 3 3 3 3 3 3 1 1 1 1 1 1
9 7 5 5 4 3 3 3 3 3 2 2 2 2 1
9 7 5 5 4 3 3 3 3 3 2 2 2 1 1 1
9 7 5 5 4 3 3 3 3 3 2 2 1 1 1 1 1
9 7 5 5 4 3 3 3 3 2 2 2 2 2 2
9 7 5 5 4 3 3 3 3 2 2 2 2 2 1 1
9 7 5 5 4 3 3 3 3 2 2 2 2 1 1 1 1
9 7 5 5 4 3 3 3 2 2 2 2 2 2 2 1
9 7 5 5 4 3 3 3 2 2 2 2 2 2 1 1 1
9 7 5 4 4 4 4 4 4 4 4 1
9 7 5 4 4 4 4 4 4 4 3 2
9 7 5 4 4 4 4 4 4 4 3 1 1
9 7 5 4 4 4 4 4 4 4 2 2 1
9 7 5 4 4 4 4 4 4 4 2 1 1 1
9 7 5 4 4 4 4 4 4 4 1 1 1 1 1
9 7 5 4 4 4 4 4 4 3 3 3
9 7 5 4 4 4 4 4 4 3 3 2 1
9 7 5 4 4 4 4 4 4 3 3 1 1 1
9 7 5 4 4 4 4 4 4 3 2 2 2
9 7 5 4 4 4 4 4 4 3 2 2 1 1
9 7 5 4 4 4 4 4 4 3 2 1 1 1 1
9 7 5 4 4 4 4 4 4 3 1 1 1 1 1 1
9 7 5 4 4 4 4 4 4 2 2 2 2 1
9 7 5 4 4 4 4 4 4 2 2 2 1 1 1
9 7 5 4 4 4 4 4 4 2 2 1 1 1 1 1
9 7 5 4 4 4 4 4 4 2 1 1 1 1 1 1 1
9 7 5 4 4 4 4 4 3 3 3 3 1
9 7 5 4 4 4 4 4 3 3 3 2 2
9 7 5 4 4 4 4 4 3 3 3 2 1 1
9 7 5 4 4 4 4 4 3 3 3 1 1 1 1
9 7 5 4 4 4 4 4 3 3 2 2 2 1
9 7 5 4 4 4 4 4 3 3 2 2 1 1 1
9 7 5 4 4 4 4 4 3 3 2 1 1 1 1 1
9 7 5 4 4 4 4 4 3 3 1 1 1 1 1 1 1
9 7 5 4 4 4 4 4 3 2 2 2 2 2
9 7 5 4 4 4 4 4 3 2 2 2 2 1 1
9 7 5 4 4 4 4 4 3 2 2 2 1 1 1 1
9 7 5 4 4 4 4 4 3 2 2 1 1 1 1 1 1
9 7 5 4 4 4 4 4 2 2 2 2 2 2 1
9 7 5 4 4 4 4 4 2 2 2 2 2 1 1 1
9 7 5 4 4 4 4 4 2 2 2 2 1 1 1 1 1
9 7 5 4 4 4 4 3 3 3 3 3 2
9 7 5 4 4 4 4 3 3 3 3 3 1 1
9 7 5 4 4 4 4 3 3 3 3 2 2 1
9 7 5 4 4 4 4 3 3 3 3 2 1 1 1
9 7 5 4 4 4 4 3 3 3 3 1 1 1 1 1
9 7 5 4 4 4 4 3 3 3 2 2 2 2
9 7 5 4 4 4 4 3 3 3 2 2 2 1 1
9 7 5 4 4 4 4 3 3 3 2 2 1 1 1 1
9 7 5 4 4 4 4 3 3 3 2 1 1 1 1 1 1
9 7 5 4 4 4 4 3 3 2 2 2 2 2 1
9 7 5 4 4 4 4 3 3 2 2 2 2 1 1 1
9 7 5 4 4 4 4 3 3 2 2 2 1 1 1 1 1
9 7 5 4 4 4 4 3 2 2 2 2 2 2 2
9 7 5 4 4 4 4 3 2 2 2 2 2 2 1 1
9 7 5 4 4 4 4 3 2 2 2 2 2 1 1 1 1
9 7 5 4 4 4 4 2 2 2 2 2 2 2 2 1
9 7 5 4 4 4 4 2 2 2 2 2 2 2 1 1 1
9 7 5 4 4 4 3 3 3 3 3 3 3
9 7 5 4 4 4 3 3 3 3 3 3 2 1
9 7 5 4 4 4 3 3 3 3 3 3 1 1 1
9 7 5 4 4 4 3 3 3 3 3 2 2 2
9 7 5 4 4 4 3 3 3 3 3 2 2 1 1
9 7 5 4 4 4 3 3 3 3 3 2 1 1 1 1
9 7 5 4 4 4 3 3 3 3 3 1 1 1 1 1 1
9 7 5 4 4 4 3 3 3 3 2 2 2 2 1
9 7 5 4 4 4 3 3 3 3 2 2 2 1 1 1
9 7 5 4 4 4 3 3 3 3 2 2 1 1 1 1 1
9 7 5 4 4 4 3 3 3 2 2 2 2 2 2
9 7 5 4 4 4 3 3 3 2 2 2 2 2 1 1
9 7 5 4 4 4 3 3 3 2 2 2 2 1 1 1 1
9 7 5 4 4 4 3 3 2 2 2 2 2 2 2 1
9 7 5 4 4 4 3 3 2 2 2 2 2 2 1 1 1
9 7 5 4 4 3 3 3 3 3 3 3 3 1
9 7 5 4 4 3 3 3 3 3 3 3 2 2
9 7 5 4 4 3 3 3 3 3 3 3 2 1 1
9 7 5 4 4 3 3 3 3 3 3 3 1 1 1 1
9 7 5 4 4 3 3 3 3 3 3 2 2 2 1
9 7 5 4 4 3 3 3 3 3 3 2 2 1 1 1
9 7 5 4 4 3 3 3 3 3 3 2 1 1 1 1 1
9 7 5 4 4 3 3 3 3 3 2 2 2 2 2
9 7 5 4 4 3 3 3 3 3 2 2 2 2 1 1
9 7 5 4 4 3 3 3 3 3 2 2 2 1 1 1 1
9 7 5 4 4 3 3 3 3 2 2 2 2 2 2 1
9 7 5 4 4 3 3 3 3 2 2 2 2 2 1 1 1
9 6 6 6 6 6 6 5 2 1 1
9 6 6 6 6 6 6 4 3 1 1
9 6 6 6 6 6 6 4 2 2 1
9 6 6 6 6 6 6 4 2 1 1 1
9 6 6 6 6 6 6 3 3 2 1
9 6 6 6 6 6 6 3 3 1 1 1
9 6 6 6 6 6 6 3 2 2 2
9 6 6 6 6 6 6 3 2 2 1 1
9 6 6 6 6 6 6 3 2 1 1 1 1
9 6 6 6 6 6 6 2 2 2 2 1
9 6 6 6 6 6 6 2 2 2 1 1 1
9 6 6 6 6 6 6 2 2 1 1 1 1 1
9 6 6 6 6 6 5 5 3 1 1
9 6 6 6 6 6 5 5 2 2 1
9 6 6 6 6 6 5 5 2 1 1 1
9 6 6 6 6 6 5 4 4 1 1
9 6 6 6 6 6 5 4 3 2 1
9 6 6 6 6 6 5 4 3 1 1 1
9 6 6 6 6 6 5 4 2 2 2
9 6 6 6 6 6 5 4 2 2 1 1
9 6 6 6 6 6 5 4 2 1 1 1 1
9 6 6 6 6 6 5 3 3 3 1
9 6 6 6 6 6 5 3 3 2 2
9 6 6 6 6 6 5 3 3 2 1 1
9 6 6 6 6 6 5 3 3 1 1 1 1
9 6 6 6 6 6 5 3 2 2 2 1
9 6 6 6 6 6 5 3 2 2 1 1 1
9 6 6 6 6 6 5 3 2 1 1 1 1 1
9 6 6 6 6 6 5 2 2 2 2 2
9 6 6 6 6 6 5 2 2 2 2 1 1
9 6 6 6 6 6 5 2 2 2 1 1 1 1
9 6 6 6 6 6 5 2 2 1 1 1 1 1 1
9 6 6 6 6 6 4 4 4 2 1
9 6 6 6 6 6 4 4 4 1 1 1
9 6 6 6 6 6 4 4 3 3 1
9 6 6 6 6 6 4 4 3 2 2
9 6 6 6 6 6 4 4 3 2 1 1
9 6 6 6 6 6 4 4 3 1 1 1 1
9 6 6 6 6 6 4 4 2 2 2 1
9 6 6 6 6 6 4 4 2 2 1 1 1
9 6 6 6 6 6 4 4 2 1 1 1 1 1
9 6 6 6 6 6 4 3 3 3 2
9 6 6 6 6 6 4 3 3 3 1 1
9 6 6 6 6 6 4 3 3 2 2 1
9 6 6 6 6 6 4 3 3 2 1 1 1
9 6 6 6 6 6 4 3 3 1 1 1 1 1
9 6 6 6 6 6 4 3 2 2 2 2
9 6 6 6 6 6 4 3 2 2 2 1 1
9 6 6 6 6 6 4 3 2 2 1 1 1 1
9 6 6 6 6 6 4 3 2 1 1 1 1 1 1
9 6 6 6 6 6 4 2 2 2 2 2 1
9 6 6 6 6 6 4 2 2 2 2 1 1 1
9 6 6 6 6 6 4 2 2 2 1 1 1 1 1
9 6 6 6 6 6 4 2 2 1 1 1 1 1 1 1
9 6 6 6 6 6 3 3 3 3 3
9 6 6 6 6 6 3 3 3 3 2 1
9 6 6 6 6 6 3 3 3 3 1 1 1
9 6 6 6 6 6 3 3 3 2 2 2
9 6 6 6 6 6 3 3 3 2 2 1 1
9 6 6 6 6 6 3 3 3 2 1 1 1 1
9 6 6 6 6 6 3 3 3 1 1 1 1 1 1
9 6 6 6 6 6 3 3 2 2 2 2 1
9 6 6 6 6 6 3 3 2 2 2 1 1 1
9 6 6 6 6 6 3 3 2 2 1 1 1 1 1
9 6 6 6 6 6 3 3 2 1 1 1 1 1 1 1
9 6 6 6 6 6 3 2 2 2 2 2 2
9 6 6 6 6 6 3 2 2 2 2 2 1 1
9 6 6 6 6 6 3 2 2 2 2 1 1 1 1
9 6 6 6 6 6 3 2 2 2 1 1 1 1 1 1
9 6 6 6 6 6 3 2 2 1 1 1 1 1 1 1 1
9 6 6 6 6 5 5 5 4 1 1
9 6 6 6 6 5 5 5 3 2 1
9 6 6 6 6 5 5 5 3 1 1 1
9 6 6 6 6 5 5 5 2 2 2
9 6 6 6 6 5 5 5 2 2 1 1
9 6 6 6 6 5 5 5 2 1 1 1 1
9 6 6 6 6 5 5 4 4 2 1
9 6 6 6 6 5 5 4 4 1 1 1
9 6 6 6 6 5 5 4 3 3 1
9 6 6 6 6 5 5 4 3 2 2
9 6 6 6 6 5 5 4 3 2 1 1
9 6 6 6 6 5 5 4 3 1 1 1 1
9 6 6 6 6 5 5 4 2 2 2 1
9 6 6 6 6 5 5 4 2 2 1 1 1
9 6 6 6 6 5 5 4 2 1 1 1 1 1
9 6 6 6 6 5 5 3 3 3 2
9 6 6 6 6 5 5 3 3 3 1 1
9 6 6 6 6 5 5 3 3 2 2 1
9 6 6 6 6 5 5 3 3 2 1 1 1
9 6 6 6 6 5 5 3 3 1 1 1 1 1
9 6 6 6 6 5 5 3 2 2 2 2
9 6 6 6 6 5 5 3 2 2 2 1 1
9 6 6 6 6 5 5 3 2 2 1 1 1 1
9 6 6 6 6 5 5 3 2 1 1 1 1 1 1
9 6 6 6 6 5 5 2 2 2 2 2 1
9 6 6 6 6 5 5 2 2 2 2 1 1 1
9 6 6 6 6 5 5 2 2 2 1 1 1 1 1
9 6 6 6 6 5 5 2 2 1 1 1 1 1 1 1
9 6 6 6 6 5 4 4 4 3 1
9 6 6 6 6 5 4 4 4 2 2
9 6 6 6 6 5 4 4 4 2 1 1
9 6 6 6 6 5 4 4 4 1 1 1 1
9 6 6 6 6 5 4 4 3 3 2
9 6 6 6 6 5 4 4 3 3 1 1
9 6 6 6 6 5 4 4 3 2 2 1
9 6 6 6 6 5 4 4 3 2 1 1 1
9 6 6 6 6 5 4 4 3 1 1 1 1 1
9 6 6 6 6 5 4 4 2 2 2 2
9 6 6 6 6 5 4 4 2 2 2 1 1
9 6 6 6 6 5 4 4 2 2 1 1 1 1
9 6 6 6 6 5 4 4 2 1 1 1 1 1 1
9 6 6 6 6 5 4 3 3 3 3
9 6 6 6 6 5 4 3 3 3 2 1
9 6 6 6 6 5 4 3 3 3 1 1 1
9 6 6 6 6 5 4 3 3 2 2 2
9 6 6 6 6 5 4 3 3 2 2 1 1
9 6 6 6 6 5 4 3 3 2 1 1 1 1
9 6 6 6 6 5 4 3 3 1 1 1 1 1 1
9 6 6 6 6 5 4 3 2 2 2 2 1
9 6 6 6 6 5 4 3 2 2 2 1 1 1
9 6 6 6 6 5 4 3 2 2 1 1 1 1 1
9 6 6 6 6 5 4 3 2 1 1 1 1 1 1 1
9 6 6 6 6 5 4 2 2 2 2 2 2
9 6 6 6 6 5 4 2 2 2 2 2 1 1
9 6 6 6 6 5 4 2 2 2 2 1 1 1 1
9 6 6 6 6 5 4 2 2 2 1 1 1 1 1 1
9 6 6 6 6 5 4 2 2 1 1 1 1 1 1 1 1
9 6 6 6 6 5 3 3 3 3 3 1
9 6 6 6 6 5 3 3 3 3 2 2
9 6 6 6 6 5 3 3 3 3 2 1 1
9 6 6 6 6 5 3 3 3 3 1 1 1 1
9 6 6 6 6 5 3 3 3 2 2 2 1
9 6 6 6 6 5 3 3 3 2 2 1 1 1
9 6 6 6 6 5 3 3 3 2 1 1 1 1 1
9 6 6 6 6 5 3 3 3 1 1 1 1 1 1 1
9 6 6 6 6 5 3 3 2 2 2 2 2
9 6 6 6 6 5 3 3 2 2 2 2 1 1
9 6 6 6 6 5 3 3 2 2 2 1 1 1 1
9 6 6 6 6 5 3 3 2 2 1 1 1 1 1 1
9 6 6 6 6 5 3 3 2 1 1 1 1 1 1 1 1
9 6 6 6 6 5 3 2 2 2 2 2 2 1
9 6 6 6 6 5 3 2 2 2 2 2 1 1 1
9 6 6 6 6 5 3 2 2 2 2 1 1 1 1 1
9 6 6 6 6 5 3 2 2 2 1 1 1 1 1 1 1
9 6 6 6 6 4 4 4 4 4 1
9 6 6 6 6 4 4 4 4 3 2
9 6 6 6 6 4 4 4 4 3 1 1
9 6 6 6 6 4 4 4 4 2 2 1
9 6 6 6 6 4 4 4 4 2 1 1 1
9 6 6 6 6 4 4 4 4 1 1 1 1 1
9 6 6 6 6 4 4 4 3 3 3
9 6 6 6 6 4 4 4 3 3 2 1
9 6 6 6 6 4 4 4 3 3 1 1 1
9 6 6 6 6 4 4 4 3 2 2 2
9 6 6 6 6 4 4 4 3 2 2 1 1
9 6 6 6 6 4 4 4 3 2 1 1 1 1
9 6 6 6 6 4 4 4 3 1 1 1 1 1 1
9 6 6 6 6 4 4 4 2 2 2 2 1
9 6 6 6 6 4 4 4 2 2 2 1 1 1
9 6 6 6 6 4 4 4 2 2 1 1 1 1 1
9 6 6 6 6 4 4 4 2 1 1 1 1 1 1 1
9 6 6 6 6 4 4 3 3 3 3 1
9 6 6 6 6 4 4 3 3 3 2 2
9 6 6 6 6 4 4 3 3 3 2 1 1
9 6 6 6 6 4 4 3 3 3 1 1 1 1
9 6 6 6 6 4 4 3 3 2 2 2 1
9 6 6 6 6 4 4 3 3 2 2 1 1 1
9 6 6 6 6 4 4 3 3 2 1 1 1 1 1
9 6 6 6 6 4 4 3 3 1 1 1 1 1 1 1
9 6 6 6 6 4 4 3 2 2 2 2 2
9 6 6 6 6 4 4 3 2 2 2 2 1 1
9 6 6 6 6 4 4 3 2 2 2 1 1 1 1
9 6 6 6 6 4 4 3 2 2 1 1 1 1 1 1
9 6 6 6 6 4 4 3 2 1 1 1 1 1 1 1 1
9 6 6 6 6 4 4 2 2 2 2 2 2 1
9 6 6 6 6 4 4 2 2 2 2 2 1 1 1
9 6 6 6 6 4 4 2 2 2 2 1 1 1 1 1
9 6 6 6 6 4 4 2 2 2 1 1 1 1 1 1 1
9 6 6 6 6 4 3 3 3 3 3 2
9 6 6 6 6 4 3 3 3 3 3 1 1
9 6 6 6 6 4 3 3 3 3 2 2 1
9 6 6 6 6 4 3 3 3 3 2 1 1 1
9 6 6 6 6 4 3 3 3 3 1 1 1 1 1
9 6 6 6 6 4 3 3 3 2 2 2 2
9 6 6 6 6 4 3 3 3 2 2 2 1 1
9 6 6 6 6 4 3 3 3 2 2 1 1 1 1
9 6 6 6 6 4 3 3 3 2 1 1 1 1 1 1
9 6 6 6 6 4 3 3 3 1 1 1 1 1 1 1 1
9 6 6 6 6 4 3 3 2 2 2 2 2 1
9 6 6 6 6 4 3 3 2 2 2 2 1 1 1
9 6 6 6 6 4 3 3 2 2 2 1 1 1 1 1
9 6 6 6 6 4 3 3 2 2 1 1 1 1 1 1 1
9 6 6 6 6 4 3 2 2 2 2 2 2 2
9 6 6 6 6 4 3 2 2 2 2 2 2 1 1
9 6 6 6 6 4 3 2 2 2 2 2 1 1 1 1
9 6 6 6 6 4 3 2 2 2 2 1 1 1 1 1 1
9 6 6 6 6 3 3 3 3 3 3 3
9 6 6 6 6 3 3 3 3 3 3 2 1
9 6 6 6 6 3 3 3 3 3 3 1 1 1
9 6 6 6 6 3 3 3 3 3 2 2 2
9 6 6 6 6 3 3 3 3 3 2 2 1 1
9 6 6 6 6 3 3 3 3 3 2 1 1 1 1
9 6 6 6 6 3 3 3 3 3 1 1 1 1 1 1
9 6 6 6 6 3 3 3 3 2 2 2 2 1
9 6 6 6 6 3 3 3 3 2 2 2 1 1 1
9 6 6 6 6 3 3 3 3 2 2 1 1 1 1 1
9 6 6 6 6 3 3 3 3 2 1 1 1 1 1 1 1
9 6 6 6 6 3 3 3 2 2 2 2 2 2
9 6 6 6 6 3 3 3 2 2 2 2 2 1 1
9 6 6 6 6 3 3 3 2 2 2 2 1 1 1 1
9 6 6 6 6 3 3 3 2 2 2 1 1 1 1 1 1
9 6 6 6 6 3 3 2 2 2 2 2 2 2 1
9 6 6 6 6 3 3 2 2 2 2 2 2 1 1 1
9 6 6 6 6 3 3 2 2 2 2 2 1 1 1 1 1
9 6 6 6 5 5 5 5 5 1 1
9 6 6 6 5 5 5 5 4 2 1
9 6 6 6 5 5 5 5 4 1 1 1
9 6 6 6 5 5 5 5 3 3 1
9 6 6 6 5 5 5 5 3 2 2
9 6 6 6 5 5 5 5 3 2 1 1
9 6 6 6 5 5 5 5 3 1 1 1 1
9 6 6 6 5 5 5 5 2 2 2 1
9 6 6 6 5 5 5 5 2 2 1 1 1
9 6 6 6 5 5 5 5 2 1 1 1 1 1
9 6 6 6 5 5 5 4 4 3 1
9 6 6 6 5 5 5 4 4 2 2
9 6 6 6 5 5 5 4 4 2 1 1
9 6 6 6 5 5 5 4 4 1 1 1 1
9 6 6 6 5 5 5 4 3 3 2
9 6 6 6 5 5 5 4 3 3 1 1
9 6 6 6 5 5 5 4 3 2 2 1
9 6 6 6 5 5 5 4 3 2 1 1 1
9 6 6 6 5 5 5 4 3 1 1 1 1 1
9 6 6 6 5 5 5 4 2 2 2 2
9 6 6 6 5 5 5 4 2 2 2 1 1
9 6 6 6 5 5 5 4 2 2 1 1 1 1
9 6 6 6 5 5 5 4 2 1 1 1 1 1 1
9 6 6 6 5 5 5 3 3 3 3
9 6 6 6 5 5 5 3 3 3 2 1
9 6 6 6 5 5 5 3 3 3 1 1 1
9 6 6 6 5 5 5 3 3 2 2 2
9 6 6 6 5 5 5 3 3 2 2 1 1
9 6 6 6 5 5 5 3 3 2 1 1 1 1
9 6 6 6 5 5 5 3 3 1 1 1 1 1 1
9 6 6 6 5 5 5 3 2 2 2 2 1
9 6 6 6 5 5 5 3 2 2 2 1 1 1
9 6 6 6 5 5 5 3 2 2 1 1 1 1 1
9 6 6 6 5 5 5 3 2 1 1 1 1 1 1 1
9 6 6 6 5 5 5 2 2 2 2 2 2
9 6 6 6 5 5 5 2 2 2 2 2 1 1
9 6 6 6 5 5 5 2 2 2 2 1 1 1 1
9 6 6 6 5 5 5 2 2 2 1 1 1 1 1 1
9 6 6 6 5 5 5 2 2 1 1 1 1 1 1 1 1
9 6 6 6 5 5 4 4 4 4 1
9 6 6 6 5 5 4 4 4 3 2
9 6 6 6 5 5 4 4 4 3 1 1
9 6 6 6 5 5 4 4 4 2 2 1
9 6 6 6 5 5 4 4 4 2 1 1 1
9 6 6 6 5 5 4 4 4 1 1 1 1 1
9 6 6 6 5 5 4 4 3 3 3
9 6 6 6 5 5 4 4 3 3 2 1
9 6 6 6 5 5 4 4 3 3 1 1 1
9 6 6 6 5 5 4 4 3 2 2 2
9 6 6 6 5 5 4 4 3 2 2 1 1
9 6 6 6 5 5 4 4 3 2 1 1 1 1
9 6 6 6 5 5 4 4 3 1 1 1 1 1 1
9 6 6 6 5 5 4 4 2 2 2 2 1
9 6 6 6 5 5 4 4 2 2 2 1 1 1
9 6 6 6 5 5 4 4 2 2 1 1 1 1 1
9 6 6 6 5 5 4 4 2 1 1 1 1 1 1 1
9 6 6 6 5 5 4 3 3 3 3 1
9 6 6 6 5 5 4 3 3 3 2 2
9 6 6 6 5 5 4 3 3 3 2 1 1
9 6 6 6 5 5 4 3 3 3 1 1 1 1
9 6 6 6 5 5 4 3 3 2 2 2 1
9 6 6 6 5 5 4 3 3 2 2 1 1 1
9 6 6 6 5 5 4 3 3 2 1 1 1 1 1
9 6 6 6 5 5 4 3 3 1 1 1 1 1 1 1
9 6 6 6 5 5 4 3 2 2 2 2 2
9 6 6 6 5 5 4 3 2 2 2 2 1 1
9 6 6 6 5 5 4 3 2 2 2 1 1 1 1
9 6 6 6 5 5 4 3 2 2 1 1 1 1 1 1
9 6 6 6 5 5 4 3 2 1 1 1 1 1 1 1 1
9 6 6 6 5 5 4 2 2 2 2 2 2 1
9 6 6 6 5 5 4 2 2 2 2 2 1 1 1
9 6 6 6 5 5 4 2 2 2 2 1 1 1 1 1
9 6 6 6 5 5 4 2 2 2 1 1 1 1 1 1 1
9 6 6 6 5 5 3 3 3 3 3 2
9 6 6 6 5 5 3 3 3 3 3 1 1
9 6 6 6 5 5 3 3 3 3 2 2 1
9 6 6 6 5 5 3 3 3 3 2 1 1 1
9 6 6 6 5 5 3 3 3 3 1 1 1 1 1
9 6 6 6 5 5 3 3 3 2 2 2 2
9 6 6 6 5 5 3 3 3 2 2 2 1 1
9 6 6 6 5 5 3 3 3 2 2 1 1 1 1
9 6 6 6 5 5 3 3 3 2 1 1 1 1 1 1
9 6 6 6 5 5 3 3 3 1 1 1 1 1 1 1 1
9 6 6 6 5 5 3 3 2 2 2 2 2 1
9 6 6 6 5 5 3 3 2 2 2 2 1 1 1
9 6 6 6 5 5 3 3 2 2 2 1 1 1 1 1
9 6 6 6 5 5 3 3 2 2 1 1 1 1 1 1 1
9 6 6 6 5 5 3 2 2 2 2 2 2 2
9 6 6 6 5 5 3 2 2 2 2 2 2 1 1
9 6 6 6 5 5 3 2 2 2 2 2 1 1 1 1
9 6 6 6 5 5 3 2 2 2 2 1 1 1 1 1 1
9 6 6 6 5 4 4 4 4 4 2
9 6 6 6 5 4 4 4 4 4 1 1
9 6 6 6 5 4 4 4 4 3 3
9 6 6 6 5 4 4 4 4 3 2 1
9 6 6 6 5 4 4 4 4 3 1 1 1
9 6 6 6 5 4 4 4 4 2 2 2
9 6 6 6 5 4 4 4 4 2 2 1 1
9 6 6 6 5 4 4 4 4 2 1 1 1 1
9 6 6 6 5 4 4 4 4 1 1 1 1 1 1
9 6 6 6 5 4 4 4 3 3 3 1
9 6 6 6 5 4 4 4 3 3 2 2
9 6 6 6 5 4 4 4 3 3 2 1 1
9 6 6 6 5 4 4 4 3 3 1 1 1 1
9 6 6 6 5 4 4 4 3 2 2 2 1
9 6 6 6 5 4 4 4 3 2 2 1 1 1
9 6 6 6 5 4 4 4 3 2 1 1 1 1 1
9 6 6 6 5 4 4 4 3 1 1 1 1 1 1 1
9 6 6 6 5 4 4 4 2 2 2 2 2
9 6 6 6 5 4 4 4 2 2 2 2 1 1
9 6 6 6 5 4 4 4 2 2 2 1 1 1 1
9 6 6 6 5 4 4 4 2 2 1 1 1 1 1 1
9 6 6 6 5 4 4 4 2 1 1 1 1 1 1 1 1
9 6 6 6 5 4 4 3 3 3 3 2
9 6 6 6 5 4 4 3 3 3 3 1 1
9 6 6 6 5 4 4 3 3 3 2 2 1
9 6 6 6 5 4 4 3 3 3 2 1 1 1
9 6 6 6 5 4 4 3 3 3 1 1 1 1 1
9 6 6 6 5 4 4 3 3 2 2 2 2
9 6 6 6 5 4 4 3 3 2 2 2 1 1
9 6 6 6 5 4 4 3 3 2 2 1 1 1 1
9 6 6 6 5 4 4 3 3 2 1 1 1 1 1 1
9 6 6 6 5 4 4 3 3 1 1 1 1 1 1 1 1
9 6 6 6 5 4 4 3 2 2 2 2 2 1
9 6 6 6 5 4 4 3 2 2 2 2 1 1 1
9 6 6 6 5 4 4 3 2 2 2 1 1 1 1 1
9 6 6 6 5 4 4 3 2 2 1 1 1 1 1 1 1
9 6 6 6 5 4 4 2 2 2 2 2 2 2
9 6 6 6 5 4 4 2 2 2 2 2 2 1 1
9 6 6 6 5 4 4 2 2 2 2 2 1 1 1 1
9 6 6 6 5 4 4 2 2 2 2 1 1 1 1 1 1
9 6 6 6 5 4 3 3 3 3 3 3
9 6 6 6 5 4 3 3 3 3 3 2 1
9 6 6 6 5 4 3 3 3 3 3 1 1 1
9 6 6 6 5 4 3 3 3 3 2 2 2
9 6 6 6 5 4 3 3 3 3 2 2 1 1
9 6 6 6 5 4 3 3 3 3 2 1 1 1 1
9 6 6 6 5 4 3 3 3 3 1 1 1 1 1 1
9 6 6 6 5 4 3 3 3 2 2 2 2 1
9 6 6 6 5 4 3 3 3 2 2 2 1 1 1
9 6 6 6 5 4 3 3 3 2 2 1 1 1 1 1
9 6 6 6 5 4 3 3 3 2 1 1 1 1 1 1 1
9 6 6 6 5 4 3 3 2 2 2 2 2 2
9 6 6 6 5 4 3 3 2 2 2 2 2 1 1
9 6 6 6 5 4 3 3 2 2 2 2 1 1 1 1
9 6 6 6 5 4 3 3 2 2 2 1 1 1 1 1 1
9 6 6 6 5 4 3 2 2 2 2 2 2 2 1
9 6 6 6 5 4 3 2 2 2 2 2 2 1 1 1
9 6 6 6 5 4 3 2 2 2 2 2 1 1 1 1 1
9 6 6 6 5 3 3 3 3 3 3 3 1
9 6 6 6 5 3 3 3 3 3 3 2 2
9 6 6 6 5 3 3 3 3 3 3 2 1 1
9 6 6 6 5 3 3 3 3 3 3 1 1 1 1
9 6 6 6 5 3 3 3 3 3 2 2 2 1
9 6 6 6 5 3 3 3 3 3 2 2 1 1 1
9 6 6 6 5 3 3 3 3 3 2 1 1 1 1 1
9 6 6 6 5 3 3 3 3 3 1 1 1 1 1 1 1
9 6 6 6 5 3 3 3 3 2 2 2 2 2
9 6 6 6 5 3 3 3 3 2 2 2 2 1 1
9 6 6 6 5 3 3 3 3 2 2 2 1 1 1 1
9 6 6 6 5 3 3 3 3 2 2 1 1 1 1 1 1
9 6 6 6 5 3 3 3 2 2 2 2 2 2 1
9 6 6 6 5 3 3 3 2 2 2 2 2 1 1 1
9 6 6 6 5 3 3 3 2 2 2 2 1 1 1 1 1
9 6 6 6 5 3 3 2 2 2 2 2 2 2 2
9 6 6 6 5 3 3 2 2 2 2 2 2 2 1 1
9 6 6 6 5 3 3 2 2 2 2 2 2 1 1 1 1
9 6 6 6 4 4 4 4 4 4 3
9 6 6 6 4 4 4 4 4 4 2 1
9 6 6 6 4 4 4 4 4 4 1 1 1
9 6 6 6 4 4 4 4 4 3 3 1
9 6 6 6 4 4 4 4 4 3 2 2
9 6 6 6 4 4 4 4 4 3 2 1 1
9 6 6 6 4 4 4 4 4 3 1 1 1 1
9 6 6 6 4 4 4 4 4 2 2 2 1
9 6 6 6 4 4 4 4 4 2 2 1 1 1
9 6 6 6 4 4 4 4 4 2 1 1 1 1 1
9 6 6 6 4 4 4 4 4 1 1 1 1 1 1 1
9 6 6 6 4 4 4 4 3 3 3 2
9 6 6 6 4 4 4 4 3 3 3 1 1
9 6 6 6 4 4 4 4 3 3 2 2 1
9 6 6 6 4 4 4 4 3 3 2 1 1 1
9 6 6 6 4 4 4 4 3 3 1 1 1 1 1
9 6 6 6 4 4 4 4 3 2 2 2 2
9 6 6 6 4 4 4 4 3 2 2 2 1 1
9 6 6 6 4 4 4 4 3 2 2 1 1 1 1
9 6 6 6 4 4 4 4 3 2 1 1 1 1 1 1
9 6 6 6 4 4 4 4 3 1 1 1 1 1 1 1 1
9 6 6 6 4 4 4 4 2 2 2 2 2 1
9 6 6 6 4 4 4 4 2 2 2 2 1 1 1
9 6 6 6 4 4 4 4 2 2 2 1 1 1 1 1
9 6 6 6 4 4 4 4 2 2 1 1 1 1 1 1 1
9 6 6 6 4 4 4 3 3 3 3 3
9 6 6 6 4 4 4 3 3 3 3 2 1
9 6 6 6 4 4 4 3 3 3 3 1 1 1
9 6 6 6 4 4 4 3 3 3 2 2 2
9 6 6 6 4 4 4 3 3 3 2 2 1 1
9 6 6 6 4 4 4 3 3 3 2 1 1 1 1
9 6 6 6 4 4 4 3 3 3 1 1 1 1 1 1
9 6 6 6 4 4 4 3 3 2 2 2 2 1
9 6 6 6 4 4 4 3 3 2 2 2 1 1 1
9 6 6 6 4 4 4 3 3 2 2 1 1 1 1 1
9 6 6 6 4 4 4 3 3 2 1 1 1 1 1 1 1
9 6 6 6 4 4 4 3 2 2 2 2 2 2
9 6 6 6 4 4 4 3 2 2 2 2 2 1 1
9 6 6 6 4 4 4 3 2 2 2 2 1 1 1 1
9 6 6 6 4 4 4 3 2 2 2 1 1 1 1 1 1
9 6 6 6 4 4 4 2 2 2 2 2 2 2 1
9 6 6 6 4 4 4 2 2 2 2 2 2 1 1 1
9 6 6 6 4 4 4 2 2 2 2 2 1 1 1 1 1
9 6 6 6 4 4 3 3 3 3 3 3 1
9 6 6 6 4 4 3 3 3 3 3 2 2
9 6 6 6 4 4 3 3 3 3 3 2 1 1
9 6 6 6 4 4 3 3 3 3 3 1 1 1 1
9 6 6 6 4 4 3 3 3 3 2 2 2 1
9 6 6 6 4 4 3 3 3 3 2 2 1 1 1
9 6 6 6 4 4 3 3 3 3 2 1 1 1 1 1
9 6 6 6 4 4 3 3 3 3 1 1 1 1 1 1 1
9 6 6 6 4 4 3 3 3 2 2 2 2 2
9 6 6 6 4 4 3 3 3 2 2 2 2 1 1
9 6 6 6 4 4 3 3 3 2 2 2 1 1 1 1
9 6 6 6 4 4 3 3 3 2 2 1 1 1 1 1 1
9 6 6 6 4 4 3 3 2 2 2 2 2 2 1
9 6 6 6 4 4 3 3 2 2 2 2 2 1 1 1
9 6 6 6 4 4 3 3 2 2 2 2 1 1 1 1 1
9 6 6 6 4 4 3 2 2 2 2 2 2 2 2
9 6 6 6 4 4 3 2 2 2 2 2 2 2 1 1
9 6 6 6 4 4 3 2 2 2 2 2 2 1 1 1 1
9 6 6 6 4 3 3 3 3 3 3 3 2
9 6 6 6 4 3 3 3 3 3 3 3 1 1
9 6 6 6 4 3 3 3 3 3 3 2 2 1
9 6 6 6 4 3 3 3 3 3 3 2 1 1 1
9 6 6 6 4 3 3 3 3 3 3 1 1 1 1 1
9 6 6 6 4 3 3 3 3 3 2 2 2 2
9 6 6 6 4 3 3 3 3 3 2 2 2 1 1
9 6 6 6 4 3 3 3 3 3 2 2 1 1 1 1
9 6 6 6 4 3 3 3 3 3 2 1 1 1 1 1 1
9 6 6 6 4 3 3 3 3 2 2 2 2 2 1
9 6 6 6 4 3 3 3 3 2 2 2 2 1 1 1
9 6 6 6 4 3 3 3 3 2 2 2 1 1 1 1 1
9 6 6 6 4 3 3 3 2 2 2 2 2 2 2
9 6 6 6 4 3 3 3 2 2 2 2 2 2 1 1
9 6 6 6 4 3 3 3 2 2 2 2 2 1 1 1 1
9 6 6 6 4 3 3 2 2 2 2 2 2 2 2 1
9 6 6 6 4 3 3 2 2 2 2 2 2 2 1 1 1
9 6 6 5 5 5 5 5 5 2 1
9 6 6 5 5 5 5 5 5 1 1 1
9 6 6 5 5 5 5 5 4 3 1
9 6 6 5 5 5 5 5 4 2 2
9 6 6 5 5 5 5 5 4 2 1 1
9 6 6 5 5 5 5 5 4 1 1 1 1
9 6 6 5 5 5 5 5 3 3 2
9 6 6 5 5 5 5 5 3 3 1 1
9 6 6 5 5 5 5 5 3 2 2 1
9 6 6 5 5 5 5 5 3 2 1 1 1
9 6 6 5 5 5 5 5 3 1 1 1 1 1
9 6 6 5 5 5 5 5 2 2 2 2
9 6 6 5 5 5 5 5 2 2 2 1 1
9 6 6 5 5 5 5 5 2 2 1 1 1 1
9 6 6 5 5 5 5 5 2 1 1 1 1 1 1
9 6 6 5 5 5 5 4 4 4 1
9 6 6 5 5 5 5 4 4 3 2
9 6 6 5 5 5 5 4 4 3 1 1
9 6 6 5 5 5 5 4 4 2 2 1
9 6 6 5 5 5 5 4 4 2 1 1 1
9 6 6 5 5 5 5 4 4 1 1 1 1 1
9 6 6 5 5 5 5 4 3 3 3
9 6 6 5 5 5 5 4 3 3 2 1
9 6 6 5 5 5 5 4 3 3 1 1 1
9 6 6 5 5 5 5 4 3 2 2 2
9 6 6 5 5 5 5 4 3 2 2 1 1
9 6 6 5 5 5 5 4 3 2 1 1 1 1
9 6 6 5 5 5 5 4 3 1 1 1 1 1 1
9 6 6 5 5 5 5 4 2 2 2 2 1
9 6 6 5 5 5 5 4 2 2 2 1 1 1
9 6 6 5 5 5 5 4 2 2 1 1 1 1 1
9 6 6 5 5 5 5 4 2 1 1 1 1 1 1 1
9 6 6 5 5 5 5 3 3 3 3 1
9 6 6 5 5 5 5 3 3 3 2 2
9 6 6 5 5 5 5 3 3 3 2 1 1
9 6 6 5 5 5 5 3 3 3 1 1 1 1
9 6 6 5 5 5 5 3 3 2 2 2 1
9 6 6 5 5 5 5 3 3 2 2 1 1 1
9 6 6 5 5 5 5 3 3 2 1 1 1 1 1
9 6 6 5 5 5 5 3 3 1 1 1 1 1 1 1
9 6 6 5 5 5 5 3 2 2 2 2 2
9 6 6 5 5 5 5 3 2 2 2 2 1 1
9 6 6 5 5 5 5 3 2 2 2 1 1 1 1
9 6 6 5 5 5 5 3 2 2 1 1 1 1 1 1
9 6 6 5 5 5 5 3 2 1 1 1 1 1 1 1 1
9 6 6 5 5 5 5 2 2 2 2 2 2 1
9 6 6 5 5 5 5 2 2 2 2 2 1 1 1
9 6 6 5 5 5 5 2 2 2 2 1 1 1 1 1
9 6 6 5 5 5 5 2 2 2 1 1 1 1 1 1 1
9 6 6 5 5 5 4 4 4 4 2
9 6 6 5 5 5 4 4 4 4 1 1
9 6 6 5 5 5 4 4 4 3 3
9 6 6 5 5 5 4 4 4 3 2 1
9 6 6 5 5 5 4 4 4 3 1 1 1
9 6 6 5 5 5 4 4 4 2 2 2
9 6 6 5 5 5 4 4 4 2 2 1 1
9 6 6 5 5 5 4 4 4 2 1 1 1 1
9 6 6 5 5 5 4 4 4 1 1 1 1 1 1
9 6 6 5 5 5 4 4 3 3 3 1
9 6 6 5 5 5 4 4 3 3 2 2
9 6 6 5 5 5 4 4 3 3 2 1 1
9 6 6 5 5 5 4 4 3 3 1 1 1 1
9 6 6 5 5 5 4 4 3 2 2 2 1
9 6 6 5 5 5 4 4 3 2 2 1 1 1
9 6 6 5 5 5 4 4 3 2 1 1 1 1 1
9 6 6 5 5 5 4 4 3 1 1 1 1 1 1 1
9 6 6 5 5 5 4 4 2 2 2 2 2
9 6 6 5 5 5 4 4 2 2 2 2 1 1
9 6 6 5 5 5 4 4 2 2 2 1 1 1 1
9 6 6 5 5 5 4 4 2 2 1 1 1 1 1 1
9 6 6 5 5 5 4 4 2 1 1 1 1 1 1 1 1
9 6 6 5 5 5 4 3 3 3 3 2
9 6 6 5 5 5 4 3 3 3 3 1 1
9 6 6 5 5 5 4 3 3 3 2 2 1
9 6 6 5 5 5 4 3 3 3 2 1 1 1
9 6 6 5 5 5 4 3 3 3 1 1 1 1 1
9 6 6 5 5 5 4 3 3 2 2 2 2
9 6 6 5 5 5 4 3 3 2 2 2 1 1
9 6 6 5 5 5 4 3 3 2 2 1 1 1 1
9 6 6 5 5 5 4 3 3 2 1 1 1 1 1 1
9 6 6 5 5 5 4 3 3 1 1 1 1 1 1 1 1
9 6 6 5 5 5 4 3 2 2 2 2 2 1
9 6 6 5 5 5 4 3 2 2 2 2 1 1 1
9 6 6 5 5 5 4 3 2 2 2 1 1 1 1 1
9 6 6 5 5 5 4 3 2 2 1 1 1 1 1 1 1
9 6 6 5 5 5 4 2 2 2 2 2 2 2
9 6 6 5 5 5 4 2 2 2 2 2 2 1 1
9 6 6 5 5 5 4 2 2 2 2 2 1 1 1 1
9 6 6 5 5 5 4 2 2 2 2 1 1 1 1 1 1
9 6 6 5 5 5 3 3 3 3 3 3
9 6 6 5 5 5 3 3 3 3 3 2 1
9 6 6 5 5 5 3 3 3 3 3 1 1 1
9 6 6 5 5 5 3 3 3 3 2 2 2
9 6 6 5 5 5 3 3 3 3 2 2 1 1
9 6 6 5 5 5 3 3 3 3 2 1 1 1 1
9 6 6 5 5 5 3 3 3 3 1 1 1 1 1 1
9 6 6 5 5 5 3 3 3 2 2 2 2 1
9 6 6 5 5 5 3 3 3 2 2 2 1 1 1
9 6 6 5 5 5 3 3 3 2 2 1 1 1 1 1
9 6 6 5 5 5 3 3 3 2 1 1 1 1 1 1 1
9 6 6 5 5 5 3 3 2 2 2 2 2 2
9 6 6 5 5 5 3 3 2 2 2 2 2 1 1
9 6 6 5 5 5 3 3 2 2 2 2 1 1 1 1
9 6 6 5 5 5 3 3 2 2 2 1 1 1 1 1 1
9 6 6 5 5 5 3 2 2 2 2 2 2 2 1
9 6 6 5 5 5 3 2 2 2 2 2 2 1 1 1
9 6 6 5 5 5 3 2 2 2 2 2 1 1 1 1 1
9 6 6 5 5 4 4 4 4 4 3
9 6 6 5 5 4 4 4 4 4 2 1
9 6 6 5 5 4 4 4 4 4 1 1 1
9 6 6 5 5 4 4 4 4 3 3 1
9 6 6 5 5 4 4 4 4 3 2 2
9 6 6 5 5 4 4 4 4 3 2 1 1
9 6 6 5 5 4 4 4 4 3 1 1 1 1
9 6 6 5 5 4 4 4 4 2 2 2 1
9 6 6 5 5 4 4 4 4 2 2 1 1 1
9 6 6 5 5 4 4 4 4 2 1 1 1 1 1
9 6 6 5 5 4 4 4 4 1 1 1 1 1 1 1
9 6 6 5 5 4 4 4 3 3 3 2
9 6 6 5 5 4 4 4 3 3 3 1 1
9 6 6 5 5 4 4 4 3 3 2 2 1
9 6 6 5 5 4 4 4 3 3 2 1 1 1
9 6 6 5 5 4 4 4 3 3 1 1 1 1 1
9 6 6 5 5 4 4 4 3 2 2 2 2
9 6 6 5 5 4 4 4 3 2 2 2 1 1
9 6 6 5 5 4 4 4 3 2 2 1 1 1 1
9 6 6 5 5 4 4 4 3 2 1 1 1 1 1 1
9 6 6 5 5 4 4 4 3 1 1 1 1 1 1 1 1
9 6 6 5 5 4 4 4 2 2 2 2 2 1
9 6 6 5 5 4 4 4 2 2 2 2 1 1 1
9 6 6 5 5 4 4 4 2 2 2 1 1 1 1 1
9 6 6 5 5 4 4 4 2 2 1 1 1 1 1 1 1
9 6 6 5 5 4 4 3 3 3 3 3
9 6 6 5 5 4 4 3 3 3 3 2 1
9 6 6 5 5 4 4 3 3 3 3 1 1 1
9 6 6 5 5 4 4 3 3 3 2 2 2
9 6 6 5 5 4 4 3 3 3 2 2 1 1
9 6 6 5 5 4 4 3 3 3 2 1 1 1 1
9 6 6 5 5 4 4 3 3 3 1 1 1 1 1 1
9 6 6 5 5 4 4 3 3 2 2 2 2 1
9 6 6 5 5 4 4 3 3 2 2 2 1 1 1
9 6 6 5 5 4 4 3 3 2 2 1 1 1 1 1
9 6 6 5 5 4 4 3 3 2 1 1 1 1 1 1 1
9 6 6 5 5 4 4 3 2 2 2 2 2 2
9 6 6 5 5 4 4 3 2 2 2 2 2 1 1
9 6 6 5 5 4 4 3 2 2 2 2 1 1 1 1
9 6 6 5 5 4 4 3 2 2 2 1 1 1 1 1 1
9 6 6 5 5 4 4 2 2 2 2 2 2 2 1
9 6 6 5 5 4 4 2 2 2 2 2 2 1 1 1
9 6 6 5 5 4 4 2 2 2 2 2 1 1 1 1 1
9 6 6 5 5 4 3 3 3 3 3 3 1
9 6 6 5 5 4 3 3 3 3 3 2 2
9 6 6 5 5 4 3 3 3 3 3 2 1 1
9 6 6 5 5 4 3 3 3 3 3 1 1 1 1
9 6 6 5 5 4 3 3 3 3 2 2 2 1
9 6 6 5 5 4 3 3 3 3 2 2 1 1 1
9 6 6 5 5 4 3 3 3 3 2 1 1 1 1 1
9 6 6 5 5 4 3 3 3 3 1 1 1 1 1 1 1
9 6 6 5 5 4 3 3 3 2 2 2 2 2
9 6 6 5 5 4 3 3 3 2 2 2 2 1 1
9 6 6 5 5 4 3 3 3 2 2 2 1 1 1 1
9 6 6 5 5 4 3 3 3 2 2 1 1 1 1 1 1
9 6 6 5 5 4 3 3 2 2 2 2 2 2 1
9 6 6 5 5 4 3 3 2 2 2 2 2 1 1 1
9 6 6 5 5 4 3 3 2 2 2 2 1 1 1 1 1
9 6 6 5 5 4 3 2 2 2 2 2 2 2 2
9 6 6 5 5 4 3 2 2 2 2 2 2 2 1 1
9 6 6 5 5 4 3 2 2 2 2 2 2 1 1 1 1
9 6 6 5 5 3 3 3 3 3 3 3 2
9 6 6 5 5 3 3 3 3 3 3 3 1 1
9 6 6 5 5 3 3 3 3 3 3 2 2 1
9 6 6 5 5 3 3 3 3 3 3 2 1 1 1
9 6 6 5 5 3 3 3 3 3 3 1 1 1 1 1
9 6 6 5 5 3 3 3 3 3 2 2 2 2
9 6 6 5 5 3 3 3 3 3 2 2 2 1 1
9 6 6 5 5 3 3 3 3 3 2 2 1 1 1 1
9 6 6 5 5 3 3 3 3 3 2 1 1 1 1 1 1
9 6 6 5 5 3 3 3 3 2 2 2 2 2 1
9 6 6 5 5 3 3 3 3 2 2 2 2 1 1 1
9 6 6 5 5 3 3 3 3 2 2 2 1 1 1 1 1
9 6 6 5 5 3 3 3 2 2 2 2 2 2 2
9 6 6 5 5 3 3 3 2 2 2 2 2 2 1 1
9 6 6 5 5 3 3 3 2 2 2 2 2 1 1 1 1
9 6 6 5 5 3 3 2 2 2 2 2 2 2 2 1
9 6 6 5 5 3 3 2 2 2 2 2 2 2 1 1 1
9 6 6 5 4 4 4 4 4 4 4
9 6 6 5 4 4 4 4 4 4 3 1
9 6 6 5 4 4 4 4 4 4 2 2
9 6 6 5 4 4 4 4 4 4 2 1 1
9 6 6 5 4 4 4 4 4 4 1 1 1 1
9 6 6 5 4 4 4 4 4 3 3 2
9 6 6 5 4 4 4 4 4 3 3 1 1
9 6 6 5 4 4 4 4 4 3 2 2 1
9 6 6 5 4 4 4 4 4 3 2 1 1 1
9 6 6 5 4 4 4 4 4 3 1 1 1 1 1
9 6 6 5 4 4 4 4 4 2 2 2 2
9 6 6 5 4 4 4 4 4 2 2 2 1 1
9 6 6 5 4 4 4 4 4 2 2 1 1 1 1
9 6 6 5 4 4 4 4 4 2 1 1 1 1 1 1
9 6 6 5 4 4 4 4 4 1 1 1 1 1 1 1 1
9 6 6 5 4 4 4 4 3 3 3 3
9 6 6 5 4 4 4 4 3 3 3 2 1
9 6 6 5 4 4 4 4 3 3 3 1 1 1
9 6 6 5 4 4 4 4 3 3 2 2 2
9 6 6 5 4 4 4 4 3 3 2 2 1 1
9 6 6 5 4 4 4 4 3 3 2 1 1 1 1
9 6 6 5 4 4 4 4 3 3 1 1 1 1 1 1
9 6 6 5 4 4 4 4 3 2 2 2 2 1
9 6 6 5 4 4 4 4 3 2 2 2 1 1 1
9 6 6 5 4 4 4 4 3 2 2 1 1 1 1 1
9 6 6 5 4 4 4 4 3 2 1 1 1 1 1 1 1
9 6 6 5 4 4 4 4 2 2 2 2 2 2
9 6 6 5 4 4 4 4 2 2 2 2 2 1 1
9 6 6 5 4 4 4 4 2 2 2 2 1 1 1 1
9 6 6 5 4 4 4 4 2 2 2 1 1 1 1 1 1
9 6 6 5 4 4 4 3 3 3 3 3 1
9 6 6 5 4 4 4 3 3 3 3 2 2
9 6 6 5 4 4 4 3 3 3 3 2 1 1
9 6 6 5 4 4 4 3 3 3 3 1 1 1 1
9 6 6 5 4 4 4 3 3 3 2 2 2 1
9 6 6 5 4 4 4 3 3 3 2 2 1 1 1
9 6 6 5 4 4 4 3 3 3 2 1 1 1 1 1
9 6 6 5 4 4 4 3 3 3 1 1 1 1 1 1 1
9 6 6 5 4 4 4 3 3 2 2 2 2 2
9 6 6 5 4 4 4 3 3 2 2 2 2 1 1
9 6 6 5 4 4 4 3 3 2 2 2 1 1 1 1
9 6 6 5 4 4 4 3 3 2 2 1 1 1 1 1 1
9 6 6 5 4 4 4 3 2 2 2 2 2 2 1
9 6 6 5 4 4 4 3 2 2 2 2 2 1 1 1
9 6 6 5 4 4 4 3 2 2 2 2 1 1 1 1 1
9 6 6 5 4 4 4 2 2 2 2 2 2 2 2
9 6 6 5 4 4 4 2 2 2 2 2 2 2 1 1
9 6 6 5 4 4 4 2 2 2 2 2 2 1 1 1 1
9 6 6 5 4 4 3 3 3 3 3 3 2
9 6 6 5 4 4 3 3 3 3 3 3 1 1
9 6 6 5 4 4 3 3 3 3 3 2 2 1
9 6 6 5 4 4 3 3 3 3 3 2 1 1 1
9 6 6 5 4 4 3 3 3 3 3 1 1 1 1 1
9 6 6 5 4 4 3 3 3 3 2 2 2 2
9 6 6 5 4 4 3 3 3 3 2 2 2 1 1
9 6 6 5 4 4 3 3 3 3 2 2 1 1 1 1
9 6 6 5 4 4 3 3 3 3 2 1 1 1 1 1 1
9 6 6 5 4 4 3 3 3 2 2 2 2 2 1
9 6 6 5 4 4 3 3 3 2 2 2 2 1 1 1
9 6 6 5 4 4 3 3 3 2 2 2 1 1 1 1 1
9 6 6 5 4 4 3 3 2 2 2 2 2 2 2
9 6 6 5 4 4 3 3 2 2 2 2 2 2 1 1
9 6 6 5 4 4 3 3 2 2 2 2 2 1 1 1 1
9 6 6 5 4 4 3 2 2 2 2 2 2 2 2 1
9 6 6 5 4 4 3 2 2 2 2 2 2 2 1 1 1
9 6 6 5 4 3 3 3 3 3 3 3 3
9 6 6 5 4 3 3 3 3 3 3 3 2 1
9 6 6 5 4 3 3 3 3 3 3 3 1 1 1
9 6 6 5 4 3 3 3 3 3 3 2 2 2
9 6 6 5 4 3 3 3 3 3 3 2 2 1 1
9 6 6 5 4 3 3 3 3 3 3 2 1 1 1 1
9 6 6 5 4 3 3 3 3 3 3 1 1 1 1 1 1
9 6 6 5 4 3 3 3 3 3 2 2 2 2 1
9 6 6 5 4 3 3 3 3 3 2 2 2 1 1 1
9 6 6 5 4 3 3 3 3 3 2 2 1 1 1 1 1
9 6 6 5 4 3 3 3 3 2 2 2 2 2 2
9 6 6 5 4 3 3 3 3 2 2 2 2 2 1 1
9 6 6 5 4 3 3 3 3 2 2 2 2 1 1 1 1
9 6 6 5 4 3 3 3 2 2 2 2 2 2 2 1
9 6 6 5 4 3 3 3 2 2 2 2 2 2 1 1 1
9 6 6 4 4 4 4 4 4 4 4 1
9 6 6 4 4 4 4 4 4 4 3 2
9 6 6 4 4 4 4 4 4 4 3 1 1
9 6 6 4 4 4 4 4 4 4 2 2 1
9 6 6 4 4 4 4 4 4 4 2 1 1 1
9 6 6 4 4 4 4 4 4 4 1 1 1 1 1
9 6 6 4 4 4 4 4 4 3 3 3
9 6 6 4 4 4 4 4 4 3 3 2 1
9 6 6 4 4 4 4 4 4 3 3 1 1 1
9 6 6 4 4 4 4 4 4 3 2 2 2
9 6 6 4 4 4 4 4 4 3 2 2 1 1
9 6 6 4 4 4 4 4 4 3 2 1 1 1 1
9 6 6 4 4 4 4 4 4 3 1 1 1 1 1 1
9 6 6 4 4 4 4 4 4 2 2 2 2 1
9 6 6 4 4 4 4 4 4 2 2 2 1 1 1
9 6 6 4 4 4 4 4 4 2 2 1 1 1 1 1
9 6 6 4 4 4 4 4 4 2 1 1 1 1 1 1 1
9 6 6 4 4 4 4 4 3 3 3 3 1
9 6 6 4 4 4 4 4 3 3 3 2 2
9 6 6 4 4 4 4 4 3 3 3 2 1 1
9 6 6 4 4 4 4 4 3 3 3 1 1 1 1
9 6 6 4 4 4 4 4 3 3 2 2 2 1
9 6 6 4 4 4 4 4 3 3 2 2 1 1 1
9 6 6 4 4 4 4 4 3 3 2 1 1 1 1 1
9 6 6 4 4 4 4 4 3 3 1 1 1 1 1 1 1
9 6 6 4 4 4 4 4 3 2 2 2 2 2
9 6 6 4 4 4 4 4 3 2 2 2 2 1 1
9 6 6 4 4 4 4 4 3 2 2 2 1 1 1 1
9 6 6 4 4 4 4 4 3 2 2 1 1 1 1 1 1
9 6 6 4 4 4 4 4 2 2 2 2 2 2 1
9 6 6 4 4 4 4 4 2 2 2 2 2 1 1 1
9 6 6 4 4 4 4 4 2 2 2 2 1 1 1 1 1
9 6 6 4 4 4 4 3 3 3 3 3 2
9 6 6 4 4 4 4 3 3 3 3 3 1 1
9 6 6 4 4 4 4 3 3 3 3 2 2 1
9 6 6 4 4 4 4 3 3 3 3 2 1 1 1
9 6 6 4 4 4 4 3 3 3 3 1 1 1 1 1
9 6 6 4 4 4 4 3 3 3 2 2 2 2
9 6 6 4 4 4 4 3 3 3 2 2 2 1 1
9 6 6 4 4 4 4 3 3 3 2 2 1 1 1 1
9 6 6 4 4 4 4 3 3 3 2 1 1 1 1 1 1
9 6 6 4 4 4 4 3 3 2 2 2 2 2 1
9 6 6 4 4 4 4 3 3 2 2 2 2 1 1 1
9 6 6 4 4 4 4 3 3 2 2 2 1 1 1 1 1
9 6 6 4 4 4 4 3 2 2 2 2 2 2 2
9 6 6 4 4 4 4 3 2 2 2 2 2 2 1 1
9 6 6 4 4 4 4 3 2 2 2 2 2 1 1 1 1
9 6 6 4 4 4 4 2 2 2 2 2 2 2 2 1
9 6 6 4 4 4 4 2 2 2 2 2 2 2 1 1 1
9 6 6 4 4 4 3 3 3 3 3 3 3
9 6 6 4 4 4 3 3 3 3 3 3 2 1
9 6 6 4 4 4 3 3 3 3 3 3 1 1 1
9 6 6 4 4 4 3 3 3 3 3 2 2 2
9 6 6 4 4 4 3 3 3 3 3 2 2 1 1
9 6 6 4 4 4 3 3 3 3 3 2 1 1 1 1
9 6 6 4 4 4 3 3 3 3 3 1 1 1 1 1 1
9 6 6 4 4 4 3 3 3 3 2 2 2 2 1
9 6 6 4 4 4 3 3 3 3 2 2 2 1 1 1
9 6 6 4 4 4 3 3 3 3 2 2 1 1 1 1 1
9 6 6 4 4 4 3 3 3 2 2 2 2 2 2
9 6 6 4 4 4 3 3 3 2 2 2 2 2 1 1
9 6 6 4 4 4 3 3 3 2 2 2 2 1 1 1 1
9 6 6 4 4 4 3 3 2 2 2 2 2 2 2 1
9 6 6 4 4 4 3 3 2 2 2 2 2 2 1 1 1
9 6 6 4 4 3 3 3 3 3 3 3 3 1
9 6 6 4 4 3 3 3 3 3 3 3 2 2
9 6 6 4 4 3 3 3 3 3 3 3 2 1 1
9 6 6 4 4 3 3 3 3 3 3 3 1 1 1 1
9 6 6 4 4 3 3 3 3 3 3 2 2 2 1
9 6 6 4 4 3 3 3 3 3 3 2 2 1 1 1
9 6 6 4 4 3 3 3 3 3 3 2 1 1 1 1 1
9 6 6 4 4 3 3 3 3 3 2 2 2 2 2
9 6 6 4 4 3 3 3 3 3 2 2 2 2 1 1
9 6 6 4 4 3 3 3 3 3 2 2 2 1 1 1 1
9 6 6 4 4 3 3 3 3 2 2 2 2 2 2 1
9 6 6 4 4 3 3 3 3 2 2 2 2 2 1 1 1
9 6 5 5 5 5 5 5 5 3 1
9 6 5 5 5 5 5 5 5 2 2
9 6 5 5 5 5 5 5 5 2 1 1
9 6 5 5 5 5 5 5 5 1 1 1 1
9 6 5 5 5 5 5 5 4 4 1
9 6 5 5 5 5 5 5 4 3 2
9 6 5 5 5 5 5 5 4 3 1 1
9 6 5 5 5 5 5 5 4 2 2 1
9 6 5 5 5 5 5 5 4 2 1 1 1
9 6 5 5 5 5 5 5 4 1 1 1 1 1
9 6 5 5 5 5 5 5 3 3 3
9 6 5 5 5 5 5 5 3 3 2 1
9 6 5 5 5 5 5 5 3 3 1 1 1
9 6 5 5 5 5 5 5 3 2 2 2
9 6 5 5 5 5 5 5 3 2 2 1 1
9 6 5 5 5 5 5 5 3 2 1 1 1 1
9 6 5 5 5 5 5 5 3 1 1 1 1 1 1
9 6 5 5 5 5 5 5 2 2 2 2 1
9 6 5 5 5 5 5 5 2 2 2 1 1 1
9 6 5 5 5 5 5 5 2 2 1 1 1 1 1
9 6 5 5 5 5 5 5 2 1 1 1 1 1 1 1
9 6 5 5 5 5 5 4 4 4 2
9 6 5 5 5 5 5 4 4 4 1 1
9 6 5 5 5 5 5 4 4 3 3
9 6 5 5 5 5 5 4 4 3 2 1
9 6 5 5 5 5 5 4 4 3 1 1 1
9 6 5 5 5 5 5 4 4 2 2 2
9 6 5 5 5 5 5 4 4 2 2 1 1
9 6 5 5 5 5 5 4 4 2 1 1 1 1
9 6 5 5 5 5 5 4 4 1 1 1 1 1 1
9 6 5 5 5 5 5 4 3 3 3 1
9 6 5 5 5 5 5 4 3 3 2 2
9 6 5 5 5 5 5 4 3 3 2 1 1
9 6 5 5 5 5 5 4 3 3 1 1 1 1
9 6 5 5 5 5 5 4 3 2 2 2 1
9 6 5 5 5 5 5 4 3 2 2 1 1 1
9 6 5 5 5 5 5 4 3 2 1 1 1 1 1
9 6 5 5 5 5 5 4 3 1 1 1 1 1 1 1
9 6 5 5 5 5 5 4 2 2 2 2 2
9 6 5 5 5 5 5 4 2 2 2 2 1 1
9 6 5 5 5 5 5 4 2 2 2 1 1 1 1
9 6 5 5 5 5 5 4 2 2 1 1 1 1 1 1
9 6 5 5 5 5 5 4 2 1 1 1 1 1 1 1 1
9 6 5 5 5 5 5 3 3 3 3 2
9 6 5 5 5 5 5 3 3 3 3 1 1
9 6 5 5 5 5 5 3 3 3 2 2 1
9 6 5 5 5 5 5 3 3 3 2 1 1 1
9 6 5 5 5 5 5 3 3 3 1 1 1 1 1
9 6 5 5 5 5 5 3 3 2 2 2 2
9 6 5 5 5 5 5 3 3 2 2 2 1 1
9 6 5 5 5 5 5 3 3 2 2 1 1 1 1
9 6 5 5 5 5 5 3 3 2 1 1 1 1 1 1
9 6 5 5 5 5 5 3 3 1 1 1 1 1 1 1 1
9 6 5 5 5 5 5 3 2 2 2 2 2 1
9 6 5 5 5 5 5 3 2 2 2 2 1 1 1
9 6 5 5 5 5 5 3 2 2 2 1 1 1 1 1
9 6 5 5 5 5 5 3 2 2 1 1 1 1 1 1 1
9 6 5 5 5 5 5 2 2 2 2 2 2 2
9 6 5 5 5 5 5 2 2 2 2 2 2 1 1
9 6 5 5 5 5 5 2 2 2 2 2 1 1 1 1
9 6 5 5 5 5 5 2 2 2 2 1 1 1 1 1 1
9 6 5 5 5 5 4 4 4 4 3
9 6 5 5 5 5 4 4 4 4 2 1
9 6 5 5 5 5 4 4 4 4 1 1 1
9 6 5 5 5 5 4 4 4 3 3 1
9 6 5 5 5 5 4 4 4 3 2 2
9 6 5 5 5 5 4 4 4 3 2 1 1
9 6 5 5 5 5 4 4 4 3 1 1 1 1
9 6 5 5 5 5 4 4 4 2 2 2 1
9 6 5 5 5 5 4 4 4 2 2 1 1 1
9 6 5 5 5 5 4 4 4 2 1 1 1 1 1
9 6 5 5 5 5 4 4 4 1 1 1 1 1 1 1
9 6 5 5 5 5 4 4 3 3 3 2
9 6 5 5 5 5 4 4 3 3 3 1 1
9 6 5 5 5 5 4 4 3 3 2 2 1
9 6 5 5 5 5 4 4 3 3 2 1 1 1
9 6 5 5 5 5 4 4 3 3 1 1 1 1 1
9 6 5 5 5 5 4 4 3 2 2 2 2
9 6 5 5 5 5 4 4 3 2 2 2 1 1
9 6 5 5 5 5 4 4 3 2 2 1 1 1 1
9 6 5 5 5 5 4 4 3 2 1 1 1 1 1 1
9 6 5 5 5 5 4 4 3 1 1 1 1 1 1 1 1
9 6 5 5 5 5 4 4 2 2 2 2 2 1
9 6 5 5 5 5 4 4 2 2 2 2 1 1 1
9 6 5 5 5 5 4 4 2 2 2 1 1 1 1 1
9 6 5 5 5 5 4 4 2 2 1 1 1 1 1 1 1
9 6 5 5 5 5 4 3 3 3 3 3
9 6 5 5 5 5 4 3 3 3 3 2 1
9 6 5 5 5 5 4 3 3 3 3 1 1 1
9 6 5 5 5 5 4 3 3 3 2 2 2
9 6 5 5 5 5 4 3 3 3 2 2 1 1
9 6 5 5 5 5 4 3 3 3 2 1 1 1 1
9 6 5 5 5 5 4 3 3 3 1 1 1 1 1 1
9 6 5 5 5 5 4 3 3 2 2 2 2 1
9 6 5 5 5 5 4 3 3 2 2 2 1 1 1
9 6 5 5 5 5 4 3 3 2 2 1 1 1 1 1
9 6 5 5 5 5 4 3 3 2 1 1 1 1 1 1 1
9 6 5 5 5 5 4 3 2 2 2 2 2 2
9 6 5 5 5 5 4 3 2 2 2 2 2 1 1
9 6 5 5 5 5 4 3 2 2 2 2 1 1 1 1
9 6 5 5 5 5 4 3 2 2 2 1 1 1 1 1 1
9 6 5 5 5 5 4 2 2 2 2 2 2 2 1
9 6 5 5 5 5 4 2 2 2 2 2 2 1 1 1
9 6 5 5 5 5 4 2 2 2 2 2 1 1 1 1 1
9 6 5 5 5 5 3 3 3 3 3 3 1
9 6 5 5 5 5 3 3 3 3 3 2 2
9 6 5 5 5 5 3 3 3 3 3 2 1 1
9 6 5 5 5 5 3 3 3 3 3 1 1 1 1
9 6 5 5 5 5 3 3 3 3 2 2 2 1
9 6 5 5 5 5 3 3 3 3 2 2 1 1 1
9 6 5 5 5 5 3 3 3 3 2 1 1 1 1 1
9 6 5 5 5 5 3 3 3 3 1 1 1 1 1 1 1
9 6 5 5 5 5 3 3 3 2 2 2 2 2
9 6 5 5 5 5 3 3 3 2 2 2 2 1 1
9 6 5 5 5 5 3 3 3 2 2 2 1 1 1 1
9 6 5 5 5 5 3 3 3 2 2 1 1 1 1 1 1
9 6 5 5 5 5 3 3 2 2 2 2 2 2 1
9 6 5 5 5 5 3 3 2 2 2 2 2 1 1 1
9 6 5 5 5 5 3 3 2 2 2 2 1 1 1 1 1
9 6 5 5 5 5 3 2 2 2 2 2 2 2 2
9 6 5 5 5 5 3 2 2 2 2 2 2 2 1 1
9 6 5 5 5 5 3 2 2 2 2 2 2 1 1 1 1
9 6 5 5 5 4 4 4 4 4 4
9 6 5 5 5 4 4 4 4 4 3 1
9 6 5 5 5 4 4 4 4 4 2 2
9 6 5 5 5 4 4 4 4 4 2 1 1
9 6 5 5 5 4 4 4 4 4 1 1 1 1
9 6 5 5 5 4 4 4 4 3 3 2
9 6 5 5 5 4 4 4 4 3 3 1 1
9 6 5 5 5 4 4 4 4 3 2 2 1
9 6 5 5 5 4 4 4 4 3 2 1 1 1
9 6 5 5 5 4 4 4 4 3 1 1 1 1 1
9 6 5 5 5 4 4 4 4 2 2 2 2
9 6 5 5 5 4 4 4 4 2 2 2 1 1
9 6 5 5 5 4 4 4 4 2 2 1 1 1 1
9 6 5 5 5 4 4 4 4 2 1 1 1 1 1 1
9 6 5 5 5 4 4 4 4 1 1 1 1 1 1 1 1
9 6 5 5 5 4 4 4 3 3 3 3
9 6 5 5 5 4 4 4 3 3 3 2 1
9 6 5 5 5 4 4 4 3 3 3 1 1 1
9 6 5 5 5 4 4 4 3 3 2 2 2
9 6 5 5 5 4 4 4 3 3 2 2 1 1
9 6 5 5 5 4 4 4 3 3 2 1 1 1 1
9 6 5 5 5 4 4 4 3 3 1 1 1 1 1 1
9 6 5 5 5 4 4 4 3 2 2 2 2 1
9 6 5 5 5 4 4 4 3 2 2 2 1 1 1
9 6 5 5 5 4 4 4 3 2 2 1 1 1 1 1
9 6 5 5 5 4 4 4 3 2 1 1 1 1 1 1 1
9 6 5 5 5 4 4 4 2 2 2 2 2 2
9 6 5 5 5 4 4 4 2 2 2 2 2 1 1
9 6 5 5 5 4 4 4 2 2 2 2 1 1 1 1
9 6 5 5 5 4 4 4 2 2 2 1 1 1 1 1 1
9 6 5 5 5 4 4 3 3 3 3 3 1
9 6 5 5 5 4 4 3 3 3 3 2 2
9 6 5 5 5 4 4 3 3 3 3 2 1 1
9 6 5 5 5 4 4 3 3 3 3 1 1 1 1
9 6 5 5 5 4 4 3 3 3 2 2 2 1
9 6 5 5 5 4 4 3 3 3 2 2 1 1 1
9 6 5 5 5 4 4 3 3 3 2 1 1 1 1 1
9 6 5 5 5 4 4 3 3 3 1 1 1 1 1 1 1
9 6 5 5 5 4 4 3 3 2 2 2 2 2
9 6 5 5 5 4 4 3 3 2 2 2 2 1 1
9 6 5 5 5 4 4 3 3 2 2 2 1 1 1 1
9 6 5 5 5 4 4 3 3 2 2 1 1 1 1 1 1
9 6 5 5 5 4 4 3 2 2 2 2 2 2 1
9 6 5 5 5 4 4 3 2 2 2 2 2 1 1 1
9 6 5 5 5 4 4 3 2 2 2 2 1 1 1 1 1
9 6 5 5 5 4 4 2 2 2 2 2 2 2 2
9 6 5 5 5 4 4 2 2 2 2 2 2 2 1 1
9 6 5 5 5 4 4 2 2 2 2 2 2 1 1 1 1
9 6 5 5 5 4 3 3 3 3 3 3 2
9 6 5 5 5 4 3 3 3 3 3 3 1 1
9 6 5 5 5 4 3 3 3 3 3 2 2 1
9 6 5 5 5 4 3 3 3 3 3 2 1 1 1
9 6 5 5 5 4 3 3 3 3 3 1 1 1 1 1
9 6 5 5 5 4 3 3 3 3 2 2 2 2
9 6 5 5 5 4 3 3 3 3 2 2 2 1 1
9 6 5 5 5 4 3 3 3 3 2 2 1 1 1 1
9 6 5 5 5 4 3 3 3 3 2 1 1 1 1 1 1
9 6 5 5 5 4 3 3 3 2 2 2 2 2 1
9 6 5 5 5 4 3 3 3 2 2 2 2 1 1 1
9 6 5 5 5 4 3 3 3 2 2 2 1 1 1 1 1
9 6 5 5 5 4 3 3 2 2 2 2 2 2 2
9 6 5 5 5 4 3 3 2 2 2 2 2 2 1 1
9 6 5 5 5 4 3 3 2 2 2 2 2 1 1 1 1
9 6 5 5 5 4 3 2 2 2 2 2 2 2 2 1
9 6 5 5 5 4 3 2 2 2 2 2 2 2 1 1 1
9 6 5 5 5 3 3 3 3 3 3 3 3
9 6 5 5 5 3 3 3 3 3 3 3 2 1
9 6 5 5 5 3 3 3 3 3 3 3 1 1 1
9 6 5 5 5 3 3 3 3 3 3 2 2 2
9 6 5 5 5 3 3 3 3 3 3 2 2 1 1
9 6 5 5 5 3 3 3 3 3 3 2 1 1 1 1
9 6 5 5 5 3 3 3 3 3 3 1 1 1 1 1 1
9 6 5 5 5 3 3 3 3 3 2 2 2 2 1
9 6 5 5 5 3 3 3 3 3 2 2 2 1 1 1
9 6 5 5 5 3 3 3 3 3 2 2 1 1 1 1 1
9 6 5 5 5 3 3 3 3 2 2 2 2 2 2
9 6 5 5 5 3 3 3 3 2 2 2 2 2 1 1
9 6 5 5 5 3 3 3 3 2 2 2 2 1 1 1 1
9 6 5 5 5 3 3 3 2 2 2 2 2 2 2 1
9 6 5 5 5 3 3 3 2 2 2 2 2 2 1 1 1
9 6 5 5 4 4 4 4 4 4 4 1
9 6 5 5 4 4 4 4 4 4 3 2
9 6 5 5 4 4 4 4 4 4 3 1 1
9 6 5 5 4 4 4 4 4 4 2 2 1
9 6 5 5 4 4 4 4 4 4 2 1 1 1
9 6 5 5 4 4 4 4 4 4 1 1 1 1 1
9 6 5 5 4 4 4 4 4 3 3 3
9 6 5 5 4 4 4 4 4 3 3 2 1
9 6 5 5 4 4 4 4 4 3 3 1 1 1
9 6 5 5 4 4 4 4 4 3 2 2 2
9 6 5 5 4 4 4 4 4 3 2 2 1 1
9 6 5 5 4 4 4 4 4 3 2 1 1 1 1
9 6 5 5 4 4 4 4 4 3 1 1 1 1 1 1
9 6 5 5 4 4 4 4 4 2 2 2 2 1
9 6 5 5 4 4 4 4 4 2 2 2 1 1 1
9 6 5 5 4 4 4 4 4 2 2 1 1 1 1 1
9 6 5 5 4 4 4 4 4 2 1 1 1 1 1 1 1
9 6 5 5 4 4 4 4 3 3 3 3 1
9 6 5 5 4 4 4 4 3 3 3 2 2
9 6 5 5 4 4 4 4 3 3 3 2 1 1
9 6 5 5 4 4 4 4 3 3 3 1 1 1 1
9 6 5 5 4 4 4 4 3 3 2 2 2 1
9 6 5 5 4 4 4 4 3 3 2 2 1 1 1
9 6 5 5 4 4 4 4 3 3 2 1 1 1 1 1
9 6 5 5 4 4 4 4 3 3 1 1 1 1 1 1 1
9 6 5 5 4 4 4 4 3 2 2 2 2 2
9 6 5 5 4 4 4 4 3 2 2 2 2 1 1
9 6 5 5 4 4 4 4 3 2 2 2 1 1 1 1
9 6 5 5 4 4 4 4 3 2 2 1 1 1 1 1 1
9 6 5 5 4 4 4 4 2 2 2 2 2 2 1
9 6 5 5 4 4 4 4 2 2 2 2 2 1 1 1
9 6 5 5 4 4 4 4 2 2 2 2 1 1 1 1 1
9 6 5 5 4 4 4 3 3 3 3 3 2
9 6 5 5 4 4 4 3 3 3 3 3 1 1
9 6 5 5 4 4 4 3 3 3 3 2 2 1
9 6 5 5 4 4 4 3 3 3 3 2 1 1 1
9 6 5 5 4 4 4 3 3 3 3 1 1 1 1 1
9 6 5 5 4 4 4 3 3 3 2 2 2 2
9 6 5 5 4 4 4 3 3 3 2 2 2 1 1
9 6 5 5 4 4 4 3 3 3 2 2 1 1 1 1
9 6 5 5 4 4 4 3 3 3 2 1 1 1 1 1 1
9 6 5 5 4 4 4 3 3 2 2 2 2 2 1
9 6 5 5 4 4 4 3 3 2 2 2 2 1 1 1
9 6 5 5 4 4 4 3 3 2 2 2 1 1 1 1 1
9 6 5 5 4 4 4 3 2 2 2 2 2 2 2
9 6 5 5 4 4 4 3 2 2 2 2 2 2 1 1
9 6 5 5 4 4 4 3 2 2 2 2 2 1 1 1 1
9 6 5 5 4 4 4 2 2 2 2 2 2 2 2 1
9 6 5 5 4 4 4 2 2 2 2 2 2 2 1 1 1
9 6 5 5 4 4 3 3 3 3 3 3 3
9 6 5 5 4 4 3 3 3 3 3 3 2 1
9 6 5 5 4 4 3 3 3 3 3 3 1 1 1
9 6 5 5 4 4 3 3 3 3 3 2 2 2
9 6 5 5 4 4 3 3 3 3 3 2 2 1 1
9 6 5 5 4 4 3 3 3 3 3 2 1 1 1 1
9 6 5 5 4 4 3 3 3 3 3 1 1 1 1 1 1
9 6 5 5 4 4 3 3 3 3 2 2 2 2 1
9 6 5 5 4 4 3 3 3 3 2 2 2 1 1 1
9 6 5 5 4 4 3 3 3 3 2 2 1 1 1 1 1
9 6 5 5 4 4 3 3 3 2 2 2 2 2 2
9 6 5 5 4 4 3 3 3 2 2 2 2 2 1 1
9 6 5 5 4 4 3 3 3 2 2 2 2 1 1 1 1
9 6 5 5 4 4 3 3 2 2 2 2 2 2 2 1
9 6 5 5 4 4 3 3 2 2 2 2 2 2 1 1 1
9 6 5 5 4 3 3 3 3 3 3 3 3 1
9 6 5 5 4 3 3 3 3 3 3 3 2 2
9 6 5 5 4 3 3 3 3 3 3 3 2 1 1
9 6 5 5 4 3 3 3 3 3 3 3 1 1 1 1
9 6 5 5 4 3 3 3 3 3 3 2 2 2 1
9 6 5 5 4 3 3 3 3 3 3 2 2 1 1 1
9 6 5 5 4 3 3 3 3 3 3 2 1 1 1 1 1
9 6 5 5 4 3 3 3 3 3 2 2 2 2 2
9 6 5 5 4 3 3 3 3 3 2 2 2 2 1 1
9 6 5 5 4 3 3 3 3 3 2 2 2 1 1 1 1
9 6 5 5 4 3 3 3 3 2 2 2 2 2 2 1
9 6 5 5 4 3 3 3 3 2 2 2 2 2 1 1 1
9 6 5 4 4 4 4 4 4 4 4 2
9 6 5 4 4 4 4 4 4 4 4 1 1
9 6 5 4 4 4 4 4 4 4 3 3
9 6 5 4 4 4 4 4 4 4 3 2 1
9 6 5 4 4 4 4 4 4 4 3 1 1 1
9 6 5 4 4 4 4 4 4 4 2 2 2
9 6 5 4 4 4 4 4 4 4 2 2 1 1
9 6 5 4 4 4 4 4 4 4 2 1 1 1 1
9 6 5 4 4 4 4 4 4 4 1 1 1 1 1 1
9 6 5 4 4 4 4 4 4 3 3 3 1
9 6 5 4 4 4 4 4 4 3 3 2 2
9 6 5 4 4 4 4 4 4 3 3 2 1 1
9 6 5 4 4 4 4 4 4 3 3 1 1 1 1
9 6 5 4 4 4 4 4 4 3 2 2 2 1
9 6 5 4 4 4 4 4 4 3 2 2 1 1 1
9 6 5 4 4 4 4 4 4 3 2 1 1 1 1 1
9 6 5 4 4 4 4 4 4 3 1 1 1 1 1 1 1
9 6 5 4 4 4 4 4 4 2 2 2 2 2
9 6 5 4 4 4 4 4 4 2 2 2 2 1 1
9 6 5 4 4 4 4 4 4 2 2 2 1 1 1 1
9 6 5 4 4 4 4 4 4 2 2 1 1 1 1 1 1
9 6 5 4 4 4 4 4 3 3 3 3 2
9 6 5 4 4 4 4 4 3 3 3 3 1 1
9 6 5 4 4 4 4 4 3 3 3 2 2 1
9 6 5 4 4 4 4 4 3 3 3 2 1 1 1
9 6 5 4 4 4 4 4 3 3 3 1 1 1 1 1
9 6 5 4 4 4 4 4 3 3 2 2 2 2
9 6 5 4 4 4 4 4 3 3 2 2 2 1 1
9 6 5 4 4 4 4 4 3 3 2 2 1 1 1 1
9 6 5 4 4 4 4 4 3 3 2 1 1 1 1 1 1
9 6 5 4 4 4 4 4 3 2 2 2 2 2 1
9 6 5 4 4 4 4 4 3 2 2 2 2 1 1 1
9 6 5 4 4 4 4 4 3 2 2 2 1 1 1 1 1
9 6 5 4 4 4 4 4 2 2 2 2 2 2 2
9 6 5 4 4 4 4 4 2 2 2 2 2 2 1 1
9 6 5 4 4 4 4 4 2 2 2 2 2 1 1 1 1
9 6 5 4 4 4 4 3 3 3 3 3 3
9 6 5 4 4 4 4 3 3 3 3 3 2 1
9 6 5 4 4 4 4 3 3 3 3 3 1 1 1
9 6 5 4 4 4 4 3 3 3 3 2 2 2
9 6 5 4 4 4 4 3 3 3 3 2 2 1 1
9 6 5 4 4 4 4 3 3 3 3 2 1 1 1 1
9 6 5 4 4 4 4 3 3 3 3 1 1 1 1 1 1
9 6 5 4 4 4 4 3 3 3 2 2 2 2 1
9 6 5 4 4 4 4 3 3 3 2 2 2 1 1 1
9 6 5 4 4 4 4 3 3 3 2 2 1 1 1 1 1
9 6 5 4 4 4 4 3 3 2 2 2 2 2 2
9 6 5 4 4 4 4 3 3 2 2 2 2 2 1 1
9 6 5 4 4 4 4 3 3 2 2 2 2 1 1 1 1
9 6 5 4 4 4 4 3 2 2 2 2 2 2 2 1
9 6 5 4 4 4 4 3 2 2 2 2 2 2 1 1 1
9 6 5 4 4 4 3 3 3 3 3 3 3 1
9 6 5 4 4 4 3 3 3 3 3 3 2 2
9 6 5 4 4 4 3 3 3 3 3 3 2 1 1
9 6 5 4 4 4 3 3 3 3 3 3 1 1 1 1
9 6 5 4 4 4 3 3 3 3 3 2 2 2 1
9 6 5 4 4 4 3 3 3 3 3 2 2 1 1 1
9 6 5 4 4 4 3 3 3 3 3 2 1 1 1 1 1
9 6 5 4 4 4 3 3 3 3 2 2 2 2 2
9 6 5 4 4 4 3 3 3 3 2 2 2 2 1 1
9 6 5 4 4 4 3 3 3 3 2 2 2 1 1 1 1
9 6 5 4 4 4 3 3 3 2 2 2 2 2 2 1
9 6 5 4 4 4 3 3 3 2 2 2 2 2 1 1 1
9 6 5 4 4 3 3 3 3 3 3 3 3 2
9 6 5 4 4 3 3 3 3 3 3 3 3 1 1
9 6 5 4 4 3 3 3 3 3 3 3 2 2 1
9 6 5 4 4 3 3 3 3 3 3 3 2 1 1 1
9 6 5 4 4 3 3 3 3 3 3 3 1 1 1 1 1
9 6 5 4 4 3 3 3 3 3 3 2 2 2 2
9 6 5 4 4 3 3 3 3 3 3 2 2 2 1 1
9 6 5 4 4 3 3 3 3 3 3 2 2 1 1 1 1
9 6 5 4 4 3 3 3 3 3 2 2 2 2 2 1
9 6 5 4 4 3 3 3 3 3 2 2 2 2 1 1 1
9 5 5 5 5 5 5 5 5 4 1
9 5 5 5 5 5 5 5 5 3 2
9 5 5 5 5 5 5 5 5 3 1 1
9 5 5 5 5 5 5 5 5 2 2 1
9 5 5 5 5 5 5 5 5 2 1 1 1
9 5 5 5 5 5 5 5 5 1 1 1 1 1
9 5 5 5 5 5 5 5 4 4 2
9 5 5 5 5 5 5 5 4 4 1 1
9 5 5 5 5 5 5 5 4 3 3
9 5 5 5 5 5 5 5 4 3 2 1
9 5 5 5 5 5 5 5 4 3 1 1 1
9 5 5 5 5 5 5 5 4 2 2 2
9 5 5 5 5 5 5 5 4 2 2 1 1
9 5 5 5 5 5 5 5 4 2 1 1 1 1
9 5 5 5 5 5 5 5 4 1 1 1 1 1 1
9 5 5 5 5 5 5 5 3 3 3 1
9 5 5 5 5 5 5 5 3 3 2 2
9 5 5 5 5 5 5 5 3 3 2 1 1
9 5 5 5 5 5 5 5 3 3 1 1 1 1
9 5 5 5 5 5 5 5 3 2 2 2 1
9 5 5 5 5 5 5 5 3 2 2 1 1 1
9 5 5 5 5 5 5 5 3 2 1 1 1 1 1
9 5 5 5 5 5 5 5 3 1 1 1 1 1 1 1
9 5 5 5 5 5 5 5 2 2 2 2 2
9 5 5 5 5 5 5 5 2 2 2 2 1 1
9 5 5 5 5 5 5 5 2 2 2 1 1 1 1
9 5 5 5 5 5 5 5 2 2 1 1 1 1 1 1
9 5 5 5 5 5 5 5 2 1 1 1 1 1 1 1 1
9 5 5 5 5 5 5 4 4 4 3
9 5 5 5 5 5 5 4 4 4 2 1
9 5 5 5 5 5 5 4 4 4 1 1 1
9 5 5 5 5 5 5 4 4 3 3 1
9 5 5 5 5 5 5 4 4 3 2 2
9 5 5 5 5 5 5 4 4 3 2 1 1
9 5 5 5 5 5 5 4 4 3 1 1 1 1
9 5 5 5 5 5 5 4 4 2 2 2 1
9 5 5 5 5 5 5 4 4 2 2 1 1 1
9 5 5 5 5 5 5 4 4 2 1 1 1 1 1
9 5 5 5 5 5 5 4 4 1 1 1 1 1 1 1
9 5 5 5 5 5 5 4 3 3 3 2
9 5 5 5 5 5 5 4 3 3 3 1 1
9 5 5 5 5 5 5 4 3 3 2 2 1
9 5 5 5 5 5 5 4 3 3 2 1 1 1
9 5 5 5 5 5 5 4 3 3 1 1 1 1 1
9 5 5 5 5 5 5 4 3 2 2 2 2
9 5 5 5 5 5 5 4 3 2 2 2 1 1
9 5 5 5 5 5 5 4 3 2 2 1 1 1 1
9 5 5 5 5 5 5 4 3 2 1 1 1 1 1 1
9 5 5 5 5 5 5 4 3 1 1 1 1 1 1 1 1
9 5 5 5 5 5 5 4 2 2 2 2 2 1
9 5 5 5 5 5 5 4 2 2 2 2 1 1 1
9 5 5 5 5 5 5 4 2 2 2 1 1 1 1 1
9 5 5 5 5 5 5 4 2 2 1 1 1 1 1 1 1
9 5 5 5 5 5 5 3 3 3 3 3
9 5 5 5 5 5 5 3 3 3 3 2 1
9 5 5 5 5 5 5 3 3 3 3 1 1 1
9 5 5 5 5 5 5 3 3 3 2 2 2
9 5 5 5 5 5 5 3 3 3 2 2 1 1
9 5 5 5 5 5 5 3 3 3 2 1 1 1 1
9 5 5 5 5 5 5 3 3 3 1 1 1 1 1 1
9 5 5 5 5 5 5 3 3 2 2 2 2 1
9 5 5 5 5 5 5 3 3 2 2 2 1 1 1
9 5 5 5 5 5 5 3 3 2 2 1 1 1 1 1
9 5 5 5 5 5 5 3 3 2 1 1 1 1 1 1 1
9 5 5 5 5 5 5 3 2 2 2 2 2 2
9 5 5 5 5 5 5 3 2 2 2 2 2 1 1
9 5 5 5 5 5 5 3 2 2 2 2 1 1 1 1
9 5 5 5 5 5 5 3 2 2 2 1 1 1 1 1 1
9 5 5 5 5 5 5 2 2 2 2 2 2 2 1
9 5 5 5 5 5 5 2 2 2 2 2 2 1 1 1
9 5 5 5 5 5 5 2 2 2 2 2 1 1 1 1 1
9 5 5 5 5 5 4 4 4 4 4
9 5 5 5 5 5 4 4 4 4 3 1
9 5 5 5 5 5 4 4 4 4 2 2
9 5 5 5 5 5 4 4 4 4 2 1 1
9 5 5 5 5 5 4 4 4 4 1 1 1 1
9 5 5 5 5 5 4 4 4 3 3 2
9 5 5 5 5 5 4 4 4 3 3 1 1
9 5 5 5 5 5 4 4 4 3 2 2 1
9 5 5 5 5 5 4 4 4 3 2 1 1 1
9 5 5 5 5 5 4 4 4 3 1 1 1 1 1
9 5 5 5 5 5 4 4 4 2 2 2 2
9 5 5 5 5 5 4 4 4 2 2 2 1 1
9 5 5 5 5 5 4 4 4 2 2 1 1 1 1
9 5 5 5 5 5 4 4 4 2 1 1 1 1 1 1
9 5 5 5 5 5 4 4 4 1 1 1 1 1 1 1 1
9 5 5 5 5 5 4 4 3 3 3 3
9 5 5 5 5 5 4 4 3 3 3 2 1
9 5 5 5 5 5 4 4 3 3 3 1 1 1
9 5 5 5 5 5 4 4 3 3 2 2 2
9 5 5 5 5 5 4 4 3 3 2 2 1 1
9 5 5 5 5 5 4 4 3 3 2 1 1 1 1
9 5 5 5 5 5 4 4 3 3 1 1 1 1 1 1
9 5 5 5 5 5 4 4 3 2 2 2 2 1
9 5 5 5 5 5 4 4 3 2 2 2 1 1 1
9 5 5 5 5 5 4 4 3 2 2 1 1 1 1 1
9 5 5 5 5 5 4 4 3 2 1 1 1 1 1 1 1
9 5 5 5 5 5 4 4 2 2 2 2 2 2
9 5 5 5 5 5 4 4 2 2 2 2 2 1 1
9 5 5 5 5 5 4 4 2 2 2 2 1 1 1 1
9 5 5 5 5 5 4 4 2 2 2 1 1 1 1 1 1
9 5 5 5 5 5 4 3 3 3 3 3 1
9 5 5 5 5 5 4 3 3 3 3 2 2
9 5 5 5 5 5 4 3 3 3 3 2 1 1
9 5 5 5 5 5 4 3 3 3 3 1 1 1 1
9 5 5 5 5 5 4 3 3 3 2 2 2 1
9 5 5 5 5 5 4 3 3 3 2 2 1 1 1
9 5 5 5 5 5 4 3 3 3 2 1 1 1 1 1
9 5 5 5 5 5 4 3 3 3 1 1 1 1 1 1 1
9 5 5 5 5 5 4 3 3 2 2 2 2 2
9 5 5 5 5 5 4 3 3 2 2 2 2 1 1
9 5 5 5 5 5 4 3 3 2 2 2 1 1 1 1
9 5 5 5 5 5 4 3 3 2 2 1 1 1 1 1 1
9 5 5 5 5 5 4 3 2 2 2 2 2 2 1
9 5 5 5 5 5 4 3 2 2 2 2 2 1 1 1
9 5 5 5 5 5 4 3 2 2 2 2 1 1 1 1 1
9 5 5 5 5 5 4 2 2 2 2 2 2 2 2
9 5 5 5 5 5 4 2 2 2 2 2 2 2 1 1
9 5 5 5 5 5 4 2 2 2 2 2 2 1 1 1 1
9 5 5 5 5 5 3 3 3 3 3 3 2
9 5 5 5 5 5 3 3 3 3 3 3 1 1
9 5 5 5 5 5 3 3 3 3 3 2 2 1
9 5 5 5 5 5 3 3 3 3 3 2 1 1 1
9 5 5 5 5 5 3 3 3 3 3 1 1 1 1 1
9 5 5 5 5 5 3 3 3 3 2 2 2 2
9 5 5 5 5 5 3 3 3 3 2 2 2 1 1
9 5 5 5 5 5 3 3 3 3 2 2 1 1 1 1
9 5 5 5 5 5 3 3 3 3 2 1 1 1 1 1 1
9 5 5 5 5 5 3 3 3 2 2 2 2 2 1
9 5 5 5 5 5 3 3 3 2 2 2 2 1 1 1
9 5 5 5 5 5 3 3 3 2 2 2 1 1 1 1 1
9 5 5 5 5 5 3 3 2 2 2 2 2 2 2
9 5 5 5 5 5 3 3 2 2 2 2 2 2 1 1
9 5 5 5 5 5 3 3 2 2 2 2 2 1 1 1 1
9 5 5 5 5 5 3 2 2 2 2 2 2 2 2 1
9 5 5 5 5 5 3 2 2 2 2 2 2 2 1 1 1
9 5 5 5 5 4 4 4 4 4 4 1
9 5 5 5 5 4 4 4 4 4 3 2
9 5 5 5 5 4 4 4 4 4 3 1 1
9 5 5 5 5 4 4 4 4 4 2 2 1
9 5 5 5 5 4 4 4 4 4 2 1 1 1
9 5 5 5 5 4 4 4 4 4 1 1 1 1 1
9 5 5 5 5 4 4 4 4 3 3 3
9 5 5 5 5 4 4 4 4 3 3 2 1
9 5 5 5 5 4 4 4 4 3 3 1 1 1
9 5 5 5 5 4 4 4 4 3 2 2 2
9 5 5 5 5 4 4 4 4 3 2 2 1 1
9 5 5 5 5 4 4 4 4 3 2 1 1 1 1
9 5 5 5 5 4 4 4 4 3 1 1 1 1 1 1
9 5 5 5 5 4 4 4 4 2 2 2 2 1
9 5 5 5 5 4 4 4 4 2 2 2 1 1 1
9 5 5 5 5 4 4 4 4 2 2 1 1 1 1 1
9 5 5 5 5 4 4 4 4 2 1 1 1 1 1 1 1
9 5 5 5 5 4 4 4 3 3 3 3 1
9 5 5 5 5 4 4 4 3 3 3 2 2
9 5 5 5 5 4 4 4 3 3 3 2 1 1
9 5 5 5 5 4 4 4 3 3 3 1 1 1 1
9 5 5 5 5 4 4 4 3 3 2 2 2 1
9 5 5 5 5 4 4 4 3 3 2 2 1 1 1
9 5 5 5 5 4 4 4 3 3 2 1 1 1 1 1
9 5 5 5 5 4 4 4 3 3 1 1 1 1 1 1 1
9 5 5 5 5 4 4 4 3 2 2 2 2 2
9 5 5 5 5 4 4 4 3 2 2 2 2 1 1
9 5 5 5 5 4 4 4 3 2 2 2 1 1 1 1
9 5 5 5 5 4 4 4 3 2 2 1 1 1 1 1 1
9 5 5 5 5 4 4 4 2 2 2 2 2 2 1
9 5 5 5 5 4 4 4 2 2 2 2 2 1 1 1
9 5 5 5 5 4 4 4 2 2 2 2 1 1 1 1 1
9 5 5 5 5 4 4 3 3 3 3 3 2
9 5 5 5 5 4 4 3 3 3 3 3 1 1
9 5 5 5 5 4 4 3 3 3 3 2 2 1
9 5 5 5 5 4 4 3 3 3 3 2 1 1 1
9 5 5 5 5 4 4 3 3 3 3 1 1 1 1 1
9 5 5 5 5 4 4 3 3 3 2 2 2 2
9 5 5 5 5 4 4 3 3 3 2 2 2 1 1
9 5 5 5 5 4 4 3 3 3 2 2 1 1 1 1
9 5 5 5 5 4 4 3 3 3 2 1 1 1 1 1 1
9 5 5 5 5 4 4 3 3 2 2 2 2 2 1
9 5 5 5 5 4 4 3 3 2 2 2 2 1 1 1
9 5 5 5 5 4 4 3 3 2 2 2 1 1 1 1 1
9 5 5 5 5 4 4 3 2 2 2 2 2 2 2
9 5 5 5 5 4 4 3 2 2 2 2 2 2 1 1
9 5 5 5 5 4 4 3 2 2 2 2 2 1 1 1 1
9 5 5 5 5 4 4 2 2 2 2 2 2 2 2 1
9 5 5 5 5 4 4 2 2 2 2 2 2 2 1 1 1
9 5 5 5 5 4 3 3 3 3 3 3 3
9 5 5 5 5 4 3 3 3 3 3 3 2 1
9 5 5 5 5 4 3 3 3 3 3 3 1 1 1
9 5 5 5 5 4 3 3 3 3 3 2 2 2
9 5 5 5 5 4 3 3 3 3 3 2 2 1 1
9 5 5 5 5 4 3 3 3 3 3 2 1 1 1 1
9 5 5 5 5 4 3 3 3 3 3 1 1 1 1 1 1
9 5 5 5 5 4 3 3 3 3 2 2 2 2 1
9 5 5 5 5 4 3 3 3 3 2 2 2 1 1 1
9 5 5 5 5 4 3 3 3 3 2 2 1 1 1 1 1
9 5 5 5 5 4 3 3 3 2 2 2 2 2 2
9 5 5 5 5 4 3 3 3 2 2 2 2 2 1 1
9 5 5 5 5 4 3 3 3 2 2 2 2 1 1 1 1
9 5 5 5 5 4 3 3 2 2 2 2 2 2 2 1
9 5 5 5 5 4 3 3 2 2 2 2 2 2 1 1 1
9 5 5 5 5 3 3 3 3 3 3 3 3 1
9 5 5 5 5 3 3 3 3 3 3 3 2 2
9 5 5 5 5 3 3 3 3 3 3 3 2 1 1
9 5 5 5 5 3 3 3 3 3 3 3 1 1 1 1
9 5 5 5 5 3 3 3 3 3 3 2 2 2 1
9 5 5 5 5 3 3 3 3 3 3 2 2 1 1 1
9 5 5 5 5 3 3 3 3 3 3 2 1 1 1 1 1
9 5 5 5 5 3 3 3 3 3 2 2 2 2 2
9 5 5 5 5 3 3 3 3 3 2 2 2 2 1 1
9 5 5 5 5 3 3 3 3 3 2 2 2 1 1 1 1
9 5 5 5 5 3 3 3 3 2 2 2 2 2 2 1
9 5 5 5 5 3 3 3 3 2 2 2 2 2 1 1 1
9 5 5 5 4 4 4 4 4 4 4 2
9 5 5 5 4 4 4 4 4 4 4 1 1
9 5 5 5 4 4 4 4 4 4 3 3
9 5 5 5 4 4 4 4 4 4 3 2 1
9 5 5 5 4 4 4 4 4 4 3 1 1 1
9 5 5 5 4 4 4 4 4 4 2 2 2
9 5 5 5 4 4 4 4 4 4 2 2 1 1
9 5 5 5 4 4 4 4 4 4 2 1 1 1 1
9 5 5 5 4 4 4 4 4 4 1 1 1 1 1 1
9 5 5 5 4 4 4 4 4 3 3 3 1
9 5 5 5 4 4 4 4 4 3 3 2 2
9 5 5 5 4 4 4 4 4 3 3 2 1 1
9 5 5 5 4 4 4 4 4 3 3 1 1 1 1
9 5 5 5 4 4 4 4 4 3 2 2 2 1
9 5 5 5 4 4 4 4 4 3 2 2 1 1 1
9 5 5 5 4 4 4 4 4 3 2 1 1 1 1 1
9 5 5 5 4 4 4 4 4 3 1 1 1 1 1 1 1
9 5 5 5 4 4 4 4 4 2 2 2 2 2
9 5 5 5 4 4 4 4 4 2 2 2 2 1 1
9 5 5 5 4 4 4 4 4 2 2 2 1 1 1 1
9 5 5 5 4 4 4 4 4 2 2 1 1 1 1 1 1
9 5 5 5 4 4 4 4 3 3 3 3 2
9 5 5 5 4 4 4 4 3 3 3 3 1 1
9 5 5 5 4 4 4 4 3 3 3 2 2 1
9 5 5 5 4 4 4 4 3 3 3 2 1 1 1
9 5 5 5 4 4 4 4 3 3 3 1 1 1 1 1
9 5 5 5 4 4 4 4 3 3 2 2 2 2
9 5 5 5 4 4 4 4 3 3 2 2 2 1 1
9 5 5 5 4 4 4 4 3 3 2 2 1 1 1 1
9 5 5 5 4 4 4 4 3 3 2 1 1 1 1 1 1
9 5 5 5 4 4 4 4 3 2 2 2 2 2 1
9 5 5 5 4 4 4 4 3 2 2 2 2 1 1 1
9 5 5 5 4 4 4 4 3 2 2 2 1 1 1 1 1
9 5 5 5 4 4 4 4 2 2 2 2 2 2 2
9 5 5 5 4 4 4 4 2 2 2 2 2 2 1 1
9 5 5 5 4 4 4 4 2 2 2 2 2 1 1 1 1
9 5 5 5 4 4 4 3 3 3 3 3 3
9 5 5 5 4 4 4 3 3 3 3 3 2 1
9 5 5 5 4 4 4 3 3 3 3 3 1 1 1
9 5 5 5 4 4 4 3 3 3 3 2 2 2
9 5 5 5 4 4 4 3 3 3 3 2 2 1 1
9 5 5 5 4 4 4 3 3 3 3 2 1 1 1 1
9 5 5 5 4 4 4 3 3 3 3 1 1 1 1 1 1
9 5 5 5 4 4 4 3 3 3 2 2 2 2 1
9 5 5 5 4 4 4 3 3 3 2 2 2 1 1 1
9 5 5 5 4 4 4 3 3 3 2 2 1 1 1 1 1
9 5 5 5 4 4 4 3 3 2 2 2 2 2 2
9 5 5 5 4 4 4 3 3 2 2 2 2 2 1 1
9 5 5 5 4 4 4 3 3 2 2 2 2 1 1 1 1
9 5 5 5 4 4 4 3 2 2 2 2 2 2 2 1
9 5 5 5 4 4 4 3 2 2 2 2 2 2 1 1 1
9 5 5 5 4 4 3 3 3 3 3 3 3 1
9 5 5 5 4 4 3 3 3 3 3 3 2 2
9 5 5 5 4 4 3 3 3 3 3 3 2 1 1
9 5 5 5 4 4 3 3 3 3 3 3 1 1 1 1
9 5 5 5 4 4 3 3 3 3 3 2 2 2 1
9 5 5 5 4 4 3 3 3 3 3 2 2 1 1 1
9 5 5 5 4 4 3 3 3 3 3 2 1 1 1 1 1
9 5 5 5 4 4 3 3 3 3 2 2 2 2 2
9 5 5 5 4 4 3 3 3 3 2 2 2 2 1 1
9 5 5 5 4 4 3 3 3 3 2 2 2 1 1 1 1
9 5 5 5 4 4 3 3 3 2 2 2 2 2 2 1
9 5 5 5 4 4 3 3 3 2 2 2 2 2 1 1 1
9 5 5 5 4 3 3 3 3 3 3 3 3 2
9 5 5 5 4 3 3 3 3 3 3 3 3 1 1
9 5 5 5 4 3 3 3 3 3 3 3 2 2 1
9 5 5 5 4 3 3 3 3 3 3 3 2 1 1 1
9 5 5 5 4 3 3 3 3 3 3 3 1 1 1 1 1
9 5 5 5 4 3 3 3 3 3 3 2 2 2 2
9 5 5 5 4 3 3 3 3 3 3 2 2 2 1 1
9 5 5 5 4 3 3 3 3 3 3 2 2 1 1 1 1
9 5 5 5 4 3 3 3 3 3 2 2 2 2 2 1
9 5 5 5 4 3 3 3 3 3 2 2 2 2 1 1 1
9 5 5 4 4 4 4 4 4 4 4 3
9 5 5 4 4 4 4 4 4 4 4 2 1
9 5 5 4 4 4 4 4 4 4 4 1 1 1
9 5 5 4 4 4 4 4 4 4 3 3 1
9 5 5 4 4 4 4 4 4 4 3 2 2
9 5 5 4 4 4 4 4 4 4 3 2 1 1
9 5 5 4 4 4 4 4 4 4 3 1 1 1 1
9 5 5 4 4 4 4 4 4 4 2 2 2 1
9 5 5 4 4 4 4 4 4 4 2 2 1 1 1
9 5 5 4 4 4 4 4 4 4 2 1 1 1 1 1
9 5 5 4 4 4 4 4 4 4 1 1 1 1 1 1 1
9 5 5 4 4 4 4 4 4 3 3 3 2
9 5 5 4 4 4 4 4 4 3 3 3 1 1
9 5 5 4 4 4 4 4 4 3 3 2 2 1
9 5 5 4 4 4 4 4 4 3 3 2 1 1 1
9 5 5 4 4 4 4 4 4 3 3 1 1 1 1 1
9 5 5 4 4 4 4 4 4 3 2 2 2 2
9 5 5 4 4 4 4 4 4 3 2 2 2 1 1
9 5 5 4 4 4 4 4 4 3 2 2 1 1 1 1
9 5 5 4 4 4 4 4 4 3 2 1 1 1 1 1 1
9 5 5 4 4 4 4 4 4 2 2 2 2 2 1
9 5 5 4 4 4 4 4 4 2 2 2 2 1 1 1
9 5 5 4 4 4 4 4 4 2 2 2 1 1 1 1 1
9 5 5 4 4 4 4 4 3 3 3 3 3
9 5 5 4 4 4 4 4 3 3 3 3 2 1
9 5 5 4 4 4 4 4 3 3 3 3 1 1 1
9 5 5 4 4 4 4 4 3 3 3 2 2 2
9 5 5 4 4 4 4 4 3 3 3 2 2 1 1
9 5 5 4 4 4 4 4 3 3 3 2 1 1 1 1
9 5 5 4 4 4 4 4 3 3 3 1 1 1 1 1 1
9 5 5 4 4 4 4 4 3 3 2 2 2 2 1
9 5 5 4 4 4 4 4 3 3 2 2 2 1 1 1
9 5 5 4 4 4 4 4 3 3 2 2 1 1 1 1 1
9 5 5 4 4 4 4 4 3 2 2 2 2 2 2
9 5 5 4 4 4 4 4 3 2 2 2 2 2 1 1
9 5 5 4 4 4 4 4 3 2 2 2 2 1 1 1 1
9 5 5 4 4 4 4 4 2 2 2 2 2 2 2 1
9 5 5 4 4 4 4 4 2 2 2 2 2 2 1 1 1
9 5 5 4 4 4 4 3 3 3 3 3 3 1
9 5 5 4 4 4 4 3 3 3 3 3 2 2
9 5 5 4 4 4 4 3 3 3 3 3 2 1 1
9 5 5 4 4 4 4 3 3 3 3 3 1 1 1 1
9 5 5 4 4 4 4 3 3 3 3 2 2 2 1
9 5 5 4 4 4 4 3 3 3 3 2 2 1 1 1
9 5 5 4 4 4 4 3 3 3 3 2 1 1 1 1 1
9 5 5 4 4 4 4 3 3 3 2 2 2 2 2
9 5 5 4 4 4 4 3 3 3 2 2 2 2 1 1
9 5 5 4 4 4 4 3 3 3 2 2 2 1 1 1 1
9 5 5 4 4 4 4 3 3 2 2 2 2 2 2 1
9 5 5 4 4 4 4 3 3 2 2 2 2 2 1 1 1
9 5 5 4 4 4 3 3 3 3 3 3 3 2
9 5 5 4 4 4 3 3 3 3 3 3 3 1 1
9 5 5 4 4 4 3 3 3 3 3 3 2 2 1
9 5 5 4 4 4 3 3 3 3 3 3 2 1 1 1
9 5 5 4 4 4 3 3 3 3 3 3 1 1 1 1 1
9 5 5 4 4 4 3 3 3 3 3 2 2 2 2
9 5 5 4 4 4 3 3 3 3 3 2 2 2 1 1
9 5 5 4 4 4 3 3 3 3 3 2 2 1 1 1 1
9 5 5 4 4 4 3 3 3 3 2 2 2 2 2 1
9 5 5 4 4 4 3 3 3 3 2 2 2 2 1 1 1
8 8 8 7 7 5 4 3 2 1 1
8 8 8 7 7 5 4 2 2 2 1
8 8 8 7 7 5 4 2 2 1 1 1
8 8 8 7 7 5 3 3 3 1 1
8 8 8 7 7 5 3 3 2 2 1
8 8 8 7 7 5 3 3 2 1 1 1
8 8 8 7 7 5 3 2 2 2 2
8 8 8 7 7 5 3 2 2 2 1 1
8 8 8 7 7 5 3 2 2 1 1 1 1
8 8 8 7 7 4 4 4 2 1 1
8 8 8 7 7 4 4 3 3 1 1
8 8 8 7 7 4 4 3 2 2 1
8 8 8 7 7 4 4 3 2 1 1 1
8 8 8 7 7 4 4 2 2 2 2
8 8 8 7 7 4 4 2 2 2 1 1
8 8 8 7 7 4 4 2 2 1 1 1 1
8 8 8 7 7 4 3 3 3 2 1
8 8 8 7 7 4 3 3 3 1 1 1
8 8 8 7 7 4 3 3 2 2 2
8 8 8 7 7 4 3 3 2 2 1 1
8 8 8 7 7 4 3 3 2 1 1 1 1
8 8 8 7 7 4 3 2 2 2 2 1
8 8 8 7 7 4 3 2 2 2 1 1 1
8 8 8 7 7 4 3 2 2 1 1 1 1 1
8 8 8 7 7 3 3 3 3 3 1
8 8 8 7 7 3 3 3 3 2 2
8 8 8 7 7 3 3 3 3 2 1 1
8 8 8 7 7 3 3 3 3 1 1 1 1
8 8 8 7 7 3 3 3 2 2 2 1
8 8 8 7 7 3 3 3 2 2 1 1 1
8 8 8 7 7 3 3 3 2 1 1 1 1 1
8 8 8 7 7 3 3 2 2 2 2 2
8 8 8 7 7 3 3 2 2 2 2 1 1
8 8 8 7 7 3 3 2 2 2 1 1 1 1
8 8 8 7 6 6 4 3 2 1 1
8 8 8 7 6 6 4 2 2 2 1
8 8 8 7 6 6 4 2 2 1 1 1
8 8 8 7 6 6 3 3 3 1 1
8 8 8 7 6 6 3 3 2 2 1
8 8 8 7 6 6 3 3 2 1 1 1
8 8 8 7 6 6 3 2 2 2 2
8 8 8 7 6 6 3 2 2 2 1 1
8 8 8 7 6 6 3 2 2 1 1 1 1
8 8 8 7 6 5 5 3 2 1 1
8 8 8 7 6 5 5 2 2 2 1
8 8 8 7 6 5 5 2 2 1 1 1
8 8 8 7 6 5 4 4 2 1 1
8 8 8 7 6 5 4 3 3 1 1
8 8 8 7 6 5 4 3 2 2 1
8 8 8 7 6 5 4 3 2 1 1 1
8 8 8 7 6 5 4 2 2 2 2
8 8 8 7 6 5 4 2 2 2 1 1
8 8 8 7 6 5 4 2 2 1 1 1 1
8 8 8 7 6 5 3 3 3 2 1
8 8 8 7 6 5 3 3 3 1 1 1
8 8 8 7 6 5 3 3 2 2 2
8 8 8 7 6 5 3 3 2 2 1 1
8 8 8 7 6 5 3 3 2 1 1 1 1
8 8 8 7 6 5 3 2 2 2 2 1
8 8 8 7 6 5 3 2 2 2 1 1 1
8 8 8 7 6 5 3 2 2 1 1 1 1 1
8 8 8 7 6 4 4 4 3 1 1
8 8 8 7 6 4 4 4 2 2 1
8 8 8 7 6 4 4 4 2 1 1 1
8 8 8 7 6 4 4 3 3 2 1
8 8 8 7 6 4 4 3 3 1 1 1
8 8 8 7 6 4 4 3 2 2 2
8 8 8 7 6 4 4 3 2 2 1 1
8 8 8 7 6 4 4 3 2 1 1 1 1
8 8 8 7 6 4 4 2 2 2 2 1
8 8 8 7 6 4 4 2 2 2 1 1 1
8 8 8 7 6 4 4 2 2 1 1 1 1 1
8 8 8 7 6 4 3 3 3 3 1
8 8 8 7 6 4 3 3 3 2 2
8 8 8 7 6 4 3 3 3 2 1 1
8 8 8 7 6 4 3 3 3 1 1 1 1
8 8 8 7 6 4 3 3 2 2 2 1
8 8 8 7 6 4 3 3 2 2 1 1 1
8 8 8 7 6 4 3 3 2 1 1 1 1 1
8 8 8 7 6 4 3 2 2 2 2 2
8 8 8 7 6 4 3 2 2 2 2 1 1
8 8 8 7 6 4 3 2 2 2 1 1 1 1
8 8 8 7 6 4 3 2 2 1 1 1 1 1 1
8 8 8 7 6 3 3 3 3 3 2
8 8 8 7 6 3 3 3 3 3 1 1
8 8 8 7 6 3 3 3 3 2 2 1
8 8 8 7 6 3 3 3 3 2 1 1 1
8 8 8 7 6 3 3 3 3 1 1 1 1 1
8 8 8 7 6 3 3 3 2 2 2 2
8 8 8 7 6 3 3 3 2 2 2 1 1
8 8 8 7 6 3 3 3 2 2 1 1 1 1
8 8 8 7 6 3 3 3 2 1 1 1 1 1 1
8 8 8 7 6 3 3 2 2 2 2 2 1
8 8 8 7 6 3 3 2 2 2 2 1 1 1
8 8 8 7 6 3 3 2 2 2 1 1 1 1 1
8 8 8 7 5 5 5 4 2 1 1
8 8 8 7 5 5 5 3 3 1 1
8 8 8 7 5 5 5 3 2 2 1
8 8 8 7 5 5 5 3 2 1 1 1
8 8 8 7 5 5 5 2 2 2 2
8 8 8 7 5 5 5 2 2 2 1 1
8 8 8 7 5 5 5 2 2 1 1 1 1
8 8 8 7 5 5 4 4 3 1 1
8 8 8 7 5 5 4 4 2 2 1
8 8 8 7 5 5 4 4 2 1 1 1
8 8 8 7 5 5 4 3 3 2 1
8 8 8 7 5 5 4 3 3 1 1 1
8 8 8 7 5 5 4 3 2 2 2
8 8 8 7 5 5 4 3 2 2 1 1
8 8 8 7 5 5 4 3 2 1 1 1 1
8 8 8 7 5 5 4 2 2 2 2 1
8 8 8 7 5 5 4 2 2 2 1 1 1
8 8 8 7 5 5 4 2 2 1 1 1 1 1
8 8 8 7 5 5 3 3 3 3 1
8 8 8 7 5 5 3 3 3 2 2
8 8 8 7 5 5 3 3 3 2 1 1
8 8 8 7 5 5 3 3 3 1 1 1 1
8 8 8 7 5 5 3 3 2 2 2 1
8 8 8 7 5 5 3 3 2 2 1 1 1
8 8 8 7 5 5 3 3 2 1 1 1 1 1
8 8 8 7 5 5 3 2 2 2 2 2
8 8 8 7 5 5 3 2 2 2 2 1 1
8 8 8 7 5 5 3 2 2 2 1 1 1 1
8 8 8 7 5 5 3 2 2 1 1 1 1 1 1
8 8 8 7 5 4 4 4 4 1 1
8 8 8 7 5 4 4 4 3 2 1
8 8 8 7 5 4 4 4 3 1 1 1
8 8 8 7 5 4 4 4 2 2 2
8 8 8 7 5 4 4 4 2 2 1 1
8 8 8 7 5 4 4 4 2 1 1 1 1
8 8 8 7 5 4 4 3 3 3 1
8 8 8 7 5 4 4 3 3 2 2
8 8 8 7 5 4 4 3 3 2 1 1
8 8 8 7 5 4 4 3 3 1 1 1 1
8 8 8 7 5 4 4 3 2 2 2 1
8 8 8 7 5 4 4 3 2 2 1 1 1
8 8 8 7 5 4 4 3 2 1 1 1 1 1
8 8 8 7 5 4 4 2 2 2 2 2
8 8 8 7 5 4 4 2 2 2 2 1 1
8 8 8 7 5 4 4 2 2 2 1 1 1 1
8 8 8 7 5 4 4 2 2 1 1 1 1 1 1
8 8 8 7 5 4 3 3 3 3 2
8 8 8 7 5 4 3 3 3 3 1 1
8 8 8 7 5 4 3 3 3 2 2 1
8 8 8 7 5 4 3 3 3 2 1 1 1
8 8 8 7 5 4 3 3 3 1 1 1 1 1
8 8 8 7 5 4 3 3 2 2 2 2
8 8 8 7 5 4 3 3 2 2 2 1 1
8 8 8 7 5 4 3 3 2 2 1 1 1 1
8 8 8 7 5 4 3 3 2 1 1 1 1 1 1
8 8 8 7 5 4 3 2 2 2 2 2 1
8 8 8 7 5 4 3 2 2 2 2 1 1 1
8 8 8 7 5 4 3 2 2 2 1 1 1 1 1
8 8 8 7 5 4 3 2 2 1 1 1 1 1 1 1
8 8 8 7 5 3 3 3 3 3 3
8 8 8 7 5 3 3 3 3 3 2 1
8 8 8 7 5 3 3 3 3 3 1 1 1
8 8 8 7 5 3 3 3 3 2 2 2
8 8 8 7 5 3 3 3 3 2 2 1 1
8 8 8 7 5 3 3 3 3 2 1 1 1 1
8 8 8 7 5 3 3 3 3 1 1 1 1 1 1
8 8 8 7 5 3 3 3 2 2 2 2 1
8 8 8 7 5 3 3 3 2 2 2 1 1 1
8 8 8 7 5 3 3 3 2 2 1 1 1 1 1
8 8 8 7 5 3 3 3 2 1 1 1 1 1 1 1
8 8 8 7 5 3 3 2 2 2 2 2 2
8 8 8 7 5 3 3 2 2 2 2 2 1 1
8 8 8 7 5 3 3 2 2 2 2 1 1 1 1
8 8 8 7 5 3 3 2 2 2 1 1 1 1 1 1
8 8 8 7 4 4 4 4 4 2 1
8 8 8 7 4 4 4 4 4 1 1 1
8 8 8 7 4 4 4 4 3 3 1
8 8 8 7 4 4 4 4 3 2 2
8 8 8 7 4 4 4 4 3 2 1 1
8 8 8 7 4 4 4 4 3 1 1 1 1
8 8 8 7 4 4 4 4 2 2 2 1
8 8 8 7 4 4 4 4 2 2 1 1 1
8 8 8 7 4 4 4 4 2 1 1 1 1 1
8 8 8 7 4 4 4 3 3 3 2
8 8 8 7 4 4 4 3 3 3 1 1
8 8 8 7 4 4 4 3 3 2 2 1
8 8 8 7 4 4 4 3 3 2 1 1 1
8 8 8 7 4 4 4 3 3 1 1 1 1 1
8 8 8 7 4 4 4 3 2 2 2 2
8 8 8 7 4 4 4 3 2 2 2 1 1
8 8 8 7 4 4 4 3 2 2 1 1 1 1
8 8 8 7 4 4 4 3 2 1 1 1 1 1 1
8 8 8 7 4 4 4 2 2 2 2 2 1
8 8 8 7 4 4 4 2 2 2 2 1 1 1
8 8 8 7 4 4 4 2 2 2 1 1 1 1 1
8 8 8 7 4 4 4 2 2 1 1 1 1 1 1 1
8 8 8 7 4 4 3 3 3 3 3
8 8 8 7 4 4 3 3 3 3 2 1
8 8 8 7 4 4 3 3 3 3 1 1 1
8 8 8 7 4 4 3 3 3 2 2 2
8 8 8 7 4 4 3 3 3 2 2 1 1
8 8 8 7 4 4 3 3 3 2 1 1 1 1
8 8 8 7 4 4 3 3 3 1 1 1 1 1 1
8 8 8 7 4 4 3 3 2 2 2 2 1
8 8 8 7 4 4 3 3 2 2 2 1 1 1
8 8 8 7 4 4 3 3 2 2 1 1 1 1 1
8 8 8 7 4 4 3 3 2 1 1 1 1 1 1 1
8 8 8 7 4 4 3 2 2 2 2 2 2
8 8 8 7 4 4 3 2 2 2 2 2 1 1
8 8 8 7 4 4 3 2 2 2 2 1 1 1 1
8 8 8 7 4 4 3 2 2 2 1 1 1 1 1 1
8 8 8 7 4 3 3 3 3 3 3 1
8 8 8 7 4 3 3 3 3 3 2 2
8 8 8 7 4 3 3 3 3 3 2 1 1
8 8 8 7 4 3 3 3 3 3 1 1 1 1
8 8 8 7 4 3 3 3 3 2 2 2 1
8 8 8 7 4 3 3 3 3 2 2 1 1 1
8 8 8 7 4 3 3 3 3 2 1 1 1 1 1
8 8 8 7 4 3 3 3 3 1 1 1 1 1 1 1
8 8 8 7 4 3 3 3 2 2 2 2 2
8 8 8 7 4 3 3 3 2 2 2 2 1 1
8 8 8 7 4 3 3 3 2 2 2 1 1 1 1
8 8 8 7 4 3 3 3 2 2 1 1 1 1 1 1
8 8 8 7 4 3 3 2 2 2 2 2 2 1
8 8 8 7 4 3 3 2 2 2 2 2 1 1 1
8 8 8 7 4 3 3 2 2 2 2 1 1 1 1 1
8 8 8 6 6 6 5 3 2 1 1
8 8 8 6 6 6 5 2 2 2 1
8 8 8 6 6 6 5 2 2 1 1 1
8 8 8 6 6 6 4 4 2 1 1
8 8 8 6 6 6 4 3 3 1 1
8 8 8 6 6 6 4 3 2 2 1
8 8 8 6 6 6 4 3 2 1 1 1
8 8 8 6 6 6 4 2 2 2 2
8 8 8 6 6 6 4 2 2 2 1 1
8 8 8 6 6 6 4 2 2 1 1 1 1
8 8 8 6 6 6 3 3 3 2 1
8 8 8 6 6 6 3 3 3 1 1 1
8 8 8 6 6 6 3 3 2 2 2
8 8 8 6 6 6 3 3 2 2 1 1
8 8 8 6 6 6 3 3 2 1 1 1 1
8 8 8 6 6 6 3 2 2 2 2 1
8 8 8 6 6 6 3 2 2 2 1 1 1
8 8 8 6 6 6 3 2 2 1 1 1 1 1
8 8 8 6 6 5 5 4 2 1 1
8 8 8 6 6 5 5 3 3 1 1
8 8 8 6 6 5 5 3 2 2 1
8 8 8 6 6 5 5 3 2 1 1 1
8 8 8 6 6 5 5 2 2 2 2
8 8 8 6 6 5 5 2 2 2 1 1
8 8 8 6 6 5 5 2 2 1 1 1 1
8 8 8 6 6 5 4 4 3 1 1
8 8 8 6 6 5 4 4 2 2 1
8 8 8 6 6 5 4 4 2 1 1 1
8 8 8 6 6 5 4 3 3 2 1
8 8 8 6 6 5 4 3 3 1 1 1
8 8 8 6 6 5 4 3 2 2 2
8 8 8 6 6 5 4 3 2 2 1 1
8 8 8 6 6 5 4 3 2 1 1 1 1
8 8 8 6 6 5 4 2 2 2 2 1
8 8 8 6 6 5 4 2 2 2 1 1 1
8 8 8 6 6 5 4 2 2 1 1 1 1 1
8 8 8 6 6 5 3 3 3 3 1
8 8 8 6 6 5 3 3 3 2 2
8 8 8 6 6 5 3 3 3 2 1 1
8 8 8 6 6 5 3 3 3 1 1 1 1
8 8 8 6 6 5 3 3 2 2 2 1
8 8 8 6 6 5 3 3 2 2 1 1 1
8 8 8 6 6 5 3 3 2 1 1 1 1 1
8 8 8 6 6 5 3 2 2 2 2 2
8 8 8 6 6 5 3 2 2 2 2 1 1
8 8 8 6 6 5 3 2 2 2 1 1 1 1
8 8 8 6 6 5 3 2 2 1 1 1 1 1 1
8 8 8 6 6 4 4 4 4 1 1
8 8 8 6 6 4 4 4 3 2 1
8 8 8 6 6 4 4 4 3 1 1 1
8 8 8 6 6 4 4 4 2 2 2
8 8 8 6 6 4 4 4 2 2 1 1
8 8 8 6 6 4 4 4 2 1 1 1 1
8 8 8 6 6 4 4 3 3 3 1
8 8 8 6 6 4 4 3 3 2 2
8 8 8 6 6 4 4 3 3 2 1 1
8 8 8 6 6 4 4 3 3 1 1 1 1
8 8 8 6 6 4 4 3 2 2 2 1
8 8 8 6 6 4 4 3 2 2 1 1 1
8 8 8 6 6 4 4 3 2 1 1 1 1 1
8 8 8 6 6 4 4 2 2 2 2 2
8 8 8 6 6 4 4 2 2 2 2 1 1
8 8 8 6 6 4 4 2 2 2 1 1 1 1
8 8 8 6 6 4 4 2 2 1 1 1 1 1 1
8 8 8 6 6 4 3 3 3 3 2
8 8 8 6 6 4 3 3 3 3 1 1
8 8 8 6 6 4 3 3 3 2 2 1
8 8 8 6 6 4 3 3 3 2 1 1 1
8 8 8 6 6 4 3 3 3 1 1 1 1 1
8 8 8 6 6 4 3 3 2 2 2 2
8 8 8 6 6 4 3 3 2 2 2 1 1
8 8 8 6 6 4 3 3 2 2 1 1 1 1
8 8 8 6 6 4 3 3 2 1 1 1 1 1 1
8 8 8 6 6 4 3 2 2 2 2 2 1
8 8 8 6 6 4 3 2 2 2 2 1 1 1
8 8 8 6 6 4 3 2 2 2 1 1 1 1 1
8 8 8 6 6 4 3 2 2 1 1 1 1 1 1 1
8 8 8 6 6 3 3 3 3 3 3
8 8 8 6 6 3 3 3 3 3 2 1
8 8 8 6 6 3 3 3 3 3 1 1 1
8 8 8 6 6 3 3 3 3 2 2 2
8 8 8 6 6 3 3 3 3 2 2 1 1
8 8 8 6 6 3 3 3 3 2 1 1 1 1
8 8 8 6 6 3 3 3 3 1 1 1 1 1 1
8 8 8 6 6 3 3 3 2 2 2 2 1
8 8 8 6 6 3 3 3 2 2 2 1 1 1
8 8 8 6 6 3 3 3 2 2 1 1 1 1 1
8 8 8 6 6 3 3 3 2 1 1 1 1 1 1 1
8 8 8 6 6 3 3 2 2 2 2 2 2
8 8 8 6 6 3 3 2 2 2 2 2 1 1
8 8 8 6 6 3 3 2 2 2 2 1 1 1 1
8 8 8 6 6 3 3 2 2 2 1 1 1 1 1 1
8 8 8 6 5 5 5 5 2 1 1
8 8 8 6 5 5 5 4 3 1 1
8 8 8 6 5 5 5 4 2 2 1
8 8 8 6 5 5 5 4 2 1 1 1
8 8 8 6 5 5 5 3 3 2 1
8 8 8 6 5 5 5 3 3 1 1 1
8 8 8 6 5 5 5 3 2 2 2
8 8 8 6 5 5 5 3 2 2 1 1
8 8 8 6 5 5 5 3 2 1 1 1 1
8 8 8 6 5 5 5 2 2 2 2 1
8 8 8 6 5 5 5 2 2 2 1 1 1
8 8 8 6 5 5 5 2 2 1 1 1 1 1
8 8 8 6 5 5 4 4 4 1 1
8 8 8 6 5 5 4 4 3 2 1
8 8 8 6 5 5 4 4 3 1 1 1
8 8 8 6 5 5 4 4 2 2 2
8 8 8 6 5 5 4 4 2 2 1 1
8 8 8 6 5 5 4 4 2 1 1 1 1
8 8 8 6 5 5 4 3 3 3 1
8 8 8 6 5 5 4 3 3 2 2
8 8 8 6 5 5 4 3 3 2 1 1
8 8 8 6 5 5 4 3 3 1 1 1 1
8 8 8 6 5 5 4 3 2 2 2 1
8 8 8 6 5 5 4 3 2 2 1 1 1
8 8 8 6 5 5 4 3 2 1 1 1 1 1
8 8 8 6 5 5 4 2 2 2 2 2
8 8 8 6 5 5 4 2 2 2 2 1 1
8 8 8 6 5 5 4 2 2 2 1 1 1 1
8 8 8 6 5 5 4 2 2 1 1 1 1 1 1
8 8 8 6 5 5 3 3 3 3 2
8 8 8 6 5 5 3 3 3 3 1 1
8 8 8 6 5 5 3 3 3 2 2 1
8 8 8 6 5 5 3 3 3 2 1 1 1
8 8 8 6 5 5 3 3 3 1 1 1 1 1
8 8 8 6 5 5 3 3 2 2 2 2
8 8 8 6 5 5 3 3 2 2 2 1 1
8 8 8 6 5 5 3 3 2 2 1 1 1 1
8 8 8 6 5 5 3 3 2 1 1 1 1 1 1
8 8 8 6 5 5 3 2 2 2 2 2 1
8 8 8 6 5 5 3 2 2 2 2 1 1 1
8 8 8 6 5 5 3 2 2 2 1 1 1 1 1
8 8 8 6 5 5 3 2 2 1 1 1 1 1 1 1
8 8 8 6 5 4 4 4 4 2 1
8 8 8 6 5 4 4 4 4 1 1 1
8 8 8 6 5 4 4 4 3 3 1
8 8 8 6 5 4 4 4 3 2 2
8 8 8 6 5 4 4 4 3 2 1 1
8 8 8 6 5 4 4 4 3 1 1 1 1
8 8 8 6 5 4 4 4 2 2 2 1
8 8 8 6 5 4 4 4 2 2 1 1 1
8 8 8 6 5 4 4 4 2 1 1 1 1 1
8 8 8 6 5 4 4 3 3 3 2
8 8 8 6 5 4 4 3 3 3 1 1
8 8 8 6 5 4 4 3 3 2 2 1
8 8 8 6 5 4 4 3 3 2 1 1 1
8 8 8 6 5 4 4 3 3 1 1 1 1 1
8 8 8 6 5 4 4 3 2 2 2 2
8 8 8 6 5 4 4 3 2 2 2 1 1
8 8 8 6 5 4 4 3 2 2 1 1 1 1
8 8 8 6 5 4 4 3 2 1 1 1 1 1 1
8 8 8 6 5 4 4 2 2 2 2 2 1
8 8 8 6 5 4 4 2 2 2 2 1 1 1
8 8 8 6 5 4 4 2 2 2 1 1 1 1 1
8 8 8 6 5 4 4 2 2 1 1 1 1 1 1 1
8 8 8 6 5 4 3 3 3 3 3
8 8 8 6 5 4 3 3 3 3 2 1
8 8 8 6 5 4 3 3 3 3 1 1 1
8 8 8 6 5 4 3 3 3 2 2 2
8 8 8 6 5 4 3 3 3 2 2 1 1
8 8 8 6 5 4 3 3 3 2 1 1 1 1
8 8 8 6 5 4 3 3 3 1 1 1 1 1 1
8 8 8 6 5 4 3 3 2 2 2 2 1
8 8 8 6 5 4 3 3 2 2 2 1 1 1
8 8 8 6 5 4 3 3 2 2 1 1 1 1 1
8 8 8 6 5 4 3 3 2 1 1 1 1 1 1 1
8 8 8 6 5 4 3 2 2 2 2 2 2
8 8 8 6 5 4 3 2 2 2 2 2 1 1
8 8 8 6 5 4 3 2 2 2 2 1 1 1 1
8 8 8 6 5 4 3 2 2 2 1 1 1 1 1 1
8 8 8 6 5 4 3 2 2 1 1 1 1 1 1 1 1
8 8 8 6 5 3 3 3 3 3 3 1
8 8 8 6 5 3 3 3 3 3 2 2
8 8 8 6 5 3 3 3 3 3 2 1 1
8 8 8 6 5 3 3 3 3 3 1 1 1 1
8 8 8 6 5 3 3 3 3 2 2 2 1
8 8 8 6 5 3 3 3 3 2 2 1 1 1
8 8 8 6 5 3 3 3 3 2 1 1 1 1 1
8 8 8 6 5 3 3 3 3 1 1 1 1 1 1 1
8 8 8 6 5 3 3 3 2 2 2 2 2
8 8 8 6 5 3 3 3 2 2 2 2 1 1
8 8 8 6 5 3 3 3 2 2 2 1 1 1 1
8 8 8 6 5 3 3 3 2 2 1 1 1 1 1 1
8 8 8 6 5 3 3 3 2 1 1 1 1 1 1 1 1
8 8 8 6 5 3 3 2 2 2 2 2 2 1
8 8 8 6 5 3 3 2 2 2 2 2 1 1 1
8 8 8 6 5 3 3 2 2 2 2 1 1 1 1 1
8 8 8 6 5 3 3 2 2 2 1 1 1 1 1 1 1
8 8 8 6 4 4 4 4 4 3 1
8 8 8 6 4 4 4 4 4 2 2
8 8 8 6 4 4 4 4 4 2 1 1
8 8 8 6 4 4 4 4 4 1 1 1 1
8 8 8 6 4 4 4 4 3 3 2
8 8 8 6 4 4 4 4 3 3 1 1
8 8 8 6 4 4 4 4 3 2 2 1
8 8 8 6 4 4 4 4 3 2 1 1 1
8 8 8 6 4 4 4 4 3 1 1 1 1 1
8 8 8 6 4 4 4 4 2 2 2 2
8 8 8 6 4 4 4 4 2 2 2 1 1
8 8 8 6 4 4 4 4 2 2 1 1 1 1
8 8 8 6 4 4 4 4 2 1 1 1 1 1 1
8 8 8 6 4 4 4 3 3 3 3
8 8 8 6 4 4 4 3 3 3 2 1
8 8 8 6 4 4 4 3 3 3 1 1 1
8 8 8 6 4 4 4 3 3 2 2 2
8 8 8 6 4 4 4 3 3 2 2 1 1
8 8 8 6 4 4 4 3 3 2 1 1 1 1
8 8 8 6 4 4 4 3 3 1 1 1 1 1 1
8 8 8 6 4 4 4 3 2 2 2 2 1
8 8 8 6 4 4 4 3 2 2 2 1 1 1
8 8 8 6 4 4 4 3 2 2 1 1 1 1 1
8 8 8 6 4 4 4 3 2 1 1 1 1 1 1 1
8 8 8 6 4 4 4 2 2 2 2 2 2
8 8 8 6 4 4 4 2 2 2 2 2 1 1
8 8 8 6 4 4 4 2 2 2 2 1 1 1 1
8 8 8 6 4 4 4 2 2 2 1 1 1 1 1 1
8 8 8 6 4 4 4 2 2 1 1 1 1 1 1 1 1
8 8 8 6 4 4 3 3 3 3 3 1
8 8 8 6 4 4 3 3 3 3 2 2
8 8 8 6 4 4 3 3 3 3 2 1 1
8 8 8 6 4 4 3 3 3 3 1 1 1 1
8 8 8 6 4 4 3 3 3 2 2 2 1
8 8 8 6 4 4 3 3 3 2 2 1 1 1
8 8 8 6 4 4 3 3 3 2 1 1 1 1 1
8 8 8 6 4 4 3 3 3 1 1 1 1 1 1 1
8 8 8 6 4 4 3 3 2 2 2 2 2
8 8 8 6 4 4 3 3 2 2 2 2 1 1
8 8 8 6 4 4 3 3 2 2 2 1 1 1 1
8 8 8 6 4 4 3 3 2 2 1 1 1 1 1 1
8 8 8 6 4 4 3 3 2 1 1 1 1 1 1 1 1
8 8 8 6 4 4 3 2 2 2 2 2 2 1
8 8 8 6 4 4 3 2 2 2 2 2 1 1 1
8 8 8 6 4 4 3 2 2 2 2 1 1 1 1 1
8 8 8 6 4 4 3 2 2 2 1 1 1 1 1 1 1
8 8 8 6 4 3 3 3 3 3 3 2
8 8 8 6 4 3 3 3 3 3 3 1 1
8 8 8 6 4 3 3 3 3 3 2 2 1
8 8 8 6 4 3 3 3 3 3 2 1 1 1
8 8 8 6 4 3 3 3 3 3 1 1 1 1 1
8 8 8 6 4 3 3 3 3 2 2 2 2
8 8 8 6 4 3 3 3 3 2 2 2 1 1
8 8 8 6 4 3 3 3 3 2 2 1 1 1 1
8 8 8 6 4 3 3 3 3 2 1 1 1 1 1 1
8 8 8 6 4 3 3 3 3 1 1 1 1 1 1 1 1
8 8 8 6 4 3 3 3 2 2 2 2 2 1
8 8 8 6 4 3 3 3 2 2 2 2 1 1 1
8 8 8 6 4 3 3 3 2 2 2 1 1 1 1 1
8 8 8 6 4 3 3 3 2 2 1 1 1 1 1 1 1
8 8 8 6 4 3 3 2 2 2 2 2 2 2
8 8 8 6 4 3 3 2 2 2 2 2 2 1 1
8 8 8 6 4 3 3 2 2 2 2 2 1 1 1 1
8 8 8 6 4 3 3 2 2 2 2 1 1 1 1 1 1
8 8 8 5 5 5 5 5 3 1 1
8 8 8 5 5 5 5 5 2 2 1
8 8 8 5 5 5 5 5 2 1 1 1
8 8 8 5 5 5 5 4 4 1 1
8 8 8 5 5 5 5 4 3 2 1
8 8 8 5 5 5 5 4 3 1 1 1
8 8 8 5 5 5 5 4 2 2 2
8 8 8 5 5 5 5 4 2 2 1 1
8 8 8 5 5 5 5 4 2 1 1 1 1
8 8 8 5 5 5 5 3 3 3 1
8 8 8 5 5 5 5 3 3 2 2
8 8 8 5 5 5 5 3 3 2 1 1
8 8 8 5 5 5 5 3 3 1 1 1 1
8 8 8 5 5 5 5 3 2 2 2 1
8 8 8 5 5 5 5 3 2 2 1 1 1
8 8 8 5 5 5 5 3 2 1 1 1 1 1
8 8 8 5 5 5 5 2 2 2 2 2
8 8 8 5 5 5 5 2 2 2 2 1 1
8 8 8 5 5 5 5 2 2 2 1 1 1 1
8 8 8 5 5 5 5 2 2 1 1 1 1 1 1
8 8 8 5 5 5 4 4 4 2 1
8 8 8 5 5 5 4 4 4 1 1 1
8 8 8 5 5 5 4 4 3 3 1
8 8 8 5 5 5 4 4 3 2 2
8 8 8 5 5 5 4 4 3 2 1 1
8 8 8 5 5 5 4 4 3 1 1 1 1
8 8 8 5 5 5 4 4 2 2 2 1
8 8 8 5 5 5 4 4 2 2 1 1 1
8 8 8 5 5 5 4 4 2 1 1 1 1 1
8 8 8 5 5 5 4 3 3 3 2
8 8 8 5 5 5 4 3 3 3 1 1
8 8 8 5 5 5 4 3 3 2 2 1
8 8 8 5 5 5 4 3 3 2 1 1 1
8 8 8 5 5 5 4 3 3 1 1 1 1 1
8 8 8 5 5 5 4 3 2 2 2 2
8 8 8 5 5 5 4 3 2 2 2 1 1
8 8 8 5 5 5 4 3 2 2 1 1 1 1
8 8 8 5 5 5 4 3 2 1 1 1 1 1 1
8 8 8 5 5 5 4 2 2 2 2 2 1
8 8 8 5 5 5 4 2 2 2 2 1 1 1
8 8 8 5 5 5 4 2 2 2 1 1 1 1 1
8 8 8 5 5 5 4 2 2 1 1 1 1 1 1 1
8 8 8 5 5 5 3 3 3 3 3
8 8 8 5 5 5 3 3 3 3 2 1
8 8 8 5 5 5 3 3 3 3 1 1 1
8 8 8 5 5 5 3 3 3 2 2 2
8 8 8 5 5 5 3 3 3 2 2 1 1
8 8 8 5 5 5 3 3 3 2 1 1 1 1
8 8 8 5 5 5 3 3 3 1 1 1 1 1 1
8 8 8 5 5 5 3 3 2 2 2 2 1
8 8 8 5 5 5 3 3 2 2 2 1 1 1
8 8 8 5 5 5 3 3 2 2 1 1 1 1 1
8 8 8 5 5 5 3 3 2 1 1 1 1 1 1 1
8 8 8 5 5 5 3 2 2 2 2 2 2
8 8 8 5 5 5 3 2 2 2 2 2 1 1
8 8 8 5 5 5 3 2 2 2 2 1 1 1 1
8 8 8 5 5 5 3 2 2 2 1 1 1 1 1 1
8 8 8 5 5 5 3 2 2 1 1 1 1 1 1 1 1
8 8 8 5 5 4 4 4 4 3 1
8 8 8 5 5 4 4 4 4 2 2
8 8 8 5 5 4 4 4 4 2 1 1
8 8 8 5 5 4 4 4 4 1 1 1 1
8 8 8 5 5 4 4 4 3 3 2
8 8 8 5 5 4 4 4 3 3 1 1
8 8 8 5 5 4 4 4 3 2 2 1
8 8 8 5 5 4 4 4 3 2 1 1 1
8 8 8 5 5 4 4 4 3 1 1 1 1 1
8 8 8 5 5 4 4 4 2 2 2 2
8 8 8 5 5 4 4 4 2 2 2 1 1
8 8 8 5 5 4 4 4 2 2 1 1 1 1
8 8 8 5 5 4 4 4 2 1 1 1 1 1 1
8 8 8 5 5 4 4 3 3 3 3
8 8 8 5 5 4 4 3 3 3 2 1
8 8 8 5 5 4 4 3 3 3 1 1 1
8 8 8 5 5 4 4 3 3 2 2 2
8 8 8 5 5 4 4 3 3 2 2 1 1
8 8 8 5 5 4 4 3 3 2 1 1 1 1
8 8 8 5 5 4 4 3 3 1 1 1 1 1 1
8 8 8 5 5 4 4 3 2 2 2 2 1
8 8 8 5 5 4 4 3 2 2 2 1 1 1
8 8 8 5 5 4 4 3 2 2 1 1 1 1 1
8 8 8 5 5 4 4 3 2 1 1 1 1 1 1 1
8 8 8 5 5 4 4 2 2 2 2 2 2
8 8 8 5 5 4 4 2 2 2 2 2 1 1
8 8 8 5 5 4 4 2 2 2 2 1 1 1 1
8 8 8 5 5 4 4 2 2 2 1 1 1 1 1 1
8 8 8 5 5 4 4 2 2 1 1 1 1 1 1 1 1
8 8 8 5 5 4 3 3 3 3 3 1
8 8 8 5 5 4 3 3 3 3 2 2
8 8 8 5 5 4 3 3 3 3 2 1 1
8 8 8 5 5 4 3 3 3 3 1 1 1 1
8 8 8 5 5 4 3 3 3 2 2 2 1
8 8 8 5 5 4 3 3 3 2 2 1 1 1
8 8 8 5 5 4 3 3 3 2 1 1 1 1 1
8 8 8 5 5 4 3 3 3 1 1 1 1 1 1 1
8 8 8 5 5 4 3 3 2 2 2 2 2
8 8 8 5 5 4 3 3 2 2 2 2 1 1
8 8 8 5 5 4 3 3 2 2 2 1 1 1 1
8 8 8 5 5 4 3 3 2 2 1 1 1 1 1 1
8 8 8 5 5 4 3 3 2 1 1 1 1 1 1 1 1
8 8 8 5 5 4 3 2 2 2 2 2 2 1
8 8 8 5 5 4 3 2 2 2 2 2 1 1 1
8 8 8 5 5 4 3 2 2 2 2 1 1 1 1 1
8 8 8 5 5 4 3 2 2 2 1 1 1 1 1 1 1
8 8 8 5 5 3 3 3 3 3 3 2
8 8 8 5 5 3 3 3 3 3 3 1 1
8 8 8 5 5 3 3 3 3 3 2 2 1
8 8 8 5 5 3 3 3 3 3 2 1 1 1
8 8 8 5 5 3 3 3 3 3 1 1 1 1 1
8 8 8 5 5 3 3 3 3 2 2 2 2
8 8 8 5 5 3 3 3 3 2 2 2 1 1
8 8 8 5 5 3 3 3 3 2 2 1 1 1 1
8 8 8 5 5 3 3 3 3 2 1 1 1 1 1 1
8 8 8 5 5 3 3 3 3 1 1 1 1 1 1 1 1
8 8 8 5 5 3 3 3 2 2 2 2 2 1
8 8 8 5 5 3 3 3 2 2 2 2 1 1 1
8 8 8 5 5 3 3 3 2 2 2 1 1 1 1 1
8 8 8 5 5 3 3 3 2 2 1 1 1 1 1 1 1
8 8 8 5 5 3 3 2 2 2 2 2 2 2
8 8 8 5 5 3 3 2 2 2 2 2 2 1 1
8 8 8 5 5 3 3 2 2 2 2 2 1 1 1 1
8 8 8 5 5 3 3 2 2 2 2 1 1 1 1 1 1
8 8 8 5 4 4 4 4 4 4 1
8 8 8 5 4 4 4 4 4 3 2
8 8 8 5 4 4 4 4 4 3 1 1
8 8 8 5 4 4 4 4 4 2 2 1
8 8 8 5 4 4 4 4 4 2 1 1 1
8 8 8 5 4 4 4 4 4 1 1 1 1 1
8 8 8 5 4 4 4 4 3 3 3
8 8 8 5 4 4 4 4 3 3 2 1
8 8 8 5 4 4 4 4 3 3 1 1 1
8 8 8 5 4 4 4 4 3 2 2 2
8 8 8 5 4 4 4 4 3 2 2 1 1
8 8 8 5 4 4 4 4 3 2 1 1 1 1
8 8 8 5 4 4 4 4 3 1 1 1 1 1 1
8 8 8 5 4 4 4 4 2 2 2 2 1
8 8 8 5 4 4 4 4 2 2 2 1 1 1
8 8 8 5 4 4 4 4 2 2 1 1 1 1 1
8 8 8 5 4 4 4 4 2 1 1 1 1 1 1 1
8 8 8 5 4 4 4 3 3 3 3 1
8 8 8 5 4 4 4 3 3 3 2 2
8 8 8 5 4 4 4 3 3 3 2 1 1
8 8 8 5 4 4 4 3 3 3 1 1 1 1
8 8 8 5 4 4 4 3 3 2 2 2 1
8 8 8 5 4 4 4 3 3 2 2 1 1 1
8 8 8 5 4 4 4 3 3 2 1 1 1 1 1
8 8 8 5 4 4 4 3 3 1 1 1 1 1 1 1
8 8 8 5 4 4 4 3 2 2 2 2 2
8 8 8 5 4 4 4 3 2 2 2 2 1 1
8 8 8 5 4 4 4 3 2 2 2 1 1 1 1
8 8 8 5 4 4 4 3 2 2 1 1 1 1 1 1
8 8 8 5 4 4 4 3 2 1 1 1 1 1 1 1 1
8 8 8 5 4 4 4 2 2 2 2 2 2 1
8 8 8 5 4 4 4 2 2 2 2 2 1 1 1
8 8 8 5 4 4 4 2 2 2 2 1 1 1 1 1
8 8 8 5 4 4 4 2 2 2 1 1 1 1 1 1 1
8 8 8 5 4 4 3 3 3 3 3 2
8 8 8 5 4 4 3 3 3 3 3 1 1
8 8 8 5 4 4 3 3 3 3 2 2 1
8 8 8 5 4 4 3 3 3 3 2 1 1 1
8 8 8 5 4 4 3 3 3 3 1 1 1 1 1
8 8 8 5 4 4 3 3 3 2 2 2 2
8 8 8 5 4 4 3 3 3 2 2 2 1 1
8 8 8 5 4 4 3 3 3 2 2 1 1 1 1
8 8 8 5 4 4 3 3 3 2 1 1 1 1 1 1
8 8 8 5 4 4 3 3 3 1 1 1 1 1 1 1 1
8 8 8 5 4 4 3 3 2 2 2 2 2 1
8 8 8 5 4 4 3 3 2 2 2 2 1 1 1
8 8 8 5 4 4 3 3 2 2 2 1 1 1 1 1
8 8 8 5 4 4 3 3 2 2 1 1 1 1 1 1 1
8 8 8 5 4 4 3 2 2 2 2 2 2 2
8 8 8 5 4 4 3 2 2 2 2 2 2 1 1
8 8 8 5 4 4 3 2 2 2 2 2 1 1 1 1
8 8 8 5 4 4 3 2 2 2 2 1 1 1 1 1 1
8 8 8 5 4 3 3 3 3 3 3 3
8 8 8 5 4 3 3 3 3 3 3 2 1
8 8 8 5 4 3 3 3 3 3 3 1 1 1
8 8 8 5 4 3 3 3 3 3 2 2 2
8 8 8 5 4 3 3 3 3 3 2 2 1 1
8 8 8 5 4 3 3 3 3 3 2 1 1 1 1
8 8 8 5 4 3 3 3 3 3 1 1 1 1 1 1
8 8 8 5 4 3 3 3 3 2 2 2 2 1
8 8 8 5 4 3 3 3 3 2 2 2 1 1 1
8 8 8 5 4 3 3 3 3 2 2 1 1 1 1 1
8 8 8 5 4 3 3 3 3 2 1 1 1 1 1 1 1
8 8 8 5 4 3 3 3 2 2 2 2 2 2
8 8 8 5 4 3 3 3 2 2 2 2 2 1 1
8 8 8 5 4 3 3 3 2 2 2 2 1 1 1 1
8 8 8 5 4 3 3 3 2 2 2 1 1 1 1 1 1
8 8 8 5 4 3 3 2 2 2 2 2 2 2 1
8 8 8 5 4 3 3 2 2 2 2 2 2 1 1 1
8 8 8 5 4 3 3 2 2 2 2 2 1 1 1 1 1
8 8 8 4 4 4 4 4 4 4 2
8 8 8 4 4 4 4 4 4 4 1 1
8 8 8 4 4 4 4 4 4 3 3
8 8 8 4 4 4 4 4 4 3 2 1
8 8 8 4 4 4 4 4 4 3 1 1 1
8 8 8 4 4 4 4 4 4 2 2 2
8 8 8 4 4 4 4 4 4 2 2 1 1
8 8 8 4 4 4 4 4 4 2 1 1 1 1
8 8 8 4 4 4 4 4 4 1 1 1 1 1 1
8 8 8 4 4 4 4 4 3 3 3 1
8 8 8 4 4 4 4 4 3 3 2 2
8 8 8 4 4 4 4 4 3 3 2 1 1
8 8 8 4 4 4 4 4 3 3 1 1 1 1
8 8 8 4 4 4 4 4 3 2 2 2 1
8 8 8 4 4 4 4 4 3 2 2 1 1 1
8 8 8 4 4 4 4 4 3 2 1 1 1 1 1
8 8 8 4 4 4 4 4 3 1 1 1 1 1 1 1
8 8 8 4 4 4 4 4 2 2 2 2 2
8 8 8 4 4 4 4 4 2 2 2 2 1 1
8 8 8 4 4 4 4 4 2 2 2 1 1 1 1
8 8 8 4 4 4 4 4 2 2 1 1 1 1 1 1
8 8 8 4 4 4 4 4 2 1 1 1 1 1 1 1 1
8 8 8 4 4 4 4 3 3 3 3 2
8 8 8 4 4 4 4 3 3 3 3 1 1
8 8 8 4 4 4 4 3 3 3 2 2 1
8 8 8 4 4 4 4 3 3 3 2 1 1 1
8 8 8 4 4 4 4 3 3 3 1 1 1 1 1
8 8 8 4 4 4 4 3 3 2 2 2 2
8 8 8 4 4 4 4 3 3 2 2 2 1 1
8 8 8 4 4 4 4 3 3 2 2 1 1 1 1
8 8 8 4 4 4 4 3 3 2 1 1 1 1 1 1
8 8 8 4 4 4 4 3 3 1 1 1 1 1 1 1 1
8 8 8 4 4 4 4 3 2 2 2 2 2 1
8 8 8 4 4 4 4 3 2 2 2 2 1 1 1
8 8 8 4 4 4 4 3 2 2 2 1 1 1 1 1
8 8 8 4 4 4 4 3 2 2 1 1 1 1 1 1 1
8 8 8 4 4 4 4 2 2 2 2 2 2 2
8 8 8 4 4 4 4 2 2 2 2 2 2 1 1
8 8 8 4 4 4 4 2 2 2 2 2 1 1 1 1
8 8 8 4 4 4 4 2 2 2 2 1 1 1 1 1 1
8 8 8 4 4 4 3 3 3 3 3 3
8 8 8 4 4 4 3 3 3 3 3 2 1
8 8 8 4 4 4 3 3 3 3 3 1 1 1
8 8 8 4 4 4 3 3 3 3 2 2 2
8 8 8 4 4 4 3 3 3 3 2 2 1 1
8 8 8 4 4 4 3 3 3 3 2 1 1 1 1
8 8 8 4 4 4 3 3 3 3 1 1 1 1 1 1
8 8 8 4 4 4 3 3 3 2 2 2 2 1
8 8 8 4 4 4 3 3 3 2 2 2 1 1 1
8 8 8 4 4 4 3 3 3 2 2 1 1 1 1 1
8 8 8 4 4 4 3 3 3 2 1 1 1 1 1 1 1
8 8 8 4 4 4 3 3 2 2 2 2 2 2
8 8 8 4 4 4 3 3 2 2 2 2 2 1 1
8 8 8 4 4 4 3 3 2 2 2 2 1 1 1 1
8 8 8 4 4 4 3 3 2 2 2 1 1 1 1 1 1
8 8 8 4 4 4 3 2 2 2 2 2 2 2 1
8 8 8 4 4 4 3 2 2 2 2 2 2 1 1 1
8 8 8 4 4 4 3 2 2 2 2 2 1 1 1 1 1
8 8 8 4 4 3 3 3 3 3 3 3 1
8 8 8 4 4 3 3 3 3 3 3 2 2
8 8 8 4 4 3 3 3 3 3 3 2 1 1
8 8 8 4 4 3 3 3 3 3 3 1 1 1 1
8 8 8 4 4 3 3 3 3 3 2 2 2 1
8 8 8 4 4 3 3 3 3 3 2 2 1 1 1
8 8 8 4 4 3 3 3 3 3 2 1 1 1 1 1
8 8 8 4 4 3 3 3 3 3 1 1 1 1 1 1 1
8 8 8 4 4 3 3 3 3 2 2 2 2 2
8 8 8 4 4 3 3 3 3 2 2 2 2 1 1
8 8 8 4 4 3 3 3 3 2 2 2 1 1 1 1
8 8 8 4 4 3 3 3 3 2 2 1 1 1 1 1 1
8 8 8 4 4 3 3 3 2 2 2 2 2 2 1
8 8 8 4 4 3 3 3 2 2 2 2 2 1 1 1
8 8 8 4 4 3 3 3 2 2 2 2 1 1 1 1 1
8 8 7 7 7 6 4 3 2 1 1
8 8 7 7 7 6 4 2 2 2 1
8 8 7 7 7 6 4 2 2 1 1 1
8 8 7 7 7 6 3 3 3 1 1
8 8 7 7 7 6 3 3 2 2 1
8 8 7 7 7 6 3 3 2 1 1 1
8 8 7 7 7 6 3 2 2 2 2
8 8 7 7 7 6 3 2 2 2 1 1
8 8 7 7 7 6 3 2 2 1 1 1 1
8 8 7 7 7 5 5 3 2 1 1
8 8 7 7 7 5 5 2 2 2 1
8 8 7 7 7 5 5 2 2 1 1 1
8 8 7 7 7 5 4 4 2 1 1
8 8 7 7 7 5 4 3 3 1 1
8 8 7 7 7 5 4 3 2 2 1
8 8 7 7 7 5 4 3 2 1 1 1
8 8 7 7 7 5 4 2 2 2 2
8 8 7 7 7 5 4 2 2 2 1 1
8 8 7 7 7 5 4 2 2 1 1 1 1
8 8 7 7 7 5 3 3 3 2 1
8 8 7 7 7 5 3 3 3 1 1 1
8 8 7 7 7 5 3 3 2 2 2
8 8 7 7 7 5 3 3 2 2 1 1
8 8 7 7 7 5 3 3 2 1 1 1 1
8 8 7 7 7 5 3 2 2 2 2 1
8 8 7 7 7 5 3 2 2 2 1 1 1
8 8 7 7 7 5 3 2 2 1 1 1 1 1
8 8 7 7 7 4 4 4 3 1 1
8 8 7 7 7 4 4 4 2 2 1
8 8 7 7 7 4 4 4 2 1 1 1
8 8 7 7 7 4 4 3 3 2 1
8 8 7 7 7 4 4 3 3 1 1 1
8 8 7 7 7 4 4 3 2 2 2
8 8 7 7 7 4 4 3 2 2 1 1
8 8 7 7 7 4 4 3 2 1 1 1 1
8 8 7 7 7 4 4 2 2 2 2 1
8 8 7 7 7 4 4 2 2 2 1 1 1
8 8 7 7 7 4 4 2 2 1 1 1 1 1
8 8 7 7 7 4 3 3 3 3 1
8 8 7 7 7 4 3 3 3 2 2
8 8 7 7 7 4 3 3 3 2 1 1
8 8 7 7 7 4 3 3 3 1 1 1 1
8 8 7 7 7 4 3 3 2 2 2 1
8 8 7 7 7 4 3 3 2 2 1 1 1
8 8 7 7 7 4 3 3 2 1 1 1 1 1
8 8 7 7 7 4 3 2 2 2 2 2
8 8 7 7 7 4 3 2 2 2 2 1 1
8 8 7 7 7 4 3 2 2 2 1 1 1 1
8 8 7 7 7 4 3 2 2 1 1 1 1 1 1
8 8 7 7 7 3 3 3 3 3 2
8 8 7 7 7 3 3 3 3 3 1 1
8 8 7 7 7 3 3 3 3 2 2 1
8 8 7 7 7 3 3 3 3 2 1 1 1
8 8 7 7 7 3 3 3 3 1 1 1 1 1
8 8 7 7 7 3 3 3 2 2 2 2
8 8 7 7 7 3 3 3 2 2 2 1 1
8 8 7 7 7 3 3 3 2 2 1 1 1 1
8 8 7 7 7 3 3 3 2 1 1 1 1 1 1
8 8 7 7 7 3 3 2 2 2 2 2 1
8 8 7 7 7 3 3 2 2 2 2 1 1 1
8 8 7 7 7 3 3 2 2 2 1 1 1 1 1
8 8 7 7 6 6 5 3 2 1 1
8 8 7 7 6 6 5 2 2 2 1
8 8 7 7 6 6 5 2 2 1 1 1
8 8 7 7 6 6 4 4 2 1 1
8 8 7 7 6 6 4 3 3 1 1
8 8 7 7 6 6 4 3 2 2 1
8 8 7 7 6 6 4 3 2 1 1 1
8 8 7 7 6 6 4 2 2 2 2
8 8 7 7 6 6 4 2 2 2 1 1
8 8 7 7 6 6 4 2 2 1 1 1 1
8 8 7 7 6 6 3 3 3 2 1
8 8 7 7 6 6 3 3 3 1 1 1
8 8 7 7 6 6 3 3 2 2 2
8 8 7 7 6 6 3 3 2 2 1 1
8 8 7 7 6 6 3 3 2 1 1 1 1
8 8 7 7 6 6 3 2 2 2 2 1
8 8 7 7 6 6 3 2 2 2 1 1 1
8 8 7 7 6 6 3 2 2 1 1 1 1 1
8 8 7 7 6 5 5 4 2 1 1
8 8 7 7 6 5 5 3 3 1 1
8 8 7 7 6 5 5 3 2 2 1
8 8 7 7 6 5 5 3 2 1 1 1
8 8 7 7 6 5 5 2 2 2 2
8 8 7 7 6 5 5 2 2 2 1 1
8 8 7 7 6 5 5 2 2 1 1 1 1
8 8 7 7 6 5 4 4 3 1 1
8 8 7 7 6 5 4 4 2 2 1
8 8 7 7 6 5 4 4 2 1 1 1
8 8 7 7 6 5 4 3 3 2 1
8 8 7 7 6 5 4 3 3 1 1 1
8 8 7 7 6 5 4 3 2 2 2
8 8 7 7 6 5 4 3 2 2 1 1
8 8 7 7 6 5 4 3 2 1 1 1 1
8 8 7 7 6 5 4 2 2 2 2 1
8 8 7 7 6 5 4 2 2 2 1 1 1
8 8 7 7 6 5 4 2 2 1 1 1 1 1
8 8 7 7 6 5 3 3 3 3 1
8 8 7 7 6 5 3 3 3 2 2
8 8 7 7 6 5 3 3 3 2 1 1
8 8 7 7 6 5 3 3 3 1 1 1 1
8 8 7 7 6 5 3 3 2 2 2 1
8 8 7 7 6 5 3 3 2 2 1 1 1
8 8 7 7 6 5 3 3 2 1 1 1 1 1
8 8 7 7 6 5 3 2 2 2 2 2
8 8 7 7 6 5 3 2 2 2 2 1 1
8 8 7 7 6 5 3 2 2 2 1 1 1 1
8 8 7 7 6 5 3 2 2 1 1 1 1 1 1
8 8 7 7 6 4 4 4 4 1 1
8 8 7 7 6 4 4 4 3 2 1
8 8 7 7 6 4 4 4 3 1 1 1
8 8 7 7 6 4 4 4 2 2 2
8 8 7 7 6 4 4 4 2 2 1 1
8 8 7 7 6 4 4 4 2 1 1 1 1
8 8 7 7 6 4 4 3 3 3 1
8 8 7 7 6 4 4 3 3 2 2
8 8 7 7 6 4 4 3 3 2 1 1
8 8 7 7 6 4 4 3 3 1 1 1 1
8 8 7 7 6 4 4 3 2 2 2 1
8 8 7 7 6 4 4 3 2 2 1 1 1
8 8 7 7 6 4 4 3 2 1 1 1 1 1
8 8 7 7 6 4 4 2 2 2 2 2
8 8 7 7 6 4 4 2 2 2 2 1 1
8 8 7 7 6 4 4 2 2 2 1 1 1 1
8 8 7 7 6 4 4 2 2 1 1 1 1 1 1
8 8 7 7 6 4 3 3 3 3 2
8 8 7 7 6 4 3 3 3 3 1 1
8 8 7 7 6 4 3 3 3 2 2 1
8 8 7 7 6 4 3 3 3 2 1 1 1
8 8 7 7 6 4 3 3 3 1 1 1 1 1
8 8 7 7 6 4 3 3 2 2 2 2
8 8 7 7 6 4 3 3 2 2 2 1 1
8 8 7 7 6 4 3 3 2 2 1 1 1 1
8 8 7 7 6 4 3 3 2 1 1 1 1 1 1
8 8 7 7 6 4 3 2 2 2 2 2 1
8 8 7 7 6 4 3 2 2 2 2 1 1 1
8 8 7 7 6 4 3 2 2 2 1 1 1 1 1
8 8 7 7 6 4 3 2 2 1 1 1 1 1 1 1
8 8 7 7 6 3 3 3 3 3 3
8 8 7 7 6 3 3 3 3 3 2 1
8 8 7 7 6 3 3 3 3 3 1 1 1
8 8 7 7 6 3 3 3 3 2 2 2
8 8 7 7 6 3 3 3 3 2 2 1 1
8 8 7 7 6 3 3 3 3 2 1 1 1 1
8 8 7 7 6 3 3 3 3 1 1 1 1 1 1
8 8 7 7 6 3 3 3 2 2 2 2 1
8 8 7 7 6 3 3 3 2 2 2 1 1 1
8 8 7 7 6 3 3 3 2 2 1 1 1 1 1
8 8 7 7 6 3 3 3 2 1 1 1 1 1 1 1
8 8 7 7 6 3 3 2 2 2 2 2 2
8 8 7 7 6 3 3 2 2 2 2 2 1 1
8 8 7 7 6 3 3 2 2 2 2 1 1 1 1
8 8 7 7 6 3 3 2 2 2 1 1 1 1 1 1
8 8 7 7 5 5 5 5 2 1 1
8 8 7 7 5 5 5 4 3 1 1
8 8 7 7 5 5 5 4 2 2 1
8 8 7 7 5 5 5 4 2 1 1 1
8 8 7 7 5 5 5 3 3 2 1
8 8 7 7 5 5 5 3 3 1 1 1
8 8 7 7 5 5 5 3 2 2 2
8 8 7 7 5 5 5 3 2 2 1 1
8 8 7 7 5 5 5 3 2 1 1 1 1
8 8 7 7 5 5 5 2 2 2 2 1
8 8 7 7 5 5 5 2 2 2 1 1 1
8 8 7 7 5 5 5 2 2 1 1 1 1 1
8 8 7 7 5 5 4 4 4 1 1
8 8 7 7 5 5 4 4 3 2 1
8 8 7 7 5 5 4 4 3 1 1 1
8 8 7 7 5 5 4 4 2 2 2
8 8 7 7 5 5 4 4 2 2 1 1
8 8 7 7 5 5 4 4 2 1 1 1 1
8 8 7 7 5 5 4 3 3 3 1
8 8 7 7 5 5 4 3 3 2 2
8 8 7 7 5 5 4 3 3 2 1 1
8 8 7 7 5 5 4 3 3 1 1 1 1
8 8 7 7 5 5 4 3 2 2 2 1
8 8 7 7 5 5 4 3 2 2 1 1 1
8 8 7 7 5 5 4 3 2 1 1 1 1 1
8 8 7 7 5 5 4 2 2 2 2 2
8 8 7 7 5 5 4 2 2 2 2 1 1
8 8 7 7 5 5 4 2 2 2 1 1 1 1
8 8 7 7 5 5 4 2 2 1 1 1 1 1 1
8 8 7 7 5 5 3 3 3 3 2
8 8 7 7 5 5 3 3 3 3 1 1
8 8 7 7 5 5 3 3 3 2 2 1
8 8 7 7 5 5 3 3 3 2 1 1 1
8 8 7 7 5 5 3 3 3 1 1 1 1 1
8 8 7 7 5 5 3 3 2 2 2 2
8 8 7 7 5 5 3 3 2 2 2 1 1
8 8 7 7 5 5 3 3 2 2 1 1 1 1
8 8 7 7 5 5 3 3 2 1 1 1 1 1 1
8 8 7 7 5 5 3 2 2 2 2 2 1
8 8 7 7 5 5 3 2 2 2 2 1 1 1
8 8 7 7 5 5 3 2 2 2 1 1 1 1 1
8 8 7 7 5 5 3 2 2 1 1 1 1 1 1 1
8 8 7 7 5 4 4 4 4 2 1
8 8 7 7 5 4 4 4 4 1 1 1
8 8 7 7 5 4 4 4 3 3 1
8 8 7 7 5 4 4 4 3 2 2
8 8 7 7 5 4 4 4 3 2 1 1
8 8 7 7 5 4 4 4 3 1 1 1 1
8 8 7 7 5 4 4 4 2 2 2 1
8 8 7 7 5 4 4 4 2 2 1 1 1
8 8 7 7 5 4 4 4 2 1 1 1 1 1
8 8 7 7 5 4 4 3 3 3 2
8 8 7 7 5 4 4 3 3 3 1 1
8 8 7 7 5 4 4 3 3 2 2 1
8 8 7 7 5 4 4 3 3 2 1 1 1
8 8 7 7 5 4 4 3 3 1 1 1 1 1
8 8 7 7 5 4 4 3 2 2 2 2
8 8 7 7 5 4 4 3 2 2 2 1 1
8 8 7 7 5 4 4 3 2 2 1 1 1 1
8 8 7 7 5 4 4 3 2 1 1 1 1 1 1
8 8 7 7 5 4 4 2 2 2 2 2 1
8 8 7 7 5 4 4 2 2 2 2 1 1 1
8 8 7 7 5 4 4 2 2 2 1 1 1 1 1
8 8 7 7 5 4 4 2 2 1 1 1 1 1 1 1
8 8 7 7 5 4 3 3 3 3 3
8 8 7 7 5 4 3 3 3 3 2 1
8 8 7 7 5 4 3 3 3 3 1 1 1
8 8 7 7 5 4 3 3 3 2 2 2
8 8 7 7 5 4 3 3 3 2 2 1 1
8 8 7 7 5 4 3 3 3 2 1 1 1 1
8 8 7 7 5 4 3 3 3 1 1 1 1 1 1
8 8 7 7 5 4 3 3 2 2 2 2 1
8 8 7 7 5 4 3 3 2 2 2 1 1 1
8 8 7 7 5 4 3 3 2 2 1 1 1 1 1
8 8 7 7 5 4 3 3 2 1 1 1 1 1 1 1
8 8 7 7 5 4 3 2 2 2 2 2 2
8 8 7 7 5 4 3 2 2 2 2 2 1 1
8 8 7 7 5 4 3 2 2 2 2 1 1 1 1
8 8 7 7 5 4 3 2 2 2 1 1 1 1 1 1
8 8 7 7 5 4 3 2 2 1 1 1 1 1 1 1 1
8 8 7 7 5 3 3 3 3 3 3 1
8 8 7 7 5 3 3 3 3 3 2 2
8 8 7 7 5 3 3 3 3 3 2 1 1
8 8 7 7 5 3 3 3 3 3 1 1 1 1
8 8 7 7 5 3 3 3 3 2 2 2 1
8 8 7 7 5 3 3 3 3 2 2 1 1 1
8 8 7 7 5 3 3 3 3 2 1 1 1 1 1
8 8 7 7 5 3 3 3 3 1 1 1 1 1 1 1
8 8 7 7 5 3 3 3 2 2 2 2 2
8 8 7 7 5 3 3 3 2 2 2 2 1 1
8 8 7 7 5 3 3 3 2 2 2 1 1 1 1
8 8 7 7 5 3 3 3 2 2 1 1 1 1 1 1
8 8 7 7 5 3 3 3 2 1 1 1 1 1 1 1 1
8 8 7 7 5 3 3 2 2 2 2 2 2 1
8 8 7 7 5 3 3 2 2 2 2 2 1 1 1
8 8 7 7 5 3 3 2 2 2 2 1 1 1 1 1
8 8 7 7 5 3 3 2 2 2 1 1 1 1 1 1 1
8 8 7 7 4 4 4 4 4 3 1
8 8 7 7 4 4 4 4 4 2 2
8 8 7 7 4 4 4 4 4 2 1 1
8 8 7 7 4 4 4 4 4 1 1 1 1
8 8 7 7 4 4 4 4 3 3 2
8 8 7 7 4 4 4 4 3 3 1 1
8 8 7 7 4 4 4 4 3 2 2 1
8 8 7 7 4 4 4 4 3 2 1 1 1
8 8 7 7 4 4 4 4 3 1 1 1 1 1
8 8 7 7 4 4 4 4 2 2 2 2
8 8 7 7 4 4 4 4 2 2 2 1 1
8 8 7 7 4 4 4 4 2 2 1 1 1 1
8 8 7 7 4 4 4 4 2 1 1 1 1 1 1
8 8 7 7 4 4 4 3 3 3 3
8 8 7 7 4 4 4 3 3 3 2 1
8 8 7 7 4 4 4 3 3 3 1 1 1
8 8 7 7 4 4 4 3 3 2 2 2
8 8 7 7 4 4 4 3 3 2 2 1 1
8 8 7 7 4 4 4 3 3 2 1 1 1 1
8 8 7 7 4 4 4 3 3 1 1 1 1 1 1
8 8 7 7 4 4 4 3 2 2 2 2 1
8 8 7 7 4 4 4 3 2 2 2 1 1 1
8 8 7 7 4 4 4 3 2 2 1 1 1 1 1
8 8 7 7 4 4 4 3 2 1 1 1 1 1 1 1
8 8 7 7 4 4 4 2 2 2 2 2 2
8 8 7 7 4 4 4 2 2 2 2 2 1 1
8 8 7 7 4 4 4 2 2 2 2 1 1 1 1
8 8 7 7 4 4 4 2 2 2 1 1 1 1 1 1
8 8 7 7 4 4 4 2 2 1 1 1 1 1 1 1 1
8 8 7 7 4 4 3 3 3 3 3 1
8 8 7 7 4 4 3 3 3 3 2 2
8 8 7 7 4 4 3 3 3 3 2 1 1
8 8 7 7 4 4 3 3 3 3 1 1 1 1
8 8 7 7 4 4 3 3 3 2 2 2 1
8 8 7 7 4 4 3 3 3 2 2 1 1 1
8 8 7 7 4 4 3 3 3 2 1 1 1 1 1
8 8 7 7 4 4 3 3 3 1 1 1 1 1 1 1
8 8 7 7 4 4 3 3 2 2 2 2 2
8 8 7 7 4 4 3 3 2 2 2 2 1 1
8 8 7 7 4 4 3 3 2 2 2 1 1 1 1
8 8 7 7 4 4 3 3 2 2 1 1 1 1 1 1
8 8 7 7 4 4 3 3 2 1 1 1 1 1 1 1 1
8 8 7 7 4 4 3 2 2 2 2 2 2 1
8 8 7 7 4 4 3 2 2 2 2 2 1 1 1
8 8 7 7 4 4 3 2 2 2 2 1 1 1 1 1
8 8 7 7 4 4 3 2 2 2 1 1 1 1 1 1 1
8 8 7 7 4 3 3 3 3 3 3 2
8 8 7 7 4 3 3 3 3 3 3 1 1
8 8 7 7 4 3 3 3 3 3 2 2 1
8 8 7 7 4 3 3 3 3 3 2 1 1 1
8 8 7 7 4 3 3 3 3 3 1 1 1 1 1
8 8 7 7 4 3 3 3 3 2 2 2 2
8 8 7 7 4 3 3 3 3 2 2 2 1 1
8 8 7 7 4 3 3 3 3 2 2 1 1 1 1
8 8 7 7 4 3 3 3 3 2 1 1 1 1 1 1
8 8 7 7 4 3 3 3 3 1 1 1 1 1 1 1 1
8 8 7 7 4 3 3 3 2 2 2 2 2 1
8 8 7 7 4 3 3 3 2 2 2 2 1 1 1
8 8 7 7 4 3 3 3 2 2 2 1 1 1 1 1
8 8 7 7 4 3 3 3 2 2 1 1 1 1 1 1 1
8 8 7 7 4 3 3 2 2 2 2 2 2 2
8 8 7 7 4 3 3 2 2 2 2 2 2 1 1
8 8 7 7 4 3 3 2 2 2 2 2 1 1 1 1
8 8 7 7 4 3 3 2 2 2 2 1 1 1 1 1 1
8 8 7 6 6 6 6 3 2 1 1
8 8 7 6 6 6 6 2 2 2 1
8 8 7 6 6 6 6 2 2 1 1 1
8 8 7 6 6 6 5 4 2 1 1
8 8 7 6 6 6 5 3 3 1 1
8 8 7 6 6 6 5 3 2 2 1
8 8 7 6 6 6 5 3 2 1 1 1
8 8 7 6 6 6 5 2 2 2 2
8 8 7 6 6 6 5 2 2 2 1 1
8 8 7 6 6 6 5 2 2 1 1 1 1
8 8 7 6 6 6 4 4 3 1 1
8 8 7 6 6 6 4 4 2 2 1
8 8 7 6 6 6 4 4 2 1 1 1
8 8 7 6 6 6 4 3 3 2 1
8 8 7 6 6 6 4 3 3 1 1 1
8 8 7 6 6 6 4 3 2 2 2
8 8 7 6 6 6 4 3 2 2 1 1
8 8 7 6 6 6 4 3 2 1 1 1 1
8 8 7 6 6 6 4 2 2 2 2 1
8 8 7 6 6 6 4 2 2 2 1 1 1
8 8 7 6 6 6 4 2 2 1 1 1 1 1
8 8 7 6 6 6 3 3 3 3 1
8 8 7 6 6 6 3 3 3 2 2
8 8 7 6 6 6 3 3 3 2 1 1
8 8 7 6 6 6 3 3 3 1 1 1 1
8 8 7 6 6 6 3 3 2 2 2 1
8 8 7 6 6 6 3 3 2 2 1 1 1
8 8 7 6 6 6 3 3 2 1 1 1 1 1
8 8 7 6 6 6 3 2 2 2 2 2
8 8 7 6 6 6 3 2 2 2 2 1 1
8 8 7 6 6 6 3 2 2 2 1 1 1 1
8 8 7 6 6 6 3 2 2 1 1 1 1 1 1
8 8 7 6 6 5 5 5 2 1 1
8 8 7 6 6 5 5 4 3 1 1
8 8 7 6 6 5 5 4 2 2 1
8 8 7 6 6 5 5 4 2 1 1 1
8 8 7 6 6 5 5 3 3 2 1
8 8 7 6 6 5 5 3 3 1 1 1
8 8 7 6 6 5 5 3 2 2 2
8 8 7 6 6 5 5 3 2 2 1 1
8 8 7 6 6 5 5 3 2 1 1 1 1
8 8 7 6 6 5 5 2 2 2 2 1
8 8 7 6 6 5 5 2 2 2 1 1 1
8 8 7 6 6 5 5 2 2 1 1 1 1 1
8 8 7 6 6 5 4 4 4 1 1
8 8 7 6 6 5 4 4 3 2 1
8 8 7 6 6 5 4 4 3 1 1 1
8 8 7 6 6 5 4 4 2 2 2
8 8 7 6 6 5 4 4 2 2 1 1
8 8 7 6 6 5 4 4 2 1 1 1 1
8 8 7 6 6 5 4 3 3 3 1
8 8 7 6 6 5 4 3 3 2 2
8 8 7 6 6 5 4 3 3 2 1 1
8 8 7 6 6 5 4 3 3 1 1 1 1
8 8 7 6 6 5 4 3 2 2 2 1
8 8 7 6 6 5 4 3 2 2 1 1 1
8 8 7 6 6 5 4 3 2 1 1 1 1 1
8 8 7 6 6 5 4 2 2 2 2 2
8 8 7 6 6 5 4 2 2 2 2 1 1
8 8 7 6 6 5 4 2 2 2 1 1 1 1
8 8 7 6 6 5 4 2 2 1 1 1 1 1 1
8 8 7 6 6 5 3 3 3 3 2
8 8 7 6 6 5 3 3 3 3 1 1
8 8 7 6 6 5 3 3 3 2 2 1
8 8 7 6 6 5 3 3 3 2 1 1 1
8 8 7 6 6 5 3 3 3 1 1 1 1 1
8 8 7 6 6 5 3 3 2 2 2 2
8 8 7 6 6 5 3 3 2 2 2 1 1
8 8 7 6 6 5 3 3 2 2 1 1 1 1
8 8 7 6 6 5 3 3 2 1 1 1 1 1 1
8 8 7 6 6 5 3 2 2 2 2 2 1
8 8 7 6 6 5 3 2 2 2 2 1 1 1
8 8 7 6 6 5 3 2 2 2 1 1 1 1 1
8 8 7 6 6 5 3 2 2 1 1 1 1 1 1 1
8 8 7 6 6 4 4 4 4 2 1
8 8 7 6 6 4 4 4 4 1 1 1
8 8 7 6 6 4 4 4 3 3 1
8 8 7 6 6 4 4 4 3 2 2
8 8 7 6 6 4 4 4 3 2 1 1
8 8 7 6 6 4 4 4 3 1 1 1 1
8 8 7 6 6 4 4 4 2 2 2 1
8 8 7 6 6 4 4 4 2 2 1 1 1
8 8 7 6 6 4 4 4 2 1 1 1 1 1
8 8 7 6 6 4 4 3 3 3 2
8 8 7 6 6 4 4 3 3 3 1 1
8 8 7 6 6 4 4 3 3 2 2 1
8 8 7 6 6 4 4 3 3 2 1 1 1
8 8 7 6 6 4 4 3 3 1 1 1 1 1
8 8 7 6 6 4 4 3 2 2 2 2
8 8 7 6 6 4 4 3 2 2 2 1 1
8 8 7 6 6 4 4 3 2 2 1 1 1 1
8 8 7 6 6 4 4 3 2 1 1 1 1 1 1
8 8 7 6 6 4 4 2 2 2 2 2 1
8 8 7 6 6 4 4 2 2 2 2 1 1 1
8 8 7 6 6 4 4 2 2 2 1 1 1 1 1
8 8 7 6 6 4 4 2 2 1 1 1 1 1 1 1
8 8 7 6 6 4 3 3 3 3 3
8 8 7 6 6 4 3 3 3 3 2 1
8 8 7 6 6 4 3 3 3 3 1 1 1
8 8 7 6 6 4 3 3 3 2 2 2
8 8 7 6 6 4 3 3 3 2 2 1 1
8 8 7 6 6 4 3 3 3 2 1 1 1 1
8 8 7 6 6 4 3 3 3 1 1 1 1 1 1
8 8 7 6 6 4 3 3 2 2 2 2 1
8 8 7 6 6 4 3 3 2 2 2 1 1 1
8 8 7 6 6 4 3 3 2 2 1 1 1 1 1
8 8 7 6 6 4 3 3 2 1 1 1 1 1 1 1
8 8 7 6 6 4 3 2 2 2 2 2 2
8 8 7 6 6 4 3 2 2 2 2 2 1 1
8 8 7 6 6 4 3 2 2 2 2 1 1 1 1
8 8 7 6 6 4 3 2 2 2 1 1 1 1 1 1
8 8 7 6 6 4 3 2 2 1 1 1 1 1 1 1 1
8 8 7 6 6 3 3 3 3 3 3 1
8 8 7 6 6 3 3 3 3 3 2 2
8 8 7 6 6 3 3 3 3 3 2 1 1
8 8 7 6 6 3 3 3 3 3 1 1 1 1
8 8 7 6 6 3 3 3 3 2 2 2 1
8 8 7 6 6 3 3 3 3 2 2 1 1 1
8 8 7 6 6 3 3 3 3 2 1 1 1 1 1
8 8 7 6 6 3 3 3 3 1 1 1 1 1 1 1
8 8 7 6 6 3 3 3 2 2 2 2 2
8 8 7 6 6 3 3 3 2 2 2 2 1 1
8 8 7 6 6 3 3 3 2 2 2 1 1 1 1
8 8 7 6 6 3 3 3 2 2 1 1 1 1 1 1
8 8 7 6 6 3 3 3 2 1 1 1 1 1 1 1 1
8 8 7 6 6 3 3 2 2 2 2 2 2 1
8 8 7 6 6 3 3 2 2 2 2 2 1 1 1
8 8 7 6 6 3 3 2 2 2 2 1 1 1 1 1
8 8 7 6 6 3 3 2 2 2 1 1 1 1 1 1 1
8 8 7 6 5 5 5 5 3 1 1
8 8 7 6 5 5 5 5 2 2 1
8 8 7 6 5 5 5 5 2 1 1 1
8 8 7 6 5 5 5 4 4 1 1
8 8 7 6 5 5 5 4 3 2 1
8 8 7 6 5 5 5 4 3 1 1 1
8 8 7 6 5 5 5 4 2 2 2
8 8 7 6 5 5 5 4 2 2 1 1
8 8 7 6 5 5 5 4 2 1 1 1 1
8 8 7 6 5 5 5 3 3 3 1
8 8 7 6 5 5 5 3 3 2 2
8 8 7 6 5 5 5 3 3 2 1 1
8 8 7 6 5 5 5 3 3 1 1 1 1
8 8 7 6 5 5 5 3 2 2 2 1
8 8 7 6 5 5 5 3 2 2 1 1 1
8 8 7 6 5 5 5 3 2 1 1 1 1 1
8 8 7 6 5 5 5 2 2 2 2 2
8 8 7 6 5 5 5 2 2 2 2 1 1
8 8 7 6 5 5 5 2 2 2 1 1 1 1
8 8 7 6 5 5 5 2 2 1 1 1 1 1 1
8 8 7 6 5 5 4 4 4 2 1
8 8 7 6 5 5 4 4 4 1 1 1
8 8 7 6 5 5 4 4 3 3 1
8 8 7 6 5 5 4 4 3 2 2
8 8 7 6 5 5 4 4 3 2 1 1
8 8 7 6 5 5 4 4 3 1 1 1 1
8 8 7 6 5 5 4 4 2 2 2 1
8 8 7 6 5 5 4 4 2 2 1 1 1
8 8 7 6 5 5 4 4 2 1 1 1 1 1
8 8 7 6 5 5 4 3 3 3 2
8 8 7 6 5 5 4 3 3 3 1 1
8 8 7 6 5 5 4 3 3 2 2 1
8 8 7 6 5 5 4 3 3 2 1 1 1
8 8 7 6 5 5 4 3 3 1 1 1 1 1
8 8 7 6 5 5 4 3 2 2 2 2
8 8 7 6 5 5 4 3 2 2 2 1 1
8 8 7 6 5 5 4 3 2 2 1 1 1 1
8 8 7 6 5 5 4 3 2 1 1 1 1 1 1
8 8 7 6 5 5 4 2 2 2 2 2 1
8 8 7 6 5 5 4 2 2 2 2 1 1 1
8 8 7 6 5 5 4 2 2 2 1 1 1 1 1
8 8 7 6 5 5 4 2 2 1 1 1 1 1 1 1
8 8 7 6 5 5 3 3 3 3 3
8 8 7 6 5 5 3 3 3 3 2 1
8 8 7 6 5 5 3 3 3 3 1 1 1
8 8 7 6 5 5 3 3 3 2 2 2
8 8 7 6 5 5 3 3 3 2 2 1 1
8 8 7 6 5 5 3 3 3 2 1 1 1 1
8 8 7 6 5 5 3 3 3 1 1 1 1 1 1
8 8 7 6 5 5 3 3 2 2 2 2 1
8 8 7 6 5 5 3 3 2 2 2 1 1 1
8 8 7 6 5 5 3 3 2 2 1 1 1 1 1
8 8 7 6 5 5 3 3 2 1 1 1 1 1 1 1
8 8 7 6 5 5 3 2 2 2 2 2 2
8 8 7 6 5 5 3 2 2 2 2 2 1 1
8 8 7 6 5 5 3 2 2 2 2 1 1 1 1
8 8 7 6 5 5 3 2 2 2 1 1 1 1 1 1
8 8 7 6 5 5 3 2 2 1 1 1 1 1 1 1 1
8 8 7 6 5 4 4 4 4 3 1
8 8 7 6 5 4 4 4 4 2 2
8 8 7 6 5 4 4 4 4 2 1 1
8 8 7 6 5 4 4 4 4 1 1 1 1
8 8 7 6 5 4 4 4 3 3 2
8 8 7 6 5 4 4 4 3 3 1 1
8 8 7 6 5 4 4 4 3 2 2 1
8 8 7 6 5 4 4 4 3 2 1 1 1
8 8 7 6 5 4 4 4 3 1 1 1 1 1
8 8 7 6 5 4 4 4 2 2 2 2
8 8 7 6 5 4 4 4 2 2 2 1 1
8 8 7 6 5 4 4 4 2 2 1 1 1 1
8 8 7 6 5 4 4 4 2 1 1 1 1 1 1
8 8 7 6 5 4 4 3 3 3 3
8 8 7 6 5 4 4 3 3 3 2 1
8 8 7 6 5 4 4 3 3 3 1 1 1
8 8 7 6 5 4 4 3 3 2 2 2
8 8 7 6 5 4 4 3 3 2 2 1 1
8 8 7 6 5 4 4 3 3 2 1 1 1 1
8 8 7 6 5 4 4 3 3 1 1 1 1 1 1
8 8 7 6 5 4 4 3 2 2 2 2 1
8 8 7 6 5 4 4 3 2 2 2 1 1 1
8 8 7 6 5 4 4 3 2 2 1 1 1 1 1
8 8 7 6 5 4 4 3 2 1 1 1 1 1 1 1
8 8 7 6 5 4 4 2 2 2 2 2 2
8 8 7 6 5 4 4 2 2 2 2 2 1 1
8 8 7 6 5 4 4 2 2 2 2 1 1 1 1
8 8 7 6 5 4 4 2 2 2 1 1 1 1 1 1
8 8 7 6 5 4 4 2 2 1 1 1 1 1 1 1 1
8 8 7 6 5 4 3 3 3 3 3 1
8 8 7 6 5 4 3 3 3 3 2 2
8 8 7 6 5 4 3 3 3 3 2 1 1
8 8 7 6 5 4 3 3 3 3 1 1 1 1
8 8 7 6 5 4 3 3 3 2 2 2 1
8 8 7 6 5 4 3 3 3 2 2 1 1 1
8 8 7 6 5 4 3 3 3 2 1 1 1 1 1
8 8 7 6 5 4 3 3 3 1 1 1 1 1 1 1
8 8 7 6 5 4 3 3 2 2 2 2 2
8 8 7 6 5 4 3 3 2 2 2 2 1 1
8 8 7 6 5 4 3 3 2 2 2 1 1 1 1
8 8 7 6 5 4 3 3 2 2 1 1 1 1 1 1
8 8 7 6 5 4 3 3 2 1 1 1 1 1 1 1 1
8 8 7 6 5 4 3 2 2 2 2 2 2 1
8 8 7 6 5 4 3 2 2 2 2 2 1 1 1
8 8 7 6 5 4 3 2 2 2 2 1 1 1 1 1
8 8 7 6 5 4 3 2 2 2 1 1 1 1 1 1 1
8 8 7 6 5 3 3 3 3 3 3 2
8 8 7 6 5 3 3 3 3 3 3 1 1
8 8 7 6 5 3 3 3 3 3 2 2 1
8 8 7 6 5 3 3 3 3 3 2 1 1 1
8 8 7 6 5 3 3 3 3 3 1 1 1 1 1
8 8 7 6 5 3 3 3 3 2 2 2 2
8 8 7 6 5 3 3 3 3 2 2 2 1 1
8 8 7 6 5 3 3 3 3 2 2 1 1 1 1
8 8 7 6 5 3 3 3 3 2 1 1 1 1 1 1
8 8 7 6 5 3 3 3 3 1 1 1 1 1 1 1 1
8 8 7 6 5 3 3 3 2 2 2 2 2 1
8 8 7 6 5 3 3 3 2 2 2 2 1 1 1
8 8 7 6 5 3 3 3 2 2 2 1 1 1 1 1
8 8 7 6 5 3 3 3 2 2 1 1 1 1 1 1 1
8 8 7 6 5 3 3 2 2 2 2 2 2 2
8 8 7 6 5 3 3 2 2 2 2 2 2 1 1
8 8 7 6 5 3 3 2 2 2 2 2 1 1 1 1
8 8 7 6 5 3 3 2 2 2 2 1 1 1 1 1 1
8 8 7 6 4 4 4 4 4 4 1
8 8 7 6 4 4 4 4 4 3 2
8 8 7 6 4 4 4 4 4 3 1 1
8 8 7 6 4 4 4 4 4 2 2 1
8 8 7 6 4 4 4 4 4 2 1 1 1
8 8 7 6 4 4 4 4 4 1 1 1 1 1
8 8 7 6 4 4 4 4 3 3 3
8 8 7 6 4 4 4 4 3 3 2 1
8 8 7 6 4 4 4 4 3 3 1 1 1
8 8 7 6 4 4 4 4 3 2 2 2
8 8 7 6 4 4 4 4 3 2 2 1 1
8 8 7 6 4 4 4 4 3 2 1 1 1 1
8 8 7 6 4 4 4 4 3 1 1 1 1 1 1
8 8 7 6 4 4 4 4 2 2 2 2 1
8 8 7 6 4 4 4 4 2 2 2 1 1 1
8 8 7 6 4 4 4 4 2 2 1 1 1 1 1
8 8 7 6 4 4 4 4 2 1 1 1 1 1 1 1
8 8 7 6 4 4 4 3 3 3 3 1
8 8 7 6 4 4 4 3 3 3 2 2
8 8 7 6 4 4 4 3 3 3 2 1 1
8 8 7 6 4 4 4 3 3 3 1 1 1 1
8 8 7 6 4 4 4 3 3 2 2 2 1
8 8 7 6 4 4 4 3 3 2 2 1 1 1
8 8 7 6 4 4 4 3 3 2 1 1 1 1 1
8 8 7 6 4 4 4 3 3 1 1 1 1 1 1 1
8 8 7 6 4 4 4 3 2 2 2 2 2
8 8 7 6 4 4 4 3 2 2 2 2 1 1
8 8 7 6 4 4 4 3 2 2 2 1 1 1 1
8 8 7 6 4 4 4 3 2 2 1 1 1 1 1 1
8 8 7 6 4 4 4 3 2 1 1 1 1 1 1 1 1
8 8 7 6 4 4 4 2 2 2 2 2 2 1
8 8 7 6 4 4 4 2 2 2 2 2 1 1 1
8 8 7 6 4 4 4 2 2 2 2 1 1 1 1 1
8 8 7 6 4 4 4 2 2 2 1 1 1 1 1 1 1
8 8 7 6 4 4 3 3 3 3 3 2
8 8 7 6 4 4 3 3 3 3 3 1 1
8 8 7 6 4 4 3 3 3 3 2 2 1
8 8 7 6 4 4 3 3 3 3 2 1 1 1
8 8 7 6 4 4 3 3 3 3 1 1 1 1 1
8 8 7 6 4 4 3 3 3 2 2 2 2
8 8 7 6 4 4 3 3 3 2 2 2 1 1
8 8 7 6 4 4 3 3 3 2 2 1 1 1 1
8 8 7 6 4 4 3 3 3 2 1 1 1 1 1 1
8 8 7 6 4 4 3 3 3 1 1 1 1 1 1 1 1
8 8 7 6 4 4 3 3 2 2 2 2 2 1
8 8 7 6 4 4 3 3 2 2 2 2 1 1 1
8 8 7 6 4 4 3 3 2 2 2 1 1 1 1 1
8 8 7 6 4 4 3 3 2 2 1 1 1 1 1 1 1
8 8 7 6 4 4 3 2 2 2 2 2 2 2
8 8 7 6 4 4 3 2 2 2 2 2 2 1 1
8 8 7 6 4 4 3 2 2 2 2 2 1 1 1 1
8 8 7 6 4 4 3 2 2 2 2 1 1 1 1 1 1
8 8 7 6 4 3 3 3 3 3 3 3
8 8 7 6 4 3 3 3 3 3 3 2 1
8 8 7 6 4 3 3 3 3 3 3 1 1 1
8 8 7 6 4 3 3 3 3 3 2 2 2
8 8 7 6 4 3 3 3 3 3 2 2 1 1
8 8 7 6 4 3 3 3 3 3 2 1 1 1 1
8 8 7 6 4 3 3 3 3 3 1 1 1 1 1 1
8 8 7 6 4 3 3 3 3 2 2 2 2 1
8 8 7 6 4 3 3 3 3 2 2 2 1 1 1
8 8 7 6 4 3 3 3 3 2 2 1 1 1 1 1
8 8 7 6 4 3 3 3 3 2 1 1 1 1 1 1 1
8 8 7 6 4 3 3 3 2 2 2 2 2 2
8 8 7 6 4 3 3 3 2 2 2 2 2 1 1
8 8 7 6 4 3 3 3 2 2 2 2 1 1 1 1
8 8 7 6 4 3 3 3 2 2 2 1 1 1 1 1 1
8 8 7 6 4 3 3 2 2 2 2 2 2 2 1
8 8 7 6 4 3 3 2 2 2 2 2 2 1 1 1
8 8 7 6 4 3 3 2 2 2 2 2 1 1 1 1 1
8 8 7 5 5 5 5 5 4 1 1
8 8 7 5 5 5 5 5 3 2 1
8 8 7 5 5 5 5 5 3 1 1 1
8 8 7 5 5 5 5 5 2 2 2
8 8 7 5 5 5 5 5 2 2 1 1
8 8 7 5 5 5 5 5 2 1 1 1 1
8 8 7 5 5 5 5 4 4 2 1
8 8 7 5 5 5 5 4 4 1 1 1
8 8 7 5 5 5 5 4 3 3 1
8 8 7 5 5 5 5 4 3 2 2
8 8 7 5 5 5 5 4 3 2 1 1
8 8 7 5 5 5 5 4 3 1 1 1 1
8 8 7 5 5 5 5 4 2 2 2 1
8 8 7 5 5 5 5 4 2 2 1 1 1
8 8 7 5 5 5 5 4 2 1 1 1 1 1
8 8 7 5 5 5 5 3 3 3 2
8 8 7 5 5 5 5 3 3 3 1 1
8 8 7 5 5 5 5 3 3 2 2 1
8 8 7 5 5 5 5 3 3 2 1 1 1
8 8 7 5 5 5 5 3 3 1 1 1 1 1
8 8 7 5 5 5 5 3 2 2 2 2
8 8 7 5 5 5 5 3 2 2 2 1 1
8 8 7 5 5 5 5 3 2 2 1 1 1 1
8 8 7 5 5 5 5 3 2 1 1 1 1 1 1
8 8 7 5 5 5 5 2 2 2 2 2 1
8 8 7 5 5 5 5 2 2 2 2 1 1 1
8 8 7 5 5 5 5 2 2 2 1 1 1 1 1
8 8 7 5 5 5 5 2 2 1 1 1 1 1 1 1
8 8 7 5 5 5 4 4 4 3 1
8 8 7 5 5 5 4 4 4 2 2
8 8 7 5 5 5 4 4 4 2 1 1
8 8 7 5 5 5 4 4 4 1 1 1 1
8 8 7 5 5 5 4 4 3 3 2
8 8 7 5 5 5 4 4 3 3 1 1
8 8 7 5 5 5 4 4 3 2 2 1
8 8 7 5 5 5 4 4 3 2 1 1 1
8 8 7 5 5 5 4 4 3 1 1 1 1 1
8 8 7 5 5 5 4 4 2 2 2 2
8 8 7 5 5 5 4 4 2 2 2 1 1
8 8 7 5 5 5 4 4 2 2 1 1 1 1
8 8 7 5 5 5 4 4 2 1 1 1 1 1 1
8 8 7 5 5 5 4 3 3 3 3
8 8 7 5 5 5 4 3 3 3 2 1
8 8 7 5 5 5 4 3 3 3 1 1 1
8 8 7 5 5 5 4 3 3 2 2 2
8 8 7 5 5 5 4 3 3 2 2 1 1
8 8 7 5 5 5 4 3 3 2 1 1 1 1
8 8 7 5 5 5 4 3 3 1 1 1 1 1 1
8 8 7 5 5 5 4 3 2 2 2 2 1
8 8 7 5 5 5 4 3 2 2 2 1 1 1
8 8 7 5 5 5 4 3 2 2 1 1 1 1 1
8 8 7 5 5 5 4 3 2 1 1 1 1 1 1 1
8 8 7 5 5 5 4 2 2 2 2 2 2
8 8 7 5 5 5 4 2 2 2 2 2 1 1
8 8 7 5 5 5 4 2 2 2 2 1 1 1 1
8 8 7 5 5 5 4 2 2 2 1 1 1 1 1 1
8 8 7 5 5 5 4 2 2 1 1 1 1 1 1 1 1
8 8 7 5 5 5 3 3 3 3 3 1
8 8 7 5 5 5 3 3 3 3 2 2
8 8 7 5 5 5 3 3 3 3 2 1 1
8 8 7 5 5 5 3 3 3 3 1 1 1 1
8 8 7 5 5 5 3 3 3 2 2 2 1
8 8 7 5 5 5 3 3 3 2 2 1 1 1
8 8 7 5 5 5 3 3 3 2 1 1 1 1 1
8 8 7 5 5 5 3 3 3 1 1 1 1 1 1 1
8 8 7 5 5 5 3 3 2 2 2 2 2
8 8 7 5 5 5 3 3 2 2 2 2 1 1
8 8 7 5 5 5 3 3 2 2 2 1 1 1 1
8 8 7 5 5 5 3 3 2 2 1 1 1 1 1 1
8 8 7 5 5 5 3 3 2 1 1 1 1 1 1 1 1
8 8 7 5 5 5 3 2 2 2 2 2 2 1
8 8 7 5 5 5 3 2 2 2 2 2 1 1 1
8 8 7 5 5 5 3 2 2 2 2 1 1 1 1 1
8 8 7 5 5 5 3 2 2 2 1 1 1 1 1 1 1
8 8 7 5 5 4 4 4 4 4 1
8 8 7 5 5 4 4 4 4 3 2
8 8 7 5 5 4 4 4 4 3 1 1
8 8 7 5 5 4 4 4 4 2 2 1
8 8 7 5 5 4 4 4 4 2 1 1 1
8 8 7 5 5 4 4 4 4 1 1 1 1 1
8 8 7 5 5 4 4 4 3 3 3
8 8 7 5 5 4 4 4 3 3 2 1
8 8 7 5 5 4 4 4 3 3 1 1 1
8 8 7 5 5 4 4 4 3 2 2 2
8 8 7 5 5 4 4 4 3 2 2 1 1
8 8 7 5 5 4 4 4 3 2 1 1 1 1
8 8 7 5 5 4 4 4 3 1 1 1 1 1 1
8 8 7 5 5 4 4 4 2 2 2 2 1
8 8 7 5 5 4 4 4 2 2 2 1 1 1
8 8 7 5 5 4 4 4 2 2 1 1 1 1 1
8 8 7 5 5 4 4 4 2 1 1 1 1 1 1 1
8 8 7 5 5 4 4 3 3 3 3 1
8 8 7 5 5 4 4 3 3 3 2 2
8 8 7 5 5 4 4 3 3 3 2 1 1
8 8 7 5 5 4 4 3 3 3 1 1 1 1
8 8 7 5 5 4 4 3 3 2 2 2 1
8 8 7 5 5 4 4 3 3 2 2 1 1 1
8 8 7 5 5 4 4 3 3 2 1 1 1 1 1
8 8 7 5 5 4 4 3 3 1 1 1 1 1 1 1
8 8 7 5 5 4 4 3 2 2 2 2 2
8 8 7 5 5 4 4 3 2 2 2 2 1 1
8 8 7 5 5 4 4 3 2 2 2 1 1 1 1
8 8 7 5 5 4 4 3 2 2 1 1 1 1 1 1
8 8 7 5 5 4 4 3 2 1 1 1 1 1 1 1 1
8 8 7 5 5 4 4 2 2 2 2 2 2 1
8 8 7 5 5 4 4 2 2 2 2 2 1 1 1
8 8 7 5 5 4 4 2 2 2 2 1 1 1 1 1
8 8 7 5 5 4 4 2 2 2 1 1 1 1 1 1 1
8 8 7 5 5 4 3 3 3 3 3 2
8 8 7 5 5 4 3 3 3 3 3 1 1
8 8 7 5 5 4 3 3 3 3 2 2 1
8 8 7 5 5 4 3 3 3 3 2 1 1 1
8 8 7 5 5 4 3 3 3 3 1 1 1 1 1
8 8 7 5 5 4 3 3 3 2 2 2 2
8 8 7 5 5 4 3 3 3 2 2 2 1 1
8 8 7 5 5 4 3 3 3 2 2 1 1 1 1
8 8 7 5 5 4 3 3 3 2 1 1 1 1 1 1
8 8 7 5 5 4 3 3 3 1 1 1 1 1 1 1 1
8 8 7 5 5 4 3 3 2 2 2 2 2 1
8 8 7 5 5 4 3 3 2 2 2 2 1 1 1
8 8 7 5 5 4 3 3 2 2 2 1 1 1 1 1
8 8 7 5 5 4 3 3 2 2 1 1 1 1 1 1 1
8 8 7 5 5 4 3 2 2 2 2 2 2 2
8 8 7 5 5 4 3 2 2 2 2 2 2 1 1
8 8 7 5 5 4 3 2 2 2 2 2 1 1 1 1
8 8 7 5 5 4 3 2 2 2 2 1 1 1 1 1 1
8 8 7 5 5 3 3 3 3 3 3 3
8 8 7 5 5 3 3 3 3 3 3 2 1
8 8 7 5 5 3 3 3 3 3 3 1 1 1
8 8 7 5 5 3 3 3 3 3 2 2 2
8 8 7 5 5 3 3 3 3 3 2 2 1 1
8 8 7 5 5 3 3 3 3 3 2 1 1 1 1
8 8 7 5 5 3 3 3 3 3 1 1 1 1 1 1
8 8 7 5 5 3 3 3 3 2 2 2 2 1
8 8 7 5 5 3 3 3 3 2 2 2 1 1 1
8 8 7 5 5 3 3 3 3 2 2 1 1 1 1 1
8 8 7 5 5 3 3 3 3 2 1 1 1 1 1 1 1
8 8 7 5 5 3 3 3 2 2 2 2 2 2
8 8 7 5 5 3 3 3 2 2 2 2 2 1 1
8 8 7 5 5 3 3 3 2 2 2 2 1 1 1 1
8 8 7 5 5 3 3 3 2 2 2 1 1 1 1 1 1
8 8 7 5 5 3 3 2 2 2 2 2 2 2 1
8 8 7 5 5 3 3 2 2 2 2 2 2 1 1 1
8 8 7 5 5 3 3 2 2 2 2 2 1 1 1 1 1
8 8 7 5 4 4 4 4 4 4 2
8 8 7 5 4 4 4 4 4 4 1 1
8 8 7 5 4 4 4 4 4 3 3
8 8 7 5 4 4 4 4 4 3 2 1
8 8 7 5 4 4 4 4 4 3 1 1 1
8 8 7 5 4 4 4 4 4 2 2 2
8 8 7 5 4 4 4 4 4 2 2 1 1
8 8 7 5 4 4 4 4 4 2 1 1 1 1
8 8 7 5 4 4 4 4 4 1 1 1 1 1 1
8 8 7 5 4 4 4 4 3 3 3 1
8 8 7 5 4 4 4 4 3 3 2 2
8 8 7 5 4 4 4 4 3 3 2 1 1
8 8 7 5 4 4 4 4 3 3 1 1 1 1
8 8 7 5 4 4 4 4 3 2 2 2 1
8 8 7 5 4 4 4 4 3 2 2 1 1 1
8 8 7 5 4 4 4 4 3 2 1 1 1 1 1
8 8 7 5 4 4 4 4 3 1 1 1 1 1 1 1
8 8 7 5 4 4 4 4 2 2 2 2 2
8 8 7 5 4 4 4 4 2 2 2 2 1 1
8 8 7 5 4 4 4 4 2 2 2 1 1 1 1
8 8 7 5 4 4 4 4 2 2 1 1 1 1 1 1
8 8 7 5 4 4 4 4 2 1 1 1 1 1 1 1 1
8 8 7 5 4 4 4 3 3 3 3 2
8 8 7 5 4 4 4 3 3 3 3 1 1
8 8 7 5 4 4 4 3 3 3 2 2 1
8 8 7 5 4 4 4 3 3 3 2 1 1 1
8 8 7 5 4 4 4 3 3 3 1 1 1 1 1
8 8 7 5 4 4 4 3 3 2 2 2 2
8 8 7 5 4 4 4 3 3 2 2 2 1 1
8 8 7 5 4 4 4 3 3 2 2 1 1 1 1
8 8 7 5 4 4 4 3 3 2 1 1 1 1 1 1
8 8 7 5 4 4 4 3 3 1 1 1 1 1 1 1 1
8 8 7 5 4 4 4 3 2 2 2 2 2 1
8 8 7 5 4 4 4 3 2 2 2 2 1 1 1
8 8 7 5 4 4 4 3 2 2 2 1 1 1 1 1
8 8 7 5 4 4 4 3 2 2 1 1 1 1 1 1 1
8 8 7 5 4 4 4 2 2 2 2 2 2 2
8 8 7 5 4 4 4 2 2 2 2 2 2 1 1
8 8 7 5 4 4 4 2 2 2 2 2 1 1 1 1
8 8 7 5 4 4 4 2 2 2 2 1 1 1 1 1 1
8 8 7 5 4 4 3 3 3 3 3 3
8 8 7 5 4 4 3 3 3 3 3 2 1
8 8 7 5 4 4 3 3 3 3 3 1 1 1
8 8 7 5 4 4 3 3 3 3 2 2 2
8 8 7 5 4 4 3 3 3 3 2 2 1 1
8 8 7 5 4 4 3 3 3 3 2 1 1 1 1
8 8 7 5 4 4 3 3 3 3 1 1 1 1 1 1
8 8 7 5 4 4 3 3 3 2 2 2 2 1
8 8 7 5 4 4 3 3 3 2 2 2 1 1 1
8 8 7 5 4 4 3 3 3 2 2 1 1 1 1 1
8 8 7 5 4 4 3 3 3 2 1 1 1 1 1 1 1
8 8 7 5 4 4 3 3 2 2 2 2 2 2
8 8 7 5 4 4 3 3 2 2 2 2 2 1 1
8 8 7 5 4 4 3 3 2 2 2 2 1 1 1 1
8 8 7 5 4 4 3 3 2 2 2 1 1 1 1 1 1
8 8 7 5 4 4 3 2 2 2 2 2 2 2 1
8 8 7 5 4 4 3 2 2 2 2 2 2 1 1 1
8 8 7 5 4 4 3 2 2 2 2 2 1 1 1 1 1
8 8 7 5 4 3 3 3 3 3 3 3 1
8 8 7 5 4 3 3 3 3 3 3 2 2
8 8 7 5 4 3 3 3 3 3 3 2 1 1
8 8 7 5 4 3 3 3 3 3 3 1 1 1 1
8 8 7 5 4 3 3 3 3 3 2 2 2 1
8 8 7 5 4 3 3 3 3 3 2 2 1 1 1
8 8 7 5 4 3 3 3 3 3 2 1 1 1 1 1
8 8 7 5 4 3 3 3 3 3 1 1 1 1 1 1 1
8 8 7 5 4 3 3 3 3 2 2 2 2 2
8 8 7 5 4 3 3 3 3 2 2 2 2 1 1
8 8 7 5 4 3 3 3 3 2 2 2 1 1 1 1
8 8 7 5 4 3 3 3 3 2 2 1 1 1 1 1 1
8 8 7 5 4 3 3 3 2 2 2 2 2 2 1
8 8 7 5 4 3 3 3 2 2 2 2 2 1 1 1
8 8 7 5 4 3 3 3 2 2 2 2 1 1 1 1 1
8 8 7 5 4 3 3 2 2 2 2 2 2 2 2
8 8 7 5 4 3 3 2 2 2 2 2 2 2 1 1
8 8 7 5 4 3 3 2 2 2 2 2 2 1 1 1 1
8 8 7 4 4 4 4 4 4 4 3
8 8 7 4 4 4 4 4 4 4 2 1
8 8 7 4 4 4 4 4 4 4 1 1 1
8 8 7 4 4 4 4 4 4 3 3 1
8 8 7 4 4 4 4 4 4 3 2 2
8 8 7 4 4 4 4 4 4 3 2 1 1
8 8 7 4 4 4 4 4 4 3 1 1 1 1
8 8 7 4 4 4 4 4 4 2 2 2 1
8 8 7 4 4 4 4 4 4 2 2 1 1 1
8 8 7 4 4 4 4 4 4 2 1 1 1 1 1
8 8 7 4 4 4 4 4 4 1 1 1 1 1 1 1
8 8 7 4 4 4 4 4 3 3 3 2
8 8 7 4 4 4 4 4 3 3 3 1 1
8 8 7 4 4 4 4 4 3 3 2 2 1
8 8 7 4 4 4 4 4 3 3 2 1 1 1
8 8 7 4 4 4 4 4 3 3 1 1 1 1 1
8 8 7 4 4 4 4 4 3 2 2 2 2
8 8 7 4 4 4 4 4 3 2 2 2 1 1
8 8 7 4 4 4 4 4 3 2 2 1 1 1 1
8 8 7 4 4 4 4 4 3 2 1 1 1 1 1 1
8 8 7 4 4 4 4 4 3 1 1 1 1 1 1 1 1
8 8 7 4 4 4 4 4 2 2 2 2 2 1
8 8 7 4 4 4 4 4 2 2 2 2 1 1 1
8 8 7 4 4 4 4 4 2 2 2 1 1 1 1 1
8 8 7 4 4 4 4 4 2 2 1 1 1 1 1 1 1
8 8 7 4 4 4 4 3 3 3 3 3
8 8 7 4 4 4 4 3 3 3 3 2 1
8 8 7 4 4 4 4 3 3 3 3 1 1 1
8 8 7 4 4 4 4 3 3 3 2 2 2
8 8 7 4 4 4 4 3 3 3 2 2 1 1
8 8 7 4 4 4 4 3 3 3 2 1 1 1 1
8 8 7 4 4 4 4 3 3 3 1 1 1 1 1 1
8 8 7 4 4 4 4 3 3 2 2 2 2 1
8 8 7 4 4 4 4 3 3 2 2 2 1 1 1
8 8 7 4 4 4 4 3 3 2 2 1 1 1 1 1
8 8 7 4 4 4 4 3 3 2 1 1 1 1 1 1 1
8 8 7 4 4 4 4 3 2 2 2 2 2 2
8 8 7 4 4 4 4 3 2 2 2 2 2 1 1
8 8 7 4 4 4 4 3 2 2 2 2 1 1 1 1
8 8 7 4 4 4 4 3 2 2 2 1 1 1 1 1 1
8 8 7 4 4 4 4 2 2 2 2 2 2 2 1
8 8 7 4 4 4 4 2 2 2 2 2 2 1 1 1
8 8 7 4 4 4 4 2 2 2 2 2 1 1 1 1 1
8 8 7 4 4 4 3 3 3 3 3 3 1
8 8 7 4 4 4 3 3 3 3 3 2 2
8 8 7 4 4 4 3 3 3 3 3 2 1 1
8 8 7 4 4 4 3 3 3 3 3 1 1 1 1
8 8 7 4 4 4 3 3 3 3 2 2 2 1
8 8 7 4 4 4 3 3 3 3 2 2 1 1 1
8 8 7 4 4 4 3 3 3 3 2 1 1 1 1 1
8 8 7 4 4 4 3 3 3 3 1 1 1 1 1 1 1
8 8 7 4 4 4 3 3 3 2 2 2 2 2
8 8 7 4 4 4 3 3 3 2 2 2 2 1 1
8 8 7 4 4 4 3 3 3 2 2 2 1 1 1 1
8 8 7 4 4 4 3 3 3 2 2 1 1 1 1 1 1
8 8 7 4 4 4 3 3 2 2 2 2 2 2 1
8 8 7 4 4 4 3 3 2 2 2 2 2 1 1 1
8 8 7 4 4 4 3 3 2 2 2 2 1 1 1 1 1
8 8 7 4 4 4 3 2 2 2 2 2 2 2 2
8 8 7 4 4 4 3 2 2 2 2 2 2 2 1 1
8 8 7 4 4 4 3 2 2 2 2 2 2 1 1 1 1
8 8 7 4 4 3 3 3 3 3 3 3 2
8 8 7 4 4 3 3 3 3 3 3 3 1 1
8 8 7 4 4 3 3 3 3 3 3 2 2 1
8 8 7 4 4 3 3 3 3 3 3 2 1 1 1
8 8 7 4 4 3 3 3 3 3 3 1 1 1 1 1
8 8 7 4 4 3 3 3 3 3 2 2 2 2
8 8 7 4 4 3 3 3 3 3 2 2 2 1 1
8 8 7 4 4 3 3 3 3 3 2 2 1 1 1 1
8 8 7 4 4 3 3 3 3 3 2 1 1 1 1 1 1
8 8 7 4 4 3 3 3 3 2 2 2 2 2 1
8 8 7 4 4 3 3 3 3 2 2 2 2 1 1 1
8 8 7 4 4 3 3 3 3 2 2 2 1 1 1 1 1
8 8 7 4 4 3 3 3 2 2 2 2 2 2 2
8 8 7 4 4 3 3 3 2 2 2 2 2 2 1 1
8 8 7 4 4 3 3 3 2 2 2 2 2 1 1 1 1
8 8 6 6 6 6 6 4 2 1 1
8 8 6 6 6 6 6 3 3 1 1
8 8 6 6 6 6 6 3 2 2 1
8 8 6 6 6 6 6 3 2 1 1 1
8 8 6 6 6 6 6 2 2 2 2
8 8 6 6 6 6 6 2 2 2 1 1
8 8 6 6 6 6 6 2 2 1 1 1 1
8 8 6 6 6 6 5 5 2 1 1
8 8 6 6 6 6 5 4 3 1 1
8 8 6 6 6 6 5 4 2 2 1
8 8 6 6 6 6 5 4 2 1 1 1
8 8 6 6 6 6 5 3 3 2 1
8 8 6 6 6 6 5 3 3 1 1 1
8 8 6 6 6 6 5 3 2 2 2
8 8 6 6 6 6 5 3 2 2 1 1
8 8 6 6 6 6 5 3 2 1 1 1 1
8 8 6 6 6 6 5 2 2 2 2 1
8 8 6 6 6 6 5 2 2 2 1 1 1
8 8 6 6 6 6 5 2 2 1 1 1 1 1
8 8 6 6 6 6 4 4 4 1 1
8 8 6 6 6 6 4 4 3 2 1
8 8 6 6 6 6 4 4 3 1 1 1
8 8 6 6 6 6 4 4 2 2 2
8 8 6 6 6 6 4 4 2 2 1 1
8 8 6 6 6 6 4 4 2 1 1 1 1
8 8 6 6 6 6 4 3 3 3 1
8 8 6 6 6 6 4 3 3 2 2
8 8 6 6 6 6 4 3 3 2 1 1
8 8 6 6 6 6 4 3 3 1 1 1 1
8 8 6 6 6 6 4 3 2 2 2 1
8 8 6 6 6 6 4 3 2 2 1 1 1
8 8 6 6 6 6 4 3 2 1 1 1 1 1
8 8 6 6 6 6 4 2 2 2 2 2
8 8 6 6 6 6 4 2 2 2 2 1 1
8 8 6 6 6 6 4 2 2 2 1 1 1 1
8 8 6 6 6 6 4 2 2 1 1 1 1 1 1
8 8 6 6 6 6 3 3 3 3 2
8 8 6 6 6 6 3 3 3 3 1 1
8 8 6 6 6 6 3 3 3 2 2 1
8 8 6 6 6 6 3 3 3 2 1 1 1
8 8 6 6 6 6 3 3 3 1 1 1 1 1
8 8 6 6 6 6 3 3 2 2 2 2
8 8 6 6 6 6 3 3 2 2 2 1 1
8 8 6 6 6 6 3 3 2 2 1 1 1 1
8 8 6 6 6 6 3 3 2 1 1 1 1 1 1
8 8 6 6 6 6 3 2 2 2 2 2 1
8 8 6 6 6 6 3 2 2 2 2 1 1 1
8 8 6 6 6 6 3 2 2 2 1 1 1 1 1
8 8 6 6 6 6 3 2 2 1 1 1 1 1 1 1
8 8 6 6 6 5 5 5 3 1 1
8 8 6 6 6 5 5 5 2 2 1
8 8 6 6 6 5 5 5 2 1 1 1
8 8 6 6 6 5 5 4 4 1 1
8 8 6 6 6 5 5 4 3 2 1
8 8 6 6 6 5 5 4 3 1 1 1
8 8 6 6 6 5 5 4 2 2 2
8 8 6 6 6 5 5 4 2 2 1 1
8 8 6 6 6 5 5 4 2 1 1 1 1
8 8 6 6 6 5 5 3 3 3 1
8 8 6 6 6 5 5 3 3 2 2
8 8 6 6 6 5 5 3 3 2 1 1
8 8 6 6 6 5 5 3 3 1 1 1 1
8 8 6 6 6 5 5 3 2 2 2 1
8 8 6 6 6 5 5 3 2 2 1 1 1
8 8 6 6 6 5 5 3 2 1 1 1 1 1
8 8 6 6 6 5 5 2 2 2 2 2
8 8 6 6 6 5 5 2 2 2 2 1 1
8 8 6 6 6 5 5 2 2 2 1 1 1 1
8 8 6 6 6 5 5 2 2 1 1 1 1 1 1
8 8 6 6 6 5 4 4 4 2 1
8 8 6 6 6 5 4 4 4 1 1 1
8 8 6 6 6 5 4 4 3 3 1
8 8 6 6 6 5 4 4 3 2 2
8 8 6 6 6 5 4 4 3 2 1 1
8 8 6 6 6 5 4 4 3 1 1 1 1
8 8 6 6 6 5 4 4 2 2 2 1
8 8 6 6 6 5 4 4 2 2 1 1 1
8 8 6 6 6 5 4 4 2 1 1 1 1 1
8 8 6 6 6 5 4 3 3 3 2
8 8 6 6 6 5 4 3 3 3 1 1
8 8 6 6 6 5 4 3 3 2 2 1
8 8 6 6 6 5 4 3 3 2 1 1 1
8 8 6 6 6 5 4 3 3 1 1 1 1 1
8 8 6 6 6 5 4 3 2 2 2 2
8 8 6 6 6 5 4 3 2 2 2 1 1
8 8 6 6 6 5 4 3 2 2 1 1 1 1
8 8 6 6 6 5 4 3 2 1 1 1 1 1 1
8 8 6 6 6 5 4 2 2 2 2 2 1
8 8 6 6 6 5 4 2 2 2 2 1 1 1
8 8 6 6 6 5 4 2 2 2 1 1 1 1 1
8 8 6 6 6 5 4 2 2 1 1 1 1 1 1 1
8 8 6 6 6 5 3 3 3 3 3
8 8 6 6 6 5 3 3 3 3 2 1
8 8 6 6 6 5 3 3 3 3 1 1 1
8 8 6 6 6 5 3 3 3 2 2 2
8 8 6 6 6 5 3 3 3 2 2 1 1
8 8 6 6 6 5 3 3 3 2 1 1 1 1
8 8 6 6 6 5 3 3 3 1 1 1 1 1 1
8 8 6 6 6 5 3 3 2 2 2 2 1
8 8 6 6 6 5 3 3 2 2 2 1 1 1
8 8 6 6 6 5 3 3 2 2 1 1 1 1 1
8 8 6 6 6 5 3 3 2 1 1 1 1 1 1 1
8 8 6 6 6 5 3 2 2 2 2 2 2
8 8 6 6 6 5 3 2 2 2 2 2 1 1
8 8 6 6 6 5 3 2 2 2 2 1 1 1 1
8 8 6 6 6 5 3 2 2 2 1 1 1 1 1 1
8 8 6 6 6 5 3 2 2 1 1 1 1 1 1 1 1
8 8 6 6 6 4 4 4 4 3 1
8 8 6 6 6 4 4 4 4 2 2
8 8 6 6 6 4 4 4 4 2 1 1
8 8 6 6 6 4 4 4 4 1 1 1 1
8 8 6 6 6 4 4 4 3 3 2
8 8 6 6 6 4 4 4 3 3 1 1
8 8 6 6 6 4 4 4 3 2 2 1
8 8 6 6 6 4 4 4 3 2 1 1 1
8 8 6 6 6 4 4 4 3 1 1 1 1 1
8 8 6 6 6 4 4 4 2 2 2 2
8 8 6 6 6 4 4 4 2 2 2 1 1
8 8 6 6 6 4 4 4 2 2 1 1 1 1
8 8 6 6 6 4 4 4 2 1 1 1 1 1 1
8 8 6 6 6 4 4 3 3 3 3
8 8 6 6 6 4 4 3 3 3 2 1
8 8 6 6 6 4 4 3 3 3 1 1 1
8 8 6 6 6 4 4 3 3 2 2 2
8 8 6 6 6 4 4 3 3 2 2 1 1
8 8 6 6 6 4 4 3 3 2 1 1 1 1
8 8 6 6 6 4 4 3 3 1 1 1 1 1 1
8 8 6 6 6 4 4 3 2 2 2 2 1
8 8 6 6 6 4 4 3 2 2 2 1 1 1
8 8 6 6 6 4 4 3 2 2 1 1 1 1 1
8 8 6 6 6 4 4 3 2 1 1 1 1 1 1 1
8 8 6 6 6 4 4 2 2 2 2 2 2
8 8 6 6 6 4 4 2 2 2 2 2 1 1
8 8 6 6 6 4 4 2 2 2 2 1 1 1 1
8 8 6 6 6 4 4 2 2 2 1 1 1 1 1 1
8 8 6 6 6 4 4 2 2 1 1 1 1 1 1 1 1
8 8 6 6 6 4 3 3 3 3 3 1
8 8 6 6 6 4 3 3 3 3 2 2
8 8 6 6 6 4 3 3 3 3 2 1 1
8 8 6 6 6 4 3 3 3 3 1 1 1 1
8 8 6 6 6 4 3 3 3 2 2 2 1
8 8 6 6 6 4 3 3 3 2 2 1 1 1
8 8 6 6 6 4 3 3 3 2 1 1 1 1 1
8 8 6 6 6 4 3 3 3 1 1 1 1 1 1 1
8 8 6 6 6 4 3 3 2 2 2 2 2
8 8 6 6 6 4 3 3 2 2 2 2 1 1
8 8 6 6 6 4 3 3 2 2 2 1 1 1 1
8 8 6 6 6 4 3 3 2 2 1 1 1 1 1 1
8 8 6 6 6 4 3 3 2 1 1 1 1 1 1 1 1
8 8 6 6 6 4 3 2 2 2 2 2 2 1
8 8 6 6 6 4 3 2 2 2 2 2 1 1 1
8 8 6 6 6 4 3 2 2 2 2 1 1 1 1 1
8 8 6 6 6 4 3 2 2 2 1 1 1 1 1 1 1
8 8 6 6 6 3 3 3 3 3 3 2
8 8 6 6 6 3 3 3 3 3 3 1 1
8 8 6 6 6 3 3 3 3 3 2 2 1
8 8 6 6 6 3 3 3 3 3 2 1 1 1
8 8 6 6 6 3 3 3 3 3 1 1 1 1 1
8 8 6 6 6 3 3 3 3 2 2 2 2
8 8 6 6 6 3 3 3 3 2 2 2 1 1
8 8 6 6 6 3 3 3 3 2 2 1 1 1 1
8 8 6 6 6 3 3 3 3 2 1 1 1 1 1 1
8 8 6 6 6 3 3 3 3 1 1 1 1 1 1 1 1
8 8 6 6 6 3 3 3 2 2 2 2 2 1
8 8 6 6 6 3 3 3 2 2 2 2 1 1 1
8 8 6 6 6 3 3 3 2 2 2 1 1 1 1 1
8 8 6 6 6 3 3 3 2 2 1 1 1 1 1 1 1
8 8 6 6 6 3 3 2 2 2 2 2 2 2
8 8 6 6 6 3 3 2 2 2 2 2 2 1 1
8 8 6 6 6 3 3 2 2 2 2 2 1 1 1 1
8 8 6 6 6 3 3 2 2 2 2 1 1 1 1 1 1
8 8 6 6 5 5 5 5 4 1 1
8 8 6 6 5 5 5 5 3 2 1
8 8 6 6 5 5 5 5 3 1 1 1
8 8 6 6 5 5 5 5 2 2 2
8 8 6 6 5 5 5 5 2 2 1 1
8 8 6 6 5 5 5 5 2 1 1 1 1
8 8 6 6 5 5 5 4 4 2 1
8 8 6 6 5 5 5 4 4 1 1 1
8 8 6 6 5 5 5 4 3 3 1
8 8 6 6 5 5 5 4 3 2 2
8 8 6 6 5 5 5 4 3 2 1 1
8 8 6 6 5 5 5 4 3 1 1 1 1
8 8 6 6 5 5 5 4 2 2 2 1
8 8 6 6 5 5 5 4 2 2 1 1 1
8 8 6 6 5 5 5 4 2 1 1 1 1 1
8 8 6 6 5 5 5 3 3 3 2
8 8 6 6 5 5 5 3 3 3 1 1
8 8 6 6 5 5 5 3 3 2 2 1
8 8 6 6 5 5 5 3 3 2 1 1 1
8 8 6 6 5 5 5 3 3 1 1 1 1 1
8 8 6 6 5 5 5 3 2 2 2 2
8 8 6 6 5 5 5 3 2 2 2 1 1
8 8 6 6 5 5 5 3 2 2 1 1 1 1
8 8 6 6 5 5 5 3 2 1 1 1 1 1 1
8 8 6 6 5 5 5 2 2 2 2 2 1
8 8 6 6 5 5 5 2 2 2 2 1 1 1
8 8 6 6 5 5 5 2 2 2 1 1 1 1 1
8 8 6 6 5 5 5 2 2 1 1 1 1 1 1 1
8 8 6 6 5 5 4 4 4 3 1
8 8 6 6 5 5 4 4 4 2 2
8 8 6 6 5 5 4 4 4 2 1 1
8 8 6 6 5 5 4 4 4 1 1 1 1
8 8 6 6 5 5 4 4 3 3 2
8 8 6 6 5 5 4 4 3 3 1 1
8 8 6 6 5 5 4 4 3 2 2 1
8 8 6 6 5 5 4 4 3 2 1 1 1
8 8 6 6 5 5 4 4 3 1 1 1 1 1
8 8 6 6 5 5 4 4 2 2 2 2
8 8 6 6 5 5 4 4 2 2 2 1 1
8 8 6 6 5 5 4 4 2 2 1 1 1 1
8 8 6 6 5 5 4 4 2 1 1 1 1 1 1
8 8 6 6 5 5 4 3 3 3 3
8 8 6 6 5 5 4 3 3 3 2 1
8 8 6 6 5 5 4 3 3 3 1 1 1
8 8 6 6 5 5 4 3 3 2 2 2
8 8 6 6 5 5 4 3 3 2 2 1 1
8 8 6 6 5 5 4 3 3 2 1 1 1 1
8 8 6 6 5 5 4 3 3 1 1 1 1 1 1
8 8 6 6 5 5 4 3 2 2 2 2 1
8 8 6 6 5 5 4 3 2 2 2 1 1 1
8 8 6 6 5 5 4 3 2 2 1 1 1 1 1
8 8 6 6 5 5 4 3 2 1 1 1 1 1 1 1
8 8 6 6 5 5 4 2 2 2 2 2 2
8 8 6 6 5 5 4 2 2 2 2 2 1 1
8 8 6 6 5 5 4 2 2 2 2 1 1 1 1
8 8 6 6 5 5 4 2 2 2 1 1 1 1 1 1
8 8 6 6 5 5 4 2 2 1 1 1 1 1 1 1 1
8 8 6 6 5 5 3 3 3 3 3 1
8 8 6 6 5 5 3 3 3 3 2 2
8 8 6 6 5 5 3 3 3 3 2 1 1
8 8 6 6 5 5 3 3 3 3 1 1 1 1
8 8 6 6 5 5 3 3 3 2 2 2 1
8 8 6 6 5 5 3 3 3 2 2 1 1 1
8 8 6 6 5 5 3 3 3 2 1 1 1 1 1
8 8 6 6 5 5 3 3 3 1 1 1 1 1 1 1
8 8 6 6 5 5 3 3 2 2 2 2 2
8 8 6 6 5 5 3 3 2 2 2 2 1 1
8 8 6 6 5 5 3 3 2 2 2 1 1 1 1
8 8 6 6 5 5 3 3 2 2 1 1 1 1 1 1
8 8 6 6 5 5 3 3 2 1 1 1 1 1 1 1 1
8 8 6 6 5 5 3 2 2 2 2 2 2 1
8 8 6 6 5 5 3 2 2 2 2 2 1 1 1
8 8 6 6 5 5 3 2 2 2 2 1 1 1 1 1
8 8 6 6 5 5 3 2 2 2 1 1 1 1 1 1 1
8 8 6 6 5 4 4 4 4 4 1
8 8 6 6 5 4 4 4 4 3 2
8 8 6 6 5 4 4 4 4 3 1 1
8 8 6 6 5 4 4 4 4 2 2 1
8 8 6 6 5 4 4 4 4 2 1 1 1
8 8 6 6 5 4 4 4 4 1 1 1 1 1
8 8 6 6 5 4 4 4 3 3 3
8 8 6 6 5 4 4 4 3 3 2 1
8 8 6 6 5 4 4 4 3 3 1 1 1
8 8 6 6 5 4 4 4 3 2 2 2
8 8 6 6 5 4 4 4 3 2 2 1 1
8 8 6 6 5 4 4 4 3 2 1 1 1 1
8 8 6 6 5 4 4 4 3 1 1 1 1 1 1
8 8 6 6 5 4 4 4 2 2 2 2 1
8 8 6 6 5 4 4 4 2 2 2 1 1 1
8 8 6 6 5 4 4 4 2 2 1 1 1 1 1
8 8 6 6 5 4 4 4 2 1 1 1 1 1 1 1
8 8 6 6 5 4 4 3 3 3 3 1
8 8 6 6 5 4 4 3 3 3 2 2
8 8 6 6 5 4 4 3 3 3 2 1 1
8 8 6 6 5 4 4 3 3 3 1 1 1 1
8 8 6 6 5 4 4 3 3 2 2 2 1
8 8 6 6 5 4 4 3 3 2 2 1 1 1
8 8 6 6 5 4 4 3 3 2 1 1 1 1 1
8 8 6 6 5 4 4 3 3 1 1 1 1 1 1 1
8 8 6 6 5 4 4 3 2 2 2 2 2
8 8 6 6 5 4 4 3 2 2 2 2 1 1
8 8 6 6 5 4 4 3 2 2 2 1 1 1 1
8 8 6 6 5 4 4 3 2 2 1 1 1 1 1 1
8 8 6 6 5 4 4 3 2 1 1 1 1 1 1 1 1
8 8 6 6 5 4 4 2 2 2 2 2 2 1
8 8 6 6 5 4 4 2 2 2 2 2 1 1 1
8 8 6 6 5 4 4 2 2 2 2 1 1 1 1 1
8 8 6 6 5 4 4 2 2 2 1 1 1 1 1 1 1
8 8 6 6 5 4 3 3 3 3 3 2
8 8 6 6 5 4 3 3 3 3 3 1 1
8 8 6 6 5 4 3 3 3 3 2 2 1
8 8 6 6 5 4 3 3 3 3 2 1 1 1
8 8 6 6 5 4 3 3 3 3 1 1 1 1 1
8 8 6 6 5 4 3 3 3 2 2 2 2
8 8 6 6 5 4 3 3 3 2 2 2 1 1
8 8 6 6 5 4 3 3 3 2 2 1 1 1 1
8 8 6 6 5 4 3 3 3 2 1 1 1 1 1 1
8 8 6 6 5 4 3 3 3 1 1 1 1 1 1 1 1
8 8 6 6 5 4 3 3 2 2 2 2 2 1
8 8 6 6 5 4 3 3 2 2 2 2 1 1 1
8 8 6 6 5 4 3 3 2 2 2 1 1 1 1 1
8 8 6 6 5 4 3 3 2 2 1 1 1 1 1 1 1
8 8 6 6 5 4 3 2 2 2 2 2 2 2
8 8 6 6 5 4 3 2 2 2 2 2 2 1 1
8 8 6 6 5 4 3 2 2 2 2 2 1 1 1 1
8 8 6 6 5 4 3 2 2 2 2 1 1 1 1 1 1
8 8 6 6 5 3 3 3 3 3 3 3
8 8 6 6 5 3 3 3 3 3 3 2 1
8 8 6 6 5 3 3 3 3 3 3 1 1 1
8 8 6 6 5 3 3 3 3 3 2 2 2
8 8 6 6 5 3 3 3 3 3 2 2 1 1
8 8 6 6 5 3 3 3 3 3 2 1 1 1 1
8 8 6 6 5 3 3 3 3 3 1 1 1 1 1 1
8 8 6 6 5 3 3 3 3 2 2 2 2 1
8 8 6 6 5 3 3 3 3 2 2 2 1 1 1
8 8 6 6 5 3 3 3 3 2 2 1 1 1 1 1
8 8 6 6 5 3 3 3 3 2 1 1 1 1 1 1 1
8 8 6 6 5 3 3 3 2 2 2 2 2 2
8 8 6 6 5 3 3 3 2 2 2 2 2 1 1
8 8 6 6 5 3 3 3 2 2 2 2 1 1 1 1
8 8 6 6 5 3 3 3 2 2 2 1 1 1 1 1 1
8 8 6 6 5 3 3 2 2 2 2 2 2 2 1
8 8 6 6 5 3 3 2 2 2 2 2 2 1 1 1
8 8 6 6 5 3 3 2 2 2 2 2 1 1 1 1 1
8 8 6 6 4 4 4 4 4 4 2
8 8 6 6 4 4 4 4 4 4 1 1
8 8 6 6 4 4 4 4 4 3 3
8 8 6 6 4 4 4 4 4 3 2 1
8 8 6 6 4 4 4 4 4 3 1 1 1
8 8 6 6 4 4 4 4 4 2 2 2
8 8 6 6 4 4 4 4 4 2 2 1 1
8 8 6 6 4 4 4 4 4 2 1 1 1 1
8 8 6 6 4 4 4 4 4 1 1 1 1 1 1
8 8 6 6 4 4 4 4 3 3 3 1
8 8 6 6 4 4 4 4 3 3 2 2
8 8 6 6 4 4 4 4 3 3 2 1 1
8 8 6 6 4 4 4 4 3 3 1 1 1 1
8 8 6 6 4 4 4 4 3 2 2 2 1
8 8 6 6 4 4 4 4 3 2 2 1 1 1
8 8 6 6 4 4 4 4 3 2 1 1 1 1 1
8 8 6 6 4 4 4 4 3 1 1 1 1 1 1 1
8 8 6 6 4 4 4 4 2 2 2 2 2
8 8 6 6 4 4 4 4 2 2 2 2 1 1
8 8 6 6 4 4 4 4 2 2 2 1 1 1 1
8 8 6 6 4 4 4 4 2 2 1 1 1 1 1 1
8 8 6 6 4 4 4 4 2 1 1 1 1 1 1 1 1
8 8 6 6 4 4 4 3 3 3 3 2
8 8 6 6 4 4 4 3 3 3 3 1 1
8 8 6 6 4 4 4 3 3 3 2 2 1
8 8 6 6 4 4 4 3 3 3 2 1 1 1
8 8 6 6 4 4 4 3 3 3 1 1 1 1 1
8 8 6 6 4 4 4 3 3 2 2 2 2
8 8 6 6 4 4 4 3 3 2 2 2 1 1
8 8 6 6 4 4 4 3 3 2 2 1 1 1 1
8 8 6 6 4 4 4 3 3 2 1 1 1 1 1 1
8 8 6 6 4 4 4 3 3 1 1 1 1 1 1 1 1
8 8 6 6 4 4 4 3 2 2 2 2 2 1
8 8 6 6 4 4 4 3 2 2 2 2 1 1 1
8 8 6 6 4 4 4 3 2 2 2 1 1 1 1 1
8 8 6 6 4 4 4 3 2 2 1 1 1 1 1 1 1
8 8 6 6 4 4 4 2 2 2 2 2 2 2
8 8 6 6 4 4 4 2 2 2 2 2 2 1 1
8 8 6 6 4 4 4 2 2 2 2 2 1 1 1 1
8 8 6 6 4 4 4 2 2 2 2 1 1 1 1 1 1
8 8 6 6 4 4 3 3 3 3 3 3
8 8 6 6 4 4 3 3 3 3 3 2 1
8 8 6 6 4 4 3 3 3 3 3 1 1 1
8 8 6 6 4 4 3 3 3 3 2 2 2
8 8 6 6 4 4 3 3 3 3 2 2 1 1
8 8 6 6 4 4 3 3 3 3 2 1 1 1 1
8 8 6 6 4 4 3 3 3 3 1 1 1 1 1 1
8 8 6 6 4 4 3 3 3 2 2 2 2 1
8 8 6 6 4 4 3 3 3 2 2 2 1 1 1
8 8 6 6 4 4 3 3 3 2 2 1 1 1 1 1
8 8 6 6 4 4 3 3 3 2 1 1 1 1 1 1 1
8 8 6 6 4 4 3 3 2 2 2 2 2 2
8 8 6 6 4 4 3 3 2 2 2 2 2 1 1
8 8 6 6 4 4 3 3 2 2 2 2 1 1 1 1
8 8 6 6 4 4 3 3 2 2 2 1 1 1 1 1 1
8 8 6 6 4 4 3 2 2 2 2 2 2 2 1
8 8 6 6 4 4 3 2 2 2 2 2 2 1 1 1
8 8 6 6 4 4 3 2 2 2 2 2 1 1 1 1 1
8 8 6 6 4 3 3 3 3 3 3 3 1
8 8 6 6 4 3 3 3 3 3 3 2 2
8 8 6 6 4 3 3 3 3 3 3 2 1 1
8 8 6 6 4 3 3 3 3 3 3 1 1 1 1
8 8 6 6 4 3 3 3 3 3 2 2 2 1
8 8 6 6 4 3 3 3 3 3 2 2 1 1 1
8 8 6 6 4 3 3 3 3 3 2 1 1 1 1 1
8 8 6 6 4 3 3 3 3 3 1 1 1 1 1 1 1
8 8 6 6 4 3 3 3 3 2 2 2 2 2
8 8 6 6 4 3 3 3 3 2 2 2 2 1 1
8 8 6 6 4 3 3 3 3 2 2 2 1 1 1 1
8 8 6 6 4 3 3 3 3 2 2 1 1 1 1 1 1
8 8 6 6 4 3 3 3 2 2 2 2 2 2 1
8 8 6 6 4 3 3 3 2 2 2 2 2 1 1 1
8 8 6 6 4 3 3 3 2 2 2 2 1 1 1 1 1
8 8 6 6 4 3 3 2 2 2 2 2 2 2 2
8 8 6 6 4 3 3 2 2 2 2 2 2 2 1 1
8 8 6 6 4 3 3 2 2 2 2 2 2 1 1 1 1
8 8 6 5 5 5 5 5 5 1 1
8 8 6 5 5 5 5 5 4 2 1
8 8 6 5 5 5 5 5 4 1 1 1
8 8 6 5 5 5 5 5 3 3 1
8 8 6 5 5 5 5 5 3 2 2
8 8 6 5 5 5 5 5 3 2 1 1
8 8 6 5 5 5 5 5 3 1 1 1 1
8 8 6 5 5 5 5 5 2 2 2 1
8 8 6 5 5 5 5 5 2 2 1 1 1
8 8 6 5 5 5 5 5 2 1 1 1 1 1
8 8 6 5 5 5 5 4 4 3 1
8 8 6 5 5 5 5 4 4 2 2
8 8 6 5 5 5 5 4 4 2 1 1
8 8 6 5 5 5 5 4 4 1 1 1 1
8 8 6 5 5 5 5 4 3 3 2
8 8 6 5 5 5 5 4 3 3 1 1
8 8 6 5 5 5 5 4 3 2 2 1
8 8 6 5 5 5 5 4 3 2 1 1 1
8 8 6 5 5 5 5 4 3 1 1 1 1 1
8 8 6 5 5 5 5 4 2 2 2 2
8 8 6 5 5 5 5 4 2 2 2 1 1
8 8 6 5 5 5 5 4 2 2 1 1 1 1
8 8 6 5 5 5 5 4 2 1 1 1 1 1 1
8 8 6 5 5 5 5 3 3 3 3
8 8 6 5 5 5 5 3 3 3 2 1
8 8 6 5 5 5 5 3 3 3 1 1 1
8 8 6 5 5 5 5 3 3 2 2 2
8 8 6 5 5 5 5 3 3 2 2 1 1
8 8 6 5 5 5 5 3 3 2 1 1 1 1
8 8 6 5 5 5 5 3 3 1 1 1 1 1 1
8 8 6 5 5 5 5 3 2 2 2 2 1
8 8 6 5 5 5 5 3 2 2 2 1 1 1
8 8 6 5 5 5 5 3 2 2 1 1 1 1 1
8 8 6 5 5 5 5 3 2 1 1 1 1 1 1 1
8 8 6 5 5 5 5 2 2 2 2 2 2
8 8 6 5 5 5 5 2 2 2 2 2 1 1
8 8 6 5 5 5 5 2 2 2 2 1 1 1 1
8 8 6 5 5 5 5 2 2 2 1 1 1 1 1 1
8 8 6 5 5 5 5 2 2 1 1 1 1 1 1 1 1
8 8 6 5 5 5 4 4 4 4 1
8 8 6 5 5 5 4 4 4 3 2
8 8 6 5 5 5 4 4 4 3 1 1
8 8 6 5 5 5 4 4 4 2 2 1
8 8 6 5 5 5 4 4 4 2 1 1 1
8 8 6 5 5 5 4 4 4 1 1 1 1 1
8 8 6 5 5 5 4 4 3 3 3
8 8 6 5 5 5 4 4 3 3 2 1
8 8 6 5 5 5 4 4 3 3 1 1 1
8 8 6 5 5 5 4 4 3 2 2 2
8 8 6 5 5 5 4 4 3 2 2 1 1
8 8 6 5 5 5 4 4 3 2 1 1 1 1
8 8 6 5 5 5 4 4 3 1 1 1 1 1 1
8 8 6 5 5 5 4 4 2 2 2 2 1
8 8 6 5 5 5 4 4 2 2 2 1 1 1
8 8 6 5 5 5 4 4 2 2 1 1 1 1 1
8 8 6 5 5 5 4 4 2 1 1 1 1 1 1 1
8 8 6 5 5 5 4 3 3 3 3 1
8 8 6 5 5 5 4 3 3 3 2 2
8 8 6 5 5 5 4 3 3 3 2 1 1
8 8 6 5 5 5 4 3 3 3 1 1 1 1
8 8 6 5 5 5 4 3 3 2 2 2 1
8 8 6 5 5 5 4 3 3 2 2 1 1 1
8 8 6 5 5 5 4 3 3 2 1 1 1 1 1
8 8 6 5 5 5 4 3 3 1 1 1 1 1 1 1
8 8 6 5 5 5 4 3 2 2 2 2 2
8 8 6 5 5 5 4 3 2 2 2 2 1 1
8 8 6 5 5 5 4 3 2 2 2 1 1 1 1
8 8 6 5 5 5 4 3 2 2 1 1 1 1 1 1
8 8 6 5 5 5 4 3 2 1 1 1 1 1 1 1 1
8 8 6 5 5 5 4 2 2 2 2 2 2 1
8 8 6 5 5 5 4 2 2 2 2 2 1 1 1
8 8 6 5 5 5 4 2 2 2 2 1 1 1 1 1
8 8 6 5 5 5 4 2 2 2 1 1 1 1 1 1 1
8 8 6 5 5 5 3 3 3 3 3 2
8 8 6 5 5 5 3 3 3 3 3 1 1
8 8 6 5 5 5 3 3 3 3 2 2 1
8 8 6 5 5 5 3 3 3 3 2 1 1 1
8 8 6 5 5 5 3 3 3 3 1 1 1 1 1
8 8 6 5 5 5 3 3 3 2 2 2 2
8 8 6 5 5 5 3 3 3 2 2 2 1 1
8 8 6 5 5 5 3 3 3 2 2 1 1 1 1
8 8 6 5 5 5 3 3 3 2 1 1 1 1 1 1
8 8 6 5 5 5 3 3 3 1 1 1 1 1 1 1 1
8 8 6 5 5 5 3 3 2 2 2 2 2 1
8 8 6 5 5 5 3 3 2 2 2 2 1 1 1
8 8 6 5 5 5 3 3 2 2 2 1 1 1 1 1
8 8 6 5 5 5 3 3 2 2 1 1 1 1 1 1 1
8 8 6 5 5 5 3 2 2 2 2 2 2 2
8 8 6 5 5 5 3 2 2 2 2 2 2 1 1
8 8 6 5 5 5 3 2 2 2 2 2 1 1 1 1
8 8 6 5 5 5 3 2 2 2 2 1 1 1 1 1 1
8 8 6 5 5 4 4 4 4 4 2
8 8 6 5 5 4 4 4 4 4 1 1
8 8 6 5 5 4 4 4 4 3 3
8 8 6 5 5 4 4 4 4 3 2 1
8 8 6 5 5 4 4 4 4 3 1 1 1
8 8 6 5 5 4 4 4 4 2 2 2
8 8 6 5 5 4 4 4 4 2 2 1 1
8 8 6 5 5 4 4 4 4 2 1 1 1 1
8 8 6 5 5 4 4 4 4 1 1 1 1 1 1
8 8 6 5 5 4 4 4 3 3 3 1
8 8 6 5 5 4 4 4 3 3 2 2
8 8 6 5 5 4 4 4 3 3 2 1 1
8 8 6 5 5 4 4 4 3 3 1 1 1 1
8 8 6 5 5 4 4 4 3 2 2 2 1
8 8 6 5 5 4 4 4 3 2 2 1 1 1
8 8 6 5 5 4 4 4 3 2 1 1 1 1 1
8 8 6 5 5 4 4 4 3 1 1 1 1 1 1 1
8 8 6 5 5 4 4 4 2 2 2 2 2
8 8 6 5 5 4 4 4 2 2 2 2 1 1
8 8 6 5 5 4 4 4 2 2 2 1 1 1 1
8 8 6 5 5 4 4 4 2 2 1 1 1 1 1 1
8 8 6 5 5 4 4 4 2 1 1 1 1 1 1 1 1
8 8 6 5 5 4 4 3 3 3 3 2
8 8 6 5 5 4 4 3 3 3 3 1 1
8 8 6 5 5 4 4 3 3 3 2 2 1
8 8 6 5 5 4 4 3 3 3 2 1 1 1
8 8 6 5 5 4 4 3 3 3 1 1 1 1 1
8 8 6 5 5 4 4 3 3 2 2 2 2
8 8 6 5 5 4 4 3 3 2 2 2 1 1
8 8 6 5 5 4 4 3 3 2 2 1 1 1 1
8 8 6 5 5 4 4 3 3 2 1 1 1 1 1 1
8 8 6 5 5 4 4 3 3 1 1 1 1 1 1 1 1
8 8 6 5 5 4 4 3 2 2 2 2 2 1
8 8 6 5 5 4 4 3 2 2 2 2 1 1 1
8 8 6 5 5 4 4 3 2 2 2 1 1 1 1 1
8 8 6 5 5 4 4 3 2 2 1 1 1 1 1 1 1
8 8 6 5 5 4 4 2 2 2 2 2 2 2
8 8 6 5 5 4 4 2 2 2 2 2 2 1 1
8 8 6 5 5 4 4 2 2 2 2 2 1 1 1 1
8 8 6 5 5 4 4 2 2 2 2 1 1 1 1 1 1
8 8 6 5 5 4 3 3 3 3 3 3
8 8 6 5 5 4 3 3 3 3 3 2 1
8 8 6 5 5 4 3 3 3 3 3 1 1 1
8 8 6 5 5 4 3 3 3 3 2 2 2
8 8 6 5 5 4 3 3 3 3 2 2 1 1
8 8 6 5 5 4 3 3 3 3 2 1 1 1 1
8 8 6 5 5 4 3 3 3 3 1 1 1 1 1 1
8 8 6 5 5 4 3 3 3 2 2 2 2 1
8 8 6 5 5 4 3 3 3 2 2 2 1 1 1
8 8 6 5 5 4 3 3 3 2 2 1 1 1 1 1
8 8 6 5 5 4 3 3 3 2 1 1 1 1 1 1 1
8 8 6 5 5 4 3 3 2 2 2 2 2 2
8 8 6 5 5 4 3 3 2 2 2 2 2 1 1
8 8 6 5 5 4 3 3 2 2 2 2 1 1 1 1
8 8 6 5 5 4 3 3 2 2 2 1 1 1 1 1 1
8 8 6 5 5 4 3 2 2 2 2 2 2 2 1
8 8 6 5 5 4 3 2 2 2 2 2 2 1 1 1
8 8 6 5 5 4 3 2 2 2 2 2 1 1 1 1 1
8 8 6 5 5 3 3 3 3 3 3 3 1
8 8 6 5 5 3 3 3 3 3 3 2 2
8 8 6 5 5 3 3 3 3 3 3 2 1 1
8 8 6 5 5 3 3 3 3 3 3 1 1 1 1
8 8 6 5 5 3 3 3 3 3 2 2 2 1
8 8 6 5 5 3 3 3 3 3 2 2 1 1 1
8 8 6 5 5 3 3 3 3 3 2 1 1 1 1 1
8 8 6 5 5 3 3 3 3 3 1 1 1 1 1 1 1
8 8 6 5 5 3 3 3 3 2 2 2 2 2
8 8 6 5 5 3 3 3 3 2 2 2 2 1 1
8 8 6 5 5 3 3 3 3 2 2 2 1 1 1 1
8 8 6 5 5 3 3 3 3 2 2 1 1 1 1 1 1
8 8 6 5 5 3 3 3 2 2 2 2 2 2 1
8 8 6 5 5 3 3 3 2 2 2 2 2 1 1 1
8 8 6 5 5 3 3 3 2 2 2 2 1 1 1 1 1
8 8 6 5 5 3 3 2 2 2 2 2 2 2 2
8 8 6 5 5 3 3 2 2 2 2 2 2 2 1 1
8 8 6 5 5 3 3 2 2 2 2 2 2 1 1 1 1
8 8 6 5 4 4 4 4 4 4 3
8 8 6 5 4 4 4 4 4 4 2 1
8 8 6 5 4 4 4 4 4 4 1 1 1
8 8 6 5 4 4 4 4 4 3 3 1
8 8 6 5 4 4 4 4 4 3 2 2
8 8 6 5 4 4 4 4 4 3 2 1 1
8 8 6 5 4 4 4 4 4 3 1 1 1 1
8 8 6 5 4 4 4 4 4 2 2 2 1
8 8 6 5 4 4 4 4 4 2 2 1 1 1
8 8 6 5 4 4 4 4 4 2 1 1 1 1 1
8 8 6 5 4 4 4 4 4 1 1 1 1 1 1 1
8 8 6 5 4 4 4 4 3 3 3 2
8 8 6 5 4 4 4 4 3 3 3 1 1
8 8 6 5 4 4 4 4 3 3 2 2 1
8 8 6 5 4 4 4 4 3 3 2 1 1 1
8 8 6 5 4 4 4 4 3 3 1 1 1 1 1
8 8 6 5 4 4 4 4 3 2 2 2 2
8 8 6 5 4 4 4 4 3 2 2 2 1 1
8 8 6 5 4 4 4 4 3 2 2 1 1 1 1
8 8 6 5 4 4 4 4 3 2 1 1 1 1 1 1
8 8 6 5 4 4 4 4 3 1 1 1 1 1 1 1 1
8 8 6 5 4 4 4 4 2 2 2 2 2 1
8 8 6 5 4 4 4 4 2 2 2 2 1 1 1
8 8 6 5 4 4 4 4 2 2 2 1 1 1 1 1
8 8 6 5 4 4 4 4 2 2 1 1 1 1 1 1 1
8 8 6 5 4 4 4 3 3 3 3 3
8 8 6 5 4 4 4 3 3 3 3 2 1
8 8 6 5 4 4 4 3 3 3 3 1 1 1
8 8 6 5 4 4 4 3 3 3 2 2 2
8 8 6 5 4 4 4 3 3 3 2 2 1 1
8 8 6 5 4 4 4 3 3 3 2 1 1 1 1
8 8 6 5 4 4 4 3 3 3 1 1 1 1 1 1
8 8 6 5 4 4 4 3 3 2 2 2 2 1
8 8 6 5 4 4 4 3 3 2 2 2 1 1 1
8 8 6 5 4 4 4 3 3 2 2 1 1 1 1 1
8 8 6 5 4 4 4 3 3 2 1 1 1 1 1 1 1
8 8 6 5 4 4 4 3 2 2 2 2 2 2
8 8 6 5 4 4 4 3 2 2 2 2 2 1 1
8 8 6 5 4 4 4 3 2 2 2 2 1 1 1 1
8 8 6 5 4 4 4 3 2 2 2 1 1 1 1 1 1
8 8 6 5 4 4 4 2 2 2 2 2 2 2 1
8 8 6 5 4 4 4 2 2 2 2 2 2 1 1 1
8 8 6 5 4 4 4 2 2 2 2 2 1 1 1 1 1
8 8 6 5 4 4 3 3 3 3 3 3 1
8 8 6 5 4 4 3 3 3 3 3 2 2
8 8 6 5 4 4 3 3 3 3 3 2 1 1
8 8 6 5 4 4 3 3 3 3 3 1 1 1 1
8 8 6 5 4 4 3 3 3 3 2 2 2 1
8 8 6 5 4 4 3 3 3 3 2 2 1 1 1
8 8 6 5 4 4 3 3 3 3 2 1 1 1 1 1
8 8 6 5 4 4 3 3 3 3 1 1 1 1 1 1 1
8 8 6 5 4 4 3 3 3 2 2 2 2 2
8 8 6 5 4 4 3 3 3 2 2 2 2 1 1
8 8 6 5 4 4 3 3 3 2 2 2 1 1 1 1
8 8 6 5 4 4 3 3 3 2 2 1 1 1 1 1 1
8 8 6 5 4 4 3 3 2 2 2 2 2 2 1
8 8 6 5 4 4 3 3 2 2 2 2 2 1 1 1
8 8 6 5 4 4 3 3 2 2 2 2 1 1 1 1 1
8 8 6 5 4 4 3 2 2 2 2 2 2 2 2
8 8 6 5 4 4 3 2 2 2 2 2 2 2 1 1
8 8 6 5 4 4 3 2 2 2 2 2 2 1 1 1 1
8 8 6 5 4 3 3 3 3 3 3 3 2
8 8 6 5 4 3 3 3 3 3 3 3 1 1
8 8 6 5 4 3 3 3 3 3 3 2 2 1
8 8 6 5 4 3 3 3 3 3 3 2 1 1 1
8 8 6 5 4 3 3 3 3 3 3 1 1 1 1 1
8 8 6 5 4 3 3 3 3 3 2 2 2 2
8 8 6 5 4 3 3 3 3 3 2 2 2 1 1
8 8 6 5 4 3 3 3 3 3 2 2 1 1 1 1
8 8 6 5 4 3 3 3 3 3 2 1 1 1 1 1 1
8 8 6 5 4 3 3 3 3 2 2 2 2 2 1
8 8 6 5 4 3 3 3 3 2 2 2 2 1 1 1
8 8 6 5 4 3 3 3 3 2 2 2 1 1 1 1 1
8 8 6 5 4 3 3 3 2 2 2 2 2 2 2
8 8 6 5 4 3 3 3 2 2 2 2 2 2 1 1
8 8 6 5 4 3 3 3 2 2 2 2 2 1 1 1 1
8 8 6 5 4 3 3 2 2 2 2 2 2 2 2 1
8 8 6 5 4 3 3 2 2 2 2 2 2 2 1 1 1
8 8 6 4 4 4 4 4 4 4 4
8 8 6 4 4 4 4 4 4 4 3 1
8 8 6 4 4 4 4 4 4 4 2 2
8 8 6 4 4 4 4 4 4 4 2 1 1
8 8 6 4 4 4 4 4 4 4 1 1 1 1
8 8 6 4 4 4 4 4 4 3 3 2
8 8 6 4 4 4 4 4 4 3 3 1 1
8 8 6 4 4 4 4 4 4 3 2 2 1
8 8 6 4 4 4 4 4 4 3 2 1 1 1
8 8 6 4 4 4 4 4 4 3 1 1 1 1 1
8 8 6 4 4 4 4 4 4 2 2 2 2
8 8 6 4 4 4 4 4 4 2 2 2 1 1
8 8 6 4 4 4 4 4 4 2 2 1 1 1 1
8 8 6 4 4 4 4 4 4 2 1 1 1 1 1 1
8 8 6 4 4 4 4 4 4 1 1 1 1 1 1 1 1
8 8 6 4 4 4 4 4 3 3 3 3
8 8 6 4 4 4 4 4 3 3 3 2 1
8 8 6 4 4 4 4 4 3 3 3 1 1 1
8 8 6 4 4 4 4 4 3 3 2 2 2
8 8 6 4 4 4 4 4 3 3 2 2 1 1
8 8 6 4 4 4 4 4 3 3 2 1 1 1 1
8 8 6 4 4 4 4 4 3 3 1 1 1 1 1 1
8 8 6 4 4 4 4 4 3 2 2 2 2 1
8 8 6 4 4 4 4 4 3 2 2 2 1 1 1
8 8 6 4 4 4 4 4 3 2 2 1 1 1 1 1
8 8 6 4 4 4 4 4 3 2 1 1 1 1 1 1 1
8 8 6 4 4 4 4 4 2 2 2 2 2 2
8 8 6 4 4 4 4 4 2 2 2 2 2 1 1
8 8 6 4 4 4 4 4 2 2 2 2 1 1 1 1
8 8 6 4 4 4 4 4 2 2 2 1 1 1 1 1 1
8 8 6 4 4 4 4 3 3 3 3 3 1
8 8 6 4 4 4 4 3 3 3 3 2 2
8 8 6 4 4 4 4 3 3 3 3 2 1 1
8 8 6 4 4 4 4 3 3 3 3 1 1 1 1
8 8 6 4 4 4 4 3 3 3 2 2 2 1
8 8 6 4 4 4 4 3 3 3 2 2 1 1 1
8 8 6 4 4 4 4 3 3 3 2 1 1 1 1 1
8 8 6 4 4 4 4 3 3 3 1 1 1 1 1 1 1
8 8 6 4 4 4 4 3 3 2 2 2 2 2
8 8 6 4 4 4 4 3 3 2 2 2 2 1 1
8 8 6 4 4 4 4 3 3 2 2 2 1 1 1 1
8 8 6 4 4 4 4 3 3 2 2 1 1 1 1 1 1
8 8 6 4 4 4 4 3 2 2 2 2 2 2 1
8 8 6 4 4 4 4 3 2 2 2 2 2 1 1 1
8 8 6 4 4 4 4 3 2 2 2 2 1 1 1 1 1
8 8 6 4 4 4 4 2 2 2 2 2 2 2 2
8 8 6 4 4 4 4 2 2 2 2 2 2 2 1 1
8 8 6 4 4 4 4 2 2 2 2 2 2 1 1 1 1
8 8 6 4 4 4 3 3 3 3 3 3 2
8 8 6 4 4 4 3 3 3 3 3 3 1 1
8 8 6 4 4 4 3 3 3 3 3 2 2 1
8 8 6 4 4 4 3 3 3 3 3 2 1 1 1
8 8 6 4 4 4 3 3 3 3 3 1 1 1 1 1
8 8 6 4 4 4 3 3 3 3 2 2 2 2
8 8 6 4 4 4 3 3 3 3 2 2 2 1 1
8 8 6 4 4 4 3 3 3 3 2 2 1 1 1 1
8 8 6 4 4 4 3 3 3 3 2 1 1 1 1 1 1
8 8 6 4 4 4 3 3 3 2 2 2 2 2 1
8 8 6 4 4 4 3 3 3 2 2 2 2 1 1 1
8 8 6 4 4 4 3 3 3 2 2 2 1 1 1 1 1
8 8 6 4 4 4 3 3 2 2 2 2 2 2 2
8 8 6 4 4 4 3 3 2 2 2 2 2 2 1 1
8 8 6 4 4 4 3 3 2 2 2 2 2 1 1 1 1
8 8 6 4 4 4 3 2 2 2 2 2 2 2 2 1
8 8 6 4 4 4 3 2 2 2 2 2 2 2 1 1 1
8 8 6 4 4 3 3 3 3 3 3 3 3
8 8 6 4 4 3 3 3 3 3 3 3 2 1
8 8 6 4 4 3 3 3 3 3 3 3 1 1 1
8 8 6 4 4 3 3 3 3 3 3 2 2 2
8 8 6 4 4 3 3 3 3 3 3 2 2 1 1
8 8 6 4 4 3 3 3 3 3 3 2 1 1 1 1
8 8 6 4 4 3 3 3 3 3 3 1 1 1 1 1 1
8 8 6 4 4 3 3 3 3 3 2 2 2 2 1
8 8 6 4 4 3 3 3 3 3 2 2 2 1 1 1
8 8 6 4 4 3 3 3 3 3 2 2 1 1 1 1 1
8 8 6 4 4 3 3 3 3 2 2 2 2 2 2
8 8 6 4 4 3 3 3 3 2 2 2 2 2 1 1
8 8 6 4 4 3 3 3 3 2 2 2 2 1 1 1 1
8 8 6 4 4 3 3 3 2 2 2 2 2 2 2 1
8 8 6 4 4 3 3 3 2 2 2 2 2 2 1 1 1
8 8 5 5 5 5 5 5 5 2 1
8 8 5 5 5 5 5 5 5 1 1 1
8 8 5 5 5 5 5 5 4 3 1
8 8 5 5 5 5 5 5 4 2 2
8 8 5 5 5 5 5 5 4 2 1 1
8 8 5 5 5 5 5 5 4 1 1 1 1
8 8 5 5 5 5 5 5 3 3 2
8 8 5 5 5 5 5 5 3 3 1 1
8 8 5 5 5 5 5 5 3 2 2 1
8 8 5 5 5 5 5 5 3 2 1 1 1
8 8 5 5 5 5 5 5 3 1 1 1 1 1
8 8 5 5 5 5 5 5 2 2 2 2
8 8 5 5 5 5 5 5 2 2 2 1 1
8 8 5 5 5 5 5 5 2 2 1 1 1 1
8 8 5 5 5 5 5 5 2 1 1 1 1 1 1
8 8 5 5 5 5 5 4 4 4 1
8 8 5 5 5 5 5 4 4 3 2
8 8 5 5 5 5 5 4 4 3 1 1
8 8 5 5 5 5 5 4 4 2 2 1
8 8 5 5 5 5 5 4 4 2 1 1 1
8 8 5 5 5 5 5 4 4 1 1 1 1 1
8 8 5 5 5 5 5 4 3 3 3
8 8 5 5 5 5 5 4 3 3 2 1
8 8 5 5 5 5 5 4 3 3 1 1 1
8 8 5 5 5 5 5 4 3 2 2 2
8 8 5 5 5 5 5 4 3 2 2 1 1
8 8 5 5 5 5 5 4 3 2 1 1 1 1
8 8 5 5 5 5 5 4 3 1 1 1 1 1 1
8 8 5 5 5 5 5 4 2 2 2 2 1
8 8 5 5 5 5 5 4 2 2 2 1 1 1
8 8 5 5 5 5 5 4 2 2 1 1 1 1 1
8 8 5 5 5 5 5 4 2 1 1 1 1 1 1 1
8 8 5 5 5 5 5 3 3 3 3 1
8 8 5 5 5 5 5 3 3 3 2 2
8 8 5 5 5 5 5 3 3 3 2 1 1
8 8 5 5 5 5 5 3 3 3 1 1 1 1
8 8 5 5 5 5 5 3 3 2 2 2 1
8 8 5 5 5 5 5 3 3 2 2 1 1 1
8 8 5 5 5 5 5 3 3 2 1 1 1 1 1
8 8 5 5 5 5 5 3 3 1 1 1 1 1 1 1
8 8 5 5 5 5 5 3 2 2 2 2 2
8 8 5 5 5 5 5 3 2 2 2 2 1 1
8 8 5 5 5 5 5 3 2 2 2 1 1 1 1
8 8 5 5 5 5 5 3 2 2 1 1 1 1 1 1
8 8 5 5 5 5 5 3 2 1 1 1 1 1 1 1 1
8 8 5 5 5 5 5 2 2 2 2 2 2 1
8 8 5 5 5 5 5 2 2 2 2 2 1 1 1
8 8 5 5 5 5 5 2 2 2 2 1 1 1 1 1
8 8 5 5 5 5 5 2 2 2 1 1 1 1 1 1 1
8 8 5 5 5 5 4 4 4 4 2
8 8 5 5 5 5 4 4 4 4 1 1
8 8 5 5 5 5 4 4 4 3 3
8 8 5 5 5 5 4 4 4 3 2 1
8 8 5 5 5 5 4 4 4 3 1 1 1
8 8 5 5 5 5 4 4 4 2 2 2
8 8 5 5 5 5 4 4 4 2 2 1 1
8 8 5 5 5 5 4 4 4 2 1 1 1 1
8 8 5 5 5 5 4 4 4 1 1 1 1 1 1
8 8 5 5 5 5 4 4 3 3 3 1
8 8 5 5 5 5 4 4 3 3 2 2
8 8 5 5 5 5 4 4 3 3 2 1 1
8 8 5 5 5 5 4 4 3 3 1 1 1 1
8 8 5 5 5 5 4 4 3 2 2 2 1
8 8 5 5 5 5 4 4 3 2 2 1 1 1
8 8 5 5 5 5 4 4 3 2 1 1 1 1 1
8 8 5 5 5 5 4 4 3 1 1 1 1 1 1 1
8 8 5 5 5 5 4 4 2 2 2 2 2
8 8 5 5 5 5 4 4 2 2 2 2 1 1
8 8 5 5 5 5 4 4 2 2 2 1 1 1 1
8 8 5 5 5 5 4 4 2 2 1 1 1 1 1 1
8 8 5 5 5 5 4 4 2 1 1 1 1 1 1 1 1
8 8 5 5 5 5 4 3 3 3 3 2
8 8 5 5 5 5 4 3 3 3 3 1 1
8 8 5 5 5 5 4 3 3 3 2 2 1
8 8 5 5 5 5 4 3 3 3 2 1 1 1
8 8 5 5 5 5 4 3 3 3 1 1 1 1 1
8 8 5 5 5 5 4 3 3 2 2 2 2
8 8 5 5 5 5 4 3 3 2 2 2 1 1
8 8 5 5 5 5 4 3 3 2 2 1 1 1 1
8 8 5 5 5 5 4 3 3 2 1 1 1 1 1 1
8 8 5 5 5 5 4 3 3 1 1 1 1 1 1 1 1
8 8 5 5 5 5 4 3 2 2 2 2 2 1
8 8 5 5 5 5 4 3 2 2 2 2 1 1 1
8 8 5 5 5 5 4 3 2 2 2 1 1 1 1 1
8 8 5 5 5 5 4 3 2 2 1 1 1 1 1 1 1
8 8 5 5 5 5 4 2 2 2 2 2 2 2
8 8 5 5 5 5 4 2 2 2 2 2 2 1 1
8 8 5 5 5 5 4 2 2 2 2 2 1 1 1 1
8 8 5 5 5 5 4 2 2 2 2 1 1 1 1 1 1
8 8 5 5 5 5 3 3 3 3 3 3
8 8 5 5 5 5 3 3 3 3 3 2 1
8 8 5 5 5 5 3 3 3 3 3 1 1 1
8 8 5 5 5 5 3 3 3 3 2 2 2
8 8 5 5 5 5 3 3 3 3 2 2 1 1
8 8 5 5 5 5 3 3 3 3 2 1 1 1 1
8 8 5 5 5 5 3 3 3 3 1 1 1 1 1 1
8 8 5 5 5 5 3 3 3 2 2 2 2 1
8 8 5 5 5 5 3 3 3 2 2 2 1 1 1
8 8 5 5 5 5 3 3 3 2 2 1 1 1 1 1
8 8 5 5 5 5 3 3 3 2 1 1 1 1 1 1 1
8 8 5 5 5 5 3 3 2 2 2 2 2 2
8 8 5 5 5 5 3 3 2 2 2 2 2 1 1
8 8 5 5 5 5 3 3 2 2 2 2 1 1 1 1
8 8 5 5 5 5 3 3 2 2 2 1 1 1 1 1 1
8 8 5 5 5 5 3 2 2 2 2 2 2 2 1
8 8 5 5 5 5 3 2 2 2 2 2 2 1 1 1
8 8 5 5 5 5 3 2 2 2 2 2 1 1 1 1 1
8 8 5 5 5 4 4 4 4 4 3
8 8 5 5 5 4 4 4 4 4 2 1
8 8 5 5 5 4 4 4 4 4 1 1 1
8 8 5 5 5 4 4 4 4 3 3 1
8 8 5 5 5 4 4 4 4 3 2 2
8 8 5 5 5 4 4 4 4 3 2 1 1
8 8 5 5 5 4 4 4 4 3 1 1 1 1
8 8 5 5 5 4 4 4 4 2 2 2 1
8 8 5 5 5 4 4 4 4 2 2 1 1 1
8 8 5 5 5 4 4 4 4 2 1 1 1 1 1
8 8 5 5 5 4 4 4 4 1 1 1 1 1 1 1
8 8 5 5 5 4 4 4 3 3 3 2
8 8 5 5 5 4 4 4 3 3 3 1 1
8 8 5 5 5 4 4 4 3 3 2 2 1
8 8 5 5 5 4 4 4 3 3 2 1 1 1
8 8 5 5 5 4 4 4 3 3 1 1 1 1 1
8 8 5 5 5 4 4 4 3 2 2 2 2
8 8 5 5 5 4 4 4 3 2 2 2 1 1
8 8 5 5 5 4 4 4 3 2 2 1 1 1 1
8 8 5 5 5 4 4 4 3 2 1 1 1 1 1 1
8 8 5 5 5 4 4 4 3 1 1 1 1 1 1 1 1
8 8 5 5 5 4 4 4 2 2 2 2 2 1
8 8 5 5 5 4 4 4 2 2 2 2 1 1 1
8 8 5 5 5 4 4 4 2 2 2 1 1 1 1 1
8 8 5 5 5 4 4 4 2 2 1 1 1 1 1 1 1
8 8 5 5 5 4 4 3 3 3 3 3
8 8 5 5 5 4 4 3 3 3 3 2 1
8 8 5 5 5 4 4 3 3 3 3 1 1 1
8 8 5 5 5 4 4 3 3 3 2 2 2
8 8 5 5 5 4 4 3 3 3 2 2 1 1
8 8 5 5 5 4 4 3 3 3 2 1 1 1 1
8 8 5 5 5 4 4 3 3 3 1 1 1 1 1 1
8 8 5 5 5 4 4 3 3 2 2 2 2 1
8 8 5 5 5 4 4 3 3 2 2 2 1 1 1
8 8 5 5 5 4 4 3 3 2 2 1 1 1 1 1
8 8 5 5 5 4 4 3 3 2 1 1 1 1 1 1 1
8 8 5 5 5 4 4 3 2 2 2 2 2 2
8 8 5 5 5 4 4 3 2 2 2 2 2 1 1
8 8 5 5 5 4 4 3 2 2 2 2 1 1 1 1
8 8 5 5 5 4 4 3 2 2 2 1 1 1 1 1 1
8 8 5 5 5 4 4 2 2 2 2 2 2 2 1
8 8 5 5 5 4 4 2 2 2 2 2 2 1 1 1
8 8 5 5 5 4 4 2 2 2 2 2 1 1 1 1 1
8 8 5 5 5 4 3 3 3 3 3 3 1
8 8 5 5 5 4 3 3 3 3 3 2 2
8 8 5 5 5 4 3 3 3 3 3 2 1 1
8 8 5 5 5 4 3 3 3 3 3 1 1 1 1
8 8 5 5 5 4 3 3 3 3 2 2 2 1
8 8 5 5 5 4 3 3 3 3 2 2 1 1 1
8 8 5 5 5 4 3 3 3 3 2 1 1 1 1 1
8 8 5 5 5 4 3 3 3 3 1 1 1 1 1 1 1
8 8 5 5 5 4 3 3 3 2 2 2 2 2
8 8 5 5 5 4 3 3 3 2 2 2 2 1 1
8 8 5 5 5 4 3 3 3 2 2 2 1 1 1 1
8 8 5 5 5 4 3 3 3 2 2 1 1 1 1 1 1
8 8 5 5 5 4 3 3 2 2 2 2 2 2 1
8 8 5 5 5 4 3 3 2 2 2 2 2 1 1 1
8 8 5 5 5 4 3 3 2 2 2 2 1 1 1 1 1
8 8 5 5 5 4 3 2 2 2 2 2 2 2 2
8 8 5 5 5 4 3 2 2 2 2 2 2 2 1 1
8 8 5 5 5 4 3 2 2 2 2 2 2 1 1 1 1
8 8 5 5 5 3 3 3 3 3 3 3 2
8 8 5 5 5 3 3 3 3 3 3 3 1 1
8 8 5 5 5 3 3 3 3 3 3 2 2 1
8 8 5 5 5 3 3 3 3 3 3 2 1 1 1
8 8 5 5 5 3 3 3 3 3 3 1 1 1 1 1
8 8 5 5 5 3 3 3 3 3 2 2 2 2
8 8 5 5 5 3 3 3 3 3 2 2 2 1 1
8 8 5 5 5 3 3 3 3 3 2 2 1 1 1 1
8 8 5 5 5 3 3 3 3 3 2 1 1 1 1 1 1
8 8 5 5 5 3 3 3 3 2 2 2 2 2 1
8 8 5 5 5 3 3 3 3 2 2 2 2 1 1 1
8 8 5 5 5 3 3 3 3 2 2 2 1 1 1 1 1
8 8 5 5 5 3 3 3 2 2 2 2 2 2 2
8 8 5 5 5 3 3 3 2 2 2 2 2 2 1 1
8 8 5 5 5 3 3 3 2 2 2 2 2 1 1 1 1
8 8 5 5 5 3 3 2 2 2 2 2 2 2 2 1
8 8 5 5 5 3 3 2 2 2 2 2 2 2 1 1 1
8 8 5 5 4 4 4 4 4 4 4
8 8 5 5 4 4 4 4 4 4 3 1
8 8 5 5 4 4 4 4 4 4 2 2
8 8 5 5 4 4 4 4 4 4 2 1 1
8 8 5 5 4 4 4 4 4 4 1 1 1 1
8 8 5 5 4 4 4 4 4 3 3 2
8 8 5 5 4 4 4 4 4 3 3 1 1
8 8 5 5 4 4 4 4 4 3 2 2 1
8 8 5 5 4 4 4 4 4 3 2 1 1 1
8 8 5 5 4 4 4 4 4 3 1 1 1 1 1
8 8 5 5 4 4 4 4 4 2 2 2 2
8 8 5 5 4 4 4 4 4 2 2 2 1 1
8 8 5 5 4 4 4 4 4 2 2 1 1 1 1
8 8 5 5 4 4 4 4 4 2 1 1 1 1 1 1
8 8 5 5 4 4 4 4 4 1 1 1 1 1 1 1 1
8 8 5 5 4 4 4 4 3 3 3 3
8 8 5 5 4 4 4 4 3 3 3 2 1
8 8 5 5 4 4 4 4 3 3 3 1 1 1
8 8 5 5 4 4 4 4 3 3 2 2 2
8 8 5 5 4 4 4 4 3 3 2 2 1 1
8 8 5 5 4 4 4 4 3 3 2 1 1 1 1
8 8 5 5 4 4 4 4 3 3 1 1 1 1 1 1
8 8 5 5 4 4 4 4 3 2 2 2 2 1
8 8 5 5 4 4 4 4 3 2 2 2 1 1 1
8 8 5 5 4 4 4 4 3 2 2 1 1 1 1 1
8 8 5 5 4 4 4 4 3 2 1 1 1 1 1 1 1
8 8 5 5 4 4 4 4 2 2 2 2 2 2
8 8 5 5 4 4 4 4 2 2 2 2 2 1 1
8 8 5 5 4 4 4 4 2 2 2 2 1 1 1 1
8 8 5 5 4 4 4 4 2 2 2 1 1 1 1 1 1
8 8 5 5 4 4 4 3 3 3 3 3 1
8 8 5 5 4 4 4 3 3 3 3 2 2
8 8 5 5 4 4 4 3 3 3 3 2 1 1
8 8 5 5 4 4 4 3 3 3 3 1 1 1 1
8 8 5 5 4 4 4 3 3 3 2 2 2 1
8 8 5 5 4 4 4 3 3 3 2 2 1 1 1
8 8 5 5 4 4 4 3 3 3 2 1 1 1 1 1
8 8 5 5 4 4 4 3 3 3 1 1 1 1 1 1 1
8 8 5 5 4 4 4 3 3 2 2 2 2 2
8 8 5 5 4 4 4 3 3 2 2 2 2 1 1
8 8 5 5 4 4 4 3 3 2 2 2 1 1 1 1
8 8 5 5 4 4 4 3 3 2 2 1 1 1 1 1 1
8 8 5 5 4 4 4 3 2 2 2 2 2 2 1
8 8 5 5 4 4 4 3 2 2 2 2 2 1 1 1
8 8 5 5 4 4 4 3 2 2 2 2 1 1 1 1 1
8 8 5 5 4 4 4 2 2 2 2 2 2 2 2
8 8 5 5 4 4 4 2 2 2 2 2 2 2 1 1
8 8 5 5 4 4 4 2 2 2 2 2 2 1 1 1 1
8 8 5 5 4 4 3 3 3 3 3 3 2
8 8 5 5 4 4 3 3 3 3 3 3 1 1
8 8 5 5 4 4 3 3 3 3 3 2 2 1
8 8 5 5 4 4 3 3 3 3 3 2 1 1 1
8 8 5 5 4 4 3 3 3 3 3 1 1 1 1 1
8 8 5 5 4 4 3 3 3 3 2 2 2 2
8 8 5 5 4 4 3 3 3 3 2 2 2 1 1
8 8 5 5 4 4 3 3 3 3 2 2 1 1 1 1
8 8 5 5 4 4 3 3 3 3 2 1 1 1 1 1 1
8 8 5 5 4 4 3 3 3 2 2 2 2 2 1
8 8 5 5 4 4 3 3 3 2 2 2 2 1 1 1
8 8 5 5 4 4 3 3 3 2 2 2 1 1 1 1 1
8 8 5 5 4 4 3 3 2 2 2 2 2 2 2
8 8 5 5 4 4 3 3 2 2 2 2 2 2 1 1
8 8 5 5 4 4 3 3 2 2 2 2 2 1 1 1 1
8 8 5 5 4 4 3 2 2 2 2 2 2 2 2 1
8 8 5 5 4 4 3 2 2 2 2 2 2 2 1 1 1
8 8 5 5 4 3 3 3 3 3 3 3 3
8 8 5 5 4 3 3 3 3 3 3 3 2 1
8 8 5 5 4 3 3 3 3 3 3 3 1 1 1
8 8 5 5 4 3 3 3 3 3 3 2 2 2
8 8 5 5 4 3 3 3 3 3 3 2 2 1 1
8 8 5 5 4 3 3 3 3 3 3 2 1 1 1 1
8 8 5 5 4 3 3 3 3 3 3 1 1 1 1 1 1
8 8 5 5 4 3 3 3 3 3 2 2 2 2 1
8 8 5 5 4 3 3 3 3 3 2 2 2 1 1 1
8 8 5 5 4 3 3 3 3 3 2 2 1 1 1 1 1
8 8 5 5 4 3 3 3 3 2 2 2 2 2 2
8 8 5 5 4 3 3 3 3 2 2 2 2 2 1 1
8 8 5 5 4 3 3 3 3 2 2 2 2 1 1 1 1
8 8 5 5 4 3 3 3 2 2 2 2 2 2 2 1
8 8 5 5 4 3 3 3 2 2 2 2 2 2 1 1 1
8 8 5 4 4 4 4 4 4 4 4 1
8 8 5 4 4 4 4 4 4 4 3 2
8 8 5 4 4 4 4 4 4 4 3 1 1
8 8 5 4 4 4 4 4 4 4 2 2 1
8 8 5 4 4 4 4 4 4 4 2 1 1 1
8 8 5 4 4 4 4 4 4 4 1 1 1 1 1
8 8 5 4 4 4 4 4 4 3 3 3
8 8 5 4 4 4 4 4 4 3 3 2 1
8 8 5 4 4 4 4 4 4 3 3 1 1 1
8 8 5 4 4 4 4 4 4 3 2 2 2
8 8 5 4 4 4 4 4 4 3 2 2 1 1
8 8 5 4 4 4 4 4 4 3 2 1 1 1 1
8 8 5 4 4 4 4 4 4 3 1 1 1 1 1 1
8 8 5 4 4 4 4 4 4 2 2 2 2 1
8 8 5 4 4 4 4 4 4 2 2 2 1 1 1
8 8 5 4 4 4 4 4 4 2 2 1 1 1 1 1
8 8 5 4 4 4 4 4 4 2 1 1 1 1 1 1 1
8 8 5 4 4 4 4 4 3 3 3 3 1
8 8 5 4 4 4 4 4 3 3 3 2 2
8 8 5 4 4 4 4 4 3 3 3 2 1 1
8 8 5 4 4 4 4 4 3 3 3 1 1 1 1
8 8 5 4 4 4 4 4 3 3 2 2 2 1
8 8 5 4 4 4 4 4 3 3 2 2 1 1 1
8 8 5 4 4 4 4 4 3 3 2 1 1 1 1 1
8 8 5 4 4 4 4 4 3 3 1 1 1 1 1 1 1
8 8 5 4 4 4 4 4 3 2 2 2 2 2
8 8 5 4 4 4 4 4 3 2 2 2 2 1 1
8 8 5 4 4 4 4 4 3 2 2 2 1 1 1 1
8 8 5 4 4 4 4 4 3 2 2 1 1 1 1 1 1
8 8 5 4 4 4 4 4 2 2 2 2 2 2 1
8 8 5 4 4 4 4 4 2 2 2 2 2 1 1 1
8 8 5 4 4 4 4 4 2 2 2 2 1 1 1 1 1
8 8 5 4 4 4 4 3 3 3 3 3 2
8 8 5 4 4 4 4 3 3 3 3 3 1 1
8 8 5 4 4 4 4 3 3 3 3 2 2 1
8 8 5 4 4 4 4 3 3 3 3 2 1 1 1
8 8 5 4 4 4 4 3 3 3 3 1 1 1 1 1
8 8 5 4 4 4 4 3 3 3 2 2 2 2
8 8 5 4 4 4 4 3 3 3 2 2 2 1 1
8 8 5 4 4 4 4 3 3 3 2 2 1 1 1 1
8 8 5 4 4 4 4 3 3 3 2 1 1 1 1 1 1
8 8 5 4 4 4 4 3 3 2 2 2 2 2 1
8 8 5 4 4 4 4 3 3 2 2 2 2 1 1 1
8 8 5 4 4 4 4 3 3 2 2 2 1 1 1 1 1
8 8 5 4 4 4 4 3 2 2 2 2 2 2 2
8 8 5 4 4 4 4 3 2 2 2 2 2 2 1 1
8 8 5 4 4 4 4 3 2 2 2 2 2 1 1 1 1
8 8 5 4 4 4 4 2 2 2 2 2 2 2 2 1
8 8 5 4 4 4 4 2 2 2 2 2 2 2 1 1 1
8 8 5 4 4 4 3 3 3 3 3 3 3
8 8 5 4 4 4 3 3 3 3 3 3 2 1
8 8 5 4 4 4 3 3 3 3 3 3 1 1 1
8 8 5 4 4 4 3 3 3 3 3 2 2 2
8 8 5 4 4 4 3 3 3 3 3 2 2 1 1
8 8 5 4 4 4 3 3 3 3 3 2 1 1 1 1
8 8 5 4 4 4 3 3 3 3 3 1 1 1 1 1 1
8 8 5 4 4 4 3 3 3 3 2 2 2 2 1
8 8 5 4 4 4 3 3 3 3 2 2 2 1 1 1
8 8 5 4 4 4 3 3 3 3 2 2 1 1 1 1 1
8 8 5 4 4 4 3 3 3 2 2 2 2 2 2
8 8 5 4 4 4 3 3 3 2 2 2 2 2 1 1
8 8 5 4 4 4 3 3 3 2 2 2 2 1 1 1 1
8 8 5 4 4 4 3 3 2 2 2 2 2 2 2 1
8 8 5 4 4 4 3 3 2 2 2 2 2 2 1 1 1
8 8 5 4 4 3 3 3 3 3 3 3 3 1
8 8 5 4 4 3 3 3 3 3 3 3 2 2
8 8 5 4 4 3 3 3 3 3 3 3 2 1 1
8 8 5 4 4 3 3 3 3 3 3 3 1 1 1 1
8 8 5 4 4 3 3 3 3 3 3 2 2 2 1
8 8 5 4 4 3 3 3 3 3 3 2 2 1 1 1
8 8 5 4 4 3 3 3 3 3 3 2 1 1 1 1 1
8 8 5 4 4 3 3 3 3 3 2 2 2 2 2
8 8 5 4 4 3 3 3 3 3 2 2 2 2 1 1
8 8 5 4 4 3 3 3 3 3 2 2 2 1 1 1 1
8 8 5 4 4 3 3 3 3 2 2 2 2 2 2 1
8 8 5 4 4 3 3 3 3 2 2 2 2 2 1 1 1
8 7 7 7 7 6 5 3 2 1 1
8 7 7 7 7 6 5 2 2 2 1
8 7 7 7 7 6 5 2 2 1 1 1
8 7 7 7 7 6 4 4 2 1 1
8 7 7 7 7 6 4 3 3 1 1
8 7 7 7 7 6 4 3 2 2 1
8 7 7 7 7 6 4 3 2 1 1 1
8 7 7 7 7 6 4 2 2 2 2
8 7 7 7 7 6 4 2 2 2 1 1
8 7 7 7 7 6 4 2 2 1 1 1 1
8 7 7 7 7 6 3 3 3 2 1
8 7 7 7 7 6 3 3 3 1 1 1
8 7 7 7 7 6 3 3 2 2 2
8 7 7 7 7 6 3 3 2 2 1 1
8 7 7 7 7 6 3 3 2 1 1 1 1
8 7 7 7 7 6 3 2 2 2 2 1
8 7 7 7 7 6 3 2 2 2 1 1 1
8 7 7 7 7 6 3 2 2 1 1 1 1 1
8 7 7 7 7 5 5 4 2 1 1
8 7 7 7 7 5 5 3 3 1 1
8 7 7 7 7 5 5 3 2 2 1
8 7 7 7 7 5 5 3 2 1 1 1
8 7 7 7 7 5 5 2 2 2 2
8 7 7 7 7 5 5 2 2 2 1 1
8 7 7 7 7 5 5 2 2 1 1 1 1
8 7 7 7 7 5 4 4 3 1 1
8 7 7 7 7 5 4 4 2 2 1
8 7 7 7 7 5 4 4 2 1 1 1
8 7 7 7 7 5 4 3 3 2 1
8 7 7 7 7 5 4 3 3 1 1 1
8 7 7 7 7 5 4 3 2 2 2
8 7 7 7 7 5 4 3 2 2 1 1
8 7 7 7 7 5 4 3 2 1 1 1 1
8 7 7 7 7 5 4 2 2 2 2 1
8 7 7 7 7 5 4 2 2 2 1 1 1
8 7 7 7 7 5 4 2 2 1 1 1 1 1
8 7 7 7 7 5 3 3 3 3 1
8 7 7 7 7 5 3 3 3 2 2
8 7 7 7 7 5 3 3 3 2 1 1
8 7 7 7 7 5 3 3 3 1 1 1 1
8 7 7 7 7 5 3 3 2 2 2 1
8 7 7 7 7 5 3 3 2 2 1 1 1
8 7 7 7 7 5 3 3 2 1 1 1 1 1
8 7 7 7 7 5 3 2 2 2 2 2
8 7 7 7 7 5 3 2 2 2 2 1 1
8 7 7 7 7 5 3 2 2 2 1 1 1 1
8 7 7 7 7 5 3 2 2 1 1 1 1 1 1
8 7 7 7 7 4 4 4 4 1 1
8 7 7 7 7 4 4 4 3 2 1
8 7 7 7 7 4 4 4 3 1 1 1
8 7 7 7 7 4 4 4 2 2 2
8 7 7 7 7 4 4 4 2 2 1 1
8 7 7 7 7 4 4 4 2 1 1 1 1
8 7 7 7 7 4 4 3 3 3 1
8 7 7 7 7 4 4 3 3 2 2
8 7 7 7 7 4 4 3 3 2 1 1
8 7 7 7 7 4 4 3 3 1 1 1 1
8 7 7 7 7 4 4 3 2 2 2 1
8 7 7 7 7 4 4 3 2 2 1 1 1
8 7 7 7 7 4 4 3 2 1 1 1 1 1
8 7 7 7 7 4 4 2 2 2 2 2
8 7 7 7 7 4 4 2 2 2 2 1 1
8 7 7 7 7 4 4 2 2 2 1 1 1 1
8 7 7 7 7 4 4 2 2 1 1 1 1 1 1
8 7 7 7 7 4 3 3 3 3 2
8 7 7 7 7 4 3 3 3 3 1 1
8 7 7 7 7 4 3 3 3 2 2 1
8 7 7 7 7 4 3 3 3 2 1 1 1
8 7 7 7 7 4 3 3 3 1 1 1 1 1
8 7 7 7 7 4 3 3 2 2 2 2
8 7 7 7 7 4 3 3 2 2 2 1 1
8 7 7 7 7 4 3 3 2 2 1 1 1 1
8 7 7 7 7 4 3 3 2 1 1 1 1 1 1
8 7 7 7 7 4 3 2 2 2 2 2 1
8 7 7 7 7 4 3 2 2 2 2 1 1 1
8 7 7 7 7 4 3 2 2 2 1 1 1 1 1
8 7 7 7 7 4 3 2 2 1 1 1 1 1 1 1
8 7 7 7 7 3 3 3 3 3 3
8 7 7 7 7 3 3 3 3 3 2 1
8 7 7 7 7 3 3 3 3 3 1 1 1
8 7 7 7 7 3 3 3 3 2 2 2
8 7 7 7 7 3 3 3 3 2 2 1 1
8 7 7 7 7 3 3 3 3 2 1 1 1 1
8 7 7 7 7 3 3 3 3 1 1 1 1 1 1
8 7 7 7 7 3 3 3 2 2 2 2 1
8 7 7 7 7 3 3 3 2 2 2 1 1 1
8 7 7 7 7 3 3 3 2 2 1 1 1 1 1
8 7 7 7 7 3 3 3 2 1 1 1 1 1 1 1
8 7 7 7 7 3 3 2 2 2 2 2 2
8 7 7 7 7 3 3 2 2 2 2 2 1 1
8 7 7 7 7 3 3 2 2 2 2 1 1 1 1
8 7 7 7 7 3 3 2 2 2 1 1 1 1 1 1
8 7 7 7 6 6 6 3 2 1 1
8 7 7 7 6 6 6 2 2 2 1
8 7 7 7 6 6 6 2 2 1 1 1
8 7 7 7 6 6 5 4 2 1 1
8 7 7 7 6 6 5 3 3 1 1
8 7 7 7 6 6 5 3 2 2 1
8 7 7 7 6 6 5 3 2 1 1 1
8 7 7 7 6 6 5 2 2 2 2
8 7 7 7 6 6 5 2 2 2 1 1
8 7 7 7 6 6 5 2 2 1 1 1 1
8 7 7 7 6 6 4 4 3 1 1
8 7 7 7 6 6 4 4 2 2 1
8 7 7 7 6 6 4 4 2 1 1 1
8 7 7 7 6 6 4 3 3 2 1
8 7 7 7 6 6 4 3 3 1 1 1
8 7 7 7 6 6 4 3 2 2 2
8 7 7 7 6 6 4 3 2 2 1 1
8 7 7 7 6 6 4 3 2 1 1 1 1
8 7 7 7 6 6 4 2 2 2 2 1
8 7 7 7 6 6 4 2 2 2 1 1 1
8 7 7 7 6 6 4 2 2 1 1 1 1 1
8 7 7 7 6 6 3 3 3 3 1
8 7 7 7 6 6 3 3 3 2 2
8 7 7 7 6 6 3 3 3 2 1 1
8 7 7 7 6 6 3 3 3 1 1 1 1
8 7 7 7 6 6 3 3 2 2 2 1
8 7 7 7 6 6 3 3 2 2 1 1 1
8 7 7 7 6 6 3 3 2 1 1 1 1 1
8 7 7 7 6 6 3 2 2 2 2 2
8 7 7 7 6 6 3 2 2 2 2 1 1
8 7 7 7 6 6 3 2 2 2 1 1 1 1
8 7 7 7 6 6 3 2 2 1 1 1 1 1 1
8 7 7 7 6 5 5 5 2 1 1
8 7 7 7 6 5 5 4 3 1 1
8 7 7 7 6 5 5 4 2 2 1
8 7 7 7 6 5 5 4 2 1 1 1
8 7 7 7 6 5 5 3 3 2 1
8 7 7 7 6 5 5 3 3 1 1 1
8 7 7 7 6 5 5 3 2 2 2
8 7 7 7 6 5 5 3 2 2 1 1
8 7 7 7 6 5 5 3 2 1 1 1 1
8 7 7 7 6 5 5 2 2 2 2 1
8 7 7 7 6 5 5 2 2 2 1 1 1
8 7 7 7 6 5 5 2 2 1 1 1 1 1
8 7 7 7 6 5 4 4 4 1 1
8 7 7 7 6 5 4 4 3 2 1
8 7 7 7 6 5 4 4 3 1 1 1
8 7 7 7 6 5 4 4 2 2 2
8 7 7 7 6 5 4 4 2 2 1 1
8 7 7 7 6 5 4 4 2 1 1 1 1
8 7 7 7 6 5 4 3 3 3 1
8 7 7 7 6 5 4 3 3 2 2
8 7 7 7 6 5 4 3 3 2 1 1
8 7 7 7 6 5 4 3 3 1 1 1 1
8 7 7 7 6 5 4 3 2 2 2 1
8 7 7 7 6 5 4 3 2 2 1 1 1
8 7 7 7 6 5 4 3 2 1 1 1 1 1
8 7 7 7 6 5 4 2 2 2 2 2
8 7 7 7 6 5 4 2 2 2 2 1 1
8 7 7 7 6 5 4 2 2 2 1 1 1 1
8 7 7 7 6 5 4 2 2 1 1 1 1 1 1
8 7 7 7 6 5 3 3 3 3 2
8 7 7 7 6 5 3 3 3 3 1 1
8 7 7 7 6 5 3 3 3 2 2 1
8 7 7 7 6 5 3 3 3 2 1 1 1
8 7 7 7 6 5 3 3 3 1 1 1 1 1
8 7 7 7 6 5 3 3 2 2 2 2
8 7 7 7 6 5 3 3 2 2 2 1 1
8 7 7 7 6 5 3 3 2 2 1 1 1 1
8 7 7 7 6 5 3 3 2 1 1 1 1 1 1
8 7 7 7 6 5 3 2 2 2 2 2 1
8 7 7 7 6 5 3 2 2 2 2 1 1 1
8 7 7 7 6 5 3 2 2 2 1 1 1 1 1
8 7 7 7 6 5 3 2 2 1 1 1 1 1 1 1
8 7 7 7 6 4 4 4 4 2 1
8 7 7 7 6 4 4 4 4 1 1 1
8 7 7 7 6 4 4 4 3 3 1
8 7 7 7 6 4 4 4 3 2 2
8 7 7 7 6 4 4 4 3 2 1 1
8 7 7 7 6 4 4 4 3 1 1 1 1
8 7 7 7 6 4 4 4 2 2 2 1
8 7 7 7 6 4 4 4 2 2 1 1 1
8 7 7 7 6 4 4 4 2 1 1 1 1 1
8 7 7 7 6 4 4 3 3 3 2
8 7 7 7 6 4 4 3 3 3 1 1
8 7 7 7 6 4 4 3 3 2 2 1
8 7 7 7 6 4 4 3 3 2 1 1 1
8 7 7 7 6 4 4 3 3 1 1 1 1 1
8 7 7 7 6 4 4 3 2 2 2 2
8 7 7 7 6 4 4 3 2 2 2 1 1
8 7 7 7 6 4 4 3 2 2 1 1 1 1
8 7 7 7 6 4 4 3 2 1 1 1 1 1 1
8 7 7 7 6 4 4 2 2 2 2 2 1
8 7 7 7 6 4 4 2 2 2 2 1 1 1
8 7 7 7 6 4 4 2 2 2 1 1 1 1 1
8 7 7 7 6 4 4 2 2 1 1 1 1 1 1 1
8 7 7 7 6 4 3 3 3 3 3
8 7 7 7 6 4 3 3 3 3 2 1
8 7 7 7 6 4 3 3 3 3 1 1 1
8 7 7 7 6 4 3 3 3 2 2 2
8 7 7 7 6 4 3 3 3 2 2 1 1
8 7 7 7 6 4 3 3 3 2 1 1 1 1
8 7 7 7 6 4 3 3 3 1 1 1 1 1 1
8 7 7 7 6 4 3 3 2 2 2 2 1
8 7 7 7 6 4 3 3 2 2 2 1 1 1
8 7 7 7 6 4 3 3 2 2 1 1 1 1 1
8 7 7 7 6 4 3 3 2 1 1 1 1 1 1 1
8 7 7 7 6 4 3 2 2 2 2 2 2
8 7 7 7 6 4 3 2 2 2 2 2 1 1
8 7 7 7 6 4 3 2 2 2 2 1 1 1 1
8 7 7 7 6 4 3 2 2 2 1 1 1 1 1 1
8 7 7 7 6 4 3 2 2 1 1 1 1 1 1 1 1
8 7 7 7 6 3 3 3 3 3 3 1
8 7 7 7 6 3 3 3 3 3 2 2
8 7 7 7 6 3 3 3 3 3 2 1 1
8 7 7 7 6 3 3 3 3 3 1 1 1 1
8 7 7 7 6 3 3 3 3 2 2 2 1
8 7 7 7 6 3 3 3 3 2 2 1 1 1
8 7 7 7 6 3 3 3 3 2 1 1 1 1 1
8 7 7 7 6 3 3 3 3 1 1 1 1 1 1 1
8 7 7 7 6 3 3 3 2 2 2 2 2
8 7 7 7 6 3 3 3 2 2 2 2 1 1
8 7 7 7 6 3 3 3 2 2 2 1 1 1 1
8 7 7 7 6 3 3 3 2 2 1 1 1 1 1 1
8 7 7 7 6 3 3 3 2 1 1 1 1 1 1 1 1
8 7 7 7 6 3 3 2 2 2 2 2 2 1
8 7 7 7 6 3 3 2 2 2 2 2 1 1 1
8 7 7 7 6 3 3 2 2 2 2 1 1 1 1 1
8 7 7 7 6 3 3 2 2 2 1 1 1 1 1 1 1
8 7 7 7 5 5 5 5 3 1 1
8 7 7 7 5 5 5 5 2 2 1
8 7 7 7 5 5 5 5 2 1 1 1
8 7 7 7 5 5 5 4 4 1 1
8 7 7 7 5 5 5 4 3 2 1
8 7 7 7 5 5 5 4 3 1 1 1
8 7 7 7 5 5 5 4 2 2 2
8 7 7 7 5 5 5 4 2 2 1 1
8 7 7 7 5 5 5 4 2 1 1 1 1
8 7 7 7 5 5 5 3 3 3 1
8 7 7 7 5 5 5 3 3 2 2
8 7 7 7 5 5 5 3 3 2 1 1
8 7 7 7 5 5 5 3 3 1 1 1 1
8 7 7 7 5 5 5 3 2 2 2 1
8 7 7 7 5 5 5 3 2 2 1 1 1
8 7 7 7 5 5 5 3 2 1 1 1 1 1
8 7 7 7 5 5 5 2 2 2 2 2
8 7 7 7 5 5 5 2 2 2 2 1 1
8 7 7 7 5 5 5 2 2 2 1 1 1 1
8 7 7 7 5 5 5 2 2 1 1 1 1 1 1
8 7 7 7 5 5 4 4 4 2 1
8 7 7 7 5 5 4 4 4 1 1 1
8 7 7 7 5 5 4 4 3 3 1
8 7 7 7 5 5 4 4 3 2 2
8 7 7 7 5 5 4 4 3 2 1 1
8 7 7 7 5 5 4 4 3 1 1 1 1
8 7 7 7 5 5 4 4 2 2 2 1
8 7 7 7 5 5 4 4 2 2 1 1 1
8 7 7 7 5 5 4 4 2 1 1 1 1 1
8 7 7 7 5 5 4 3 3 3 2
8 7 7 7 5 5 4 3 3 3 1 1
8 7 7 7 5 5 4 3 3 2 2 1
8 7 7 7 5 5 4 3 3 2 1 1 1
8 7 7 7 5 5 4 3 3 1 1 1 1 1
8 7 7 7 5 5 4 3 2 2 2 2
8 7 7 7 5 5 4 3 2 2 2 1 1
8 7 7 7 5 5 4 3 2 2 1 1 1 1
8 7 7 7 5 5 4 3 2 1 1 1 1 1 1
8 7 7 7 5 5 4 2 2 2 2 2 1
8 7 7 7 5 5 4 2 2 2 2 1 1 1
8 7 7 7 5 5 4 2 2 2 1 1 1 1 1
8 7 7 7 5 5 4 2 2 1 1 1 1 1 1 1
8 7 7 7 5 5 3 3 3 3 3
8 7 7 7 5 5 3 3 3 3 2 1
8 7 7 7 5 5 3 3 3 3 1 1 1
8 7 7 7 5 5 3 3 3 2 2 2
8 7 7 7 5 5 3 3 3 2 2 1 1
8 7 7 7 5 5 3 3 3 2 1 1 1 1
8 7 7 7 5 5 3 3 3 1 1 1 1 1 1
8 7 7 7 5 5 3 3 2 2 2 2 1
8 7 7 7 5 5 3 3 2 2 2 1 1 1
8 7 7 7 5 5 3 3 2 2 1 1 1 1 1
8 7 7 7 5 5 3 3 2 1 1 1 1 1 1 1
8 7 7 7 5 5 3 2 2 2 2 2 2
8 7 7 7 5 5 3 2 2 2 2 2 1 1
8 7 7 7 5 5 3 2 2 2 2 1 1 1 1
8 7 7 7 5 5 3 2 2 2 1 1 1 1 1 1
8 7 7 7 5 5 3 2 2 1 1 1 1 1 1 1 1
8 7 7 7 5 4 4 4 4 3 1
8 7 7 7 5 4 4 4 4 2 2
8 7 7 7 5 4 4 4 4 2 1 1
8 7 7 7 5 4 4 4 4 1 1 1 1
8 7 7 7 5 4 4 4 3 3 2
8 7 7 7 5 4 4 4 3 3 1 1
8 7 7 7 5 4 4 4 3 2 2 1
8 7 7 7 5 4 4 4 3 2 1 1 1
8 7 7 7 5 4 4 4 3 1 1 1 1 1
8 7 7 7 5 4 4 4 2 2 2 2
8 7 7 7 5 4 4 4 2 2 2 1 1
8 7 7 7 5 4 4 4 2 2 1 1 1 1
8 7 7 7 5 4 4 4 2 1 1 1 1 1 1
8 7 7 7 5 4 4 3 3 3 3
8 7 7 7 5 4 4 3 3 3 2 1
8 7 7 7 5 4 4 3 3 3 1 1 1
8 7 7 7 5 4 4 3 3 2 2 2
8 7 7 7 5 4 4 3 3 2 2 1 1
8 7 7 7 5 4 4 3 3 2 1 1 1 1
8 7 7 7 5 4 4 3 3 1 1 1 1 1 1
8 7 7 7 5 4 4 3 2 2 2 2 1
8 7 7 7 5 4 4 3 2 2 2 1 1 1
8 7 7 7 5 4 4 3 2 2 1 1 1 1 1
8 7 7 7 5 4 4 3 2 1 1 1 1 1 1 1
8 7 7 7 5 4 4 2 2 2 2 2 2
8 7 7 7 5 4 4 2 2 2 2 2 1 1
8 7 7 7 5 4 4 2 2 2 2 1 1 1 1
8 7 7 7 5 4 4 2 2 2 1 1 1 1 1 1
8 7 7 7 5 4 4 2 2 1 1 1 1 1 1 1 1
8 7 7 7 5 4 3 3 3 3 3 1
8 7 7 7 5 4 3 3 3 3 2 2
8 7 7 7 5 4 3 3 3 3 2 1 1
8 7 7 7 5 4 3 3 3 3 1 1 1 1
8 7 7 7 5 4 3 3 3 2 2 2 1
8 7 7 7 5 4 3 3 3 2 2 1 1 1
8 7 7 7 5 4 3 3 3 2 1 1 1 1 1
8 7 7 7 5 4 3 3 3 1 1 1 1 1 1 1
8 7 7 7 5 4 3 3 2 2 2 2 2
8 7 7 7 5 4 3 3 2 2 2 2 1 1
8 7 7 7 5 4 3 3 2 2 2 1 1 1 1
8 7 7 7 5 4 3 3 2 2 1 1 1 1 1 1
8 7 7 7 5 4 3 3 2 1 1 1 1 1 1 1 1
8 7 7 7 5 4 3 2 2 2 2 2 2 1
8 7 7 7 5 4 3 2 2 2 2 2 1 1 1
8 7 7 7 5 4 3 2 2 2 2 1 1 1 1 1
8 7 7 7 5 4 3 2 2 2 1 1 1 1 1 1 1
8 7 7 7 5 3 3 3 3 3 3 2
8 7 7 7 5 3 3 3 3 3 3 1 1
8 7 7 7 5 3 3 3 3 3 2 2 1
8 7 7 7 5 3 3 3 3 3 2 1 1 1
8 7 7 7 5 3 3 3 3 3 1 1 1 1 1
8 7 7 7 5 3 3 3 3 2 2 2 2
8 7 7 7 5 3 3 3 3 2 2 2 1 1
8 7 7 7 5 3 3 3 3 2 2 1 1 1 1
8 7 7 7 5 3 3 3 3 2 1 1 1 1 1 1
8 7 7 7 5 3 3 3 3 1 1 1 1 1 1 1 1
8 7 7 7 5 3 3 3 2 2 2 2 2 1
8 7 7 7 5 3 3 3 2 2 2 2 1 1 1
8 7 7 7 5 3 3 3 2 2 2 1 1 1 1 1
8 7 7 7 5 3 3 3 2 2 1 1 1 1 1 1 1
8 7 7 7 5 3 3 2 2 2 2 2 2 2
8 7 7 7 5 3 3 2 2 2 2 2 2 1 1
8 7 7 7 5 3 3 2 2 2 2 2 1 1 1 1
8 7 7 7 5 3 3 2 2 2 2 1 1 1 1 1 1
8 7 7 7 4 4 4 4 4 4 1
8 7 7 7 4 4 4 4 4 3 2
8 7 7 7 4 4 4 4 4 3 1 1
8 7 7 7 4 4 4 4 4 2 2 1
8 7 7 7 4 4 4 4 4 2 1 1 1
8 7 7 7 4 4 4 4 4 1 1 1 1 1
8 7 7 7 4 4 4 4 3 3 3
8 7 7 7 4 4 4 4 3 3 2 1
8 7 7 7 4 4 4 4 3 3 1 1 1
8 7 7 7 4 4 4 4 3 2 2 2
8 7 7 7 4 4 4 4 3 2 2 1 1
8 7 7 7 4 4 4 4 3 2 1 1 1 1
8 7 7 7 4 4 4 4 3 1 1 1 1 1 1
8 7 7 7 4 4 4 4 2 2 2 2 1
8 7 7 7 4 4 4 4 2 2 2 1 1 1
8 7 7 7 4 4 4 4 2 2 1 1 1 1 1
8 7 7 7 4 4 4 4 2 1 1 1 1 1 1 1
8 7 7 7 4 4 4 3 3 3 3 1
8 7 7 7 4 4 4 3 3 3 2 2
8 7 7 7 4 4 4 3 3 3 2 1 1
8 7 7 7 4 4 4 3 3 3 1 1 1 1
8 7 7 7 4 4 4 3 3 2 2 2 1
8 7 7 7 4 4 4 3 3 2 2 1 1 1
8 7 7 7 4 4 4 3 3 2 1 1 1 1 1
8 7 7 7 4 4 4 3 3 1 1 1 1 1 1 1
8 7 7 7 4 4 4 3 2 2 2 2 2
8 7 7 7 4 4 4 3 2 2 2 2 1 1
8 7 7 7 4 4 4 3 2 2 2 1 1 1 1
8 7 7 7 4 4 4 3 2 2 1 1 1 1 1 1
8 7 7 7 4 4 4 3 2 1 1 1 1 1 1 1 1
8 7 7 7 4 4 4 2 2 2 2 2 2 1
8 7 7 7 4 4 4 2 2 2 2 2 1 1 1
8 7 7 7 4 4 4 2 2 2 2 1 1 1 1 1
8 7 7 7 4 4 4 2 2 2 1 1 1 1 1 1 1
8 7 7 7 4 4 3 3 3 3 3 2
8 7 7 7 4 4 3 3 3 3 3 1 1
8 7 7 7 4 4 3 3 3 3 2 2 1
8 7 7 7 4 4 3 3 3 3 2 1 1 1
8 7 7 7 4 4 3 3 3 3 1 1 1 1 1
8 7 7 7 4 4 3 3 3 2 2 2 2
8 7 7 7 4 4 3 3 3 2 2 2 1 1
8 7 7 7 4 4 3 3 3 2 2 1 1 1 1
8 7 7 7 4 4 3 3 3 2 1 1 1 1 1 1
8 7 7 7 4 4 3 3 3 1 1 1 1 1 1 1 1
8 7 7 7 4 4 3 3 2 2 2 2 2 1
8 7 7 7 4 4 3 3 2 2 2 2 1 1 1
8 7 7 7 4 4 3 3 2 2 2 1 1 1 1 1
8 7 7 7 4 4 3 3 2 2 1 1 1 1 1 1 1
8 7 7 7 4 4 3 2 2 2 2 2 2 2
8 7 7 7 4 4 3 2 2 2 2 2 2 1 1
8 7 7 7 4 4 3 2 2 2 2 2 1 1 1 1
8 7 7 7 4 4 3 2 2 2 2 1 1 1 1 1 1
8 7 7 7 4 3 3 3 3 3 3 3
8 7 7 7 4 3 3 3 3 3 3 2 1
8 7 7 7 4 3 3 3 3 3 3 1 1 1
8 7 7 7 4 3 3 3 3 3 2 2 2
8 7 7 7 4 3 3 3 3 3 2 2 1 1
8 7 7 7 4 3 3 3 3 3 2 1 1 1 1
8 7 7 7 4 3 3 3 3 3 1 1 1 1 1 1
8 7 7 7 4 3 3 3 3 2 2 2 2 1
8 7 7 7 4 3 3 3 3 2 2 2 1 1 1
8 7 7 7 4 3 3 3 3 2 2 1 1 1 1 1
8 7 7 7 4 3 3 3 3 2 1 1 1 1 1 1 1
8 7 7 7 4 3 3 3 2 2 2 2 2 2
8 7 7 7 4 3 3 3 2 2 2 2 2 1 1
8 7 7 7 4 3 3 3 2 2 2 2 1 1 1 1
8 7 7 7 4 3 3 3 2 2 2 1 1 1 1 1 1
8 7 7 7 4 3 3 2 2 2 2 2 2 2 1
8 7 7 7 4 3 3 2 2 2 2 2 2 1 1 1
8 7 7 7 4 3 3 2 2 2 2 2 1 1 1 1 1
8 7 7 6 6 6 6 4 2 1 1
8 7 7 6 6 6 6 3 3 1 1
8 7 7 6 6 6 6 3 2 2 1
8 7 7 6 6 6 6 3 2 1 1 1
8 7 7 6 6 6 6 2 2 2 2
8 7 7 6 6 6 6 2 2 2 1 1
8 7 7 6 6 6 6 2 2 1 1 1 1
8 7 7 6 6 6 5 5 2 1 1
8 7 7 6 6 6 5 4 3 1 1
8 7 7 6 6 6 5 4 2 2 1
8 7 7 6 6 6 5 4 2 1 1 1
8 7 7 6 6 6 5 3 3 2 1
8 7 7 6 6 6 5 3 3 1 1 1
8 7 7 6 6 6 5 3 2 2 2
8 7 7 6 6 6 5 3 2 2 1 1
8 7 7 6 6 6 5 3 2 1 1 1 1
8 7 7 6 6 6 5 2 2 2 2 1
8 7 7 6 6 6 5 2 2 2 1 1 1
8 7 7 6 6 6 5 2 2 1 1 1 1 1
8 7 7 6 6 6 4 4 4 1 1
8 7 7 6 6 6 4 4 3 2 1
8 7 7 6 6 6 4 4 3 1 1 1
8 7 7 6 6 6 4 4 2 2 2
8 7 7 6 6 6 4 4 2 2 1 1
8 7 7 6 6 6 4 4 2 1 1 1 1
8 7 7 6 6 6 4 3 3 3 1
8 7 7 6 6 6 4 3 3 2 2
8 7 7 6 6 6 4 3 3 2 1 1
8 7 7 6 6 6 4 3 3 1 1 1 1
8 7 7 6 6 6 4 3 2 2 2 1
8 7 7 6 6 6 4 3 2 2 1 1 1
8 7 7 6 6 6 4 3 2 1 1 1 1 1
8 7 7 6 6 6 4 2 2 2 2 2
8 7 7 6 6 6 4 2 2 2 2 1 1
8 7 7 6 6 6 4 2 2 2 1 1 1 1
8 7 7 6 6 6 4 2 2 1 1 1 1 1 1
8 7 7 6 6 6 3 3 3 3 2
8 7 7 6 6 6 3 3 3 3 1 1
8 7 7 6 6 6 3 3 3 2 2 1
8 7 7 6 6 6 3 3 3 2 1 1 1
8 7 7 6 6 6 3 3 3 1 1 1 1 1
8 7 7 6 6 6 3 3 2 2 2 2
8 7 7 6 6 6 3 3 2 2 2 1 1
8 7 7 6 6 6 3 3 2 2 1 1 1 1
8 7 7 6 6 6 3 3 2 1 1 1 1 1 1
8 7 7 6 6 6 3 2 2 2 2 2 1
8 7 7 6 6 6 3 2 2 2 2 1 1 1
8 7 7 6 6 6 3 2 2 2 1 1 1 1 1
8 7 7 6 6 6 3 2 2 1 1 1 1 1 1 1
8 7 7 6 6 5 5 5 3 1 1
8 7 7 6 6 5 5 5 2 2 1
8 7 7 6 6 5 5 5 2 1 1 1
8 7 7 6 6 5 5 4 4 1 1
8 7 7 6 6 5 5 4 3 2 1
8 7 7 6 6 5 5 4 3 1 1 1
8 7 7 6 6 5 5 4 2 2 2
8 7 7 6 6 5 5 4 2 2 1 1
8 7 7 6 6 5 5 4 2 1 1 1 1
8 7 7 6 6 5 5 3 3 3 1
8 7 7 6 6 5 5 3 3 2 2
8 7 7 6 6 5 5 3 3 2 1 1
8 7 7 6 6 5 5 3 3 1 1 1 1
8 7 7 6 6 5 5 3 2 2 2 1
8 7 7 6 6 5 5 3 2 2 1 1 1
8 7 7 6 6 5 5 3 2 1 1 1 1 1
8 7 7 6 6 5 5 2 2 2 2 2
8 7 7 6 6 5 5 2 2 2 2 1 1
8 7 7 6 6 5 5 2 2 2 1 1 1 1
8 7 7 6 6 5 5 2 2 1 1 1 1 1 1
8 7 7 6 6 5 4 4 4 2 1
8 7 7 6 6 5 4 4 4 1 1 1
8 7 7 6 6 5 4 4 3 3 1
8 7 7 6 6 5 4 4 3 2 2
8 7 7 6 6 5 4 4 3 2 1 1
8 7 7 6 6 5 4 4 3 1 1 1 1
8 7 7 6 6 5 4 4 2 2 2 1
8 7 7 6 6 5 4 4 2 2 1 1 1
8 7 7 6 6 5 4 4 2 1 1 1 1 1
8 7 7 6 6 5 4 3 3 3 2
8 7 7 6 6 5 4 3 3 3 1 1
8 7 7 6 6 5 4 3 3 2 2 1
8 7 7 6 6 5 4 3 3 2 1 1 1
8 7 7 6 6 5 4 3 3 1 1 1 1 1
8 7 7 6 6 5 4 3 2 2 2 2
8 7 7 6 6 5 4 3 2 2 2 1 1
8 7 7 6 6 5 4 3 2 2 1 1 1 1
8 7 7 6 6 5 4 3 2 1 1 1 1 1 1
8 7 7 6 6 5 4 2 2 2 2 2 1
8 7 7 6 6 5 4 2 2 2 2 1 1 1
8 7 7 6 6 5 4 2 2 2 1 1 1 1 1
8 7 7 6 6 5 4 2 2 1 1 1 1 1 1 1
8 7 7 6 6 5 3 3 3 3 3
8 7 7 6 6 5 3 3 3 3 2 1
8 7 7 6 6 5 3 3 3 3 1 1 1
8 7 7 6 6 5 3 3 3 2 2 2
8 7 7 6 6 5 3 3 3 2 2 1 1
8 7 7 6 6 5 3 3 3 2 1 1 1 1
8 7 7 6 6 5 3 3 3 1 1 1 1 1 1
8 7 7 6 6 5 3 3 2 2 2 2 1
8 7 7 6 6 5 3 3 2 2 2 1 1 1
8 7 7 6 6 5 3 3 2 2 1 1 1 1 1
8 7 7 6 6 5 3 3 2 1 1 1 1 1 1 1
8 7 7 6 6 5 3 2 2 2 2 2 2
8 7 7 6 6 5 3 2 2 2 2 2 1 1
8 7 7 6 6 5 3 2 2 2 2 1 1 1 1
8 7 7 6 6 5 3 2 2 2 1 1 1 1 1 1
8 7 7 6 6 5 3 2 2 1 1 1 1 1 1 1 1
8 7 7 6 6 4 4 4 4 3 1
8 7 7 6 6 4 4 4 4 2 2
8 7 7 6 6 4 4 4 4 2 1 1
8 7 7 6 6 4 4 4 4 1 1 1 1
8 7 7 6 6 4 4 4 3 3 2
8 7 7 6 6 4 4 4 3 3 1 1
8 7 7 6 6 4 4 4 3 2 2 1
8 7 7 6 6 4 4 4 3 2 1 1 1
8 7 7 6 6 4 4 4 3 1 1 1 1 1
8 7 7 6 6 4 4 4 2 2 2 2
8 7 7 6 6 4 4 4 2 2 2 1 1
8 7 7 6 6 4 4 4 2 2 1 1 1 1
8 7 7 6 6 4 4 4 2 1 1 1 1 1 1
8 7 7 6 6 4 4 3 3 3 3
8 7 7 6 6 4 4 3 3 3 2 1
8 7 7 6 6 4 4 3 3 3 1 1 1
8 7 7 6 6 4 4 3 3 2 2 2
8 7 7 6 6 4 4 3 3 2 2 1 1
8 7 7 6 6 4 4 3 3 2 1 1 1 1
8 7 7 6 6 4 4 3 3 1 1 1 1 1 1
8 7 7 6 6 4 4 3 2 2 2 2 1
8 7 7 6 6 4 4 3 2 2 2 1 1 1
8 7 7 6 6 4 4 3 2 2 1 1 1 1 1
8 7 7 6 6 4 4 3 2 1 1 1 1 1 1 1
8 7 7 6 6 4 4 2 2 2 2 2 2
8 7 7 6 6 4 4 2 2 2 2 2 1 1
8 7 7 6 6 4 4 2 2 2 2 1 1 1 1
8 7 7 6 6 4 4 2 2 2 1 1 1 1 1 1
8 7 7 6 6 4 4 2 2 1 1 1 1 1 1 1 1
8 7 7 6 6 4 3 3 3 3 3 1
8 7 7 6 6 4 3 3 3 3 2 2
8 7 7 6 6 4 3 3 3 3 2 1 1
8 7 7 6 6 4 3 3 3 3 1 1 1 1
8 7 7 6 6 4 3 3 3 2 2 2 1
8 7 7 6 6 4 3 3 3 2 2 1 1 1
8 7 7 6 6 4 3 3 3 2 1 1 1 1 1
8 7 7 6 6 4 3 3 3 1 1 1 1 1 1 1
8 7 7 6 6 4 3 3 2 2 2 2 2
8 7 7 6 6 4 3 3 2 2 2 2 1 1
8 7 7 6 6 4 3 3 2 2 2 1 1 1 1
8 7 7 6 6 4 3 3 2 2 1 1 1 1 1 1
8 7 7 6 6 4 3 3 2 1 1 1 1 1 1 1 1
8 7 7 6 6 4 3 2 2 2 2 2 2 1
8 7 7 6 6 4 3 2 2 2 2 2 1 1 1
8 7 7 6 6 4 3 2 2 2 2 1 1 1 1 1
8 7 7 6 6 4 3 2 2 2 1 1 1 1 1 1 1
8 7 7 6 6 3 3 3 3 3 3 2
8 7 7 6 6 3 3 3 3 3 3 1 1
8 7 7 6 6 3 3 3 3 3 2 2 1
8 7 7 6 6 3 3 3 3 3 2 1 1 1
8 7 7 6 6 3 3 3 3 3 1 1 1 1 1
8 7 7 6 6 3 3 3 3 2 2 2 2
8 7 7 6 6 3 3 3 3 2 2 2 1 1
8 7 7 6 6 3 3 3 3 2 2 1 1 1 1
8 7 7 6 6 3 3 3 3 2 1 1 1 1 1 1
8 7 7 6 6 3 3 3 3 1 1 1 1 1 1 1 1
8 7 7 6 6 3 3 3 2 2 2 2 2 1
8 7 7 6 6 3 3 3 2 2 2 2 1 1 1
8 7 7 6 6 3 3 3 2 2 2 1 1 1 1 1
8 7 7 6 6 3 3 3 2 2 1 1 1 1 1 1 1
8 7 7 6 6 3 3 2 2 2 2 2 2 2
8 7 7 6 6 3 3 2 2 2 2 2 2 1 1
8 7 7 6 6 3 3 2 2 2 2 2 1 1 1 1
8 7 7 6 6 3 3 2 2 2 2 1 1 1 1 1 1
8 7 7 6 5 5 5 5 4 1 1
8 7 7 6 5 5 5 5 3 2 1
8 7 7 6 5 5 5 5 3 1 1 1
8 7 7 6 5 5 5 5 2 2 2
8 7 7 6 5 5 5 5 2 2 1 1
8 7 7 6 5 5 5 5 2 1 1 1 1
8 7 7 6 5 5 5 4 4 2 1
8 7 7 6 5 5 5 4 4 1 1 1
8 7 7 6 5 5 5 4 3 3 1
8 7 7 6 5 5 5 4 3 2 2
8 7 7 6 5 5 5 4 3 2 1 1
8 7 7 6 5 5 5 4 3 1 1 1 1
8 7 7 6 5 5 5 4 2 2 2 1
8 7 7 6 5 5 5 4 2 2 1 1 1
8 7 7 6 5 5 5 4 2 1 1 1 1 1
8 7 7 6 5 5 5 3 3 3 2
8 7 7 6 5 5 5 3 3 3 1 1
8 7 7 6 5 5 5 3 3 2 2 1
8 7 7 6 5 5 5 3 3 2 1 1 1
8 7 7 6 5 5 5 3 3 1 1 1 1 1
8 7 7 6 5 5 5 3 2 2 2 2
8 7 7 6 5 5 5 3 2 2 2 1 1
8 7 7 6 5 5 5 3 2 2 1 1 1 1
8 7 7 6 5 5 5 3 2 1 1 1 1 1 1
8 7 7 6 5 5 5 2 2 2 2 2 1
8 7 7 6 5 5 5 2 2 2 2 1 1 1
8 7 7 6 5 5 5 2 2 2 1 1 1 1 1
8 7 7 6 5 5 5 2 2 1 1 1 1 1 1 1
8 7 7 6 5 5 4 4 4 3 1
8 7 7 6 5 5 4 4 4 2 2
8 7 7 6 5 5 4 4 4 2 1 1
8 7 7 6 5 5 4 4 4 1 1 1 1
8 7 7 6 5 5 4 4 3 3 2
8 7 7 6 5 5 4 4 3 3 1 1
8 7 7 6 5 5 4 4 3 2 2 1
8 7 7 6 5 5 4 4 3 2 1 1 1
8 7 7 6 5 5 4 4 3 1 1 1 1 1
8 7 7 6 5 5 4 4 2 2 2 2
8 7 7 6 5 5 4 4 2 2 2 1 1
8 7 7 6 5 5 4 4 2 2 1 1 1 1
8 7 7 6 5 5 4 4 2 1 1 1 1 1 1
8 7 7 6 5 5 4 3 3 3 3
8 7 7 6 5 5 4 3 3 3 2 1
8 7 7 6 5 5 4 3 3 3 1 1 1
8 7 7 6 5 5 4 3 3 2 2 2
8 7 7 6 5 5 4 3 3 2 2 1 1
8 7 7 6 5 5 4 3 3 2 1 1 1 1
8 7 7 6 5 5 4 3 3 1 1 1 1 1 1
8 7 7 6 5 5 4 3 2 2 2 2 1
8 7 7 6 5 5 4 3 2 2 2 1 1 1
8 7 7 6 5 5 4 3 2 2 1 1 1 1 1
8 7 7 6 5 5 4 3 2 1 1 1 1 1 1 1
8 7 7 6 5 5 4 2 2 2 2 2 2
8 7 7 6 5 5 4 2 2 2 2 2 1 1
8 7 7 6 5 5 4 2 2 2 2 1 1 1 1
8 7 7 6 5 5 4 2 2 2 1 1 1 1 1 1
8 7 7 6 5 5 4 2 2 1 1 1 1 1 1 1 1
8 7 7 6 5 5 3 3 3 3 3 1
8 7 7 6 5 5 3 3 3 3 2 2
8 7 7 6 5 5 3 3 3 3 2 1 1
8 7 7 6 5 5 3 3 3 3 1 1 1 1
8 7 7 6 5 5 3 3 3 2 2 2 1
8 7 7 6 5 5 3 3 3 2 2 1 1 1
8 7 7 6 5 5 3 3 3 2 1 1 1 1 1
8 7 7 6 5 5 3 3 3 1 1 1 1 1 1 1
8 7 7 6 5 5 3 3 2 2 2 2 2
8 7 7 6 5 5 3 3 2 2 2 2 1 1
8 7 7 6 5 5 3 3 2 2 2 1 1 1 1
8 7 7 6 5 5 3 3 2 2 1 1 1 1 1 1
8 7 7 6 5 5 3 3 2 1 1 1 1 1 1 1 1
8 7 7 6 5 5 3 2 2 2 2 2 2 1
8 7 7 6 5 5 3 2 2 2 2 2 1 1 1
8 7 7 6 5 5 3 2 2 2 2 1 1 1 1 1
8 7 7 6 5 5 3 2 2 2 1 1 1 1 1 1 1
8 7 7 6 5 4 4 4 4 4 1
8 7 7 6 5 4 4 4 4 3 2
8 7 7 6 5 4 4 4 4 3 1 1
8 7 7 6 5 4 4 4 4 2 2 1
8 7 7 6 5 4 4 4 4 2 1 1 1
8 7 7 6 5 4 4 4 4 1 1 1 1 1
8 7 7 6 5 4 4 4 3 3 3
8 7 7 6 5 4 4 4 3 3 2 1
8 7 7 6 5 4 4 4 3 3 1 1 1
8 7 7 6 5 4 4 4 3 2 2 2
8 7 7 6 5 4 4 4 3 2 2 1 1
8 7 7 6 5 4 4 4 3 2 1 1 1 1
8 7 7 6 5 4 4 4 3 1 1 1 1 1 1
8 7 7 6 5 4 4 4 2 2 2 2 1
8 7 7 6 5 4 4 4 2 2 2 1 1 1
8 7 7 6 5 4 4 4 2 2 1 1 1 1 1
8 7 7 6 5 4 4 4 2 1 1 1 1 1 1 1
8 7 7 6 5 4 4 3 3 3 3 1
8 7 7 6 5 4 4 3 3 3 2 2
8 7 7 6 5 4 4 3 3 3 2 1 1
8 7 7 6 5 4 4 3 3 3 1 1 1 1
8 7 7 6 5 4 4 3 3 2 2 2 1
8 7 7 6 5 4 4 3 3 2 2 1 1 1
8 7 7 6 5 4 4 3 3 2 1 1 1 1 1
8 7 7 6 5 4 4 3 3 1 1 1 1 1 1 1
8 7 7 6 5 4 4 3 2 2 2 2 2
8 7 7 6 5 4 4 3 2 2 2 2 1 1
8 7 7 6 5 4 4 3 2 2 2 1 1 1 1
8 7 7 6 5 4 4 3 2 2 1 1 1 1 1 1
8 7 7 6 5 4 4 3 2 1 1 1 1 1 1 1 1
8 7 7 6 5 4 4 2 2 2 2 2 2 1
8 7 7 6 5 4 4 2 2 2 2 2 1 1 1
8 7 7 6 5 4 4 2 2 2 2 1 1 1 1 1
8 7 7 6 5 4 4 2 2 2 1 1 1 1 1 1 1
8 7 7 6 5 4 3 3 3 3 3 2
8 7 7 6 5 4 3 3 3 3 3 1 1
8 7 7 6 5 4 3 3 3 3 2 2 1
8 7 7 6 5 4 3 3 3 3 2 1 1 1
8 7 7 6 5 4 3 3 3 3 1 1 1 1 1
8 7 7 6 5 4 3 3 3 2 2 2 2
8 7 7 6 5 4 3 3 3 2 2 2 1 1
8 7 7 6 5 4 3 3 3 2 2 1 1 1 1
8 7 7 6 5 4 3 3 3 2 1 1 1 1 1 1
8 7 7 6 5 4 3 3 3 1 1 1 1 1 1 1 1
8 7 7 6 5 4 3 3 2 2 2 2 2 1
8 7 7 6 5 4 3 3 2 2 2 2 1 1 1
8 7 7 6 5 4 3 3 2 2 2 1 1 1 1 1
8 7 7 6 5 4 3 3 2 2 1 1 1 1 1 1 1
8 7 7 6 5 4 3 2 2 2 2 2 2 2
8 7 7 6 5 4 3 2 2 2 2 2 2 1 1
8 7 7 6 5 4 3 2 2 2 2 2 1 1 1 1
8 7 7 6 5 4 3 2 2 2 2 1 1 1 1 1 1
8 7 7 6 5 3 3 3 3 3 3 3
8 7 7 6 5 3 3 3 3 3 3 2 1
8 7 7 6 5 3 3 3 3 3 3 1 1 1
8 7 7 6 5 3 3 3 3 3 2 2 2
8 7 7 6 5 3 3 3 3 3 2 2 1 1
8 7 7 6 5 3 3 3 3 3 2 1 1 1 1
8 7 7 6 5 3 3 3 3 3 1 1 1 1 1 1
8 7 7 6 5 3 3 3 3 2 2 2 2 1
8 7 7 6 5 3 3 3 3 2 2 2 1 1 1
8 7 7 6 5 3 3 3 3 2 2 1 1 1 1 1
8 7 7 6 5 3 3 3 3 2 1 1 1 1 1 1 1
8 7 7 6 5 3 3 3 2 2 2 2 2 2
8 7 7 6 5 3 3 3 2 2 2 2 2 1 1
8 7 7 6 5 3 3 3 2 2 2 2 1 1 1 1
8 7 7 6 5 3 3 3 2 2 2 1 1 1 1 1 1
8 7 7 6 5 3 3 2 2 2 2 2 2 2 1
8 7 7 6 5 3 3 2 2 2 2 2 2 1 1 1
8 7 7 6 5 3 3 2 2 2 2 2 1 1 1 1 1
8 7 7 6 4 4 4 4 4 4 2
8 7 7 6 4 4 4 4 4 4 1 1
8 7 7 6 4 4 4 4 4 3 3
8 7 7 6 4 4 4 4 4 3 2 1
8 7 7 6 4 4 4 4 4 3 1 1 1
8 7 7 6 4 4 4 4 4 2 2 2
8 7 7 6 4 4 4 4 4 2 2 1 1
8 7 7 6 4 4 4 4 4 2 1 1 1 1
8 7 7 6 4 4 4 4 4 1 1 1 1 1 1
8 7 7 6 4 4 4 4 3 3 3 1
8 7 7 6 4 4 4 4 3 3 2 2
8 7 7 6 4 4 4 4 3 3 2 1 1
8 7 7 6 4 4 4 4 3 3 1 1 1 1
8 7 7 6 4 4 4 4 3 2 2 2 1
8 7 7 6 4 4 4 4 3 2 2 1 1 1
8 7 7 6 4 4 4 4 3 2 1 1 1 1 1
8 7 7 6 4 4 4 4 3 1 1 1 1 1 1 1
8 7 7 6 4 4 4 4 2 2 2 2 2
8 7 7 6 4 4 4 4 2 2 2 2 1 1
8 7 7 6 4 4 4 4 2 2 2 1 1 1 1
8 7 7 6 4 4 4 4 2 2 1 1 1 1 1 1
8 7 7 6 4 4 4 4 2 1 1 1 1 1 1 1 1
8 7 7 6 4 4 4 3 3 3 3 2
8 7 7 6 4 4 4 3 3 3 3 1 1
8 7 7 6 4 4 4 3 3 3 2 2 1
8 7 7 6 4 4 4 3 3 3 2 1 1 1
8 7 7 6 4 4 4 3 3 3 1 1 1 1 1
8 7 7 6 4 4 4 3 3 2 2 2 2
8 7 7 6 4 4 4 3 3 2 2 2 1 1
8 7 7 6 4 4 4 3 3 2 2 1 1 1 1
8 7 7 6 4 4 4 3 3 2 1 1 1 1 1 1
8 7 7 6 4 4 4 3 3 1 1 1 1 1 1 1 1
8 7 7 6 4 4 4 3 2 2 2 2 2 1
8 7 7 6 4 4 4 3 2 2 2 2 1 1 1
8 7 7 6 4 4 4 3 2 2 2 1 1 1 1 1
8 7 7 6 4 4 4 3 2 2 1 1 1 1 1 1 1
8 7 7 6 4 4 4 2 2 2 2 2 2 2
8 7 7 6 4 4 4 2 2 2 2 2 2 1 1
8 7 7 6 4 4 4 2 2 2 2 2 1 1 1 1
8 7 7 6 4 4 4 2 2 2 2 1 1 1 1 1 1
8 7 7 6 4 4 3 3 3 3 3 3
8 7 7 6 4 4 3 3 3 3 3 2 1
8 7 7 6 4 4 3 3 3 3 3 1 1 1
8 7 7 6 4 4 3 3 3 3 2 2 2
8 7 7 6 4 4 3 3 3 3 2 2 1 1
8 7 7 6 4 4 3 3 3 3 2 1 1 1 1
8 7 7 6 4 4 3 3 3 3 1 1 1 1 1 1
8 7 7 6 4 4 3 3 3 2 2 2 2 1
8 7 7 6 4 4 3 3 3 2 2 2 1 1 1
8 7 7 6 4 4 3 3 3 2 2 1 1 1 1 1
8 7 7 6 4 4 3 3 3 2 1 1 1 1 1 1 1
8 7 7 6 4 4 3 3 2 2 2 2 2 2
8 7 7 6 4 4 3 3 2 2 2 2 2 1 1
8 7 7 6 4 4 3 3 2 2 2 2 1 1 1 1
8 7 7 6 4 4 3 3 2 2 2 1 1 1 1 1 1
8 7 7 6 4 4 3 2 2 2 2 2 2 2 1
8 7 7 6 4 4 3 2 2 2 2 2 2 1 1 1
8 7 7 6 4 4 3 2 2 2 2 2 1 1 1 1 1
8 7 7 6 4 3 3 3 3 3 3 3 1
8 7 7 6 4 3 3 3 3 3 3 2 2
8 7 7 6 4 3 3 3 3 3 3 2 1 1
8 7 7 6 4 3 3 3 3 3 3 1 1 1 1
8 7 7 6 4 3 3 3 3 3 2 2 2 1
8 7 7 6 4 3 3 3 3 3 2 2 1 1 1
8 7 7 6 4 3 3 3 3 3 2 1 1 1 1 1
8 7 7 6 4 3 3 3 3 3 1 1 1 1 1 1 1
8 7 7 6 4 3 3 3 3 2 2 2 2 2
8 7 7 6 4 3 3 3 3 2 2 2 2 1 1
8 7 7 6 4 3 3 3 3 2 2 2 1 1 1 1
8 7 7 6 4 3 3 3 3 2 2 1 1 1 1 1 1
8 7 7 6 4 3 3 3 2 2 2 2 2 2 1
8 7 7 6 4 3 3 3 2 2 2 2 2 1 1 1
8 7 7 6 4 3 3 3 2 2 2 2 1 1 1 1 1
8 7 7 6 4 3 3 2 2 2 2 2 2 2 2
8 7 7 6 4 3 3 2 2 2 2 2 2 2 1 1
8 7 7 6 4 3 3 2 2 2 2 2 2 1 1 1 1
8 7 7 5 5 5 5 5 5 1 1
8 7 7 5 5 5 5 5 4 2 1
8 7 7 5 5 5 5 5 4 1 1 1
8 7 7 5 5 5 5 5 3 3 1
8 7 7 5 5 5 5 5 3 2 2
8 7 7 5 5 5 5 5 3 2 1 1
8 7 7 5 5 5 5 5 3 1 1 1 1
8 7 7 5 5 5 5 5 2 2 2 1
8 7 7 5 5 5 5 5 2 2 1 1 1
8 7 7 5 5 5 5 5 2 1 1 1 1 1
8 7 7 5 5 5 5 4 4 3 1
8 7 7 5 5 5 5 4 4 2 2
8 7 7 5 5 5 5 4 4 2 1 1
8 7 7 5 5 5 5 4 4 1 1 1 1
8 7 7 5 5 5 5 4 3 3 2
8 7 7 5 5 5 5 4 3 3 1 1
8 7 7 5 5 5 5 4 3 2 2 1
8 7 7 5 5 5 5 4 3 2 1 1 1
8 7 7 5 5 5 5 4 3 1 1 1 1 1
8 7 7 5 5 5 5 4 2 2 2 2
8 7 7 5 5 5 5 4 2 2 2 1 1
8 7 7 5 5 5 5 4 2 2 1 1 1 1
8 7 7 5 5 5 5 4 2 1 1 1 1 1 1
8 7 7 5 5 5 5 3 3 3 3
8 7 7 5 5 5 5 3 3 3 2 1
8 7 7 5 5 5 5 3 3 3 1 1 1
8 7 7 5 5 5 5 3 3 2 2 2
8 7 7 5 5 5 5 3 3 2 2 1 1
8 7 7 5 5 5 5 3 3 2 1 1 1 1
8 7 7 5 5 5 5 3 3 1 1 1 1 1 1
8 7 7 5 5 5 5 3 2 2 2 2 1
8 7 7 5 5 5 5 3 2 2 2 1 1 1
8 7 7 5 5 5 5 3 2 2 1 1 1 1 1
8 7 7 5 5 5 5 3 2 1 1 1 1 1 1 1
8 7 7 5 5 5 5 2 2 2 2 2 2
8 7 7 5 5 5 5 2 2 2 2 2 1 1
8 7 7 5 5 5 5 2 2 2 2 1 1 1 1
8 7 7 5 5 5 5 2 2 2 1 1 1 1 1 1
8 7 7 5 5 5 5 2 2 1 1 1 1 1 1 1 1
8 7 7 5 5 5 4 4 4 4 1
8 7 7 5 5 5 4 4 4 3 2
8 7 7 5 5 5 4 4 4 3 1 1
8 7 7 5 5 5 4 4 4 2 2 1
8 7 7 5 5 5 4 4 4 2 1 1 1
8 7 7 5 5 5 4 4 4 1 1 1 1 1
8 7 7 5 5 5 4 4 3 3 3
8 7 7 5 5 5 4 4 3 3 2 1
8 7 7 5 5 5 4 4 3 3 1 1 1
8 7 7 5 5 5 4 4 3 2 2 2
8 7 7 5 5 5 4 4 3 2 2 1 1
8 7 7 5 5 5 4 4 3 2 1 1 1 1
8 7 7 5 5 5 4 4 3 1 1 1 1 1 1
8 7 7 5 5 5 4 4 2 2 2 2 1
8 7 7 5 5 5 4 4 2 2 2 1 1 1
8 7 7 5 5 5 4 4 2 2 1 1 1 1 1
8 7 7 5 5 5 4 4 2 1 1 1 1 1 1 1
8 7 7 5 5 5 4 3 3 3 3 1
8 7 7 5 5 5 4 3 3 3 2 2
8 7 7 5 5 5 4 3 3 3 2 1 1
8 7 7 5 5 5 4 3 3 3 1 1 1 1
8 7 7 5 5 5 4 3 3 2 2 2 1
8 7 7 5 5 5 4 3 3 2 2 1 1 1
8 7 7 5 5 5 4 3 3 2 1 1 1 1 1
8 7 7 5 5 5 4 3 3 1 1 1 1 1 1 1
8 7 7 5 5 5 4 3 2 2 2 2 2
8 7 7 5 5 5 4 3 2 2 2 2 1 1
8 7 7 5 5 5 4 3 2 2 2 1 1 1 1
8 7 7 5 5 5 4 3 2 2 1 1 1 1 1 1
8 7 7 5 5 5 4 3 2 1 1 1 1 1 1 1 1
8 7 7 5 5 5 4 2 2 2 2 2 2 1
8 7 7 5 5 5 4 2 2 2 2 2 1 1 1
8 7 7 5 5 5 4 2 2 2 2 1 1 1 1 1
8 7 7 5 5 5 4 2 2 2 1 1 1 1 1 1 1
8 7 7 5 5 5 3 3 3 3 3 2
8 7 7 5 5 5 3 3 3 3 3 1 1
8 7 7 5 5 5 3 3 3 3 2 2 1
8 7 7 5 5 5 3 3 3 3 2 1 1 1
8 7 7 5 5 5 3 3 3 3 1 1 1 1 1
8 7 7 5 5 5 3 3 3 2 2 2 2
8 7 7 5 5 5 3 3 3 2 2 2 1 1
8 7 7 5 5 5 3 3 3 2 2 1 1 1 1
8 7 7 5 5 5 3 3 3 2 1 1 1 1 1 1
8 7 7 5 5 5 3 3 3 1 1 1 1 1 1 1 1
8 7 7 5 5 5 3 3 2 2 2 2 2 1
8 7 7 5 5 5 3 3 2 2 2 2 1 1 1
8 7 7 5 5 5 3 3 2 2 2 1 1 1 1 1
8 7 7 5 5 5 3 3 2 2 1 1 1 1 1 1 1
8 7 7 5 5 5 3 2 2 2 2 2 2 2
8 7 7 5 5 5 3 2 2 2 2 2 2 1 1
8 7 7 5 5 5 3 2 2 2 2 2 1 1 1 1
8 7 7 5 5 5 3 2 2 2 2 1 1 1 1 1 1
8 7 7 5 5 4 4 4 4 4 2
8 7 7 5 5 4 4 4 4 4 1 1
8 7 7 5 5 4 4 4 4 3 3
8 7 7 5 5 4 4 4 4 3 2 1
8 7 7 5 5 4 4 4 4 3 1 1 1
8 7 7 5 5 4 4 4 4 2 2 2
8 7 7 5 5 4 4 4 4 2 2 1 1
8 7 7 5 5 4 4 4 4 2 1 1 1 1
8 7 7 5 5 4 4 4 4 1 1 1 1 1 1
8 7 7 5 5 4 4 4 3 3 3 1
8 7 7 5 5 4 4 4 3 3 2 2
8 7 7 5 5 4 4 4 3 3 2 1 1
8 7 7 5 5 4 4 4 3 3 1 1 1 1
8 7 7 5 5 4 4 4 3 2 2 2 1
8 7 7 5 5 4 4 4 3 2 2 1 1 1
8 7 7 5 5 4 4 4 3 2 1 1 1 1 1
8 7 7 5 5 4 4 4 3 1 1 1 1 1 1 1
8 7 7 5 5 4 4 4 2 2 2 2 2
8 7 7 5 5 4 4 4 2 2 2 2 1 1
8 7 7 5 5 4 4 4 2 2 2 1 1 1 1
8 7 7 5 5 4 4 4 2 2 1 1 1 1 1 1
8 7 7 5 5 4 4 4 2 1 1 1 1 1 1 1 1
8 7 7 5 5 4 4 3 3 3 3 2
8 7 7 5 5 4 4 3 3 3 3 1 1
8 7 7 5 5 4 4 3 3 3 2 2 1
8 7 7 5 5 4 4 3 3 3 2 1 1 1
8 7 7 5 5 4 4 3 3 3 1 1 1 1 1
8 7 7 5 5 4 4 3 3 2 2 2 2
8 7 7 5 5 4 4 3 3 2 2 2 1 1
8 7 7 5 5 4 4 3 3 2 2 1 1 1 1
8 7 7 5 5 4 4 3 3 2 1 1 1 1 1 1
8 7 7 5 5 4 4 3 3 1 1 1 1 1 1 1 1
8 7 7 5 5 4 4 3 2 2 2 2 2 1
8 7 7 5 5 4 4 3 2 2 2 2 1 1 1
8 7 7 5 5 4 4 3 2 2 2 1 1 1 1 1
8 7 7 5 5 4 4 3 2 2 1 1 1 1 1 1 1
8 7 7 5 5 4 4 2 2 2 2 2 2 2
8 7 7 5 5 4 4 2 2 2 2 2 2 1 1
8 7 7 5 5 4 4 2 2 2 2 2 1 1 1 1
8 7 7 5 5 4 4 2 2 2 2 1 1 1 1 1 1
8 7 7 5 5 4 3 3 3 3 3 3
8 7 7 5 5 4 3 3 3 3 3 2 1
8 7 7 5 5 4 3 3 3 3 3 1 1 1
8 7 7 5 5 4 3 3 3 3 2 2 2
8 7 7 5 5 4 3 3 3 3 2 2 1 1
8 7 7 5 5 4 3 3 3 3 2 1 1 1 1
8 7 7 5 5 4 3 3 3 3 1 1 1 1 1 1
8 7 7 5 5 4 3 3 3 2 2 2 2 1
8 7 7 5 5 4 3 3 3 2 2 2 1 1 1
8 7 7 5 5 4 3 3 3 2 2 1 1 1 1 1
8 7 7 5 5 4 3 3 3 2 1 1 1 1 1 1 1
8 7 7 5 5 4 3 3 2 2 2 2 2 2
8 7 7 5 5 4 3 3 2 2 2 2 2 1 1
8 7 7 5 5 4 3 3 2 2 2 2 1 1 1 1
8 7 7 5 5 4 3 3 2 2 2 1 1 1 1 1 1
8 7 7 5 5 4 3 2 2 2 2 2 2 2 1
8 7 7 5 5 4 3 2 2 2 2 2 2 1 1 1
8 7 7 5 5 4 3 2 2 2 2 2 1 1 1 1 1
8 7 7 5 5 3 3 3 3 3 3 3 1
8 7 7 5 5 3 3 3 3 3 3 2 2
8 7 7 5 5 3 3 3 3 3 3 2 1 1
8 7 7 5 5 3 3 3 3 3 3 1 1 1 1
8 7 7 5 5 3 3 3 3 3 2 2 2 1
8 7 7 5 5 3 3 3 3 3 2 2 1 1 1
8 7 7 5 5 3 3 3 3 3 2 1 1 1 1 1
8 7 7 5 5 3 3 3 3 3 1 1 1 1 1 1 1
8 7 7 5 5 3 3 3 3 2 2 2 2 2
8 7 7 5 5 3 3 3 3 2 2 2 2 1 1
8 7 7 5 5 3 3 3 3 2 2 2 1 1 1 1
8 7 7 5 5 3 3 3 3 2 2 1 1 1 1 1 1
8 7 7 5 5 3 3 3 2 2 2 2 2 2 1
8 7 7 5 5 3 3 3 2 2 2 2 2 1 1 1
8 7 7 5 5 3 3 3 2 2 2 2 1 1 1 1 1
8 7 7 5 5 3 3 2 2 2 2 2 2 2 2
8 7 7 5 5 3 3 2 2 2 2 2 2 2 1 1
8 7 7 5 5 3 3 2 2 2 2 2 2 1 1 1 1
8 7 7 5 4 4 4 4 4 4 3
8 7 7 5 4 4 4 4 4 4 2 1
8 7 7 5 4 4 4 4 4 4 1 1 1
8 7 7 5 4 4 4 4 4 3 3 1
8 7 7 5 4 4 4 4 4 3 2 2
8 7 7 5 4 4 4 4 4 3 2 1 1
8 7 7 5 4 4 4 4 4 3 1 1 1 1
8 7 7 5 4 4 4 4 4 2 2 2 1
8 7 7 5 4 4 4 4 4 2 2 1 1 1
8 7 7 5 4 4 4 4 4 2 1 1 1 1 1
8 7 7 5 4 4 4 4 4 1 1 1 1 1 1 1
8 7 7 5 4 4 4 4 3 3 3 2
8 7 7 5 4 4 4 4 3 3 3 1 1
8 7 7 5 4 4 4 4 3 3 2 2 1
8 7 7 5 4 4 4 4 3 3 2 1 1 1
8 7 7 5 4 4 4 4 3 3 1 1 1 1 1
8 7 7 5 4 4 4 4 3 2 2 2 2
8 7 7 5 4 4 4 4 3 2 2 2 1 1
8 7 7 5 4 4 4 4 3 2 2 1 1 1 1
8 7 7 5 4 4 4 4 3 2 1 1 1 1 1 1
8 7 7 5 4 4 4 4 3 1 1 1 1 1 1 1 1
8 7 7 5 4 4 4 4 2 2 2 2 2 1
8 7 7 5 4 4 4 4 2 2 2 2 1 1 1
8 7 7 5 4 4 4 4 2 2 2 1 1 1 1 1
8 7 7 5 4 4 4 4 2 2 1 1 1 1 1 1 1
8 7 7 5 4 4 4 3 3 3 3 3
8 7 7 5 4 4 4 3 3 3 3 2 1
8 7 7 5 4 4 4 3 3 3 3 1 1 1
8 7 7 5 4 4 4 3 3 3 2 2 2
8 7 7 5 4 4 4 3 3 3 2 2 1 1
8 7 7 5 4 4 4 3 3 3 2 1 1 1 1
8 7 7 5 4 4 4 3 3 3 1 1 1 1 1 1
8 7 7 5 4 4 4 3 3 2 2 2 2 1
8 7 7 5 4 4 4 3 3 2 2 2 1 1 1
8 7 7 5 4 4 4 3 3 2 2 1 1 1 1 1
8 7 7 5 4 4 4 3 3 2 1 1 1 1 1 1 1
8 7 7 5 4 4 4 3 2 2 2 2 2 2
8 7 7 5 4 4 4 3 2 2 2 2 2 1 1
8 7 7 5 4 4 4 3 2 2 2 2 1 1 1 1
8 7 7 5 4 4 4 3 2 2 2 1 1 1 1 1 1
8 7 7 5 4 4 4 2 2 2 2 2 2 2 1
8 7 7 5 4 4 4 2 2 2 2 2 2 1 1 1
8 7 7 5 4 4 4 2 2 2 2 2 1 1 1 1 1
8 7 7 5 4 4 3 3 3 3 3 3 1
8 7 7 5 4 4 3 3 3 3 3 2 2
8 7 7 5 4 4 3 3 3 3 3 2 1 1
8 7 7 5 4 4 3 3 3 3 3 1 1 1 1
8 7 7 5 4 4 3 3 3 3 2 2 2 1
8 7 7 5 4 4 3 3 3 3 2 2 1 1 1
8 7 7 5 4 4 3 3 3 3 2 1 1 1 1 1
8 7 7 5 4 4 3 3 3 3 1 1 1 1 1 1 1
8 7 7 5 4 4 3 3 3 2 2 2 2 2
8 7 7 5 4 4 3 3 3 2 2 2 2 1 1
8 7 7 5 4 4 3 3 3 2 2 2 1 1 1 1
8 7 7 5 4 4 3 3 3 2 2 1 1 1 1 1 1
8 7 7 5 4 4 3 3 2 2 2 2 2 2 1
8 7 7 5 4 4 3 3 2 2 2 2 2 1 1 1
8 7 7 5 4 4 3 3 2 2 2 2 1 1 1 1 1
8 7 7 5 4 4 3 2 2 2 2 2 2 2 2
8 7 7 5 4 4 3 2 2 2 2 2 2 2 1 1
8 7 7 5 4 4 3 2 2 2 2 2 2 1 1 1 1
8 7 7 5 4 3 3 3 3 3 3 3 2
8 7 7 5 4 3 3 3 3 3 3 3 1 1
8 7 7 5 4 3 3 3 3 3 3 2 2 1
8 7 7 5 4 3 3 3 3 3 3 2 1 1 1
8 7 7 5 4 3 3 3 3 3 3 1 1 1 1 1
8 7 7 5 4 3 3 3 3 3 2 2 2 2
8 7 7 5 4 3 3 3 3 3 2 2 2 1 1
8 7 7 5 4 3 3 3 3 3 2 2 1 1 1 1
8 7 7 5 4 3 3 3 3 3 2 1 1 1 1 1 1
8 7 7 5 4 3 3 3 3 2 2 2 2 2 1
8 7 7 5 4 3 3 3 3 2 2 2 2 1 1 1
8 7 7 5 4 3 3 3 3 2 2 2 1 1 1 1 1
8 7 7 5 4 3 3 3 2 2 2 2 2 2 2
8 7 7 5 4 3 3 3 2 2 2 2 2 2 1 1
8 7 7 5 4 3 3 3 2 2 2 2 2 1 1 1 1
8 7 7 5 4 3 3 2 2 2 2 2 2 2 2 1
8 7 7 5 4 3 3 2 2 2 2 2 2 2 1 1 1
8 7 7 4 4 4 4 4 4 4 4
8 7 7 4 4 4 4 4 4 4 3 1
8 7 7 4 4 4 4 4 4 4 2 2
8 7 7 4 4 4 4 4 4 4 2 1 1
8 7 7 4 4 4 4 4 4 4 1 1 1 1
8 7 7 4 4 4 4 4 4 3 3 2
8 7 7 4 4 4 4 4 4 3 3 1 1
8 7 7 4 4 4 4 4 4 3 2 2 1
8 7 7 4 4 4 4 4 4 3 2 1 1 1
8 7 7 4 4 4 4 4 4 3 1 1 1 1 1
8 7 7 4 4 4 4 4 4 2 2 2 2
8 7 7 4 4 4 4 4 4 2 2 2 1 1
8 7 7 4 4 4 4 4 4 2 2 1 1 1 1
8 7 7 4 4 4 4 4 4 2 1 1 1 1 1 1
8 7 7 4 4 4 4 4 4 1 1 1 1 1 1 1 1
8 7 7 4 4 4 4 4 3 3 3 3
8 7 7 4 4 4 4 4 3 3 3 2 1
8 7 7 4 4 4 4 4 3 3 3 1 1 1
8 7 7 4 4 4 4 4 3 3 2 2 2
8 7 7 4 4 4 4 4 3 3 2 2 1 1
8 7 7 4 4 4 4 4 3 3 2 1 1 1 1
8 7 7 4 4 4 4 4 3 3 1 1 1 1 1 1
8 7 7 4 4 4 4 4 3 2 2 2 2 1
8 7 7 4 4 4 4 4 3 2 2 2 1 1 1
8 7 7 4 4 4 4 4 3 2 2 1 1 1 1 1
8 7 7 4 4 4 4 4 3 2 1 1 1 1 1 1 1
8 7 7 4 4 4 4 4 2 2 2 2 2 2
8 7 7 4 4 4 4 4 2 2 2 2 2 1 1
8 7 7 4 4 4 4 4 2 2 2 2 1 1 1 1
8 7 7 4 4 4 4 4 2 2 2 1 1 1 1 1 1
8 7 7 4 4 4 4 3 3 3 3 3 1
8 7 7 4 4 4 4 3 3 3 3 2 2
8 7 7 4 4 4 4 3 3 3 3 2 1 1
8 7 7 4 4 4 4 3 3 3 3 1 1 1 1
8 7 7 4 4 4 4 3 3 3 2 2 2 1
8 7 7 4 4 4 4 3 3 3 2 2 1 1 1
8 7 7 4 4 4 4 3 3 3 2 1 1 1 1 1
8 7 7 4 4 4 4 3 3 3 1 1 1 1 1 1 1
8 7 7 4 4 4 4 3 3 2 2 2 2 2
8 7 7 4 4 4 4 3 3 2 2 2 2 1 1
8 7 7 4 4 4 4 3 3 2 2 2 1 1 1 1
8 7 7 4 4 4 4 3 3 2 2 1 1 1 1 1 1
8 7 7 4 4 4 4 3 2 2 2 2 2 2 1
8 7 7 4 4 4 4 3 2 2 2 2 2 1 1 1
8 7 7 4 4 4 4 3 2 2 2 2 1 1 1 1 1
8 7 7 4 4 4 4 2 2 2 2 2 2 2 2
8 7 7 4 4 4 4 2 2 2 2 2 2 2 1 1
8 7 7 4 4 4 4 2 2 2 2 2 2 1 1 1 1
8 7 7 4 4 4 3 3 3 3 3 3 2
8 7 7 4 4 4 3 3 3 3 3 3 1 1
8 7 7 4 4 4 3 3 3 3 3 2 2 1
8 7 7 4 4 4 3 3 3 3 3 2 1 1 1
8 7 7 4 4 4 3 3 3 3 3 1 1 1 1 1
8 7 7 4 4 4 3 3 3 3 2 2 2 2
8 7 7 4 4 4 3 3 3 3 2 2 2 1 1
8 7 7 4 4 4 3 3 3 3 2 2 1 1 1 1
8 7 7 4 4 4 3 3 3 3 2 1 1 1 1 1 1
8 7 7 4 4 4 3 3 3 2 2 2 2 2 1
8 7 7 4 4 4 3 3 3 2 2 2 2 1 1 1
8 7 7 4 4 4 3 3 3 2 2 2 1 1 1 1 1
8 7 7 4 4 4 3 3 2 2 2 2 2 2 2
8 7 7 4 4 4 3 3 2 2 2 2 2 2 1 1
8 7 7 4 4 4 3 3 2 2 2 2 2 1 1 1 1
8 7 7 4 4 4 3 2 2 2 2 2 2 2 2 1
8 7 7 4 4 4 3 2 2 2 2 2 2 2 1 1 1
8 7 7 4 4 3 3 3 3 3 3 3 3
8 7 7 4 4 3 3 3 3 3 3 3 2 1
8 7 7 4 4 3 3 3 3 3 3 3 1 1 1
8 7 7 4 4 3 3 3 3 3 3 2 2 2
8 7 7 4 4 3 3 3 3 3 3 2 2 1 1
8 7 7 4 4 3 3 3 3 3 3 2 1 1 1 1
8 7 7 4 4 3 3 3 3 3 3 1 1 1 1 1 1
8 7 7 4 4 3 3 3 3 3 2 2 2 2 1
8 7 7 4 4 3 3 3 3 3 2 2 2 1 1 1
8 7 7 4 4 3 3 3 3 3 2 2 1 1 1 1 1
8 7 7 4 4 3 3 3 3 2 2 2 2 2 2
8 7 7 4 4 3 3 3 3 2 2 2 2 2 1 1
8 7 7 4 4 3 3 3 3 2 2 2 2 1 1 1 1
8 7 7 4 4 3 3 3 2 2 2 2 2 2 2 1
8 7 7 4 4 3 3 3 2 2 2 2 2 2 1 1 1
8 7 6 6 6 6 6 5 2 1 1
8 7 6 6 6 6 6 4 3 1 1
8 7 6 6 6 6 6 4 2 2 1
8 7 6 6 6 6 6 4 2 1 1 1
8 7 6 6 6 6 6 3 3 2 1
8 7 6 6 6 6 6 3 3 1 1 1
8 7 6 6 6 6 6 3 2 2 2
8 7 6 6 6 6 6 3 2 2 1 1
8 7 6 6 6 6 6 3 2 1 1 1 1
8 7 6 6 6 6 6 2 2 2 2 1
8 7 6 6 6 6 6 2 2 2 1 1 1
8 7 6 6 6 6 6 2 2 1 1 1 1 1
8 7 6 6 6 6 5 5 3 1 1
8 7 6 6 6 6 5 5 2 2 1
8 7 6 6 6 6 5 5 2 1 1 1
8 7 6 6 6 6 5 4 4 1 1
8 7 6 6 6 6 5 4 3 2 1
8 7 6 6 6 6 5 4 3 1 1 1
8 7 6 6 6 6 5 4 2 2 2
8 7 6 6 6 6 5 4 2 2 1 1
8 7 6 6 6 6 5 4 2 1 1 1 1
8 7 6 6 6 6 5 3 3 3 1
8 7 6 6 6 6 5 3 3 2 2
8 7 6 6 6 6 5 3 3 2 1 1
8 7 6 6 6 6 5 3 3 1 1 1 1
8 7 6 6 6 6 5 3 2 2 2 1
8 7 6 6 6 6 5 3 2 2 1 1 1
8 7 6 6 6 6 5 3 2 1 1 1 1 1
8 7 6 6 6 6 5 2 2 2 2 2
8 7 6 6 6 6 5 2 2 2 2 1 1
8 7 6 6 6 6 5 2 2 2 1 1 1 1
8 7 6 6 6 6 5 2 2 1 1 1 1 1 1
8 7 6 6 6 6 4 4 4 2 1
8 7 6 6 6 6 4 4 4 1 1 1
8 7 6 6 6 6 4 4 3 3 1
8 7 6 6 6 6 4 4 3 2 2
8 7 6 6 6 6 4 4 3 2 1 1
8 7 6 6 6 6 4 4 3 1 1 1 1
8 7 6 6 6 6 4 4 2 2 2 1
8 7 6 6 6 6 4 4 2 2 1 1 1
8 7 6 6 6 6 4 4 2 1 1 1 1 1
8 7 6 6 6 6 4 3 3 3 2
8 7 6 6 6 6 4 3 3 3 1 1
8 7 6 6 6 6 4 3 3 2 2 1
8 7 6 6 6 6 4 3 3 2 1 1 1
8 7 6 6 6 6 4 3 3 1 1 1 1 1
8 7 6 6 6 6 4 3 2 2 2 2
8 7 6 6 6 6 4 3 2 2 2 1 1
8 7 6 6 6 6 4 3 2 2 1 1 1 1
8 7 6 6 6 6 4 3 2 1 1 1 1 1 1
8 7 6 6 6 6 4 2 2 2 2 2 1
8 7 6 6 6 6 4 2 2 2 2 1 1 1
8 7 6 6 6 6 4 2 2 2 1 1 1 1 1
8 7 6 6 6 6 4 2 2 1 1 1 1 1 1 1
8 7 6 6 6 6 3 3 3 3 3
8 7 6 6 6 6 3 3 3 3 2 1
8 7 6 6 6 6 3 3 3 3 1 1 1
8 7 6 6 6 6 3 3 3 2 2 2
8 7 6 6 6 6 3 3 3 2 2 1 1
8 7 6 6 6 6 3 3 3 2 1 1 1 1
8 7 6 6 6 6 3 3 3 1 1 1 1 1 1
8 7 6 6 6 6 3 3 2 2 2 2 1
8 7 6 6 6 6 3 3 2 2 2 1 1 1
8 7 6 6 6 6 3 3 2 2 1 1 1 1 1
8 7 6 6 6 6 3 3 2 1 1 1 1 1 1 1
8 7 6 6 6 6 3 2 2 2 2 2 2
8 7 6 6 6 6 3 2 2 2 2 2 1 1
8 7 6 6 6 6 3 2 2 2 2 1 1 1 1
8 7 6 6 6 6 3 2 2 2 1 1 1 1 1 1
8 7 6 6 6 6 3 2 2 1 1 1 1 1 1 1 1
8 7 6 6 6 5 5 5 4 1 1
8 7 6 6 6 5 5 5 3 2 1
8 7 6 6 6 5 5 5 3 1 1 1
8 7 6 6 6 5 5 5 2 2 2
8 7 6 6 6 5 5 5 2 2 1 1
8 7 6 6 6 5 5 5 2 1 1 1 1
8 7 6 6 6 5 5 4 4 2 1
8 7 6 6 6 5 5 4 4 1 1 1
8 7 6 6 6 5 5 4 3 3 1
8 7 6 6 6 5 5 4 3 2 2
8 7 6 6 6 5 5 4 3 2 1 1
8 7 6 6 6 5 5 4 3 1 1 1 1
8 7 6 6 6 5 5 4 2 2 2 1
8 7 6 6 6 5 5 4 2 2 1 1 1
8 7 6 6 6 5 5 4 2 1 1 1 1 1
8 7 6 6 6 5 5 3 3 3 2
8 7 6 6 6 5 5 3 3 3 1 1
8 7 6 6 6 5 5 3 3 2 2 1
8 7 6 6 6 5 5 3 3 2 1 1 1
8 7 6 6 6 5 5 3 3 1 1 1 1 1
8 7 6 6 6 5 5 3 2 2 2 2
8 7 6 6 6 5 5 3 2 2 2 1 1
8 7 6 6 6 5 5 3 2 2 1 1 1 1
8 7 6 6 6 5 5 3 2 1 1 1 1 1 1
8 7 6 6 6 5 5 2 2 2 2 2 1
8 7 6 6 6 5 5 2 2 2 2 1 1 1
8 7 6 6 6 5 5 2 2 2 1 1 1 1 1
8 7 6 6 6 5 5 2 2 1 1 1 1 1 1 1
8 7 6 6 6 5 4 4 4 3 1
8 7 6 6 6 5 4 4 4 2 2
8 7 6 6 6 5 4 4 4 2 1 1
8 7 6 6 6 5 4 4 4 1 1 1 1
8 7 6 6 6 5 4 4 3 3 2
8 7 6 6 6 5 4 4 3 3 1 1
8 7 6 6 6 5 4 4 3 2 2 1
8 7 6 6 6 5 4 4 3 2 1 1 1
8 7 6 6 6 5 4 4 3 1 1 1 1 1
8 7 6 6 6 5 4 4 2 2 2 2
8 7 6 6 6 5 4 4 2 2 2 1 1
8 7 6 6 6 5 4 4 2 2 1 1 1 1
8 7 6 6 6 5 4 4 2 1 1 1 1 1 1
8 7 6 6 6 5 4 3 3 3 3
8 7 6 6 6 5 4 3 3 3 2 1
8 7 6 6 6 5 4 3 3 3 1 1 1
8 7 6 6 6 5 4 3 3 2 2 2
8 7 6 6 6 5 4 3 3 2 2 1 1
8 7 6 6 6 5 4 3 3 2 1 1 1 1
8 7 6 6 6 5 4 3 3 1 1 1 1 1 1
8 7 6 6 6 5 4 3 2 2 2 2 1
8 7 6 6 6 5 4 3 2 2 2 1 1 1
8 7 6 6 6 5 4 3 2 2 1 1 1 1 1
8 7 6 6 6 5 4 3 2 1 1 1 1 1 1 1
8 7 6 6 6 5 4 2 2 2 2 2 2
8 7 6 6 6 5 4 2 2 2 2 2 1 1
8 7 6 6 6 5 4 2 2 2 2 1 1 1 1
8 7 6 6 6 5 4 2 2 2 1 1 1 1 1 1
8 7 6 6 6 5 4 2 2 1 1 1 1 1 1 1 1
8 7 6 6 6 5 3 3 3 3 3 1
8 7 6 6 6 5 3 3 3 3 2 2
8 7 6 6 6 5 3 3 3 3 2 1 1
8 7 6 6 6 5 3 3 3 3 1 1 1 1
8 7 6 6 6 5 3 3 3 2 2 2 1
8 7 6 6 6 5 3 3 3 2 2 1 1 1
8 7 6 6 6 5 3 3 3 2 1 1 1 1 1
8 7 6 6 6 5 3 3 3 1 1 1 1 1 1 1
8 7 6 6 6 5 3 3 2 2 2 2 2
8 7 6 6 6 5 3 3 2 2 2 2 1 1
8 7 6 6 6 5 3 3 2 2 2 1 1 1 1
8 7 6 6 6 5 3 3 2 2 1 1 1 1 1 1
8 7 6 6 6 5 3 3 2 1 1 1 1 1 1 1 1
8 7 6 6 6 5 3 2 2 2 2 2 2 1
8 7 6 6 6 5 3 2 2 2 2 2 1 1 1
8 7 6 6 6 5 3 2 2 2 2 1 1 1 1 1
8 7 6 6 6 5 3 2 2 2 1 1 1 1 1 1 1
8 7 6 6 6 4 4 4 4 4 1
8 7 6 6 6 4 4 4 4 3 2
8 7 6 6 6 4 4 4 4 3 1 1
8 7 6 6 6 4 4 4 4 2 2 1
8 7 6 6 6 4 4 4 4 2 1 1 1
8 7 6 6 6 4 4 4 4 1 1 1 1 1
8 7 6 6 6 4 4 4 3 3 3
8 7 6 6 6 4 4 4 3 3 2 1
8 7 6 6 6 4 4 4 3 3 1 1 1
8 7 6 6 6 4 4 4 3 2 2 2
8 7 6 6 6 4 4 4 3 2 2 1 1
8 7 6 6 6 4 4 4 3 2 1 1 1 1
8 7 6 6 6 4 4 4 3 1 1 1 1 1 1
8 7 6 6 6 4 4 4 2 2 2 2 1
8 7 6 6 6 4 4 4 2 2 2 1 1 1
8 7 6 6 6 4 4 4 2 2 1 1 1 1 1
8 7 6 6 6 4 4 4 2 1 1 1 1 1 1 1
8 7 6 6 6 4 4 3 3 3 3 1
8 7 6 6 6 4 4 3 3 3 2 2
8 7 6 6 6 4 4 3 3 3 2 1 1
8 7 6 6 6 4 4 3 3 3 1 1 1 1
8 7 6 6 6 4 4 3 3 2 2 2 1
8 7 6 6 6 4 4 3 3 2 2 1 1 1
8 7 6 6 6 4 4 3 3 2 1 1 1 1 1
8 7 6 6 6 4 4 3 3 1 1 1 1 1 1 1
8 7 6 6 6 4 4 3 2 2 2 2 2
8 7 6 6 6 4 4 3 2 2 2 2 1 1
8 7 6 6 6 4 4 3 2 2 2 1 1 1 1
8 7 6 6 6 4 4 3 2 2 1 1 1 1 1 1
8 7 6 6 6 4 4 3 2 1 1 1 1 1 1 1 1
8 7 6 6 6 4 4 2 2 2 2 2 2 1
8 7 6 6 6 4 4 2 2 2 2 2 1 1 1
8 7 6 6 6 4 4 2 2 2 2 1 1 1 1 1
8 7 6 6 6 4 4 2 2 2 1 1 1 1 1 1 1
8 7 6 6 6 4 3 3 3 3 3 2
8 7 6 6 6 4 3 3 3 3 3 1 1
8 7 6 6 6 4 3 3 3 3 2 2 1
8 7 6 6 6 4 3 3 3 3 2 1 1 1
8 7 6 6 6 4 3 3 3 3 1 1 1 1 1
8 7 6 6 6 4 3 3 3 2 2 2 2
8 7 6 6 6 4 3 3 3 2 2 2 1 1
8 7 6 6 6 4 3 3 3 2 2 1 1 1 1
8 7 6 6 6 4 3 3 3 2 1 1 1 1 1 1
8 7 6 6 6 4 3 3 3 1 1 1 1 1 1 1 1
8 7 6 6 6 4 3 3 2 2 2 2 2 1
8 7 6 6 6 4 3 3 2 2 2 2 1 1 1
8 7 6 6 6 4 3 3 2 2 2 1 1 1 1 1
8 7 6 6 6 4 3 3 2 2 1 1 1 1 1 1 1
8 7 6 6 6 4 3 2 2 2 2 2 2 2
8 7 6 6 6 4 3 2 2 2 2 2 2 1 1
8 7 6 6 6 4 3 2 2 2 2 2 1 1 1 1
8 7 6 6 6 4 3 2 2 2 2 1 1 1 1 1 1
8 7 6 6 6 3 3 3 3 3 3 3
8 7 6 6 6 3 3 3 3 3 3 2 1
8 7 6 6 6 3 3 3 3 3 3 1 1 1
8 7 6 6 6 3 3 3 3 3 2 2 2
8 7 6 6 6 3 3 3 3 3 2 2 1 1
8 7 6 6 6 3 3 3 3 3 2 1 1 1 1
8 7 6 6 6 3 3 3 3 3 1 1 1 1 1 1
8 7 6 6 6 3 3 3 3 2 2 2 2 1
8 7 6 6 6 3 3 3 3 2 2 2 1 1 1
8 7 6 6 6 3 3 3 3 2 2 1 1 1 1 1
8 7 6 6 6 3 3 3 3 2 1 1 1 1 1 1 1
8 7 6 6 6 3 3 3 2 2 2 2 2 2
8 7 6 6 6 3 3 3 2 2 2 2 2 1 1
8 7 6 6 6 3 3 3 2 2 2 2 1 1 1 1
8 7 6 6 6 3 3 3 2 2 2 1 1 1 1 1 1
8 7 6 6 6 3 3 2 2 2 2 2 2 2 1
8 7 6 6 6 3 3 2 2 2 2 2 2 1 1 1
8 7 6 6 6 3 3 2 2 2 2 2 1 1 1 1 1
8 7 6 6 5 5 5 5 5 1 1
8 7 6 6 5 5 5 5 4 2 1
8 7 6 6 5 5 5 5 4 1 1 1
8 7 6 6 5 5 5 5 3 3 1
8 7 6 6 5 5 5 5 3 2 2
8 7 6 6 5 5 5 5 3 2 1 1
8 7 6 6 5 5 5 5 3 1 1 1 1
8 7 6 6 5 5 5 5 2 2 2 1
8 7 6 6 5 5 5 5 2 2 1 1 1
8 7 6 6 5 5 5 5 2 1 1 1 1 1
8 7 6 6 5 5 5 4 4 3 1
8 7 6 6 5 5 5 4 4 2 2
8 7 6 6 5 5 5 4 4 2 1 1
8 7 6 6 5 5 5 4 4 1 1 1 1
8 7 6 6 5 5 5 4 3 3 2
8 7 6 6 5 5 5 4 3 3 1 1
8 7 6 6 5 5 5 4 3 2 2 1
8 7 6 6 5 5 5 4 3 2 1 1 1
8 7 6 6 5 5 5 4 3 1 1 1 1 1
8 7 6 6 5 5 5 4 2 2 2 2
8 7 6 6 5 5 5 4 2 2 2 1 1
8 7 6 6 5 5 5 4 2 2 1 1 1 1
8 7 6 6 5 5 5 4 2 1 1 1 1 1 1
8 7 6 6 5 5 5 3 3 3 3
8 7 6 6 5 5 5 3 3 3 2 1
8 7 6 6 5 5 5 3 3 3 1 1 1
8 7 6 6 5 5 5 3 3 2 2 2
8 7 6 6 5 5 5 3 3 2 2 1 1
8 7 6 6 5 5 5 3 3 2 1 1 1 1
8 7 6 6 5 5 5 3 3 1 1 1 1 1 1
8 7 6 6 5 5 5 3 2 2 2 2 1
8 7 6 6 5 5 5 3 2 2 2 1 1 1
8 7 6 6 5 5 5 3 2 2 1 1 1 1 1
8 7 6 6 5 5 5 3 2 1 1 1 1 1 1 1
8 7 6 6 5 5 5 2 2 2 2 2 2
8 7 6 6 5 5 5 2 2 2 2 2 1 1
8 7 6 6 5 5 5 2 2 2 2 1 1 1 1
8 7 6 6 5 5 5 2 2 2 1 1 1 1 1 1
8 7 6 6 5 5 5 2 2 1 1 1 1 1 1 1 1
8 7 6 6 5 5 4 4 4 4 1
8 7 6 6 5 5 4 4 4 3 2
8 7 6 6 5 5 4 4 4 3 1 1
8 7 6 6 5 5 4 4 4 2 2 1
8 7 6 6 5 5 4 4 4 2 1 1 1
8 7 6 6 5 5 4 4 4 1 1 1 1 1
8 7 6 6 5 5 4 4 3 3 3
8 7 6 6 5 5 4 4 3 3 2 1
8 7 6 6 5 5 4 4 3 3 1 1 1
8 7 6 6 5 5 4 4 3 2 2 2
8 7 6 6 5 5 4 4 3 2 2 1 1
8 7 6 6 5 5 4 4 3 2 1 1 1 1
8 7 6 6 5 5 4 4 3 1 1 1 1 1 1
8 7 6 6 5 5 4 4 2 2 2 2 1
8 7 6 6 5 5 4 4 2 2 2 1 1 1
8 7 6 6 5 5 4 4 2 2 1 1 1 1 1
8 7 6 6 5 5 4 4 2 1 1 1 1 1 1 1
8 7 6 6 5 5 4 3 3 3 3 1
8 7 6 6 5 5 4 3 3 3 2 2
8 7 6 6 5 5 4 3 3 3 2 1 1
8 7 6 6 5 5 4 3 3 3 1 1 1 1
8 7 6 6 5 5 4 3 3 2 2 2 1
8 7 6 6 5 5 4 3 3 2 2 1 1 1
8 7 6 6 5 5 4 3 3 2 1 1 1 1 1
8 7 6 6 5 5 4 3 3 1 1 1 1 1 1 1
8 7 6 6 5 5 4 3 2 2 2 2 2
8 7 6 6 5 5 4 3 2 2 2 2 1 1
8 7 6 6 5 5 4 3 2 2 2 1 1 1 1
8 7 6 6 5 5 4 3 2 2 1 1 1 1 1 1
8 7 6 6 5 5 4 3 2 1 1 1 1 1 1 1 1
8 7 6 6 5 5 4 2 2 2 2 2 2 1
8 7 6 6 5 5 4 2 2 2 2 2 1 1 1
8 7 6 6 5 5 4 2 2 2 2 1 1 1 1 1
8 7 6 6 5 5 4 2 2 2 1 1 1 1 1 1 1
8 7 6 6 5 5 3 3 3 3 3 2
8 7 6 6 5 5 3 3 3 3 3 1 1
8 7 6 6 5 5 3 3 3 3 2 2 1
8 7 6 6 5 5 3 3 3 3 2 1 1 1
8 7 6 6 5 5 3 3 3 3 1 1 1 1 1
8 7 6 6 5 5 3 3 3 2 2 2 2
8 7 6 6 5 5 3 3 3 2 2 2 1 1
8 7 6 6 5 5 3 3 3 2 2 1 1 1 1
8 7 6 6 5 5 3 3 3 2 1 1 1 1 1 1
8 7 6 6 5 5 3 3 3 1 1 1 1 1 1 1 1
8 7 6 6 5 5 3 3 2 2 2 2 2 1
8 7 6 6 5 5 3 3 2 2 2 2 1 1 1
8 7 6 6 5 5 3 3 2 2 2 1 1 1 1 1
8 7 6 6 5 5 3 3 2 2 1 1 1 1 1 1 1
8 7 6 6 5 5 3 2 2 2 2 2 2 2
8 7 6 6 5 5 3 2 2 2 2 2 2 1 1
8 7 6 6 5 5 3 2 2 2 2 2 1 1 1 1
8 7 6 6 5 5 3 2 2 2 2 1 1 1 1 1 1
8 7 6 6 5 4 4 4 4 4 2
8 7 6 6 5 4 4 4 4 4 1 1
8 7 6 6 5 4 4 4 4 3 3
8 7 6 6 5 4 4 4 4 3 2 1
8 7 6 6 5 4 4 4 4 3 1 1 1
8 7 6 6 5 4 4 4 4 2 2 2
8 7 6 6 5 4 4 4 4 2 2 1 1
8 7 6 6 5 4 4 4 4 2 1 1 1 1
8 7 6 6 5 4 4 4 4 1 1 1 1 1 1
8 7 6 6 5 4 4 4 3 3 3 1
8 7 6 6 5 4 4 4 3 3 2 2
8 7 6 6 5 4 4 4 3 3 2 1 1
8 7 6 6 5 4 4 4 3 3 1 1 1 1
8 7 6 6 5 4 4 4 3 2 2 2 1
8 7 6 6 5 4 4 4 3 2 2 1 1 1
8 7 6 6 5 4 4 4 3 2 1 1 1 1 1
8 7 6 6 5 4 4 4 3 1 1 1 1 1 1 1
8 7 6 6 5 4 4 4 2 2 2 2 2
8 7 6 6 5 4 4 4 2 2 2 2 1 1
8 7 6 6 5 4 4 4 2 2 2 1 1 1 1
8 7 6 6 5 4 4 4 2 2 1 1 1 1 1 1
8 7 6 6 5 4 4 4 2 1 1 1 1 1 1 1 1
8 7 6 6 5 4 4 3 3 3 3 2
8 7 6 6 5 4 4 3 3 3 3 1 1
8 7 6 6 5 4 4 3 3 3 2 2 1
8 7 6 6 5 4 4 3 3 3 2 1 1 1
8 7 6 6 5 4 4 3 3 3 1 1 1 1 1
8 7 6 6 5 4 4 3 3 2 2 2 2
8 7 6 6 5 4 4 3 3 2 2 2 1 1
8 7 6 6 5 4 4 3 3 2 2 1 1 1 1
8 7 6 6 5 4 4 3 3 2 1 1 1 1 1 1
8 7 6 6 5 4 4 3 3 1 1 1 1 1 1 1 1
8 7 6 6 5 4 4 3 2 2 2 2 2 1
8 7 6 6 5 4 4 3 2 2 2 2 1 1 1
8 7 6 6 5 4 4 3 2 2 2 1 1 1 1 1
8 7 6 6 5 4 4 3 2 2 1 1 1 1 1 1 1
8 7 6 6 5 4 4 2 2 2 2 2 2 2
8 7 6 6 5 4 4 2 2 2 2 2 2 1 1
8 7 6 6 5 4 4 2 2 2 2 2 1 1 1 1
8 7 6 6 5 4 4 2 2 2 2 1 1 1 1 1 1
8 7 6 6 5 4 3 3 3 3 3 3
8 7 6 6 5 4 3 3 3 3 3 2 1
8 7 6 6 5 4 3 3 3 3 3 1 1 1
8 7 6 6 5 4 3 3 3 3 2 2 2
8 7 6 6 5 4 3 3 3 3 2 2 1 1
8 7 6 6 5 4 3 3 3 3 2 1 1 1 1
8 7 6 6 5 4 3 3 3 3 1 1 1 1 1 1
8 7 6 6 5 4 3 3 3 2 2 2 2 1
8 7 6 6 5 4 3 3 3 2 2 2 1 1 1
8 7 6 6 5 4 3 3 3 2 2 1 1 1 1 1
8 7 6 6 5 4 3 3 3 2 1 1 1 1 1 1 1
8 7 6 6 5 4 3 3 2 2 2 2 2 2
8 7 6 6 5 4 3 3 2 2 2 2 2 1 1
8 7 6 6 5 4 3 3 2 2 2 2 1 1 1 1
8 7 6 6 5 4 3 3 2 2 2 1 1 1 1 1 1
8 7 6 6 5 4 3 2 2 2 2 2 2 2 1
8 7 6 6 5 4 3 2 2 2 2 2 2 1 1 1
8 7 6 6 5 4 3 2 2 2 2 2 1 1 1 1 1
8 7 6 6 5 3 3 3 3 3 3 3 1
8 7 6 6 5 3 3 3 3 3 3 2 2
8 7 6 6 5 3 3 3 3 3 3 2 1 1
8 7 6 6 5 3 3 3 3 3 3 1 1 1 1
8 7 6 6 5 3 3 3 3 3 2 2 2 1
8 7 6 6 5 3 3 3 3 3 2 2 1 1 1
8 7 6 6 5 3 3 3 3 3 2 1 1 1 1 1
8 7 6 6 5 3 3 3 3 3 1 1 1 1 1 1 1
8 7 6 6 5 3 3 3 3 2 2 2 2 2
8 7 6 6 5 3 3 3 3 2 2 2 2 1 1
8 7 6 6 5 3 3 3 3 2 2 2 1 1 1 1
8 7 6 6 5 3 3 3 3 2 2 1 1 1 1 1 1
8 7 6 6 5 3 3 3 2 2 2 2 2 2 1
8 7 6 6 5 3 3 3 2 2 2 2 2 1 1 1
8 7 6 6 5 3 3 3 2 2 2 2 1 1 1 1 1
8 7 6 6 5 3 3 2 2 2 2 2 2 2 2
8 7 6 6 5 3 3 2 2 2 2 2 2 2 1 1
8 7 6 6 5 3 3 2 2 2 2 2 2 1 1 1 1
8 7 6 6 4 4 4 4 4 4 3
8 7 6 6 4 4 4 4 4 4 2 1
8 7 6 6 4 4 4 4 4 4 1 1 1
8 7 6 6 4 4 4 4 4 3 3 1
8 7 6 6 4 4 4 4 4 3 2 2
8 7 6 6 4 4 4 4 4 3 2 1 1
8 7 6 6 4 4 4 4 4 3 1 1 1 1
8 7 6 6 4 4 4 4 4 2 2 2 1
8 7 6 6 4 4 4 4 4 2 2 1 1 1
8 7 6 6 4 4 4 4 4 2 1 1 1 1 1
8 7 6 6 4 4 4 4 4 1 1 1 1 1 1 1
8 7 6 6 4 4 4 4 3 3 3 2
8 7 6 6 4 4 4 4 3 3 3 1 1
8 7 6 6 4 4 4 4 3 3 2 2 1
8 7 6 6 4 4 4 4 3 3 2 1 1 1
8 7 6 6 4 4 4 4 3 3 1 1 1 1 1
8 7 6 6 4 4 4 4 3 2 2 2 2
8 7 6 6 4 4 4 4 3 2 2 2 1 1
8 7 6 6 4 4 4 4 3 2 2 1 1 1 1
8 7 6 6 4 4 4 4 3 2 1 1 1 1 1 1
8 7 6 6 4 4 4 4 3 1 1 1 1 1 1 1 1
8 7 6 6 4 4 4 4 2 2 2 2 2 1
8 7 6 6 4 4 4 4 2 2 2 2 1 1 1
8 7 6 6 4 4 4 4 2 2 2 1 1 1 1 1
8 7 6 6 4 4 4 4 2 2 1 1 1 1 1 1 1
8 7 6 6 4 4 4 3 3 3 3 3
8 7 6 6 4 4 4 3 3 3 3 2 1
8 7 6 6 4 4 4 3 3 3 3 1 1 1
8 7 6 6 4 4 4 3 3 3 2 2 2
8 7 6 6 4 4 4 3 3 3 2 2 1 1
8 7 6 6 4 4 4 3 3 3 2 1 1 1 1
8 7 6 6 4 4 4 3 3 3 1 1 1 1 1 1
8 7 6 6 4 4 4 3 3 2 2 2 2 1
8 7 6 6 4 4 4 3 3 2 2 2 1 1 1
8 7 6 6 4 4 4 3 3 2 2 1 1 1 1 1
8 7 6 6 4 4 4 3 3 2 1 1 1 1 1 1 1
8 7 6 6 4 4 4 3 2 2 2 2 2 2
8 7 6 6 4 4 4 3 2 2 2 2 2 1 1
8 7 6 6 4 4 4 3 2 2 2 2 1 1 1 1
8 7 6 6 4 4 4 3 2 2 2 1 1 1 1 1 1
8 7 6 6 4 4 4 2 2 2 2 2 2 2 1
8 7 6 6 4 4 4 2 2 2 2 2 2 1 1 1
8 7 6 6 4 4 4 2 2 2 2 2 1 1 1 1 1
8 7 6 6 4 4 3 3 3 3 3 3 1
8 7 6 6 4 4 3 3 3 3 3 2 2
8 7 6 6 4 4 3 3 3 3 3 2 1 1
8 7 6 6 4 4 3 3 3 3 3 1 1 1 1
8 7 6 6 4 4 3 3 3 3 2 2 2 1
8 7 6 6 4 4 3 3 3 3 2 2 1 1 1
8 7 6 6 4 4 3 3 3 3 2 1 1 1 1 1
8 7 6 6 4 4 3 3 3 3 1 1 1 1 1 1 1
8 7 6 6 4 4 3 3 3 2 2 2 2 2
8 7 6 6 4 4 3 3 3 2 2 2 2 1 1
8 7 6 6 4 4 3 3 3 2 2 2 1 1 1 1
8 7 6 6 4 4 3 3 3 2 2 1 1 1 1 1 1
8 7 6 6 4 4 3 3 2 2 2 2 2 2 1
8 7 6 6 4 4 3 3 2 2 2 2 2 1 1 1
8 7 6 6 4 4 3 3 2 2 2 2 1 1 1 1 1
8 7 6 6 4 4 3 2 2 2 2 2 2 2 2
8 7 6 6 4 4 3 2 2 2 2 2 2 2 1 1
8 7 6 6 4 4 3 2 2 2 2 2 2 1 1 1 1
8 7 6 6 4 3 3 3 3 3 3 3 2
8 7 6 6 4 3 3 3 3 3 3 3 1 1
8 7 6 6 4 3 3 3 3 3 3 2 2 1
8 7 6 6 4 3 3 3 3 3 3 2 1 1 1
8 7 6 6 4 3 3 3 3 3 3 1 1 1 1 1
8 7 6 6 4 3 3 3 3 3 2 2 2 2
8 7 6 6 4 3 3 3 3 3 2 2 2 1 1
8 7 6 6 4 3 3 3 3 3 2 2 1 1 1 1
8 7 6 6 4 3 3 3 3 3 2 1 1 1 1 1 1
8 7 6 6 4 3 3 3 3 2 2 2 2 2 1
8 7 6 6 4 3 3 3 3 2 2 2 2 1 1 1
8 7 6 6 4 3 3 3 3 2 2 2 1 1 1 1 1
8 7 6 6 4 3 3 3 2 2 2 2 2 2 2
8 7 6 6 4 3 3 3 2 2 2 2 2 2 1 1
8 7 6 6 4 3 3 3 2 2 2 2 2 1 1 1 1
8 7 6 6 4 3 3 2 2 2 2 2 2 2 2 1
8 7 6 6 4 3 3 2 2 2 2 2 2 2 1 1 1
8 7 6 5 5 5 5 5 5 2 1
8 7 6 5 5 5 5 5 5 1 1 1
8 7 6 5 5 5 5 5 4 3 1
8 7 6 5 5 5 5 5 4 2 2
8 7 6 5 5 5 5 5 4 2 1 1
8 7 6 5 5 5 5 5 4 1 1 1 1
8 7 6 5 5 5 5 5 3 3 2
8 7 6 5 5 5 5 5 3 3 1 1
8 7 6 5 5 5 5 5 3 2 2 1
8 7 6 5 5 5 5 5 3 2 1 1 1
8 7 6 5 5 5 5 5 3 1 1 1 1 1
8 7 6 5 5 5 5 5 2 2 2 2
8 7 6 5 5 5 5 5 2 2 2 1 1
8 7 6 5 5 5 5 5 2 2 1 1 1 1
8 7 6 5 5 5 5 5 2 1 1 1 1 1 1
8 7 6 5 5 5 5 4 4 4 1
8 7 6 5 5 5 5 4 4 3 2
8 7 6 5 5 5 5 4 4 3 1 1
8 7 6 5 5 5 5 4 4 2 2 1
8 7 6 5 5 5 5 4 4 2 1 1 1
8 7 6 5 5 5 5 4 4 1 1 1 1 1
8 7 6 5 5 5 5 4 3 3 3
8 7 6 5 5 5 5 4 3 3 2 1
8 7 6 5 5 5 5 4 3 3 1 1 1
8 7 6 5 5 5 5 4 3 2 2 2
8 7 6 5 5 5 5 4 3 2 2 1 1
8 7 6 5 5 5 5 4 3 2 1 1 1 1
8 7 6 5 5 5 5 4 3 1 1 1 1 1 1
8 7 6 5 5 5 5 4 2 2 2 2 1
8 7 6 5 5 5 5 4 2 2 2 1 1 1
8 7 6 5 5 5 5 4 2 2 1 1 1 1 1
8 7 6 5 5 5 5 4 2 1 1 1 1 1 1 1
8 7 6 5 5 5 5 3 3 3 3 1
8 7 6 5 5 5 5 3 3 3 2 2
8 7 6 5 5 5 5 3 3 3 2 1 1
8 7 6 5 5 5 5 3 3 3 1 1 1 1
8 7 6 5 5 5 5 3 3 2 2 2 1
8 7 6 5 5 5 5 3 3 2 2 1 1 1
8 7 6 5 5 5 5 3 3 2 1 1 1 1 1
8 7 6 5 5 5 5 3 3 1 1 1 1 1 1 1
8 7 6 5 5 5 5 3 2 2 2 2 2
8 7 6 5 5 5 5 3 2 2 2 2 1 1
8 7 6 5 5 5 5 3 2 2 2 1 1 1 1
8 7 6 5 5 5 5 3 2 2 1 1 1 1 1 1
8 7 6 5 5 5 5 3 2 1 1 1 1 1 1 1 1
8 7 6 5 5 5 5 2 2 2 2 2 2 1
8 7 6 5 5 5 5 2 2 2 2 2 1 1 1
8 7 6 5 5 5 5 2 2 2 2 1 1 1 1 1
8 7 6 5 5 5 5 2 2 2 1 1 1 1 1 1 1
8 7 6 5 5 5 4 4 4 4 2
8 7 6 5 5 5 4 4 4 4 1 1
8 7 6 5 5 5 4 4 4 3 3
8 7 6 5 5 5 4 4 4 3 2 1
8 7 6 5 5 5 4 4 4 3 1 1 1
8 7 6 5 5 5 4 4 4 2 2 2
8 7 6 5 5 5 4 4 4 2 2 1 1
8 7 6 5 5 5 4 4 4 2 1 1 1 1
8 7 6 5 5 5 4 4 4 1 1 1 1 1 1
8 7 6 5 5 5 4 4 3 3 3 1
8 7 6 5 5 5 4 4 3 3 2 2
8 7 6 5 5 5 4 4 3 3 2 1 1
8 7 6 5 5 5 4 4 3 3 1 1 1 1
8 7 6 5 5 5 4 4 3 2 2 2 1
8 7 6 5 5 5 4 4 3 2 2 1 1 1
8 7 6 5 5 5 4 4 3 2 1 1 1 1 1
8 7 6 5 5 5 4 4 3 1 1 1 1 1 1 1
8 7 6 5 5 5 4 4 2 2 2 2 2
8 7 6 5 5 5 4 4 2 2 2 2 1 1
8 7 6 5 5 5 4 4 2 2 2 1 1 1 1
8 7 6 5 5 5 4 4 2 2 1 1 1 1 1 1
8 7 6 5 5 5 4 4 2 1 1 1 1 1 1 1 1
8 7 6 5 5 5 4 3 3 3 3 2
8 7 6 5 5 5 4 3 3 3 3 1 1
8 7 6 5 5 5 4 3 3 3 2 2 1
8 7 6 5 5 5 4 3 3 3 2 1 1 1
8 7 6 5 5 5 4 3 3 3 1 1 1 1 1
8 7 6 5 5 5 4 3 3 2 2 2 2
8 7 6 5 5 5 4 3 3 2 2 2 1 1
8 7 6 5 5 5 4 3 3 2 2 1 1 1 1
8 7 6 5 5 5 4 3 3 2 1 1 1 1 1 1
8 7 6 5 5 5 4 3 3 1 1 1 1 1 1 1 1
8 7 6 5 5 5 4 3 2 2 2 2 2 1
8 7 6 5 5 5 4 3 2 2 2 2 1 1 1
8 7 6 5 5 5 4 3 2 2 2 1 1 1 1 1
8 7 6 5 5 5 4 3 2 2 1 1 1 1 1 1 1
8 7 6 5 5 5 4 2 2 2 2 2 2 2
8 7 6 5 5 5 4 2 2 2 2 2 2 1 1
8 7 6 5 5 5 4 2 2 2 2 2 1 1 1 1
8 7 6 5 5 5 4 2 2 2 2 1 1 1 1 1 1
8 7 6 5 5 5 3 3 3 3 3 3
8 7 6 5 5 5 3 3 3 3 3 2 1
8 7 6 5 5 5 3 3 3 3 3 1 1 1
8 7 6 5 5 5 3 3 3 3 2 2 2
8 7 6 5 5 5 3 3 3 3 2 2 1 1
8 7 6 5 5 5 3 3 3 3 2 1 1 1 1
8 7 6 5 5 5 3 3 3 3 1 1 1 1 1 1
8 7 6 5 5 5 3 3 3 2 2 2 2 1
8 7 6 5 5 5 3 3 3 2 2 2 1 1 1
8 7 6 5 5 5 3 3 3 2 2 1 1 1 1 1
8 7 6 5 5 5 3 3 3 2 1 1 1 1 1 1 1
8 7 6 5 5 5 3 3 2 2 2 2 2 2
8 7 6 5 5 5 3 3 2 2 2 2 2 1 1
8 7 6 5 5 5 3 3 2 2 2 2 1 1 1 1
8 7 6 5 5 5 3 3 2 2 2 1 1 1 1 1 1
8 7 6 5 5 5 3 2 2 2 2 2 2 2 1
8 7 6 5 5 5 3 2 2 2 2 2 2 1 1 1
8 7 6 5 5 5 3 2 2 2 2 2 1 1 1 1 1
8 7 6 5 5 4 4 4 4 4 3
8 7 6 5 5 4 4 4 4 4 2 1
8 7 6 5 5 4 4 4 4 4 1 1 1
8 7 6 5 5 4 4 4 4 3 3 1
8 7 6 5 5 4 4 4 4 3 2 2
8 7 6 5 5 4 4 4 4 3 2 1 1
8 7 6 5 5 4 4 4 4 3 1 1 1 1
8 7 6 5 5 4 4 4 4 2 2 2 1
8 7 6 5 5 4 4 4 4 2 2 1 1 1
8 7 6 5 5 4 4 4 4 2 1 1 1 1 1
8 7 6 5 5 4 4 4 4 1 1 1 1 1 1 1
8 7 6 5 5 4 4 4 3 3 3 2
8 7 6 5 5 4 4 4 3 3 3 1 1
8 7 6 5 5 4 4 4 3 3 2 2 1
8 7 6 5 5 4 4 4 3 3 2 1 1 1
8 7 6 5 5 4 4 4 3 3 1 1 1 1 1
8 7 6 5 5 4 4 4 3 2 2 2 2
8 7 6 5 5 4 4 4 3 2 2 2 1 1
8 7 6 5 5 4 4 4 3 2 2 1 1 1 1
8 7 6 5 5 4 4 4 3 2 1 1 1 1 1 1
8 7 6 5 5 4 4 4 3 1 1 1 1 1 1 1 1
8 7 6 5 5 4 4 4 2 2 2 2 2 1
8 7 6 5 5 4 4 4 2 2 2 2 1 1 1
8 7 6 5 5 4 4 4 2 2 2 1 1 1 1 1
8 7 6 5 5 4 4 4 2 2 1 1 1 1 1 1 1
8 7 6 5 5 4 4 3 3 3 3 3
8 7 6 5 5 4 4 3 3 3 3 2 1
8 7 6 5 5 4 4 3 3 3 3 1 1 1
8 7 6 5 5 4 4 3 3 3 2 2 2
8 7 6 5 5 4 4 3 3 3 2 2 1 1
8 7 6 5 5 4 4 3 3 3 2 1 1 1 1
8 7 6 5 5 4 4 3 3 3 1 1 1 1 1 1
8 7 6 5 5 4 4 3 3 2 2 2 2 1
8 7 6 5 5 4 4 3 3 2 2 2 1 1 1
8 7 6 5 5 4 4 3 3 2 2 1 1 1 1 1
8 7 6 5 5 4 4 3 3 2 1 1 1 1 1 1 1
8 7 6 5 5 4 4 3 2 2 2 2 2 2
8 7 6 5 5 4 4 3 2 2 2 2 2 1 1
8 7 6 5 5 4 4 3 2 2 2 2 1 1 1 1
8 7 6 5 5 4 4 3 2 2 2 1 1 1 1 1 1
8 7 6 5 5 4 4 2 2 2 2 2 2 2 1
8 7 6 5 5 4 4 2 2 2 2 2 2 1 1 1
8 7 6 5 5 4 4 2 2 2 2 2 1 1 1 1 1
8 7 6 5 5 4 3 3 3 3 3 3 1
8 7 6 5 5 4 3 3 3 3 3 2 2
8 7 6 5 5 4 3 3 3 3 3 2 1 1
8 7 6 5 5 4 3 3 3 3 3 1 1 1 1
8 7 6 5 5 4 3 3 3 3 2 2 2 1
8 7 6 5 5 4 3 3 3 3 2 2 1 1 1
8 7 6 5 5 4 3 3 3 3 2 1 1 1 1 1
8 7 6 5 5 4 3 3 3 3 1 1 1 1 1 1 1
8 7 6 5 5 4 3 3 3 2 2 2 2 2
8 7 6 5 5 4 3 3 3 2 2 2 2 1 1
8 7 6 5 5 4 3 3 3 2 2 2 1 1 1 1
8 7 6 5 5 4 3 3 3 2 2 1 1 1 1 1 1
8 7 6 5 5 4 3 3 2 2 2 2 2 2 1
8 7 6 5 5 4 3 3 2 2 2 2 2 1 1 1
8 7 6 5 5 4 3 3 2 2 2 2 1 1 1 1 1
8 7 6 5 5 4 3 2 2 2 2 2 2 2 2
8 7 6 5 5 4 3 2 2 2 2 2 2 2 1 1
8 7 6 5 5 4 3 2 2 2 2 2 2 1 1 1 1
8 7 6 5 5 3 3 3 3 3 3 3 2
8 7 6 5 5 3 3 3 3 3 3 3 1 1
8 7 6 5 5 3 3 3 3 3 3 2 2 1
8 7 6 5 5 3 3 3 3 3 3 2 1 1 1
8 7 6 5 5 3 3 3 3 3 3 1 1 1 1 1
8 7 6 5 5 3 3 3 3 3 2 2 2 2
8 7 6 5 5 3 3 3 3 3 2 2 2 1 1
8 7 6 5 5 3 3 3 3 3 2 2 1 1 1 1
8 7 6 5 5 3 3 3 3 3 2 1 1 1 1 1 1
8 7 6 5 5 3 3 3 3 2 2 2 2 2 1
8 7 6 5 5 3 3 3 3 2 2 2 2 1 1 1
8 7 6 5 5 3 3 3 3 2 2 2 1 1 1 1 1
8 7 6 5 5 3 3 3 2 2 2 2 2 2 2
8 7 6 5 5 3 3 3 2 2 2 2 2 2 1 1
8 7 6 5 5 3 3 3 2 2 2 2 2 1 1 1 1
8 7 6 5 5 3 3 2 2 2 2 2 2 2 2 1
8 7 6 5 5 3 3 2 2 2 2 2 2 2 1 1 1
8 7 6 5 4 4 4 4 4 4 4
8 7 6 5 4 4 4 4 4 4 3 1
8 7 6 5 4 4 4 4 4 4 2 2
8 7 6 5 4 4 4 4 4 4 2 1 1
8 7 6 5 4 4 4 4 4 4 1 1 1 1
8 7 6 5 4 4 4 4 4 3 3 2
8 7 6 5 4 4 4 4 4 3 3 1 1
8 7 6 5 4 4 4 4 4 3 2 2 1
8 7 6 5 4 4 4 4 4 3 2 1 1 1
8 7 6 5 4 4 4 4 4 3 1 1 1 1 1
8 7 6 5 4 4 4 4 4 2 2 2 2
8 7 6 5 4 4 4 4 4 2 2 2 1 1
8 7 6 5 4 4 4 4 4 2 2 1 1 1 1
8 7 6 5 4 4 4 4 4 2 1 1 1 1 1 1
8 7 6 5 4 4 4 4 4 1 1 1 1 1 1 1 1
8 7 6 5 4 4 4 4 3 3 3 3
8 7 6 5 4 4 4 4 3 3 3 2 1
8 7 6 5 4 4 4 4 3 3 3 1 1 1
8 7 6 5 4 4 4 4 3 3 2 2 2
8 7 6 5 4 4 4 4 3 3 2 2 1 1
8 7 6 5 4 4 4 4 3 3 2 1 1 1 1
8 7 6 5 4 4 4 4 3 3 1 1 1 1 1 1
8 7 6 5 4 4 4 4 3 2 2 2 2 1
8 7 6 5 4 4 4 4 3 2 2 2 1 1 1
8 7 6 5 4 4 4 4 3 2 2 1 1 1 1 1
8 7 6 5 4 4 4 4 3 2 1 1 1 1 1 1 1
8 7 6 5 4 4 4 4 2 2 2 2 2 2
8 7 6 5 4 4 4 4 2 2 2 2 2 1 1
8 7 6 5 4 4 4 4 2 2 2 2 1 1 1 1
8 7 6 5 4 4 4 4 2 2 2 1 1 1 1 1 1
8 7 6 5 4 4 4 3 3 3 3 3 1
8 7 6 5 4 4 4 3 3 3 3 2 2
8 7 6 5 4 4 4 3 3 3 3 2 1 1
8 7 6 5 4 4 4 3 3 3 3 1 1 1 1
8 7 6 5 4 4 4 3 3 3 2 2 2 1
8 7 6 5 4 4 4 3 3 3 2 2 1 1 1
8 7 6 5 4 4 4 3 3 3 2 1 1 1 1 1
8 7 6 5 4 4 4 3 3 3 1 1 1 1 1 1 1
8 7 6 5 4 4 4 3 3 2 2 2 2 2
8 7 6 5 4 4 4 3 3 2 2 2 2 1 1
8 7 6 5 4 4 4 3 3 2 2 2 1 1 1 1
8 7 6 5 4 4 4 3 3 2 2 1 1 1 1 1 1
8 7 6 5 4 4 4 3 2 2 2 2 2 2 1
8 7 6 5 4 4 4 3 2 2 2 2 2 1 1 1
8 7 6 5 4 4 4 3 2 2 2 2 1 1 1 1 1
8 7 6 5 4 4 4 2 2 2 2 2 2 2 2
8 7 6 5 4 4 4 2 2 2 2 2 2 2 1 1
8 7 6 5 4 4 4 2 2 2 2 2 2 1 1 1 1
8 7 6 5 4 4 3 3 3 3 3 3 2
8 7 6 5 4 4 3 3 3 3 3 3 1 1
8 7 6 5 4 4 3 3 3 3 3 2 2 1
8 7 6 5 4 4 3 3 3 3 3 2 1 1 1
8 7 6 5 4 4 3 3 3 3 3 1 1 1 1 1
8 7 6 5 4 4 3 3 3 3 2 2 2 2
8 7 6 5 4 4 3 3 3 3 2 2 2 1 1
8 7 6 5 4 4 3 3 3 3 2 2 1 1 1 1
8 7 6 5 4 4 3 3 3 3 2 1 1 1 1 1 1
8 7 6 5 4 4 3 3 3 2 2 2 2 2 1
8 7 6 5 4 4 3 3 3 2 2 2 2 1 1 1
8 7 6 5 4 4 3 3 3 2 2 2 1 1 1 1 1
8 7 6 5 4 4 3 3 2 2 2 2 2 2 2
8 7 6 5 4 4 3 3 2 2 2 2 2 2 1 1
8 7 6 5 4 4 3 3 2 2 2 2 2 1 1 1 1
8 7 6 5 4 4 3 2 2 2 2 2 2 2 2 1
8 7 6 5 4 4 3 2 2 2 2 2 2 2 1 1 1
8 7 6 5 4 3 3 3 3 3 3 3 3
8 7 6 5 4 3 3 3 3 3 3 3 2 1
8 7 6 5 4 3 3 3 3 3 3 3 1 1 1
8 7 6 5 4 3 3 3 3 3 3 2 2 2
8 7 6 5 4 3 3 3 3 3 3 2 2 1 1
8 7 6 5 4 3 3 3 3 3 3 2 1 1 1 1
8 7 6 5 4 3 3 3 3 3 3 1 1 1 1 1 1
8 7 6 5 4 3 3 3 3 3 2 2 2 2 1
8 7 6 5 4 3 3 3 3 3 2 2 2 1 1 1
8 7 6 5 4 3 3 3 3 3 2 2 1 1 1 1 1
8 7 6 5 4 3 3 3 3 2 2 2 2 2 2
8 7 6 5 4 3 3 3 3 2 2 2 2 2 1 1
8 7 6 5 4 3 3 3 3 2 2 2 2 1 1 1 1
8 7 6 5 4 3 3 3 2 2 2 2 2 2 2 1
8 7 6 5 4 3 3 3 2 2 2 2 2 2 1 1 1
8 7 6 5 4 3 3 2 2 2 2 2 2 2 2 1 1
8 7 6 4 4 4 4 4 4 4 4 1
8 7 6 4 4 4 4 4 4 4 3 2
8 7 6 4 4 4 4 4 4 4 3 1 1
8 7 6 4 4 4 4 4 4 4 2 2 1
8 7 6 4 4 4 4 4 4 4 2 1 1 1
8 7 6 4 4 4 4 4 4 4 1 1 1 1 1
8 7 6 4 4 4 4 4 4 3 3 3
8 7 6 4 4 4 4 4 4 3 3 2 1
8 7 6 4 4 4 4 4 4 3 3 1 1 1
8 7 6 4 4 4 4 4 4 3 2 2 2
8 7 6 4 4 4 4 4 4 3 2 2 1 1
8 7 6 4 4 4 4 4 4 3 2 1 1 1 1
8 7 6 4 4 4 4 4 4 3 1 1 1 1 1 1
8 7 6 4 4 4 4 4 4 2 2 2 2 1
8 7 6 4 4 4 4 4 4 2 2 2 1 1 1
8 7 6 4 4 4 4 4 4 2 2 1 1 1 1 1
8 7 6 4 4 4 4 4 4 2 1 1 1 1 1 1 1
8 7 6 4 4 4 4 4 3 3 3 3 1
8 7 6 4 4 4 4 4 3 3 3 2 2
8 7 6 4 4 4 4 4 3 3 3 2 1 1
8 7 6 4 4 4 4 4 3 3 3 1 1 1 1
8 7 6 4 4 4 4 4 3 3 2 2 2 1
8 7 6 4 4 4 4 4 3 3 2 2 1 1 1
8 7 6 4 4 4 4 4 3 3 2 1 1 1 1 1
8 7 6 4 4 4 4 4 3 3 1 1 1 1 1 1 1
8 7 6 4 4 4 4 4 3 2 2 2 2 2
8 7 6 4 4 4 4 4 3 2 2 2 2 1 1
8 7 6 4 4 4 4 4 3 2 2 2 1 1 1 1
8 7 6 4 4 4 4 4 3 2 2 1 1 1 1 1 1
8 7 6 4 4 4 4 4 2 2 2 2 2 2 1
8 7 6 4 4 4 4 4 2 2 2 2 2 1 1 1
8 7 6 4 4 4 4 4 2 2 2 2 1 1 1 1 1
8 7 6 4 4 4 4 3 3 3 3 3 2
8 7 6 4 4 4 4 3 3 3 3 3 1 1
8 7 6 4 4 4 4 3 3 3 3 2 2 1
8 7 6 4 4 4 4 3 3 3 3 2 1 1 1
8 7 6 4 4 4 4 3 3 3 3 1 1 1 1 1
8 7 6 4 4 4 4 3 3 3 2 2 2 2
8 7 6 4 4 4 4 3 3 3 2 2 2 1 1
8 7 6 4 4 4 4 3 3 3 2 2 1 1 1 1
8 7 6 4 4 4 4 3 3 3 2 1 1 1 1 1 1
8 7 6 4 4 4 4 3 3 2 2 2 2 2 1
8 7 6 4 4 4 4 3 3 2 2 2 2 1 1 1
8 7 6 4 4 4 4 3 3 2 2 2 1 1 1 1 1
8 7 6 4 4 4 4 3 2 2 2 2 2 2 2
8 7 6 4 4 4 4 3 2 2 2 2 2 2 1 1
8 7 6 4 4 4 4 3 2 2 2 2 2 1 1 1 1
8 7 6 4 4 4 4 2 2 2 2 2 2 2 2 1
8 7 6 4 4 4 4 2 2 2 2 2 2 2 1 1 1
8 7 6 4 4 4 3 3 3 3 3 3 3
8 7 6 4 4 4 3 3 3 3 3 3 2 1
8 7 6 4 4 4 3 3 3 3 3 3 1 1 1
8 7 6 4 4 4 3 3 3 3 3 2 2 2
8 7 6 4 4 4 3 3 3 3 3 2 2 1 1
8 7 6 4 4 4 3 3 3 3 3 2 1 1 1 1
8 7 6 4 4 4 3 3 3 3 3 1 1 1 1 1 1
8 7 6 4 4 4 3 3 3 3 2 2 2 2 1
8 7 6 4 4 4 3 3 3 3 2 2 2 1 1 1
8 7 6 4 4 4 3 3 3 3 2 2 1 1 1 1 1
8 7 6 4 4 4 3 3 3 2 2 2 2 2 2
8 7 6 4 4 4 3 3 3 2 2 2 2 2 1 1
8 7 6 4 4 4 3 3 3 2 2 2 2 1 1 1 1
8 7 6 4 4 4 3 3 2 2 2 2 2 2 2 1
8 7 6 4 4 4 3 3 2 2 2 2 2 2 1 1 1
8 7 6 4 4 4 3 2 2 2 2 2 2 2 2 1 1
8 7 6 4 4 3 3 3 3 3 3 3 3 1
8 7 6 4 4 3 3 3 3 3 3 3 2 2
8 7 6 4 4 3 3 3 3 3 3 3 2 1 1
8 7 6 4 4 3 3 3 3 3 3 3 1 1 1 1
8 7 6 4 4 3 3 3 3 3 3 2 2 2 1
8 7 6 4 4 3 3 3 3 3 3 2 2 1 1 1
8 7 6 4 4 3 3 3 3 3 3 2 1 1 1 1 1
8 7 6 4 4 3 3 3 3 3 2 2 2 2 2
8 7 6 4 4 3 3 3 3 3 2 2 2 2 1 1
8 7 6 4 4 3 3 3 3 3 2 2 2 1 1 1 1
8 7 6 4 4 3 3 3 3 2 2 2 2 2 2 1
8 7 6 4 4 3 3 3 3 2 2 2 2 2 1 1 1
8 7 6 4 4 3 3 3 2 2 2 2 2 2 2 1 1
8 7 5 5 5 5 5 5 5 3 1
8 7 5 5 5 5 5 5 5 2 2
8 7 5 5 5 5 5 5 5 2 1 1
8 7 5 5 5 5 5 5 5 1 1 1 1
8 7 5 5 5 5 5 5 4 4 1
8 7 5 5 5 5 5 5 4 3 2
8 7 5 5 5 5 5 5 4 3 1 1
8 7 5 5 5 5 5 5 4 2 2 1
8 7 5 5 5 5 5 5 4 2 1 1 1
8 7 5 5 5 5 5 5 4 1 1 1 1 1
8 7 5 5 5 5 5 5 3 3 3
8 7 5 5 5 5 5 5 3 3 2 1
8 7 5 5 5 5 5 5 3 3 1 1 1
8 7 5 5 5 5 5 5 3 2 2 2
8 7 5 5 5 5 5 5 3 2 2 1 1
8 7 5 5 5 5 5 5 3 2 1 1 1 1
8 7 5 5 5 5 5 5 3 1 1 1 1 1 1
8 7 5 5 5 5 5 5 2 2 2 2 1
8 7 5 5 5 5 5 5 2 2 2 1 1 1
8 7 5 5 5 5 5 5 2 2 1 1 1 1 1
8 7 5 5 5 5 5 5 2 1 1 1 1 1 1 1
8 7 5 5 5 5 5 4 4 4 2
8 7 5 5 5 5 5 4 4 4 1 1
8 7 5 5 5 5 5 4 4 3 3
8 7 5 5 5 5 5 4 4 3 2 1
8 7 5 5 5 5 5 4 4 3 1 1 1
8 7 5 5 5 5 5 4 4 2 2 2
8 7 5 5 5 5 5 4 4 2 2 1 1
8 7 5 5 5 5 5 4 4 2 1 1 1 1
8 7 5 5 5 5 5 4 4 1 1 1 1 1 1
8 7 5 5 5 5 5 4 3 3 3 1
8 7 5 5 5 5 5 4 3 3 2 2
8 7 5 5 5 5 5 4 3 3 2 1 1
8 7 5 5 5 5 5 4 3 3 1 1 1 1
8 7 5 5 5 5 5 4 3 2 2 2 1
8 7 5 5 5 5 5 4 3 2 2 1 1 1
8 7 5 5 5 5 5 4 3 2 1 1 1 1 1
8 7 5 5 5 5 5 4 3 1 1 1 1 1 1 1
8 7 5 5 5 5 5 4 2 2 2 2 2
8 7 5 5 5 5 5 4 2 2 2 2 1 1
8 7 5 5 5 5 5 4 2 2 2 1 1 1 1
8 7 5 5 5 5 5 4 2 2 1 1 1 1 1 1
8 7 5 5 5 5 5 4 2 1 1 1 1 1 1 1 1
8 7 5 5 5 5 5 3 3 3 3 2
8 7 5 5 5 5 5 3 3 3 3 1 1
8 7 5 5 5 5 5 3 3 3 2 2 1
8 7 5 5 5 5 5 3 3 3 2 1 1 1
8 7 5 5 5 5 5 3 3 3 1 1 1 1 1
8 7 5 5 5 5 5 3 3 2 2 2 2
8 7 5 5 5 5 5 3 3 2 2 2 1 1
8 7 5 5 5 5 5 3 3 2 2 1 1 1 1
8 7 5 5 5 5 5 3 3 2 1 1 1 1 1 1
8 7 5 5 5 5 5 3 3 1 1 1 1 1 1 1 1
8 7 5 5 5 5 5 3 2 2 2 2 2 1
8 7 5 5 5 5 5 3 2 2 2 2 1 1 1
8 7 5 5 5 5 5 3 2 2 2 1 1 1 1 1
8 7 5 5 5 5 5 3 2 2 1 1 1 1 1 1 1
8 7 5 5 5 5 5 2 2 2 2 2 2 2
8 7 5 5 5 5 5 2 2 2 2 2 2 1 1
8 7 5 5 5 5 5 2 2 2 2 2 1 1 1 1
8 7 5 5 5 5 5 2 2 2 2 1 1 1 1 1 1
8 7 5 5 5 5 4 4 4 4 3
8 7 5 5 5 5 4 4 4 4 2 1
8 7 5 5 5 5 4 4 4 4 1 1 1
8 7 5 5 5 5 4 4 4 3 3 1
8 7 5 5 5 5 4 4 4 3 2 2
8 7 5 5 5 5 4 4 4 3 2 1 1
8 7 5 5 5 5 4 4 4 3 1 1 1 1
8 7 5 5 5 5 4 4 4 2 2 2 1
8 7 5 5 5 5 4 4 4 2 2 1 1 1
8 7 5 5 5 5 4 4 4 2 1 1 1 1 1
8 7 5 5 5 5 4 4 4 1 1 1 1 1 1 1
8 7 5 5 5 5 4 4 3 3 3 2
8 7 5 5 5 5 4 4 3 3 3 1 1
8 7 5 5 5 5 4 4 3 3 2 2 1
8 7 5 5 5 5 4 4 3 3 2 1 1 1
8 7 5 5 5 5 4 4 3 3 1 1 1 1 1
8 7 5 5 5 5 4 4 3 2 2 2 2
8 7 5 5 5 5 4 4 3 2 2 2 1 1
8 7 5 5 5 5 4 4 3 2 2 1 1 1 1
8 7 5 5 5 5 4 4 3 2 1 1 1 1 1 1
8 7 5 5 5 5 4 4 3 1 1 1 1 1 1 1 1
8 7 5 5 5 5 4 4 2 2 2 2 2 1
8 7 5 5 5 5 4 4 2 2 2 2 1 1 1
8 7 5 5 5 5 4 4 2 2 2 1 1 1 1 1
8 7 5 5 5 5 4 4 2 2 1 1 1 1 1 1 1
8 7 5 5 5 5 4 3 3 3 3 3
8 7 5 5 5 5 4 3 3 3 3 2 1
8 7 5 5 5 5 4 3 3 3 3 1 1 1
8 7 5 5 5 5 4 3 3 3 2 2 2
8 7 5 5 5 5 4 3 3 3 2 2 1 1
8 7 5 5 5 5 4 3 3 3 2 1 1 1 1
8 7 5 5 5 5 4 3 3 3 1 1 1 1 1 1
8 7 5 5 5 5 4 3 3 2 2 2 2 1
8 7 5 5 5 5 4 3 3 2 2 2 1 1 1
8 7 5 5 5 5 4 3 3 2 2 1 1 1 1 1
8 7 5 5 5 5 4 3 3 2 1 1 1 1 1 1 1
8 7 5 5 5 5 4 3 2 2 2 2 2 2
8 7 5 5 5 5 4 3 2 2 2 2 2 1 1
8 7 5 5 5 5 4 3 2 2 2 2 1 1 1 1
8 7 5 5 5 5 4 3 2 2 2 1 1 1 1 1 1
8 7 5 5 5 5 4 2 2 2 2 2 2 2 1
8 7 5 5 5 5 4 2 2 2 2 2 2 1 1 1
8 7 5 5 5 5 4 2 2 2 2 2 1 1 1 1 1
8 7 5 5 5 5 3 3 3 3 3 3 1
8 7 5 5 5 5 3 3 3 3 3 2 2
8 7 5 5 5 5 3 3 3 3 3 2 1 1
8 7 5 5 5 5 3 3 3 3 3 1 1 1 1
8 7 5 5 5 5 3 3 3 3 2 2 2 1
8 7 5 5 5 5 3 3 3 3 2 2 1 1 1
8 7 5 5 5 5 3 3 3 3 2 1 1 1 1 1
8 7 5 5 5 5 3 3 3 3 1 1 1 1 1 1 1
8 7 5 5 5 5 3 3 3 2 2 2 2 2
8 7 5 5 5 5 3 3 3 2 2 2 2 1 1
8 7 5 5 5 5 3 3 3 2 2 2 1 1 1 1
8 7 5 5 5 5 3 3 3 2 2 1 1 1 1 1 1
8 7 5 5 5 5 3 3 2 2 2 2 2 2 1
8 7 5 5 5 5 3 3 2 2 2 2 2 1 1 1
8 7 5 5 5 5 3 3 2 2 2 2 1 1 1 1 1
8 7 5 5 5 5 3 2 2 2 2 2 2 2 2
8 7 5 5 5 5 3 2 2 2 2 2 2 2 1 1
8 7 5 5 5 5 3 2 2 2 2 2 2 1 1 1 1
8 7 5 5 5 4 4 4 4 4 4
8 7 5 5 5 4 4 4 4 4 3 1
8 7 5 5 5 4 4 4 4 4 2 2
8 7 5 5 5 4 4 4 4 4 2 1 1
8 7 5 5 5 4 4 4 4 4 1 1 1 1
8 7 5 5 5 4 4 4 4 3 3 2
8 7 5 5 5 4 4 4 4 3 3 1 1
8 7 5 5 5 4 4 4 4 3 2 2 1
8 7 5 5 5 4 4 4 4 3 2 1 1 1
8 7 5 5 5 4 4 4 4 3 1 1 1 1 1
8 7 5 5 5 4 4 4 4 2 2 2 2
8 7 5 5 5 4 4 4 4 2 2 2 1 1
8 7 5 5 5 4 4 4 4 2 2 1 1 1 1
8 7 5 5 5 4 4 4 4 2 1 1 1 1 1 1
8 7 5 5 5 4 4 4 4 1 1 1 1 1 1 1 1
8 7 5 5 5 4 4 4 3 3 3 3
8 7 5 5 5 4 4 4 3 3 3 2 1
8 7 5 5 5 4 4 4 3 3 3 1 1 1
8 7 5 5 5 4 4 4 3 3 2 2 2
8 7 5 5 5 4 4 4 3 3 2 2 1 1
8 7 5 5 5 4 4 4 3 3 2 1 1 1 1
8 7 5 5 5 4 4 4 3 3 1 1 1 1 1 1
8 7 5 5 5 4 4 4 3 2 2 2 2 1
8 7 5 5 5 4 4 4 3 2 2 2 1 1 1
8 7 5 5 5 4 4 4 3 2 2 1 1 1 1 1
8 7 5 5 5 4 4 4 3 2 1 1 1 1 1 1 1
8 7 5 5 5 4 4 4 2 2 2 2 2 2
8 7 5 5 5 4 4 4 2 2 2 2 2 1 1
8 7 5 5 5 4 4 4 2 2 2 2 1 1 1 1
8 7 5 5 5 4 4 4 2 2 2 1 1 1 1 1 1
8 7 5 5 5 4 4 3 3 3 3 3 1
8 7 5 5 5 4 4 3 3 3 3 2 2
8 7 5 5 5 4 4 3 3 3 3 2 1 1
8 7 5 5 5 4 4 3 3 3 3 1 1 1 1
8 7 5 5 5 4 4 3 3 3 2 2 2 1
8 7 5 5 5 4 4 3 3 3 2 2 1 1 1
8 7 5 5 5 4 4 3 3 3 2 1 1 1 1 1
8 7 5 5 5 4 4 3 3 3 1 1 1 1 1 1 1
8 7 5 5 5 4 4 3 3 2 2 2 2 2
8 7 5 5 5 4 4 3 3 2 2 2 2 1 1
8 7 5 5 5 4 4 3 3 2 2 2 1 1 1 1
8 7 5 5 5 4 4 3 3 2 2 1 1 1 1 1 1
8 7 5 5 5 4 4 3 2 2 2 2 2 2 1
8 7 5 5 5 4 4 3 2 2 2 2 2 1 1 1
8 7 5 5 5 4 4 3 2 2 2 2 1 1 1 1 1
8 7 5 5 5 4 4 2 2 2 2 2 2 2 2
8 7 5 5 5 4 4 2 2 2 2 2 2 2 1 1
8 7 5 5 5 4 4 2 2 2 2 2 2 1 1 1 1
8 7 5 5 5 4 3 3 3 3 3 3 2
8 7 5 5 5 4 3 3 3 3 3 3 1 1
8 7 5 5 5 4 3 3 3 3 3 2 2 1
8 7 5 5 5 4 3 3 3 3 3 2 1 1 1
8 7 5 5 5 4 3 3 3 3 3 1 1 1 1 1
8 7 5 5 5 4 3 3 3 3 2 2 2 2
8 7 5 5 5 4 3 3 3 3 2 2 2 1 1
8 7 5 5 5 4 3 3 3 3 2 2 1 1 1 1
8 7 5 5 5 4 3 3 3 3 2 1 1 1 1 1 1
8 7 5 5 5 4 3 3 3 2 2 2 2 2 1
8 7 5 5 5 4 3 3 3 2 2 2 2 1 1 1
8 7 5 5 5 4 3 3 3 2 2 2 1 1 1 1 1
8 7 5 5 5 4 3 3 2 2 2 2 2 2 2
8 7 5 5 5 4 3 3 2 2 2 2 2 2 1 1
8 7 5 5 5 4 3 3 2 2 2 2 2 1 1 1 1
8 7 5 5 5 4 3 2 2 2 2 2 2 2 2 1
8 7 5 5 5 4 3 2 2 2 2 2 2 2 1 1 1
8 7 5 5 5 3 3 3 3 3 3 3 3
8 7 5 5 5 3 3 3 3 3 3 3 2 1
8 7 5 5 5 3 3 3 3 3 3 3 1 1 1
8 7 5 5 5 3 3 3 3 3 3 2 2 2
8 7 5 5 5 3 3 3 3 3 3 2 2 1 1
8 7 5 5 5 3 3 3 3 3 3 2 1 1 1 1
8 7 5 5 5 3 3 3 3 3 3 1 1 1 1 1 1
8 7 5 5 5 3 3 3 3 3 2 2 2 2 1
8 7 5 5 5 3 3 3 3 3 2 2 2 1 1 1
8 7 5 5 5 3 3 3 3 3 2 2 1 1 1 1 1
8 7 5 5 5 3 3 3 3 2 2 2 2 2 2
8 7 5 5 5 3 3 3 3 2 2 2 2 2 1 1
8 7 5 5 5 3 3 3 3 2 2 2 2 1 1 1 1
8 7 5 5 5 3 3 3 2 2 2 2 2 2 2 1
8 7 5 5 5 3 3 3 2 2 2 2 2 2 1 1 1
8 7 5 5 5 3 3 2 2 2 2 2 2 2 2 1 1
8 7 5 5 4 4 4 4 4 4 4 1
8 7 5 5 4 4 4 4 4 4 3 2
8 7 5 5 4 4 4 4 4 4 3 1 1
8 7 5 5 4 4 4 4 4 4 2 2 1
8 7 5 5 4 4 4 4 4 4 2 1 1 1
8 7 5 5 4 4 4 4 4 4 1 1 1 1 1
8 7 5 5 4 4 4 4 4 3 3 3
8 7 5 5 4 4 4 4 4 3 3 2 1
8 7 5 5 4 4 4 4 4 3 3 1 1 1
8 7 5 5 4 4 4 4 4 3 2 2 2
8 7 5 5 4 4 4 4 4 3 2 2 1 1
8 7 5 5 4 4 4 4 4 3 2 1 1 1 1
8 7 5 5 4 4 4 4 4 3 1 1 1 1 1 1
8 7 5 5 4 4 4 4 4 2 2 2 2 1
8 7 5 5 4 4 4 4 4 2 2 2 1 1 1
8 7 5 5 4 4 4 4 4 2 2 1 1 1 1 1
8 7 5 5 4 4 4 4 4 2 1 1 1 1 1 1 1
8 7 5 5 4 4 4 4 3 3 3 3 1
8 7 5 5 4 4 4 4 3 3 3 2 2
8 7 5 5 4 4 4 4 3 3 3 2 1 1
8 7 5 5 4 4 4 4 3 3 3 1 1 1 1
8 7 5 5 4 4 4 4 3 3 2 2 2 1
8 7 5 5 4 4 4 4 3 3 2 2 1 1 1
8 7 5 5 4 4 4 4 3 3 2 1 1 1 1 1
8 7 5 5 4 4 4 4 3 3 1 1 1 1 1 1 1
8 7 5 5 4 4 4 4 3 2 2 2 2 2
8 7 5 5 4 4 4 4 3 2 2 2 2 1 1
8 7 5 5 4 4 4 4 3 2 2 2 1 1 1 1
8 7 5 5 4 4 4 4 3 2 2 1 1 1 1 1 1
8 7 5 5 4 4 4 4 2 2 2 2 2 2 1
8 7 5 5 4 4 4 4 2 2 2 2 2 1 1 1
8 7 5 5 4 4 4 4 2 2 2 2 1 1 1 1 1
8 7 5 5 4 4 4 3 3 3 3 3 2
8 7 5 5 4 4 4 3 3 3 3 3 1 1
8 7 5 5 4 4 4 3 3 3 3 2 2 1
8 7 5 5 4 4 4 3 3 3 3 2 1 1 1
8 7 5 5 4 4 4 3 3 3 3 1 1 1 1 1
8 7 5 5 4 4 4 3 3 3 2 2 2 2
8 7 5 5 4 4 4 3 3 3 2 2 2 1 1
8 7 5 5 4 4 4 3 3 3 2 2 1 1 1 1
8 7 5 5 4 4 4 3 3 3 2 1 1 1 1 1 1
8 7 5 5 4 4 4 3 3 2 2 2 2 2 1
8 7 5 5 4 4 4 3 3 2 2 2 2 1 1 1
8 7 5 5 4 4 4 3 3 2 2 2 1 1 1 1 1
8 7 5 5 4 4 4 3 2 2 2 2 2 2 2
8 7 5 5 4 4 4 3 2 2 2 2 2 2 1 1
8 7 5 5 4 4 4 3 2 2 2 2 2 1 1 1 1
8 7 5 5 4 4 4 2 2 2 2 2 2 2 2 1
8 7 5 5 4 4 4 2 2 2 2 2 2 2 1 1 1
8 7 5 5 4 4 3 3 3 3 3 3 3
8 7 5 5 4 4 3 3 3 3 3 3 2 1
8 7 5 5 4 4 3 3 3 3 3 3 1 1 1
8 7 5 5 4 4 3 3 3 3 3 2 2 2
8 7 5 5 4 4 3 3 3 3 3 2 2 1 1
8 7 5 5 4 4 3 3 3 3 3 2 1 1 1 1
8 7 5 5 4 4 3 3 3 3 3 1 1 1 1 1 1
8 7 5 5 4 4 3 3 3 3 2 2 2 2 1
8 7 5 5 4 4 3 3 3 3 2 2 2 1 1 1
8 7 5 5 4 4 3 3 3 3 2 2 1 1 1 1 1
8 7 5 5 4 4 3 3 3 2 2 2 2 2 2
8 7 5 5 4 4 3 3 3 2 2 2 2 2 1 1
8 7 5 5 4 4 3 3 3 2 2 2 2 1 1 1 1
8 7 5 5 4 4 3 3 2 2 2 2 2 2 2 1
8 7 5 5 4 4 3 3 2 2 2 2 2 2 1 1 1
8 7 5 5 4 4 3 2 2 2 2 2 2 2 2 1 1
8 7 5 5 4 3 3 3 3 3 3 3 3 1
8 7 5 5 4 3 3 3 3 3 3 3 2 2
8 7 5 5 4 3 3 3 3 3 3 3 2 1 1
8 7 5 5 4 3 3 3 3 3 3 3 1 1 1 1
8 7 5 5 4 3 3 3 3 3 3 2 2 2 1
8 7 5 5 4 3 3 3 3 3 3 2 2 1 1 1
8 7 5 5 4 3 3 3 3 3 3 2 1 1 1 1 1
8 7 5 5 4 3 3 3 3 3 2 2 2 2 2
8 7 5 5 4 3 3 3 3 3 2 2 2 2 1 1
8 7 5 5 4 3 3 3 3 3 2 2 2 1 1 1 1
8 7 5 5 4 3 3 3 3 2 2 2 2 2 2 1
8 7 5 5 4 3 3 3 3 2 2 2 2 2 1 1 1
8 7 5 5 4 3 3 3 2 2 2 2 2 2 2 1 1
8 7 5 4 4 4 4 4 4 4 4 2
8 7 5 4 4 4 4 4 4 4 4 1 1
8 7 5 4 4 4 4 4 4 4 3 3
8 7 5 4 4 4 4 4 4 4 3 2 1
8 7 5 4 4 4 4 4 4 4 3 1 1 1
8 7 5 4 4 4 4 4 4 4 2 2 2
8 7 5 4 4 4 4 4 4 4 2 2 1 1
8 7 5 4 4 4 4 4 4 4 2 1 1 1 1
8 7 5 4 4 4 4 4 4 4 1 1 1 1 1 1
8 7 5 4 4 4 4 4 4 3 3 3 1
8 7 5 4 4 4 4 4 4 3 3 2 2
8 7 5 4 4 4 4 4 4 3 3 2 1 1
8 7 5 4 4 4 4 4 4 3 3 1 1 1 1
8 7 5 4 4 4 4 4 4 3 2 2 2 1
8 7 5 4 4 4 4 4 4 3 2 2 1 1 1
8 7 5 4 4 4 4 4 4 3 2 1 1 1 1 1
8 7 5 4 4 4 4 4 4 3 1 1 1 1 1 1 1
8 7 5 4 4 4 4 4 4 2 2 2 2 2
8 7 5 4 4 4 4 4 4 2 2 2 2 1 1
8 7 5 4 4 4 4 4 4 2 2 2 1 1 1 1
8 7 5 4 4 4 4 4 4 2 2 1 1 1 1 1 1
8 7 5 4 4 4 4 4 3 3 3 3 2
8 7 5 4 4 4 4 4 3 3 3 3 1 1
8 7 5 4 4 4 4 4 3 3 3 2 2 1
8 7 5 4 4 4 4 4 3 3 3 2 1 1 1
8 7 5 4 4 4 4 4 3 3 3 1 1 1 1 1
8 7 5 4 4 4 4 4 3 3 2 2 2 2
8 7 5 4 4 4 4 4 3 3 2 2 2 1 1
8 7 5 4 4 4 4 4 3 3 2 2 1 1 1 1
8 7 5 4 4 4 4 4 3 3 2 1 1 1 1 1 1
8 7 5 4 4 4 4 4 3 2 2 2 2 2 1
8 7 5 4 4 4 4 4 3 2 2 2 2 1 1 1
8 7 5 4 4 4 4 4 3 2 2 2 1 1 1 1 1
8 7 5 4 4 4 4 4 2 2 2 2 2 2 2
8 7 5 4 4 4 4 4 2 2 2 2 2 2 1 1
8 7 5 4 4 4 4 4 2 2 2 2 2 1 1 1 1
8 7 5 4 4 4 4 3 3 3 3 3 3
8 7 5 4 4 4 4 3 3 3 3 3 2 1
8 7 5 4 4 4 4 3 3 3 3 3 1 1 1
8 7 5 4 4 4 4 3 3 3 3 2 2 2
8 7 5 4 4 4 4 3 3 3 3 2 2 1 1
8 7 5 4 4 4 4 3 3 3 3 2 1 1 1 1
8 7 5 4 4 4 4 3 3 3 3 1 1 1 1 1 1
8 7 5 4 4 4 4 3 3 3 2 2 2 2 1
8 7 5 4 4 4 4 3 3 3 2 2 2 1 1 1
8 7 5 4 4 4 4 3 3 3 2 2 1 1 1 1 1
8 7 5 4 4 4 4 3 3 2 2 2 2 2 2
8 7 5 4 4 4 4 3 3 2 2 2 2 2 1 1
8 7 5 4 4 4 4 3 3 2 2 2 2 1 1 1 1
8 7 5 4 4 4 4 3 2 2 2 2 2 2 2 1
8 7 5 4 4 4 4 3 2 2 2 2 2 2 1 1 1
8 7 5 4 4 4 4 2 2 2 2 2 2 2 2 1 1
8 7 5 4 4 4 3 3 3 3 3 3 3 1
8 7 5 4 4 4 3 3 3 3 3 3 2 2
8 7 5 4 4 4 3 3 3 3 3 3 2 1 1
8 7 5 4 4 4 3 3 3 3 3 3 1 1 1 1
8 7 5 4 4 4 3 3 3 3 3 2 2 2 1
8 7 5 4 4 4 3 3 3 3 3 2 2 1 1 1
8 7 5 4 4 4 3 3 3 3 3 2 1 1 1 1 1
8 7 5 4 4 4 3 3 3 3 2 2 2 2 2
8 7 5 4 4 4 3 3 3 3 2 2 2 2 1 1
8 7 5 4 4 4 3 3 3 3 2 2 2 1 1 1 1
8 7 5 4 4 4 3 3 3 2 2 2 2 2 2 1
8 7 5 4 4 4 3 3 3 2 2 2 2 2 1 1 1
8 7 5 4 4 4 3 3 2 2 2 2 2 2 2 1 1
8 7 5 4 4 3 3 3 3 3 3 3 3 2
8 7 5 4 4 3 3 3 3 3 3 3 3 1 1
8 7 5 4 4 3 3 3 3 3 3 3 2 2 1
8 7 5 4 4 3 3 3 3 3 3 3 2 1 1 1
8 7 5 4 4 3 3 3 3 3 3 3 1 1 1 1 1
8 7 5 4 4 3 3 3 3 3 3 2 2 2 2
8 7 5 4 4 3 3 3 3 3 3 2 2 2 1 1
8 7 5 4 4 3 3 3 3 3 3 2 2 1 1 1 1
8 7 5 4 4 3 3 3 3 3 2 2 2 2 2 1
8 7 5 4 4 3 3 3 3 3 2 2 2 2 1 1 1
8 7 5 4 4 3 3 3 3 2 2 2 2 2 2 1 1
8 6 6 6 6 6 6 5 3 1 1
8 6 6 6 6 6 6 5 2 2 1
8 6 6 6 6 6 6 5 2 1 1 1
8 6 6 6 6 6 6 4 4 1 1
8 6 6 6 6 6 6 4 3 2 1
8 6 6 6 6 6 6 4 3 1 1 1
8 6 6 6 6 6 6 4 2 2 2
8 6 6 6 6 6 6 4 2 2 1 1
8 6 6 6 6 6 6 4 2 1 1 1 1
8 6 6 6 6 6 6 3 3 3 1
8 6 6 6 6 6 6 3 3 2 2
8 6 6 6 6 6 6 3 3 2 1 1
8 6 6 6 6 6 6 3 3 1 1 1 1
8 6 6 6 6 6 6 3 2 2 2 1
8 6 6 6 6 6 6 3 2 2 1 1 1
8 6 6 6 6 6 6 3 2 1 1 1 1 1
8 6 6 6 6 6 6 2 2 2 2 2
8 6 6 6 6 6 6 2 2 2 2 1 1
8 6 6 6 6 6 6 2 2 2 1 1 1 1
8 6 6 6 6 6 6 2 2 1 1 1 1 1 1
8 6 6 6 6 6 5 5 4 1 1
8 6 6 6 6 6 5 5 3 2 1
8 6 6 6 6 6 5 5 3 1 1 1
8 6 6 6 6 6 5 5 2 2 2
8 6 6 6 6 6 5 5 2 2 1 1
8 6 6 6 6 6 5 5 2 1 1 1 1
8 6 6 6 6 6 5 4 4 2 1
8 6 6 6 6 6 5 4 4 1 1 1
8 6 6 6 6 6 5 4 3 3 1
8 6 6 6 6 6 5 4 3 2 2
8 6 6 6 6 6 5 4 3 2 1 1
8 6 6 6 6 6 5 4 3 1 1 1 1
8 6 6 6 6 6 5 4 2 2 2 1
8 6 6 6 6 6 5 4 2 2 1 1 1
8 6 6 6 6 6 5 4 2 1 1 1 1 1
8 6 6 6 6 6 5 3 3 3 2
8 6 6 6 6 6 5 3 3 3 1 1
8 6 6 6 6 6 5 3 3 2 2 1
8 6 6 6 6 6 5 3 3 2 1 1 1
8 6 6 6 6 6 5 3 3 1 1 1 1 1
8 6 6 6 6 6 5 3 2 2 2 2
8 6 6 6 6 6 5 3 2 2 2 1 1
8 6 6 6 6 6 5 3 2 2 1 1 1 1
8 6 6 6 6 6 5 3 2 1 1 1 1 1 1
8 6 6 6 6 6 5 2 2 2 2 2 1
8 6 6 6 6 6 5 2 2 2 2 1 1 1
8 6 6 6 6 6 5 2 2 2 1 1 1 1 1
8 6 6 6 6 6 5 2 2 1 1 1 1 1 1 1
8 6 6 6 6 6 4 4 4 3 1
8 6 6 6 6 6 4 4 4 2 2
8 6 6 6 6 6 4 4 4 2 1 1
8 6 6 6 6 6 4 4 4 1 1 1 1
8 6 6 6 6 6 4 4 3 3 2
8 6 6 6 6 6 4 4 3 3 1 1
8 6 6 6 6 6 4 4 3 2 2 1
8 6 6 6 6 6 4 4 3 2 1 1 1
8 6 6 6 6 6 4 4 3 1 1 1 1 1
8 6 6 6 6 6 4 4 2 2 2 2
8 6 6 6 6 6 4 4 2 2 2 1 1
8 6 6 6 6 6 4 4 2 2 1 1 1 1
8 6 6 6 6 6 4 4 2 1 1 1 1 1 1
8 6 6 6 6 6 4 3 3 3 3
8 6 6 6 6 6 4 3 3 3 2 1
8 6 6 6 6 6 4 3 3 3 1 1 1
8 6 6 6 6 6 4 3 3 2 2 2
8 6 6 6 6 6 4 3 3 2 2 1 1
8 6 6 6 6 6 4 3 3 2 1 1 1 1
8 6 6 6 6 6 4 3 3 1 1 1 1 1 1
8 6 6 6 6 6 4 3 2 2 2 2 1
8 6 6 6 6 6 4 3 2 2 2 1 1 1
8 6 6 6 6 6 4 3 2 2 1 1 1 1 1
8 6 6 6 6 6 4 3 2 1 1 1 1 1 1 1
8 6 6 6 6 6 4 2 2 2 2 2 2
8 6 6 6 6 6 4 2 2 2 2 2 1 1
8 6 6 6 6 6 4 2 2 2 2 1 1 1 1
8 6 6 6 6 6 4 2 2 2 1 1 1 1 1 1
8 6 6 6 6 6 4 2 2 1 1 1 1 1 1 1 1
8 6 6 6 6 6 3 3 3 3 3 1
8 6 6 6 6 6 3 3 3 3 2 2
8 6 6 6 6 6 3 3 3 3 2 1 1
8 6 6 6 6 6 3 3 3 3 1 1 1 1
8 6 6 6 6 6 3 3 3 2 2 2 1
8 6 6 6 6 6 3 3 3 2 2 1 1 1
8 6 6 6 6 6 3 3 3 2 1 1 1 1 1
8 6 6 6 6 6 3 3 3 1 1 1 1 1 1 1
8 6 6 6 6 6 3 3 2 2 2 2 2
8 6 6 6 6 6 3 3 2 2 2 2 1 1
8 6 6 6 6 6 3 3 2 2 2 1 1 1 1
8 6 6 6 6 6 3 3 2 2 1 1 1 1 1 1
8 6 6 6 6 6 3 3 2 1 1 1 1 1 1 1 1
8 6 6 6 6 6 3 2 2 2 2 2 2 1
8 6 6 6 6 6 3 2 2 2 2 2 1 1 1
8 6 6 6 6 6 3 2 2 2 2 1 1 1 1 1
8 6 6 6 6 6 3 2 2 2 1 1 1 1 1 1 1
8 6 6 6 6 5 5 5 5 1 1
8 6 6 6 6 5 5 5 4 2 1
8 6 6 6 6 5 5 5 4 1 1 1
8 6 6 6 6 5 5 5 3 3 1
8 6 6 6 6 5 5 5 3 2 2
8 6 6 6 6 5 5 5 3 2 1 1
8 6 6 6 6 5 5 5 3 1 1 1 1
8 6 6 6 6 5 5 5 2 2 2 1
8 6 6 6 6 5 5 5 2 2 1 1 1
8 6 6 6 6 5 5 5 2 1 1 1 1 1
8 6 6 6 6 5 5 4 4 3 1
8 6 6 6 6 5 5 4 4 2 2
8 6 6 6 6 5 5 4 4 2 1 1
8 6 6 6 6 5 5 4 4 1 1 1 1
8 6 6 6 6 5 5 4 3 3 2
8 6 6 6 6 5 5 4 3 3 1 1
8 6 6 6 6 5 5 4 3 2 2 1
8 6 6 6 6 5 5 4 3 2 1 1 1
8 6 6 6 6 5 5 4 3 1 1 1 1 1
8 6 6 6 6 5 5 4 2 2 2 2
8 6 6 6 6 5 5 4 2 2 2 1 1
8 6 6 6 6 5 5 4 2 2 1 1 1 1
8 6 6 6 6 5 5 4 2 1 1 1 1 1 1
8 6 6 6 6 5 5 3 3 3 3
8 6 6 6 6 5 5 3 3 3 2 1
8 6 6 6 6 5 5 3 3 3 1 1 1
8 6 6 6 6 5 5 3 3 2 2 2
8 6 6 6 6 5 5 3 3 2 2 1 1
8 6 6 6 6 5 5 3 3 2 1 1 1 1
8 6 6 6 6 5 5 3 3 1 1 1 1 1 1
8 6 6 6 6 5 5 3 2 2 2 2 1
8 6 6 6 6 5 5 3 2 2 2 1 1 1
8 6 6 6 6 5 5 3 2 2 1 1 1 1 1
8 6 6 6 6 5 5 3 2 1 1 1 1 1 1 1
8 6 6 6 6 5 5 2 2 2 2 2 2
8 6 6 6 6 5 5 2 2 2 2 2 1 1
8 6 6 6 6 5 5 2 2 2 2 1 1 1 1
8 6 6 6 6 5 5 2 2 2 1 1 1 1 1 1
8 6 6 6 6 5 5 2 2 1 1 1 1 1 1 1 1
8 6 6 6 6 5 4 4 4 4 1
8 6 6 6 6 5 4 4 4 3 2
8 6 6 6 6 5 4 4 4 3 1 1
8 6 6 6 6 5 4 4 4 2 2 1
8 6 6 6 6 5 4 4 4 2 1 1 1
8 6 6 6 6 5 4 4 4 1 1 1 1 1
8 6 6 6 6 5 4 4 3 3 3
8 6 6 6 6 5 4 4 3 3 2 1
8 6 6 6 6 5 4 4 3 3 1 1 1
8 6 6 6 6 5 4 4 3 2 2 2
8 6 6 6 6 5 4 4 3 2 2 1 1
8 6 6 6 6 5 4 4 3 2 1 1 1 1
8 6 6 6 6 5 4 4 3 1 1 1 1 1 1
8 6 6 6 6 5 4 4 2 2 2 2 1
8 6 6 6 6 5 4 4 2 2 2 1 1 1
8 6 6 6 6 5 4 4 2 2 1 1 1 1 1
8 6 6 6 6 5 4 4 2 1 1 1 1 1 1 1
8 6 6 6 6 5 4 3 3 3 3 1
8 6 6 6 6 5 4 3 3 3 2 2
8 6 6 6 6 5 4 3 3 3 2 1 1
8 6 6 6 6 5 4 3 3 3 1 1 1 1
8 6 6 6 6 5 4 3 3 2 2 2 1
8 6 6 6 6 5 4 3 3 2 2 1 1 1
8 6 6 6 6 5 4 3 3 2 1 1 1 1 1
8 6 6 6 6 5 4 3 3 1 1 1 1 1 1 1
8 6 6 6 6 5 4 3 2 2 2 2 2
8 6 6 6 6 5 4 3 2 2 2 2 1 1
8 6 6 6 6 5 4 3 2 2 2 1 1 1 1
8 6 6 6 6 5 4 3 2 2 1 1 1 1 1 1
8 6 6 6 6 5 4 3 2 1 1 1 1 1 1 1 1
8 6 6 6 6 5 4 2 2 2 2 2 2 1
8 6 6 6 6 5 4 2 2 2 2 2 1 1 1
8 6 6 6 6 5 4 2 2 2 2 1 1 1 1 1
8 6 6 6 6 5 4 2 2 2 1 1 1 1 1 1 1
8 6 6 6 6 5 3 3 3 3 3 2
8 6 6 6 6 5 3 3 3 3 3 1 1
8 6 6 6 6 5 3 3 3 3 2 2 1
8 6 6 6 6 5 3 3 3 3 2 1 1 1
8 6 6 6 6 5 3 3 3 3 1 1 1 1 1
8 6 6 6 6 5 3 3 3 2 2 2 2
8 6 6 6 6 5 3 3 3 2 2 2 1 1
8 6 6 6 6 5 3 3 3 2 2 1 1 1 1
8 6 6 6 6 5 3 3 3 2 1 1 1 1 1 1
8 6 6 6 6 5 3 3 3 1 1 1 1 1 1 1 1
8 6 6 6 6 5 3 3 2 2 2 2 2 1
8 6 6 6 6 5 3 3 2 2 2 2 1 1 1
8 6 6 6 6 5 3 3 2 2 2 1 1 1 1 1
8 6 6 6 6 5 3 3 2 2 1 1 1 1 1 1 1
8 6 6 6 6 5 3 2 2 2 2 2 2 2
8 6 6 6 6 5 3 2 2 2 2 2 2 1 1
8 6 6 6 6 5 3 2 2 2 2 2 1 1 1 1
8 6 6 6 6 5 3 2 2 2 2 1 1 1 1 1 1
8 6 6 6 6 4 4 4 4 4 2
8 6 6 6 6 4 4 4 4 4 1 1
8 6 6 6 6 4 4 4 4 3 3
8 6 6 6 6 4 4 4 4 3 2 1
8 6 6 6 6 4 4 4 4 3 1 1 1
8 6 6 6 6 4 4 4 4 2 2 2
8 6 6 6 6 4 4 4 4 2 2 1 1
8 6 6 6 6 4 4 4 4 2 1 1 1 1
8 6 6 6 6 4 4 4 4 1 1 1 1 1 1
8 6 6 6 6 4 4 4 3 3 3 1
8 6 6 6 6 4 4 4 3 3 2 2
8 6 6 6 6 4 4 4 3 3 2 1 1
8 6 6 6 6 4 4 4 3 3 1 1 1 1
8 6 6 6 6 4 4 4 3 2 2 2 1
8 6 6 6 6 4 4 4 3 2 2 1 1 1
8 6 6 6 6 4 4 4 3 2 1 1 1 1 1
8 6 6 6 6 4 4 4 3 1 1 1 1 1 1 1
8 6 6 6 6 4 4 4 2 2 2 2 2
8 6 6 6 6 4 4 4 2 2 2 2 1 1
8 6 6 6 6 4 4 4 2 2 2 1 1 1 1
8 6 6 6 6 4 4 4 2 2 1 1 1 1 1 1
8 6 6 6 6 4 4 4 2 1 1 1 1 1 1 1 1
8 6 6 6 6 4 4 3 3 3 3 2
8 6 6 6 6 4 4 3 3 3 3 1 1
8 6 6 6 6 4 4 3 3 3 2 2 1
8 6 6 6 6 4 4 3 3 3 2 1 1 1
8 6 6 6 6 4 4 3 3 3 1 1 1 1 1
8 6 6 6 6 4 4 3 3 2 2 2 2
8 6 6 6 6 4 4 3 3 2 2 2 1 1
8 6 6 6 6 4 4 3 3 2 2 1 1 1 1
8 6 6 6 6 4 4 3 3 2 1 1 1 1 1 1
8 6 6 6 6 4 4 3 3 1 1 1 1 1 1 1 1
8 6 6 6 6 4 4 3 2 2 2 2 2 1
8 6 6 6 6 4 4 3 2 2 2 2 1 1 1
8 6 6 6 6 4 4 3 2 2 2 1 1 1 1 1
8 6 6 6 6 4 4 3 2 2 1 1 1 1 1 1 1
8 6 6 6 6 4 4 2 2 2 2 2 2 2
8 6 6 6 6 4 4 2 2 2 2 2 2 1 1
8 6 6 6 6 4 4 2 2 2 2 2 1 1 1 1
8 6 6 6 6 4 4 2 2 2 2 1 1 1 1 1 1
8 6 6 6 6 4 3 3 3 3 3 3
8 6 6 6 6 4 3 3 3 3 3 2 1
8 6 6 6 6 4 3 3 3 3 3 1 1 1
8 6 6 6 6 4 3 3 3 3 2 2 2
8 6 6 6 6 4 3 3 3 3 2 2 1 1
8 6 6 6 6 4 3 3 3 3 2 1 1 1 1
8 6 6 6 6 4 3 3 3 3 1 1 1 1 1 1
8 6 6 6 6 4 3 3 3 2 2 2 2 1
8 6 6 6 6 4 3 3 3 2 2 2 1 1 1
8 6 6 6 6 4 3 3 3 2 2 1 1 1 1 1
8 6 6 6 6 4 3 3 3 2 1 1 1 1 1 1 1
8 6 6 6 6 4 3 3 2 2 2 2 2 2
8 6 6 6 6 4 3 3 2 2 2 2 2 1 1
8 6 6 6 6 4 3 3 2 2 2 2 1 1 1 1
8 6 6 6 6 4 3 3 2 2 2 1 1 1 1 1 1
8 6 6 6 6 4 3 2 2 2 2 2 2 2 1
8 6 6 6 6 4 3 2 2 2 2 2 2 1 1 1
8 6 6 6 6 4 3 2 2 2 2 2 1 1 1 1 1
8 6 6 6 6 3 3 3 3 3 3 3 1
8 6 6 6 6 3 3 3 3 3 3 2 2
8 6 6 6 6 3 3 3 3 3 3 2 1 1
8 6 6 6 6 3 3 3 3 3 3 1 1 1 1
8 6 6 6 6 3 3 3 3 3 2 2 2 1
8 6 6 6 6 3 3 3 3 3 2 2 1 1 1
8 6 6 6 6 3 3 3 3 3 2 1 1 1 1 1
8 6 6 6 6 3 3 3 3 3 1 1 1 1 1 1 1
8 6 6 6 6 3 3 3 3 2 2 2 2 2
8 6 6 6 6 3 3 3 3 2 2 2 2 1 1
8 6 6 6 6 3 3 3 3 2 2 2 1 1 1 1
8 6 6 6 6 3 3 3 3 2 2 1 1 1 1 1 1
8 6 6 6 6 3 3 3 2 2 2 2 2 2 1
8 6 6 6 6 3 3 3 2 2 2 2 2 1 1 1
8 6 6 6 6 3 3 3 2 2 2 2 1 1 1 1 1
8 6 6 6 6 3 3 2 2 2 2 2 2 2 2
8 6 6 6 6 3 3 2 2 2 2 2 2 2 1 1
8 6 6 6 6 3 3 2 2 2 2 2 2 1 1 1 1
8 6 6 6 5 5 5 5 5 2 1
8 6 6 6 5 5 5 5 5 1 1 1
8 6 6 6 5 5 5 5 4 3 1
8 6 6 6 5 5 5 5 4 2 2
8 6 6 6 5 5 5 5 4 2 1 1
8 6 6 6 5 5 5 5 4 1 1 1 1
8 6 6 6 5 5 5 5 3 3 2
8 6 6 6 5 5 5 5 3 3 1 1
8 6 6 6 5 5 5 5 3 2 2 1
8 6 6 6 5 5 5 5 3 2 1 1 1
8 6 6 6 5 5 5 5 3 1 1 1 1 1
8 6 6 6 5 5 5 5 2 2 2 2
8 6 6 6 5 5 5 5 2 2 2 1 1
8 6 6 6 5 5 5 5 2 2 1 1 1 1
8 6 6 6 5 5 5 5 2 1 1 1 1 1 1
8 6 6 6 5 5 5 4 4 4 1
8 6 6 6 5 5 5 4 4 3 2
8 6 6 6 5 5 5 4 4 3 1 1
8 6 6 6 5 5 5 4 4 2 2 1
8 6 6 6 5 5 5 4 4 2 1 1 1
8 6 6 6 5 5 5 4 4 1 1 1 1 1
8 6 6 6 5 5 5 4 3 3 3
8 6 6 6 5 5 5 4 3 3 2 1
8 6 6 6 5 5 5 4 3 3 1 1 1
8 6 6 6 5 5 5 4 3 2 2 2
8 6 6 6 5 5 5 4 3 2 2 1 1
8 6 6 6 5 5 5 4 3 2 1 1 1 1
8 6 6 6 5 5 5 4 3 1 1 1 1 1 1
8 6 6 6 5 5 5 4 2 2 2 2 1
8 6 6 6 5 5 5 4 2 2 2 1 1 1
8 6 6 6 5 5 5 4 2 2 1 1 1 1 1
8 6 6 6 5 5 5 4 2 1 1 1 1 1 1 1
8 6 6 6 5 5 5 3 3 3 3 1
8 6 6 6 5 5 5 3 3 3 2 2
8 6 6 6 5 5 5 3 3 3 2 1 1
8 6 6 6 5 5 5 3 3 3 1 1 1 1
8 6 6 6 5 5 5 3 3 2 2 2 1
8 6 6 6 5 5 5 3 3 2 2 1 1 1
8 6 6 6 5 5 5 3 3 2 1 1 1 1 1
8 6 6 6 5 5 5 3 3 1 1 1 1 1 1 1
8 6 6 6 5 5 5 3 2 2 2 2 2
8 6 6 6 5 5 5 3 2 2 2 2 1 1
8 6 6 6 5 5 5 3 2 2 2 1 1 1 1
8 6 6 6 5 5 5 3 2 2 1 1 1 1 1 1
8 6 6 6 5 5 5 3 2 1 1 1 1 1 1 1 1
8 6 6 6 5 5 5 2 2 2 2 2 2 1
8 6 6 6 5 5 5 2 2 2 2 2 1 1 1
8 6 6 6 5 5 5 2 2 2 2 1 1 1 1 1
8 6 6 6 5 5 5 2 2 2 1 1 1 1 1 1 1
8 6 6 6 5 5 4 4 4 4 2
8 6 6 6 5 5 4 4 4 4 1 1
8 6 6 6 5 5 4 4 4 3 3
8 6 6 6 5 5 4 4 4 3 2 1
8 6 6 6 5 5 4 4 4 3 1 1 1
8 6 6 6 5 5 4 4 4 2 2 2
8 6 6 6 5 5 4 4 4 2 2 1 1
8 6 6 6 5 5 4 4 4 2 1 1 1 1
8 6 6 6 5 5 4 4 4 1 1 1 1 1 1
8 6 6 6 5 5 4 4 3 3 3 1
8 6 6 6 5 5 4 4 3 3 2 2
8 6 6 6 5 5 4 4 3 3 2 1 1
8 6 6 6 5 5 4 4 3 3 1 1 1 1
8 6 6 6 5 5 4 4 3 2 2 2 1
8 6 6 6 5 5 4 4 3 2 2 1 1 1
8 6 6 6 5 5 4 4 3 2 1 1 1 1 1
8 6 6 6 5 5 4 4 3 1 1 1 1 1 1 1
8 6 6 6 5 5 4 4 2 2 2 2 2
8 6 6 6 5 5 4 4 2 2 2 2 1 1
8 6 6 6 5 5 4 4 2 2 2 1 1 1 1
8 6 6 6 5 5 4 4 2 2 1 1 1 1 1 1
8 6 6 6 5 5 4 4 2 1 1 1 1 1 1 1 1
8 6 6 6 5 5 4 3 3 3 3 2
8 6 6 6 5 5 4 3 3 3 3 1 1
8 6 6 6 5 5 4 3 3 3 2 2 1
8 6 6 6 5 5 4 3 3 3 2 1 1 1
8 6 6 6 5 5 4 3 3 3 1 1 1 1 1
8 6 6 6 5 5 4 3 3 2 2 2 2
8 6 6 6 5 5 4 3 3 2 2 2 1 1
8 6 6 6 5 5 4 3 3 2 2 1 1 1 1
8 6 6 6 5 5 4 3 3 2 1 1 1 1 1 1
8 6 6 6 5 5 4 3 3 1 1 1 1 1 1 1 1
8 6 6 6 5 5 4 3 2 2 2 2 2 1
8 6 6 6 5 5 4 3 2 2 2 2 1 1 1
8 6 6 6 5 5 4 3 2 2 2 1 1 1 1 1
8 6 6 6 5 5 4 3 2 2 1 1 1 1 1 1 1
8 6 6 6 5 5 4 2 2 2 2 2 2 2
8 6 6 6 5 5 4 2 2 2 2 2 2 1 1
8 6 6 6 5 5 4 2 2 2 2 2 1 1 1 1
8 6 6 6 5 5 4 2 2 2 2 1 1 1 1 1 1
8 6 6 6 5 5 3 3 3 3 3 3
8 6 6 6 5 5 3 3 3 3 3 2 1
8 6 6 6 5 5 3 3 3 3 3 1 1 1
8 6 6 6 5 5 3 3 3 3 2 2 2
8 6 6 6 5 5 3 3 3 3 2 2 1 1
8 6 6 6 5 5 3 3 3 3 2 1 1 1 1
8 6 6 6 5 5 3 3 3 3 1 1 1 1 1 1
8 6 6 6 5 5 3 3 3 2 2 2 2 1
8 6 6 6 5 5 3 3 3 2 2 2 1 1 1
8 6 6 6 5 5 3 3 3 2 2 1 1 1 1 1
8 6 6 6 5 5 3 3 3 2 1 1 1 1 1 1 1
8 6 6 6 5 5 3 3 2 2 2 2 2 2
8 6 6 6 5 5 3 3 2 2 2 2 2 1 1
8 6 6 6 5 5 3 3 2 2 2 2 1 1 1 1
8 6 6 6 5 5 3 3 2 2 2 1 1 1 1 1 1
8 6 6 6 5 5 3 2 2 2 2 2 2 2 1
8 6 6 6 5 5 3 2 2 2 2 2 2 1 1 1
8 6 6 6 5 5 3 2 2 2 2 2 1 1 1 1 1
8 6 6 6 5 4 4 4 4 4 3
8 6 6 6 5 4 4 4 4 4 2 1
8 6 6 6 5 4 4 4 4 4 1 1 1
8 6 6 6 5 4 4 4 4 3 3 1
8 6 6 6 5 4 4 4 4 3 2 2
8 6 6 6 5 4 4 4 4 3 2 1 1
8 6 6 6 5 4 4 4 4 3 1 1 1 1
8 6 6 6 5 4 4 4 4 2 2 2 1
8 6 6 6 5 4 4 4 4 2 2 1 1 1
8 6 6 6 5 4 4 4 4 2 1 1 1 1 1
8 6 6 6 5 4 4 4 4 1 1 1 1 1 1 1
8 6 6 6 5 4 4 4 3 3 3 2
8 6 6 6 5 4 4 4 3 3 3 1 1
8 6 6 6 5 4 4 4 3 3 2 2 1
8 6 6 6 5 4 4 4 3 3 2 1 1 1
8 6 6 6 5 4 4 4 3 3 1 1 1 1 1
8 6 6 6 5 4 4 4 3 2 2 2 2
8 6 6 6 5 4 4 4 3 2 2 2 1 1
8 6 6 6 5 4 4 4 3 2 2 1 1 1 1
8 6 6 6 5 4 4 4 3 2 1 1 1 1 1 1
8 6 6 6 5 4 4 4 3 1 1 1 1 1 1 1 1
8 6 6 6 5 4 4 4 2 2 2 2 2 1
8 6 6 6 5 4 4 4 2 2 2 2 1 1 1
8 6 6 6 5 4 4 4 2 2 2 1 1 1 1 1
8 6 6 6 5 4 4 4 2 2 1 1 1 1 1 1 1
8 6 6 6 5 4 4 3 3 3 3 3
8 6 6 6 5 4 4 3 3 3 3 2 1
8 6 6 6 5 4 4 3 3 3 3 1 1 1
8 6 6 6 5 4 4 3 3 3 2 2 2
8 6 6 6 5 4 4 3 3 3 2 2 1 1
8 6 6 6 5 4 4 3 3 3 2 1 1 1 1
8 6 6 6 5 4 4 3 3 3 1 1 1 1 1 1
8 6 6 6 5 4 4 3 3 2 2 2 2 1
8 6 6 6 5 4 4 3 3 2 2 2 1 1 1
8 6 6 6 5 4 4 3 3 2 2 1 1 1 1 1
8 6 6 6 5 4 4 3 3 2 1 1 1 1 1 1 1
8 6 6 6 5 4 4 3 2 2 2 2 2 2
8 6 6 6 5 4 4 3 2 2 2 2 2 1 1
8 6 6 6 5 4 4 3 2 2 2 2 1 1 1 1
8 6 6 6 5 4 4 3 2 2 2 1 1 1 1 1 1
8 6 6 6 5 4 4 2 2 2 2 2 2 2 1
8 6 6 6 5 4 4 2 2 2 2 2 2 1 1 1
8 6 6 6 5 4 4 2 2 2 2 2 1 1 1 1 1
8 6 6 6 5 4 3 3 3 3 3 3 1
8 6 6 6 5 4 3 3 3 3 3 2 2
8 6 6 6 5 4 3 3 3 3 3 2 1 1
8 6 6 6 5 4 3 3 3 3 3 1 1 1 1
8 6 6 6 5 4 3 3 3 3 2 2 2 1
8 6 6 6 5 4 3 3 3 3 2 2 1 1 1
8 6 6 6 5 4 3 3 3 3 2 1 1 1 1 1
8 6 6 6 5 4 3 3 3 3 1 1 1 1 1 1 1
8 6 6 6 5 4 3 3 3 2 2 2 2 2
8 6 6 6 5 4 3 3 3 2 2 2 2 1 1
8 6 6 6 5 4 3 3 3 2 2 2 1 1 1 1
8 6 6 6 5 4 3 3 3 2 2 1 1 1 1 1 1
8 6 6 6 5 4 3 3 2 2 2 2 2 2 1
8 6 6 6 5 4 3 3 2 2 2 2 2 1 1 1
8 6 6 6 5 4 3 3 2 2 2 2 1 1 1 1 1
8 6 6 6 5 4 3 2 2 2 2 2 2 2 2
8 6 6 6 5 4 3 2 2 2 2 2 2 2 1 1
8 6 6 6 5 4 3 2 2 2 2 2 2 1 1 1 1
8 6 6 6 5 3 3 3 3 3 3 3 2
8 6 6 6 5 3 3 3 3 3 3 3 1 1
8 6 6 6 5 3 3 3 3 3 3 2 2 1
8 6 6 6 5 3 3 3 3 3 3 2 1 1 1
8 6 6 6 5 3 3 3 3 3 3 1 1 1 1 1
8 6 6 6 5 3 3 3 3 3 2 2 2 2
8 6 6 6 5 3 3 3 3 3 2 2 2 1 1
8 6 6 6 5 3 3 3 3 3 2 2 1 1 1 1
8 6 6 6 5 3 3 3 3 3 2 1 1 1 1 1 1
8 6 6 6 5 3 3 3 3 2 2 2 2 2 1
8 6 6 6 5 3 3 3 3 2 2 2 2 1 1 1
8 6 6 6 5 3 3 3 3 2 2 2 1 1 1 1 1
8 6 6 6 5 3 3 3 2 2 2 2 2 2 2
8 6 6 6 5 3 3 3 2 2 2 2 2 2 1 1
8 6 6 6 5 3 3 3 2 2 2 2 2 1 1 1 1
8 6 6 6 5 3 3 2 2 2 2 2 2 2 2 1
8 6 6 6 5 3 3 2 2 2 2 2 2 2 1 1 1
8 6 6 6 4 4 4 4 4 4 4
8 6 6 6 4 4 4 4 4 4 3 1
8 6 6 6 4 4 4 4 4 4 2 2
8 6 6 6 4 4 4 4 4 4 2 1 1
8 6 6 6 4 4 4 4 4 4 1 1 1 1
8 6 6 6 4 4 4 4 4 3 3 2
8 6 6 6 4 4 4 4 4 3 3 1 1
8 6 6 6 4 4 4 4 4 3 2 2 1
8 6 6 6 4 4 4 4 4 3 2 1 1 1
8 6 6 6 4 4 4 4 4 3 1 1 1 1 1
8 6 6 6 4 4 4 4 4 2 2 2 2
8 6 6 6 4 4 4 4 4 2 2 2 1 1
8 6 6 6 4 4 4 4 4 2 2 1 1 1 1
8 6 6 6 4 4 4 4 4 2 1 1 1 1 1 1
8 6 6 6 4 4 4 4 4 1 1 1 1 1 1 1 1
8 6 6 6 4 4 4 4 3 3 3 3
8 6 6 6 4 4 4 4 3 3 3 2 1
8 6 6 6 4 4 4 4 3 3 3 1 1 1
8 6 6 6 4 4 4 4 3 3 2 2 2
8 6 6 6 4 4 4 4 3 3 2 2 1 1
8 6 6 6 4 4 4 4 3 3 2 1 1 1 1
8 6 6 6 4 4 4 4 3 3 1 1 1 1 1 1
8 6 6 6 4 4 4 4 3 2 2 2 2 1
8 6 6 6 4 4 4 4 3 2 2 2 1 1 1
8 6 6 6 4 4 4 4 3 2 2 1 1 1 1 1
8 6 6 6 4 4 4 4 3 2 1 1 1 1 1 1 1
8 6 6 6 4 4 4 4 2 2 2 2 2 2
8 6 6 6 4 4 4 4 2 2 2 2 2 1 1
8 6 6 6 4 4 4 4 2 2 2 2 1 1 1 1
8 6 6 6 4 4 4 4 2 2 2 1 1 1 1 1 1
8 6 6 6 4 4 4 3 3 3 3 3 1
8 6 6 6 4 4 4 3 3 3 3 2 2
8 6 6 6 4 4 4 3 3 3 3 2 1 1
8 6 6 6 4 4 4 3 3 3 3 1 1 1 1
8 6 6 6 4 4 4 3 3 3 2 2 2 1
8 6 6 6 4 4 4 3 3 3 2 2 1 1 1
8 6 6 6 4 4 4 3 3 3 2 1 1 1 1 1
8 6 6 6 4 4 4 3 3 3 1 1 1 1 1 1 1
8 6 6 6 4 4 4 3 3 2 2 2 2 2
8 6 6 6 4 4 4 3 3 2 2 2 2 1 1
8 6 6 6 4 4 4 3 3 2 2 2 1 1 1 1
8 6 6 6 4 4 4 3 3 2 2 1 1 1 1 1 1
8 6 6 6 4 4 4 3 2 2 2 2 2 2 1
8 6 6 6 4 4 4 3 2 2 2 2 2 1 1 1
8 6 6 6 4 4 4 3 2 2 2 2 1 1 1 1 1
8 6 6 6 4 4 4 2 2 2 2 2 2 2 2
8 6 6 6 4 4 4 2 2 2 2 2 2 2 1 1
8 6 6 6 4 4 4 2 2 2 2 2 2 1 1 1 1
8 6 6 6 4 4 3 3 3 3 3 3 2
8 6 6 6 4 4 3 3 3 3 3 3 1 1
8 6 6 6 4 4 3 3 3 3 3 2 2 1
8 6 6 6 4 4 3 3 3 3 3 2 1 1 1
8 6 6 6 4 4 3 3 3 3 3 1 1 1 1 1
8 6 6 6 4 4 3 3 3 3 2 2 2 2
8 6 6 6 4 4 3 3 3 3 2 2 2 1 1
8 6 6 6 4 4 3 3 3 3 2 2 1 1 1 1
8 6 6 6 4 4 3 3 3 3 2 1 1 1 1 1 1
8 6 6 6 4 4 3 3 3 2 2 2 2 2 1
8 6 6 6 4 4 3 3 3 2 2 2 2 1 1 1
8 6 6 6 4 4 3 3 3 2 2 2 1 1 1 1 1
8 6 6 6 4 4 3 3 2 2 2 2 2 2 2
8 6 6 6 4 4 3 3 2 2 2 2 2 2 1 1
8 6 6 6 4 4 3 3 2 2 2 2 2 1 1 1 1
8 6 6 6 4 4 3 2 2 2 2 2 2 2 2 1
8 6 6 6 4 4 3 2 2 2 2 2 2 2 1 1 1
8 6 6 6 4 3 3 3 3 3 3 3 3
8 6 6 6 4 3 3 3 3 3 3 3 2 1
8 6 6 6 4 3 3 3 3 3 3 3 1 1 1
8 6 6 6 4 3 3 3 3 3 3 2 2 2
8 6 6 6 4 3 3 3 3 3 3 2 2 1 1
8 6 6 6 4 3 3 3 3 3 3 2 1 1 1 1
8 6 6 6 4 3 3 3 3 3 3 1 1 1 1 1 1
8 6 6 6 4 3 3 3 3 3 2 2 2 2 1
8 6 6 6 4 3 3 3 3 3 2 2 2 1 1 1
8 6 6 6 4 3 3 3 3 3 2 2 1 1 1 1 1
8 6 6 6 4 3 3 3 3 2 2 2 2 2 2
8 6 6 6 4 3 3 3 3 2 2 2 2 2 1 1
8 6 6 6 4 3 3 3 3 2 2 2 2 1 1 1 1
8 6 6 6 4 3 3 3 2 2 2 2 2 2 2 1
8 6 6 6 4 3 3 3 2 2 2 2 2 2 1 1 1
8 6 6 6 4 3 3 2 2 2 2 2 2 2 2 1 1
8 6 6 5 5 5 5 5 5 3 1
8 6 6 5 5 5 5 5 5 2 2
8 6 6 5 5 5 5 5 5 2 1 1
8 6 6 5 5 5 5 5 5 1 1 1 1
8 6 6 5 5 5 5 5 4 4 1
8 6 6 5 5 5 5 5 4 3 2
8 6 6 5 5 5 5 5 4 3 1 1
8 6 6 5 5 5 5 5 4 2 2 1
8 6 6 5 5 5 5 5 4 2 1 1 1
8 6 6 5 5 5 5 5 4 1 1 1 1 1
8 6 6 5 5 5 5 5 3 3 3
8 6 6 5 5 5 5 5 3 3 2 1
8 6 6 5 5 5 5 5 3 3 1 1 1
8 6 6 5 5 5 5 5 3 2 2 2
8 6 6 5 5 5 5 5 3 2 2 1 1
8 6 6 5 5 5 5 5 3 2 1 1 1 1
8 6 6 5 5 5 5 5 3 1 1 1 1 1 1
8 6 6 5 5 5 5 5 2 2 2 2 1
8 6 6 5 5 5 5 5 2 2 2 1 1 1
8 6 6 5 5 5 5 5 2 2 1 1 1 1 1
8 6 6 5 5 5 5 5 2 1 1 1 1 1 1 1
8 6 6 5 5 5 5 4 4 4 2
8 6 6 5 5 5 5 4 4 4 1 1
8 6 6 5 5 5 5 4 4 3 3
8 6 6 5 5 5 5 4 4 3 2 1
8 6 6 5 5 5 5 4 4 3 1 1 1
8 6 6 5 5 5 5 4 4 2 2 2
8 6 6 5 5 5 5 4 4 2 2 1 1
8 6 6 5 5 5 5 4 4 2 1 1 1 1
8 6 6 5 5 5 5 4 4 1 1 1 1 1 1
8 6 6 5 5 5 5 4 3 3 3 1
8 6 6 5 5 5 5 4 3 3 2 2
8 6 6 5 5 5 5 4 3 3 2 1 1
8 6 6 5 5 5 5 4 3 3 1 1 1 1
8 6 6 5 5 5 5 4 3 2 2 2 1
8 6 6 5 5 5 5 4 3 2 2 1 1 1
8 6 6 5 5 5 5 4 3 2 1 1 1 1 1
8 6 6 5 5 5 5 4 3 1 1 1 1 1 1 1
8 6 6 5 5 5 5 4 2 2 2 2 2
8 6 6 5 5 5 5 4 2 2 2 2 1 1
8 6 6 5 5 5 5 4 2 2 2 1 1 1 1
8 6 6 5 5 5 5 4 2 2 1 1 1 1 1 1
8 6 6 5 5 5 5 4 2 1 1 1 1 1 1 1 1
8 6 6 5 5 5 5 3 3 3 3 2
8 6 6 5 5 5 5 3 3 3 3 1 1
8 6 6 5 5 5 5 3 3 3 2 2 1
8 6 6 5 5 5 5 3 3 3 2 1 1 1
8 6 6 5 5 5 5 3 3 3 1 1 1 1 1
8 6 6 5 5 5 5 3 3 2 2 2 2
8 6 6 5 5 5 5 3 3 2 2 2 1 1
8 6 6 5 5 5 5 3 3 2 2 1 1 1 1
8 6 6 5 5 5 5 3 3 2 1 1 1 1 1 1
8 6 6 5 5 5 5 3 3 1 1 1 1 1 1 1 1
8 6 6 5 5 5 5 3 2 2 2 2 2 1
8 6 6 5 5 5 5 3 2 2 2 2 1 1 1
8 6 6 5 5 5 5 3 2 2 2 1 1 1 1 1
8 6 6 5 5 5 5 3 2 2 1 1 1 1 1 1 1
8 6 6 5 5 5 5 2 2 2 2 2 2 2
8 6 6 5 5 5 5 2 2 2 2 2 2 1 1
8 6 6 5 5 5 5 2 2 2 2 2 1 1 1 1
8 6 6 5 5 5 5 2 2 2 2 1 1 1 1 1 1
8 6 6 5 5 5 4 4 4 4 3
8 6 6 5 5 5 4 4 4 4 2 1
8 6 6 5 5 5 4 4 4 4 1 1 1
8 6 6 5 5 5 4 4 4 3 3 1
8 6 6 5 5 5 4 4 4 3 2 2
8 6 6 5 5 5 4 4 4 3 2 1 1
8 6 6 5 5 5 4 4 4 3 1 1 1 1
8 6 6 5 5 5 4 4 4 2 2 2 1
8 6 6 5 5 5 4 4 4 2 2 1 1 1
8 6 6 5 5 5 4 4 4 2 1 1 1 1 1
8 6 6 5 5 5 4 4 4 1 1 1 1 1 1 1
8 6 6 5 5 5 4 4 3 3 3 2
8 6 6 5 5 5 4 4 3 3 3 1 1
8 6 6 5 5 5 4 4 3 3 2 2 1
8 6 6 5 5 5 4 4 3 3 2 1 1 1
8 6 6 5 5 5 4 4 3 3 1 1 1 1 1
8 6 6 5 5 5 4 4 3 2 2 2 2
8 6 6 5 5 5 4 4 3 2 2 2 1 1
8 6 6 5 5 5 4 4 3 2 2 1 1 1 1
8 6 6 5 5 5 4 4 3 2 1 1 1 1 1 1
8 6 6 5 5 5 4 4 3 1 1 1 1 1 1 1 1
8 6 6 5 5 5 4 4 2 2 2 2 2 1
8 6 6 5 5 5 4 4 2 2 2 2 1 1 1
8 6 6 5 5 5 4 4 2 2 2 1 1 1 1 1
8 6 6 5 5 5 4 4 2 2 1 1 1 1 1 1 1
8 6 6 5 5 5 4 3 3 3 3 3
8 6 6 5 5 5 4 3 3 3 3 2 1
8 6 6 5 5 5 4 3 3 3 3 1 1 1
8 6 6 5 5 5 4 3 3 3 2 2 2
8 6 6 5 5 5 4 3 3 3 2 2 1 1
8 6 6 5 5 5 4 3 3 3 2 1 1 1 1
8 6 6 5 5 5 4 3 3 3 1 1 1 1 1 1
8 6 6 5 5 5 4 3 3 2 2 2 2 1
8 6 6 5 5 5 4 3 3 2 2 2 1 1 1
8 6 6 5 5 5 4 3 3 2 2 1 1 1 1 1
8 6 6 5 5 5 4 3 3 2 1 1 1 1 1 1 1
8 6 6 5 5 5 4 3 2 2 2 2 2 2
8 6 6 5 5 5 4 3 2 2 2 2 2 1 1
8 6 6 5 5 5 4 3 2 2 2 2 1 1 1 1
8 6 6 5 5 5 4 3 2 2 2 1 1 1 1 1 1
8 6 6 5 5 5 4 2 2 2 2 2 2 2 1
8 6 6 5 5 5 4 2 2 2 2 2 2 1 1 1
8 6 6 5 5 5 4 2 2 2 2 2 1 1 1 1 1
8 6 6 5 5 5 3 3 3 3 3 3 1
8 6 6 5 5 5 3 3 3 3 3 2 2
8 6 6 5 5 5 3 3 3 3 3 2 1 1
8 6 6 5 5 5 3 3 3 3 3 1 1 1 1
8 6 6 5 5 5 3 3 3 3 2 2 2 1
8 6 6 5 5 5 3 3 3 3 2 2 1 1 1
8 6 6 5 5 5 3 3 3 3 2 1 1 1 1 1
8 6 6 5 5 5 3 3 3 3 1 1 1 1 1 1 1
8 6 6 5 5 5 3 3 3 2 2 2 2 2
8 6 6 5 5 5 3 3 3 2 2 2 2 1 1
8 6 6 5 5 5 3 3 3 2 2 2 1 1 1 1
8 6 6 5 5 5 3 3 3 2 2 1 1 1 1 1 1
8 6 6 5 5 5 3 3 2 2 2 2 2 2 1
8 6 6 5 5 5 3 3 2 2 2 2 2 1 1 1
8 6 6 5 5 5 3 3 2 2 2 2 1 1 1 1 1
8 6 6 5 5 5 3 2 2 2 2 2 2 2 2
8 6 6 5 5 5 3 2 2 2 2 2 2 2 1 1
8 6 6 5 5 5 3 2 2 2 2 2 2 1 1 1 1
8 6 6 5 5 4 4 4 4 4 4
8 6 6 5 5 4 4 4 4 4 3 1
8 6 6 5 5 4 4 4 4 4 2 2
8 6 6 5 5 4 4 4 4 4 2 1 1
8 6 6 5 5 4 4 4 4 4 1 1 1 1
8 6 6 5 5 4 4 4 4 3 3 2
8 6 6 5 5 4 4 4 4 3 3 1 1
8 6 6 5 5 4 4 4 4 3 2 2 1
8 6 6 5 5 4 4 4 4 3 2 1 1 1
8 6 6 5 5 4 4 4 4 3 1 1 1 1 1
8 6 6 5 5 4 4 4 4 2 2 2 2
8 6 6 5 5 4 4 4 4 2 2 2 1 1
8 6 6 5 5 4 4 4 4 2 2 1 1 1 1
8 6 6 5 5 4 4 4 4 2 1 1 1 1 1 1
8 6 6 5 5 4 4 4 4 1 1 1 1 1 1 1 1
8 6 6 5 5 4 4 4 3 3 3 3
8 6 6 5 5 4 4 4 3 3 3 2 1
8 6 6 5 5 4 4 4 3 3 3 1 1 1
8 6 6 5 5 4 4 4 3 3 2 2 2
8 6 6 5 5 4 4 4 3 3 2 2 1 1
8 6 6 5 5 4 4 4 3 3 2 1 1 1 1
8 6 6 5 5 4 4 4 3 3 1 1 1 1 1 1
8 6 6 5 5 4 4 4 3 2 2 2 2 1
8 6 6 5 5 4 4 4 3 2 2 2 1 1 1
8 6 6 5 5 4 4 4 3 2 2 1 1 1 1 1
8 6 6 5 5 4 4 4 3 2 1 1 1 1 1 1 1
8 6 6 5 5 4 4 4 2 2 2 2 2 2
8 6 6 5 5 4 4 4 2 2 2 2 2 1 1
8 6 6 5 5 4 4 4 2 2 2 2 1 1 1 1
8 6 6 5 5 4 4 4 2 2 2 1 1 1 1 1 1
8 6 6 5 5 4 4 3 3 3 3 3 1
8 6 6 5 5 4 4 3 3 3 3 2 2
8 6 6 5 5 4 4 3 3 3 3 2 1 1
8 6 6 5 5 4 4 3 3 3 3 1 1 1 1
8 6 6 5 5 4 4 3 3 3 2 2 2 1
8 6 6 5 5 4 4 3 3 3 2 2 1 1 1
8 6 6 5 5 4 4 3 3 3 2 1 1 1 1 1
8 6 6 5 5 4 4 3 3 3 1 1 1 1 1 1 1
8 6 6 5 5 4 4 3 3 2 2 2 2 2
8 6 6 5 5 4 4 3 3 2 2 2 2 1 1
8 6 6 5 5 4 4 3 3 2 2 2 1 1 1 1
8 6 6 5 5 4 4 3 3 2 2 1 1 1 1 1 1
8 6 6 5 5 4 4 3 2 2 2 2 2 2 1
8 6 6 5 5 4 4 3 2 2 2 2 2 1 1 1
8 6 6 5 5 4 4 3 2 2 2 2 1 1 1 1 1
8 6 6 5 5 4 4 2 2 2 2 2 2 2 2
8 6 6 5 5 4 4 2 2 2 2 2 2 2 1 1
8 6 6 5 5 4 4 2 2 2 2 2 2 1 1 1 1
8 6 6 5 5 4 3 3 3 3 3 3 2
8 6 6 5 5 4 3 3 3 3 3 3 1 1
8 6 6 5 5 4 3 3 3 3 3 2 2 1
8 6 6 5 5 4 3 3 3 3 3 2 1 1 1
8 6 6 5 5 4 3 3 3 3 3 1 1 1 1 1
8 6 6 5 5 4 3 3 3 3 2 2 2 2
8 6 6 5 5 4 3 3 3 3 2 2 2 1 1
8 6 6 5 5 4 3 3 3 3 2 2 1 1 1 1
8 6 6 5 5 4 3 3 3 3 2 1 1 1 1 1 1
8 6 6 5 5 4 3 3 3 2 2 2 2 2 1
8 6 6 5 5 4 3 3 3 2 2 2 2 1 1 1
8 6 6 5 5 4 3 3 3 2 2 2 1 1 1 1 1
8 6 6 5 5 4 3 3 2 2 2 2 2 2 2
8 6 6 5 5 4 3 3 2 2 2 2 2 2 1 1
8 6 6 5 5 4 3 3 2 2 2 2 2 1 1 1 1
8 6 6 5 5 4 3 2 2 2 2 2 2 2 2 1
8 6 6 5 5 4 3 2 2 2 2 2 2 2 1 1 1
8 6 6 5 5 3 3 3 3 3 3 3 3
8 6 6 5 5 3 3 3 3 3 3 3 2 1
8 6 6 5 5 3 3 3 3 3 3 3 1 1 1
8 6 6 5 5 3 3 3 3 3 3 2 2 2
8 6 6 5 5 3 3 3 3 3 3 2 2 1 1
8 6 6 5 5 3 3 3 3 3 3 2 1 1 1 1
8 6 6 5 5 3 3 3 3 3 3 1 1 1 1 1 1
8 6 6 5 5 3 3 3 3 3 2 2 2 2 1
8 6 6 5 5 3 3 3 3 3 2 2 2 1 1 1
8 6 6 5 5 3 3 3 3 3 2 2 1 1 1 1 1
8 6 6 5 5 3 3 3 3 2 2 2 2 2 2
8 6 6 5 5 3 3 3 3 2 2 2 2 2 1 1
8 6 6 5 5 3 3 3 3 2 2 2 2 1 1 1 1
8 6 6 5 5 3 3 3 2 2 2 2 2 2 2 1
8 6 6 5 5 3 3 3 2 2 2 2 2 2 1 1 1
8 6 6 5 5 3 3 2 2 2 2 2 2 2 2 1 1
8 6 6 5 4 4 4 4 4 4 4 1
8 6 6 5 4 4 4 4 4 4 3 2
8 6 6 5 4 4 4 4 4 4 3 1 1
8 6 6 5 4 4 4 4 4 4 2 2 1
8 6 6 5 4 4 4 4 4 4 2 1 1 1
8 6 6 5 4 4 4 4 4 4 1 1 1 1 1
8 6 6 5 4 4 4 4 4 3 3 3
8 6 6 5 4 4 4 4 4 3 3 2 1
8 6 6 5 4 4 4 4 4 3 3 1 1 1
8 6 6 5 4 4 4 4 4 3 2 2 2
8 6 6 5 4 4 4 4 4 3 2 2 1 1
8 6 6 5 4 4 4 4 4 3 2 1 1 1 1
8 6 6 5 4 4 4 4 4 3 1 1 1 1 1 1
8 6 6 5 4 4 4 4 4 2 2 2 2 1
8 6 6 5 4 4 4 4 4 2 2 2 1 1 1
8 6 6 5 4 4 4 4 4 2 2 1 1 1 1 1
8 6 6 5 4 4 4 4 4 2 1 1 1 1 1 1 1
8 6 6 5 4 4 4 4 3 3 3 3 1
8 6 6 5 4 4 4 4 3 3 3 2 2
8 6 6 5 4 4 4 4 3 3 3 2 1 1
8 6 6 5 4 4 4 4 3 3 3 1 1 1 1
8 6 6 5 4 4 4 4 3 3 2 2 2 1
8 6 6 5 4 4 4 4 3 3 2 2 1 1 1
8 6 6 5 4 4 4 4 3 3 2 1 1 1 1 1
8 6 6 5 4 4 4 4 3 3 1 1 1 1 1 1 1
8 6 6 5 4 4 4 4 3 2 2 2 2 2
8 6 6 5 4 4 4 4 3 2 2 2 2 1 1
8 6 6 5 4 4 4 4 3 2 2 2 1 1 1 1
8 6 6 5 4 4 4 4 3 2 2 1 1 1 1 1 1
8 6 6 5 4 4 4 4 2 2 2 2 2 2 1
8 6 6 5 4 4 4 4 2 2 2 2 2 1 1 1
8 6 6 5 4 4 4 4 2 2 2 2 1 1 1 1 1
8 6 6 5 4 4 4 3 3 3 3 3 2
8 6 6 5 4 4 4 3 3 3 3 3 1 1
8 6 6 5 4 4 4 3 3 3 3 2 2 1
8 6 6 5 4 4 4 3 3 3 3 2 1 1 1
8 6 6 5 4 4 4 3 3 3 3 1 1 1 1 1
8 6 6 5 4 4 4 3 3 3 2 2 2 2
8 6 6 5 4 4 4 3 3 3 2 2 2 1 1
8 6 6 5 4 4 4 3 3 3 2 2 1 1 1 1
8 6 6 5 4 4 4 3 3 3 2 1 1 1 1 1 1
8 6 6 5 4 4 4 3 3 2 2 2 2 2 1
8 6 6 5 4 4 4 3 3 2 2 2 2 1 1 1
8 6 6 5 4 4 4 3 3 2 2 2 1 1 1 1 1
8 6 6 5 4 4 4 3 2 2 2 2 2 2 2
8 6 6 5 4 4 4 3 2 2 2 2 2 2 1 1
8 6 6 5 4 4 4 3 2 2 2 2 2 1 1 1 1
8 6 6 5 4 4 4 2 2 2 2 2 2 2 2 1
8 6 6 5 4 4 4 2 2 2 2 2 2 2 1 1 1
8 6 6 5 4 4 3 3 3 3 3 3 3
8 6 6 5 4 4 3 3 3 3 3 3 2 1
8 6 6 5 4 4 3 3 3 3 3 3 1 1 1
8 6 6 5 4 4 3 3 3 3 3 2 2 2
8 6 6 5 4 4 3 3 3 3 3 2 2 1 1
8 6 6 5 4 4 3 3 3 3 3 2 1 1 1 1
8 6 6 5 4 4 3 3 3 3 3 1 1 1 1 1 1
8 6 6 5 4 4 3 3 3 3 2 2 2 2 1
8 6 6 5 4 4 3 3 3 3 2 2 2 1 1 1
8 6 6 5 4 4 3 3 3 3 2 2 1 1 1 1 1
8 6 6 5 4 4 3 3 3 2 2 2 2 2 2
8 6 6 5 4 4 3 3 3 2 2 2 2 2 1 1
8 6 6 5 4 4 3 3 3 2 2 2 2 1 1 1 1
8 6 6 5 4 4 3 3 2 2 2 2 2 2 2 1
8 6 6 5 4 4 3 3 2 2 2 2 2 2 1 1 1
8 6 6 5 4 4 3 2 2 2 2 2 2 2 2 1 1
8 6 6 5 4 3 3 3 3 3 3 3 3 1
8 6 6 5 4 3 3 3 3 3 3 3 2 2
8 6 6 5 4 3 3 3 3 3 3 3 2 1 1
8 6 6 5 4 3 3 3 3 3 3 3 1 1 1 1
8 6 6 5 4 3 3 3 3 3 3 2 2 2 1
8 6 6 5 4 3 3 3 3 3 3 2 2 1 1 1
8 6 6 5 4 3 3 3 3 3 3 2 1 1 1 1 1
8 6 6 5 4 3 3 3 3 3 2 2 2 2 2
8 6 6 5 4 3 3 3 3 3 2 2 2 2 1 1
8 6 6 5 4 3 3 3 3 3 2 2 2 1 1 1 1
8 6 6 5 4 3 3 3 3 2 2 2 2 2 2 1
8 6 6 5 4 3 3 3 3 2 2 2 2 2 1 1 1
8 6 6 5 4 3 3 3 2 2 2 2 2 2 2 1 1
8 6 6 4 4 4 4 4 4 4 4 2
8 6 6 4 4 4 4 4 4 4 4 1 1
8 6 6 4 4 4 4 4 4 4 3 3
8 6 6 4 4 4 4 4 4 4 3 2 1
8 6 6 4 4 4 4 4 4 4 3 1 1 1
8 6 6 4 4 4 4 4 4 4 2 2 2
8 6 6 4 4 4 4 4 4 4 2 2 1 1
8 6 6 4 4 4 4 4 4 4 2 1 1 1 1
8 6 6 4 4 4 4 4 4 4 1 1 1 1 1 1
8 6 6 4 4 4 4 4 4 3 3 3 1
8 6 6 4 4 4 4 4 4 3 3 2 2
8 6 6 4 4 4 4 4 4 3 3 2 1 1
8 6 6 4 4 4 4 4 4 3 3 1 1 1 1
8 6 6 4 4 4 4 4 4 3 2 2 2 1
8 6 6 4 4 4 4 4 4 3 2 2 1 1 1
8 6 6 4 4 4 4 4 4 3 2 1 1 1 1 1
8 6 6 4 4 4 4 4 4 3 1 1 1 1 1 1 1
8 6 6 4 4 4 4 4 4 2 2 2 2 2
8 6 6 4 4 4 4 4 4 2 2 2 2 1 1
8 6 6 4 4 4 4 4 4 2 2 2 1 1 1 1
8 6 6 4 4 4 4 4 4 2 2 1 1 1 1 1 1
8 6 6 4 4 4 4 4 3 3 3 3 2
8 6 6 4 4 4 4 4 3 3 3 3 1 1
8 6 6 4 4 4 4 4 3 3 3 2 2 1
8 6 6 4 4 4 4 4 3 3 3 2 1 1 1
8 6 6 4 4 4 4 4 3 3 3 1 1 1 1 1
8 6 6 4 4 4 4 4 3 3 2 2 2 2
8 6 6 4 4 4 4 4 3 3 2 2 2 1 1
8 6 6 4 4 4 4 4 3 3 2 2 1 1 1 1
8 6 6 4 4 4 4 4 3 3 2 1 1 1 1 1 1
8 6 6 4 4 4 4 4 3 2 2 2 2 2 1
8 6 6 4 4 4 4 4 3 2 2 2 2 1 1 1
8 6 6 4 4 4 4 4 3 2 2 2 1 1 1 1 1
8 6 6 4 4 4 4 4 2 2 2 2 2 2 2
8 6 6 4 4 4 4 4 2 2 2 2 2 2 1 1
8 6 6 4 4 4 4 4 2 2 2 2 2 1 1 1 1
8 6 6 4 4 4 4 3 3 3 3 3 3
8 6 6 4 4 4 4 3 3 3 3 3 2 1
8 6 6 4 4 4 4 3 3 3 3 3 1 1 1
8 6 6 4 4 4 4 3 3 3 3 2 2 2
8 6 6 4 4 4 4 3 3 3 3 2 2 1 1
8 6 6 4 4 4 4 3 3 3 3 2 1 1 1 1
8 6 6 4 4 4 4 3 3 3 3 1 1 1 1 1 1
8 6 6 4 4 4 4 3 3 3 2 2 2 2 1
8 6 6 4 4 4 4 3 3 3 2 2 2 1 1 1
8 6 6 4 4 4 4 3 3 3 2 2 1 1 1 1 1
8 6 6 4 4 4 4 3 3 2 2 2 2 2 2
8 6 6 4 4 4 4 3 3 2 2 2 2 2 1 1
8 6 6 4 4 4 4 3 3 2 2 2 2 1 1 1 1
8 6 6 4 4 4 4 3 2 2 2 2 2 2 2 1
8 6 6 4 4 4 4 3 2 2 2 2 2 2 1 1 1
8 6 6 4 4 4 4 2 2 2 2 2 2 2 2 1 1
8 6 6 4 4 4 3 3 3 3 3 3 3 1
8 6 6 4 4 4 3 3 3 3 3 3 2 2
8 6 6 4 4 4 3 3 3 3 3 3 2 1 1
8 6 6 4 4 4 3 3 3 3 3 3 1 1 1 1
8 6 6 4 4 4 3 3 3 3 3 2 2 2 1
8 6 6 4 4 4 3 3 3 3 3 2 2 1 1 1
8 6 6 4 4 4 3 3 3 3 3 2 1 1 1 1 1
8 6 6 4 4 4 3 3 3 3 2 2 2 2 2
8 6 6 4 4 4 3 3 3 3 2 2 2 2 1 1
8 6 6 4 4 4 3 3 3 3 2 2 2 1 1 1 1
8 6 6 4 4 4 3 3 3 2 2 2 2 2 2 1
8 6 6 4 4 4 3 3 3 2 2 2 2 2 1 1 1
8 6 6 4 4 4 3 3 2 2 2 2 2 2 2 1 1
8 6 6 4 4 3 3 3 3 3 3 3 3 2
8 6 6 4 4 3 3 3 3 3 3 3 3 1 1
8 6 6 4 4 3 3 3 3 3 3 3 2 2 1
8 6 6 4 4 3 3 3 3 3 3 3 2 1 1 1
8 6 6 4 4 3 3 3 3 3 3 3 1 1 1 1 1
8 6 6 4 4 3 3 3 3 3 3 2 2 2 2
8 6 6 4 4 3 3 3 3 3 3 2 2 2 1 1
8 6 6 4 4 3 3 3 3 3 3 2 2 1 1 1 1
8 6 6 4 4 3 3 3 3 3 2 2 2 2 2 1
8 6 6 4 4 3 3 3 3 3 2 2 2 2 1 1 1
8 6 6 4 4 3 3 3 3 2 2 2 2 2 2 1 1
8 6 5 5 5 5 5 5 5 4 1
8 6 5 5 5 5 5 5 5 3 2
8 6 5 5 5 5 5 5 5 3 1 1
8 6 5 5 5 5 5 5 5 2 2 1
8 6 5 5 5 5 5 5 5 2 1 1 1
8 6 5 5 5 5 5 5 5 1 1 1 1 1
8 6 5 5 5 5 5 5 4 4 2
8 6 5 5 5 5 5 5 4 4 1 1
8 6 5 5 5 5 5 5 4 3 3
8 6 5 5 5 5 5 5 4 3 2 1
8 6 5 5 5 5 5 5 4 3 1 1 1
8 6 5 5 5 5 5 5 4 2 2 2
8 6 5 5 5 5 5 5 4 2 2 1 1
8 6 5 5 5 5 5 5 4 2 1 1 1 1
8 6 5 5 5 5 5 5 4 1 1 1 1 1 1
8 6 5 5 5 5 5 5 3 3 3 1
8 6 5 5 5 5 5 5 3 3 2 2
8 6 5 5 5 5 5 5 3 3 2 1 1
8 6 5 5 5 5 5 5 3 3 1 1 1 1
8 6 5 5 5 5 5 5 3 2 2 2 1
8 6 5 5 5 5 5 5 3 2 2 1 1 1
8 6 5 5 5 5 5 5 3 2 1 1 1 1 1
8 6 5 5 5 5 5 5 3 1 1 1 1 1 1 1
8 6 5 5 5 5 5 5 2 2 2 2 2
8 6 5 5 5 5 5 5 2 2 2 2 1 1
8 6 5 5 5 5 5 5 2 2 2 1 1 1 1
8 6 5 5 5 5 5 5 2 2 1 1 1 1 1 1
8 6 5 5 5 5 5 5 2 1 1 1 1 1 1 1 1
8 6 5 5 5 5 5 4 4 4 3
8 6 5 5 5 5 5 4 4 4 2 1
8 6 5 5 5 5 5 4 4 4 1 1 1
8 6 5 5 5 5 5 4 4 3 3 1
8 6 5 5 5 5 5 4 4 3 2 2
8 6 5 5 5 5 5 4 4 3 2 1 1
8 6 5 5 5 5 5 4 4 3 1 1 1 1
8 6 5 5 5 5 5 4 4 2 2 2 1
8 6 5 5 5 5 5 4 4 2 2 1 1 1
8 6 5 5 5 5 5 4 4 2 1 1 1 1 1
8 6 5 5 5 5 5 4 4 1 1 1 1 1 1 1
8 6 5 5 5 5 5 4 3 3 3 2
8 6 5 5 5 5 5 4 3 3 3 1 1
8 6 5 5 5 5 5 4 3 3 2 2 1
8 6 5 5 5 5 5 4 3 3 2 1 1 1
8 6 5 5 5 5 5 4 3 3 1 1 1 1 1
8 6 5 5 5 5 5 4 3 2 2 2 2
8 6 5 5 5 5 5 4 3 2 2 2 1 1
8 6 5 5 5 5 5 4 3 2 2 1 1 1 1
8 6 5 5 5 5 5 4 3 2 1 1 1 1 1 1
8 6 5 5 5 5 5 4 3 1 1 1 1 1 1 1 1
8 6 5 5 5 5 5 4 2 2 2 2 2 1
8 6 5 5 5 5 5 4 2 2 2 2 1 1 1
8 6 5 5 5 5 5 4 2 2 2 1 1 1 1 1
8 6 5 5 5 5 5 4 2 2 1 1 1 1 1 1 1
8 6 5 5 5 5 5 3 3 3 3 3
8 6 5 5 5 5 5 3 3 3 3 2 1
8 6 5 5 5 5 5 3 3 3 3 1 1 1
8 6 5 5 5 5 5 3 3 3 2 2 2
8 6 5 5 5 5 5 3 3 3 2 2 1 1
8 6 5 5 5 5 5 3 3 3 2 1 1 1 1
8 6 5 5 5 5 5 3 3 3 1 1 1 1 1 1
8 6 5 5 5 5 5 3 3 2 2 2 2 1
8 6 5 5 5 5 5 3 3 2 2 2 1 1 1
8 6 5 5 5 5 5 3 3 2 2 1 1 1 1 1
8 6 5 5 5 5 5 3 3 2 1 1 1 1 1 1 1
8 6 5 5 5 5 5 3 2 2 2 2 2 2
8 6 5 5 5 5 5 3 2 2 2 2 2 1 1
8 6 5 5 5 5 5 3 2 2 2 2 1 1 1 1
8 6 5 5 5 5 5 3 2 2 2 1 1 1 1 1 1
8 6 5 5 5 5 5 2 2 2 2 2 2 2 1
8 6 5 5 5 5 5 2 2 2 2 2 2 1 1 1
8 6 5 5 5 5 5 2 2 2 2 2 1 1 1 1 1
8 6 5 5 5 5 4 4 4 4 4
8 6 5 5 5 5 4 4 4 4 3 1
8 6 5 5 5 5 4 4 4 4 2 2
8 6 5 5 5 5 4 4 4 4 2 1 1
8 6 5 5 5 5 4 4 4 4 1 1 1 1
8 6 5 5 5 5 4 4 4 3 3 2
8 6 5 5 5 5 4 4 4 3 3 1 1
8 6 5 5 5 5 4 4 4 3 2 2 1
8 6 5 5 5 5 4 4 4 3 2 1 1 1
8 6 5 5 5 5 4 4 4 3 1 1 1 1 1
8 6 5 5 5 5 4 4 4 2 2 2 2
8 6 5 5 5 5 4 4 4 2 2 2 1 1
8 6 5 5 5 5 4 4 4 2 2 1 1 1 1
8 6 5 5 5 5 4 4 4 2 1 1 1 1 1 1
8 6 5 5 5 5 4 4 4 1 1 1 1 1 1 1 1
8 6 5 5 5 5 4 4 3 3 3 3
8 6 5 5 5 5 4 4 3 3 3 2 1
8 6 5 5 5 5 4 4 3 3 3 1 1 1
8 6 5 5 5 5 4 4 3 3 2 2 2
8 6 5 5 5 5 4 4 3 3 2 2 1 1
8 6 5 5 5 5 4 4 3 3 2 1 1 1 1
8 6 5 5 5 5 4 4 3 3 1 1 1 1 1 1
8 6 5 5 5 5 4 4 3 2 2 2 2 1
8 6 5 5 5 5 4 4 3 2 2 2 1 1 1
8 6 5 5 5 5 4 4 3 2 2 1 1 1 1 1
8 6 5 5 5 5 4 4 3 2 1 1 1 1 1 1 1
8 6 5 5 5 5 4 4 2 2 2 2 2 2
8 6 5 5 5 5 4 4 2 2 2 2 2 1 1
8 6 5 5 5 5 4 4 2 2 2 2 1 1 1 1
8 6 5 5 5 5 4 4 2 2 2 1 1 1 1 1 1
8 6 5 5 5 5 4 3 3 3 3 3 1
8 6 5 5 5 5 4 3 3 3 3 2 2
8 6 5 5 5 5 4 3 3 3 3 2 1 1
8 6 5 5 5 5 4 3 3 3 3 1 1 1 1
8 6 5 5 5 5 4 3 3 3 2 2 2 1
8 6 5 5 5 5 4 3 3 3 2 2 1 1 1
8 6 5 5 5 5 4 3 3 3 2 1 1 1 1 1
8 6 5 5 5 5 4 3 3 3 1 1 1 1 1 1 1
8 6 5 5 5 5 4 3 3 2 2 2 2 2
8 6 5 5 5 5 4 3 3 2 2 2 2 1 1
8 6 5 5 5 5 4 3 3 2 2 2 1 1 1 1
8 6 5 5 5 5 4 3 3 2 2 1 1 1 1 1 1
8 6 5 5 5 5 4 3 2 2 2 2 2 2 1
8 6 5 5 5 5 4 3 2 2 2 2 2 1 1 1
8 6 5 5 5 5 4 3 2 2 2 2 1 1 1 1 1
8 6 5 5 5 5 4 2 2 2 2 2 2 2 2
8 6 5 5 5 5 4 2 2 2 2 2 2 2 1 1
8 6 5 5 5 5 4 2 2 2 2 2 2 1 1 1 1
8 6 5 5 5 5 3 3 3 3 3 3 2
8 6 5 5 5 5 3 3 3 3 3 3 1 1
8 6 5 5 5 5 3 3 3 3 3 2 2 1
8 6 5 5 5 5 3 3 3 3 3 2 1 1 1
8 6 5 5 5 5 3 3 3 3 3 1 1 1 1 1
8 6 5 5 5 5 3 3 3 3 2 2 2 2
8 6 5 5 5 5 3 3 3 3 2 2 2 1 1
8 6 5 5 5 5 3 3 3 3 2 2 1 1 1 1
8 6 5 5 5 5 3 3 3 3 2 1 1 1 1 1 1
8 6 5 5 5 5 3 3 3 2 2 2 2 2 1
8 6 5 5 5 5 3 3 3 2 2 2 2 1 1 1
8 6 5 5 5 5 3 3 3 2 2 2 1 1 1 1 1
8 6 5 5 5 5 3 3 2 2 2 2 2 2 2
8 6 5 5 5 5 3 3 2 2 2 2 2 2 1 1
8 6 5 5 5 5 3 3 2 2 2 2 2 1 1 1 1
8 6 5 5 5 5 3 2 2 2 2 2 2 2 2 1
8 6 5 5 5 5 3 2 2 2 2 2 2 2 1 1 1
8 6 5 5 5 4 4 4 4 4 4 1
8 6 5 5 5 4 4 4 4 4 3 2
8 6 5 5 5 4 4 4 4 4 3 1 1
8 6 5 5 5 4 4 4 4 4 2 2 1
8 6 5 5 5 4 4 4 4 4 2 1 1 1
8 6 5 5 5 4 4 4 4 4 1 1 1 1 1
8 6 5 5 5 4 4 4 4 3 3 3
8 6 5 5 5 4 4 4 4 3 3 2 1
8 6 5 5 5 4 4 4 4 3 3 1 1 1
8 6 5 5 5 4 4 4 4 3 2 2 2
8 6 5 5 5 4 4 4 4 3 2 2 1 1
8 6 5 5 5 4 4 4 4 3 2 1 1 1 1
8 6 5 5 5 4 4 4 4 3 1 1 1 1 1 1
8 6 5 5 5 4 4 4 4 2 2 2 2 1
8 6 5 5 5 4 4 4 4 2 2 2 1 1 1
8 6 5 5 5 4 4 4 4 2 2 1 1 1 1 1
8 6 5 5 5 4 4 4 4 2 1 1 1 1 1 1 1
8 6 5 5 5 4 4 4 3 3 3 3 1
8 6 5 5 5 4 4 4 3 3 3 2 2
8 6 5 5 5 4 4 4 3 3 3 2 1 1
8 6 5 5 5 4 4 4 3 3 3 1 1 1 1
8 6 5 5 5 4 4 4 3 3 2 2 2 1
8 6 5 5 5 4 4 4 3 3 2 2 1 1 1
8 6 5 5 5 4 4 4 3 3 2 1 1 1 1 1
8 6 5 5 5 4 4 4 3 3 1 1 1 1 1 1 1
8 6 5 5 5 4 4 4 3 2 2 2 2 2
8 6 5 5 5 4 4 4 3 2 2 2 2 1 1
8 6 5 5 5 4 4 4 3 2 2 2 1 1 1 1
8 6 5 5 5 4 4 4 3 2 2 1 1 1 1 1 1
8 6 5 5 5 4 4 4 2 2 2 2 2 2 1
8 6 5 5 5 4 4 4 2 2 2 2 2 1 1 1
8 6 5 5 5 4 4 4 2 2 2 2 1 1 1 1 1
8 6 5 5 5 4 4 3 3 3 3 3 2
8 6 5 5 5 4 4 3 3 3 3 3 1 1
8 6 5 5 5 4 4 3 3 3 3 2 2 1
8 6 5 5 5 4 4 3 3 3 3 2 1 1 1
8 6 5 5 5 4 4 3 3 3 3 1 1 1 1 1
8 6 5 5 5 4 4 3 3 3 2 2 2 2
8 6 5 5 5 4 4 3 3 3 2 2 2 1 1
8 6 5 5 5 4 4 3 3 3 2 2 1 1 1 1
8 6 5 5 5 4 4 3 3 3 2 1 1 1 1 1 1
8 6 5 5 5 4 4 3 3 2 2 2 2 2 1
8 6 5 5 5 4 4 3 3 2 2 2 2 1 1 1
8 6 5 5 5 4 4 3 3 2 2 2 1 1 1 1 1
8 6 5 5 5 4 4 3 2 2 2 2 2 2 2
8 6 5 5 5 4 4 3 2 2 2 2 2 2 1 1
8 6 5 5 5 4 4 3 2 2 2 2 2 1 1 1 1
8 6 5 5 5 4 4 2 2 2 2 2 2 2 2 1
8 6 5 5 5 4 4 2 2 2 2 2 2 2 1 1 1
8 6 5 5 5 4 3 3 3 3 3 3 3
8 6 5 5 5 4 3 3 3 3 3 3 2 1
8 6 5 5 5 4 3 3 3 3 3 3 1 1 1
8 6 5 5 5 4 3 3 3 3 3 2 2 2
8 6 5 5 5 4 3 3 3 3 3 2 2 1 1
8 6 5 5 5 4 3 3 3 3 3 2 1 1 1 1
8 6 5 5 5 4 3 3 3 3 3 1 1 1 1 1 1
8 6 5 5 5 4 3 3 3 3 2 2 2 2 1
8 6 5 5 5 4 3 3 3 3 2 2 2 1 1 1
8 6 5 5 5 4 3 3 3 3 2 2 1 1 1 1 1
8 6 5 5 5 4 3 3 3 2 2 2 2 2 2
8 6 5 5 5 4 3 3 3 2 2 2 2 2 1 1
8 6 5 5 5 4 3 3 3 2 2 2 2 1 1 1 1
8 6 5 5 5 4 3 3 2 2 2 2 2 2 2 1
8 6 5 5 5 4 3 3 2 2 2 2 2 2 1 1 1
8 6 5 5 5 4 3 2 2 2 2 2 2 2 2 1 1
8 6 5 5 5 3 3 3 3 3 3 3 3 1
8 6 5 5 5 3 3 3 3 3 3 3 2 2
8 6 5 5 5 3 3 3 3 3 3 3 2 1 1
8 6 5 5 5 3 3 3 3 3 3 3 1 1 1 1
8 6 5 5 5 3 3 3 3 3 3 2 2 2 1
8 6 5 5 5 3 3 3 3 3 3 2 2 1 1 1
8 6 5 5 5 3 3 3 3 3 3 2 1 1 1 1 1
8 6 5 5 5 3 3 3 3 3 2 2 2 2 2
8 6 5 5 5 3 3 3 3 3 2 2 2 2 1 1
8 6 5 5 5 3 3 3 3 3 2 2 2 1 1 1 1
8 6 5 5 5 3 3 3 3 2 2 2 2 2 2 1
8 6 5 5 5 3 3 3 3 2 2 2 2 2 1 1 1
8 6 5 5 5 3 3 3 2 2 2 2 2 2 2 1 1
8 6 5 5 4 4 4 4 4 4 4 2
8 6 5 5 4 4 4 4 4 4 4 1 1
8 6 5 5 4 4 4 4 4 4 3 3
8 6 5 5 4 4 4 4 4 4 3 2 1
8 6 5 5 4 4 4 4 4 4 3 1 1 1
8 6 5 5 4 4 4 4 4 4 2 2 2
8 6 5 5 4 4 4 4 4 4 2 2 1 1
8 6 5 5 4 4 4 4 4 4 2 1 1 1 1
8 6 5 5 4 4 4 4 4 4 1 1 1 1 1 1
8 6 5 5 4 4 4 4 4 3 3 3 1
8 6 5 5 4 4 4 4 4 3 3 2 2
8 6 5 5 4 4 4 4 4 3 3 2 1 1
8 6 5 5 4 4 4 4 4 3 3 1 1 1 1
8 6 5 5 4 4 4 4 4 3 2 2 2 1
8 6 5 5 4 4 4 4 4 3 2 2 1 1 1
8 6 5 5 4 4 4 4 4 3 2 1 1 1 1 1
8 6 5 5 4 4 4 4 4 3 1 1 1 1 1 1 1
8 6 5 5 4 4 4 4 4 2 2 2 2 2
8 6 5 5 4 4 4 4 4 2 2 2 2 1 1
8 6 5 5 4 4 4 4 4 2 2 2 1 1 1 1
8 6 5 5 4 4 4 4 4 2 2 1 1 1 1 1 1
8 6 5 5 4 4 4 4 3 3 3 3 2
8 6 5 5 4 4 4 4 3 3 3 3 1 1
8 6 5 5 4 4 4 4 3 3 3 2 2 1
8 6 5 5 4 4 4 4 3 3 3 2 1 1 1
8 6 5 5 4 4 4 4 3 3 3 1 1 1 1 1
8 6 5 5 4 4 4 4 3 3 2 2 2 2
8 6 5 5 4 4 4 4 3 3 2 2 2 1 1
8 6 5 5 4 4 4 4 3 3 2 2 1 1 1 1
8 6 5 5 4 4 4 4 3 3 2 1 1 1 1 1 1
8 6 5 5 4 4 4 4 3 2 2 2 2 2 1
8 6 5 5 4 4 4 4 3 2 2 2 2 1 1 1
8 6 5 5 4 4 4 4 3 2 2 2 1 1 1 1 1
8 6 5 5 4 4 4 4 2 2 2 2 2 2 2
8 6 5 5 4 4 4 4 2 2 2 2 2 2 1 1
8 6 5 5 4 4 4 4 2 2 2 2 2 1 1 1 1
8 6 5 5 4 4 4 3 3 3 3 3 3
8 6 5 5 4 4 4 3 3 3 3 3 2 1
8 6 5 5 4 4 4 3 3 3 3 3 1 1 1
8 6 5 5 4 4 4 3 3 3 3 2 2 2
8 6 5 5 4 4 4 3 3 3 3 2 2 1 1
8 6 5 5 4 4 4 3 3 3 3 2 1 1 1 1
8 6 5 5 4 4 4 3 3 3 3 1 1 1 1 1 1
8 6 5 5 4 4 4 3 3 3 2 2 2 2 1
8 6 5 5 4 4 4 3 3 3 2 2 2 1 1 1
8 6 5 5 4 4 4 3 3 3 2 2 1 1 1 1 1
8 6 5 5 4 4 4 3 3 2 2 2 2 2 2
8 6 5 5 4 4 4 3 3 2 2 2 2 2 1 1
8 6 5 5 4 4 4 3 3 2 2 2 2 1 1 1 1
8 6 5 5 4 4 4 3 2 2 2 2 2 2 2 1
8 6 5 5 4 4 4 3 2 2 2 2 2 2 1 1 1
8 6 5 5 4 4 4 2 2 2 2 2 2 2 2 1 1
8 6 5 5 4 4 3 3 3 3 3 3 3 1
8 6 5 5 4 4 3 3 3 3 3 3 2 2
8 6 5 5 4 4 3 3 3 3 3 3 2 1 1
8 6 5 5 4 4 3 3 3 3 3 3 1 1 1 1
8 6 5 5 4 4 3 3 3 3 3 2 2 2 1
8 6 5 5 4 4 3 3 3 3 3 2 2 1 1 1
8 6 5 5 4 4 3 3 3 3 3 2 1 1 1 1 1
8 6 5 5 4 4 3 3 3 3 2 2 2 2 2
8 6 5 5 4 4 3 3 3 3 2 2 2 2 1 1
8 6 5 5 4 4 3 3 3 3 2 2 2 1 1 1 1
8 6 5 5 4 4 3 3 3 2 2 2 2 2 2 1
8 6 5 5 4 4 3 3 3 2 2 2 2 2 1 1 1
8 6 5 5 4 4 3 3 2 2 2 2 2 2 2 1 1
8 6 5 5 4 3 3 3 3 3 3 3 3 2
8 6 5 5 4 3 3 3 3 3 3 3 3 1 1
8 6 5 5 4 3 3 3 3 3 3 3 2 2 1
8 6 5 5 4 3 3 3 3 3 3 3 2 1 1 1
8 6 5 5 4 3 3 3 3 3 3 3 1 1 1 1 1
8 6 5 5 4 3 3 3 3 3 3 2 2 2 2
8 6 5 5 4 3 3 3 3 3 3 2 2 2 1 1
8 6 5 5 4 3 3 3 3 3 3 2 2 1 1 1 1
8 6 5 5 4 3 3 3 3 3 2 2 2 2 2 1
8 6 5 5 4 3 3 3 3 3 2 2 2 2 1 1 1
8 6 5 5 4 3 3 3 3 2 2 2 2 2 2 1 1
8 6 5 4 4 4 4 4 4 4 4 3
8 6 5 4 4 4 4 4 4 4 4 2 1
8 6 5 4 4 4 4 4 4 4 4 1 1 1
8 6 5 4 4 4 4 4 4 4 3 3 1
8 6 5 4 4 4 4 4 4 4 3 2 2
8 6 5 4 4 4 4 4 4 4 3 2 1 1
8 6 5 4 4 4 4 4 4 4 3 1 1 1 1
8 6 5 4 4 4 4 4 4 4 2 2 2 1
8 6 5 4 4 4 4 4 4 4 2 2 1 1 1
8 6 5 4 4 4 4 4 4 4 2 1 1 1 1 1
8 6 5 4 4 4 4 4 4 4 1 1 1 1 1 1 1
8 6 5 4 4 4 4 4 4 3 3 3 2
8 6 5 4 4 4 4 4 4 3 3 3 1 1
8 6 5 4 4 4 4 4 4 3 3 2 2 1
8 6 5 4 4 4 4 4 4 3 3 2 1 1 1
8 6 5 4 4 4 4 4 4 3 3 1 1 1 1 1
8 6 5 4 4 4 4 4 4 3 2 2 2 2
8 6 5 4 4 4 4 4 4 3 2 2 2 1 1
8 6 5 4 4 4 4 4 4 3 2 2 1 1 1 1
8 6 5 4 4 4 4 4 4 3 2 1 1 1 1 1 1
8 6 5 4 4 4 4 4 4 2 2 2 2 2 1
8 6 5 4 4 4 4 4 4 2 2 2 2 1 1 1
8 6 5 4 4 4 4 4 4 2 2 2 1 1 1 1 1
8 6 5 4 4 4 4 4 3 3 3 3 3
8 6 5 4 4 4 4 4 3 3 3 3 2 1
8 6 5 4 4 4 4 4 3 3 3 3 1 1 1
8 6 5 4 4 4 4 4 3 3 3 2 2 2
8 6 5 4 4 4 4 4 3 3 3 2 2 1 1
8 6 5 4 4 4 4 4 3 3 3 2 1 1 1 1
8 6 5 4 4 4 4 4 3 3 3 1 1 1 1 1 1
8 6 5 4 4 4 4 4 3 3 2 2 2 2 1
8 6 5 4 4 4 4 4 3 3 2 2 2 1 1 1
8 6 5 4 4 4 4 4 3 3 2 2 1 1 1 1 1
8 6 5 4 4 4 4 4 3 2 2 2 2 2 2
8 6 5 4 4 4 4 4 3 2 2 2 2 2 1 1
8 6 5 4 4 4 4 4 3 2 2 2 2 1 1 1 1
8 6 5 4 4 4 4 4 2 2 2 2 2 2 2 1
8 6 5 4 4 4 4 4 2 2 2 2 2 2 1 1 1
8 6 5 4 4 4 4 3 3 3 3 3 3 1
8 6 5 4 4 4 4 3 3 3 3 3 2 2
8 6 5 4 4 4 4 3 3 3 3 3 2 1 1
8 6 5 4 4 4 4 3 3 3 3 3 1 1 1 1
8 6 5 4 4 4 4 3 3 3 3 2 2 2 1
8 6 5 4 4 4 4 3 3 3 3 2 2 1 1 1
8 6 5 4 4 4 4 3 3 3 3 2 1 1 1 1 1
8 6 5 4 4 4 4 3 3 3 2 2 2 2 2
8 6 5 4 4 4 4 3 3 3 2 2 2 2 1 1
8 6 5 4 4 4 4 3 3 3 2 2 2 1 1 1 1
8 6 5 4 4 4 4 3 3 2 2 2 2 2 2 1
8 6 5 4 4 4 4 3 3 2 2 2 2 2 1 1 1
8 6 5 4 4 4 4 3 2 2 2 2 2 2 2 1 1
8 6 5 4 4 4 3 3 3 3 3 3 3 2
8 6 5 4 4 4 3 3 3 3 3 3 3 1 1
8 6 5 4 4 4 3 3 3 3 3 3 2 2 1
8 6 5 4 4 4 3 3 3 3 3 3 2 1 1 1
8 6 5 4 4 4 3 3 3 3 3 3 1 1 1 1 1
8 6 5 4 4 4 3 3 3 3 3 2 2 2 2
8 6 5 4 4 4 3 3 3 3 3 2 2 2 1 1
8 6 5 4 4 4 3 3 3 3 3 2 2 1 1 1 1
8 6 5 4 4 4 3 3 3 3 2 2 2 2 2 1
8 6 5 4 4 4 3 3 3 3 2 2 2 2 1 1 1
8 6 5 4 4 4 3 3 3 2 2 2 2 2 2 1 1
8 6 5 4 4 3 3 3 3 3 3 3 3 2 1
8 6 5 4 4 3 3 3 3 3 3 3 3 1 1 1
8 6 5 4 4 3 3 3 3 3 3 3 2 2 2
8 6 5 4 4 3 3 3 3 3 3 3 2 2 1 1
8 6 5 4 4 3 3 3 3 3 3 3 2 1 1 1 1
8 6 5 4 4 3 3 3 3 3 3 2 2 2 2 1
8 6 5 4 4 3 3 3 3 3 3 2 2 2 1 1 1
8 6 5 4 4 3 3 3 3 3 2 2 2 2 2 1 1
8 5 5 5 5 5 5 5 5 4 2
8 5 5 5 5 5 5 5 5 4 1 1
8 5 5 5 5 5 5 5 5 3 3
8 5 5 5 5 5 5 5 5 3 2 1
8 5 5 5 5 5 5 5 5 3 1 1 1
8 5 5 5 5 5 5 5 5 2 2 2
8 5 5 5 5 5 5 5 5 2 2 1 1
8 5 5 5 5 5 5 5 5 2 1 1 1 1
8 5 5 5 5 5 5 5 5 1 1 1 1 1 1
8 5 5 5 5 5 5 5 4 4 3
8 5 5 5 5 5 5 5 4 4 2 1
8 5 5 5 5 5 5 5 4 4 1 1 1
8 5 5 5 5 5 5 5 4 3 3 1
8 5 5 5 5 5 5 5 4 3 2 2
8 5 5 5 5 5 5 5 4 3 2 1 1
8 5 5 5 5 5 5 5 4 3 1 1 1 1
8 5 5 5 5 5 5 5 4 2 2 2 1
8 5 5 5 5 5 5 5 4 2 2 1 1 1
8 5 5 5 5 5 5 5 4 2 1 1 1 1 1
8 5 5 5 5 5 5 5 4 1 1 1 1 1 1 1
8 5 5 5 5 5 5 5 3 3 3 2
8 5 5 5 5 5 5 5 3 3 3 1 1
8 5 5 5 5 5 5 5 3 3 2 2 1
8 5 5 5 5 5 5 5 3 3 2 1 1 1
8 5 5 5 5 5 5 5 3 3 1 1 1 1 1
8 5 5 5 5 5 5 5 3 2 2 2 2
8 5 5 5 5 5 5 5 3 2 2 2 1 1
8 5 5 5 5 5 5 5 3 2 2 1 1 1 1
8 5 5 5 5 5 5 5 3 2 1 1 1 1 1 1
8 5 5 5 5 5 5 5 3 1 1 1 1 1 1 1 1
8 5 5 5 5 5 5 5 2 2 2 2 2 1
8 5 5 5 5 5 5 5 2 2 2 2 1 1 1
8 5 5 5 5 5 5 5 2 2 2 1 1 1 1 1
8 5 5 5 5 5 5 5 2 2 1 1 1 1 1 1 1
8 5 5 5 5 5 5 4 4 4 4
8 5 5 5 5 5 5 4 4 4 3 1
8 5 5 5 5 5 5 4 4 4 2 2
8 5 5 5 5 5 5 4 4 4 2 1 1
8 5 5 5 5 5 5 4 4 4 1 1 1 1
8 5 5 5 5 5 5 4 4 3 3 2
8 5 5 5 5 5 5 4 4 3 3 1 1
8 5 5 5 5 5 5 4 4 3 2 2 1
8 5 5 5 5 5 5 4 4 3 2 1 1 1
8 5 5 5 5 5 5 4 4 3 1 1 1 1 1
8 5 5 5 5 5 5 4 4 2 2 2 2
8 5 5 5 5 5 5 4 4 2 2 2 1 1
8 5 5 5 5 5 5 4 4 2 2 1 1 1 1
8 5 5 5 5 5 5 4 4 2 1 1 1 1 1 1
8 5 5 5 5 5 5 4 4 1 1 1 1 1 1 1 1
8 5 5 5 5 5 5 4 3 3 3 3
8 5 5 5 5 5 5 4 3 3 3 2 1
8 5 5 5 5 5 5 4 3 3 3 1 1 1
8 5 5 5 5 5 5 4 3 3 2 2 2
8 5 5 5 5 5 5 4 3 3 2 2 1 1
8 5 5 5 5 5 5 4 3 3 2 1 1 1 1
8 5 5 5 5 5 5 4 3 3 1 1 1 1 1 1
8 5 5 5 5 5 5 4 3 2 2 2 2 1
8 5 5 5 5 5 5 4 3 2 2 2 1 1 1
8 5 5 5 5 5 5 4 3 2 2 1 1 1 1 1
8 5 5 5 5 5 5 4 3 2 1 1 1 1 1 1 1
8 5 5 5 5 5 5 4 2 2 2 2 2 2
8 5 5 5 5 5 5 4 2 2 2 2 2 1 1
8 5 5 5 5 5 5 4 2 2 2 2 1 1 1 1
8 5 5 5 5 5 5 4 2 2 2 1 1 1 1 1 1
8 5 5 5 5 5 5 3 3 3 3 3 1
8 5 5 5 5 5 5 3 3 3 3 2 2
8 5 5 5 5 5 5 3 3 3 3 2 1 1
8 5 5 5 5 5 5 3 3 3 3 1 1 1 1
8 5 5 5 5 5 5 3 3 3 2 2 2 1
8 5 5 5 5 5 5 3 3 3 2 2 1 1 1
8 5 5 5 5 5 5 3 3 3 2 1 1 1 1 1
8 5 5 5 5 5 5 3 3 3 1 1 1 1 1 1 1
8 5 5 5 5 5 5 3 3 2 2 2 2 2
8 5 5 5 5 5 5 3 3 2 2 2 2 1 1
8 5 5 5 5 5 5 3 3 2 2 2 1 1 1 1
8 5 5 5 5 5 5 3 3 2 2 1 1 1 1 1 1
8 5 5 5 5 5 5 3 2 2 2 2 2 2 1
8 5 5 5 5 5 5 3 2 2 2 2 2 1 1 1
8 5 5 5 5 5 5 3 2 2 2 2 1 1 1 1 1
8 5 5 5 5 5 5 2 2 2 2 2 2 2 2
8 5 5 5 5 5 5 2 2 2 2 2 2 2 1 1
8 5 5 5 5 5 5 2 2 2 2 2 2 1 1 1 1
8 5 5 5 5 5 4 4 4 4 4 1
8 5 5 5 5 5 4 4 4 4 3 2
8 5 5 5 5 5 4 4 4 4 3 1 1
8 5 5 5 5 5 4 4 4 4 2 2 1
8 5 5 5 5 5 4 4 4 4 2 1 1 1
8 5 5 5 5 5 4 4 4 4 1 1 1 1 1
8 5 5 5 5 5 4 4 4 3 3 3
8 5 5 5 5 5 4 4 4 3 3 2 1
8 5 5 5 5 5 4 4 4 3 3 1 1 1
8 5 5 5 5 5 4 4 4 3 2 2 2
8 5 5 5 5 5 4 4 4 3 2 2 1 1
8 5 5 5 5 5 4 4 4 3 2 1 1 1 1
8 5 5 5 5 5 4 4 4 3 1 1 1 1 1 1
8 5 5 5 5 5 4 4 4 2 2 2 2 1
8 5 5 5 5 5 4 4 4 2 2 2 1 1 1
8 5 5 5 5 5 4 4 4 2 2 1 1 1 1 1
8 5 5 5 5 5 4 4 4 2 1 1 1 1 1 1 1
8 5 5 5 5 5 4 4 3 3 3 3 1
8 5 5 5 5 5 4 4 3 3 3 2 2
8 5 5 5 5 5 4 4 3 3 3 2 1 1
8 5 5 5 5 5 4 4 3 3 3 1 1 1 1
8 5 5 5 5 5 4 4 3 3 2 2 2 1
8 5 5 5 5 5 4 4 3 3 2 2 1 1 1
8 5 5 5 5 5 4 4 3 3 2 1 1 1 1 1
8 5 5 5 5 5 4 4 3 3 1 1 1 1 1 1 1
8 5 5 5 5 5 4 4 3 2 2 2 2 2
8 5 5 5 5 5 4 4 3 2 2 2 2 1 1
8 5 5 5 5 5 4 4 3 2 2 2 1 1 1 1
8 5 5 5 5 5 4 4 3 2 2 1 1 1 1 1 1
8 5 5 5 5 5 4 4 2 2 2 2 2 2 1
8 5 5 5 5 5 4 4 2 2 2 2 2 1 1 1
8 5 5 5 5 5 4 4 2 2 2 2 1 1 1 1 1
8 5 5 5 5 5 4 3 3 3 3 3 2
8 5 5 5 5 5 4 3 3 3 3 3 1 1
8 5 5 5 5 5 4 3 3 3 3 2 2 1
8 5 5 5 5 5 4 3 3 3 3 2 1 1 1
8 5 5 5 5 5 4 3 3 3 3 1 1 1 1 1
8 5 5 5 5 5 4 3 3 3 2 2 2 2
8 5 5 5 5 5 4 3 3 3 2 2 2 1 1
8 5 5 5 5 5 4 3 3 3 2 2 1 1 1 1
8 5 5 5 5 5 4 3 3 3 2 1 1 1 1 1 1
8 5 5 5 5 5 4 3 3 2 2 2 2 2 1
8 5 5 5 5 5 4 3 3 2 2 2 2 1 1 1
8 5 5 5 5 5 4 3 3 2 2 2 1 1 1 1 1
8 5 5 5 5 5 4 3 2 2 2 2 2 2 2
8 5 5 5 5 5 4 3 2 2 2 2 2 2 1 1
8 5 5 5 5 5 4 3 2 2 2 2 2 1 1 1 1
8 5 5 5 5 5 4 2 2 2 2 2 2 2 2 1
8 5 5 5 5 5 4 2 2 2 2 2 2 2 1 1 1
8 5 5 5 5 5 3 3 3 3 3 3 3
8 5 5 5 5 5 3 3 3 3 3 3 2 1
8 5 5 5 5 5 3 3 3 3 3 3 1 1 1
8 5 5 5 5 5 3 3 3 3 3 2 2 2
8 5 5 5 5 5 3 3 3 3 3 2 2 1 1
8 5 5 5 5 5 3 3 3 3 3 2 1 1 1 1
8 5 5 5 5 5 3 3 3 3 3 1 1 1 1 1 1
8 5 5 5 5 5 3 3 3 3 2 2 2 2 1
8 5 5 5 5 5 3 3 3 3 2 2 2 1 1 1
8 5 5 5 5 5 3 3 3 3 2 2 1 1 1 1 1
8 5 5 5 5 5 3 3 3 2 2 2 2 2 2
8 5 5 5 5 5 3 3 3 2 2 2 2 2 1 1
8 5 5 5 5 5 3 3 3 2 2 2 2 1 1 1 1
8 5 5 5 5 5 3 3 2 2 2 2 2 2 2 1
8 5 5 5 5 5 3 3 2 2 2 2 2 2 1 1 1
8 5 5 5 5 5 3 2 2 2 2 2 2 2 2 1 1
8 5 5 5 5 4 4 4 4 4 4 2
8 5 5 5 5 4 4 4 4 4 4 1 1
8 5 5 5 5 4 4 4 4 4 3 3
8 5 5 5 5 4 4 4 4 4 3 2 1
8 5 5 5 5 4 4 4 4 4 3 1 1 1
8 5 5 5 5 4 4 4 4 4 2 2 2
8 5 5 5 5 4 4 4 4 4 2 2 1 1
8 5 5 5 5 4 4 4 4 4 2 1 1 1 1
8 5 5 5 5 4 4 4 4 4 1 1 1 1 1 1
8 5 5 5 5 4 4 4 4 3 3 3 1
8 5 5 5 5 4 4 4 4 3 3 2 2
8 5 5 5 5 4 4 4 4 3 3 2 1 1
8 5 5 5 5 4 4 4 4 3 3 1 1 1 1
8 5 5 5 5 4 4 4 4 3 2 2 2 1
8 5 5 5 5 4 4 4 4 3 2 2 1 1 1
8 5 5 5 5 4 4 4 4 3 2 1 1 1 1 1
8 5 5 5 5 4 4 4 4 3 1 1 1 1 1 1 1
8 5 5 5 5 4 4 4 4 2 2 2 2 2
8 5 5 5 5 4 4 4 4 2 2 2 2 1 1
8 5 5 5 5 4 4 4 4 2 2 2 1 1 1 1
8 5 5 5 5 4 4 4 4 2 2 1 1 1 1 1 1
8 5 5 5 5 4 4 4 3 3 3 3 2
8 5 5 5 5 4 4 4 3 3 3 3 1 1
8 5 5 5 5 4 4 4 3 3 3 2 2 1
8 5 5 5 5 4 4 4 3 3 3 2 1 1 1
8 5 5 5 5 4 4 4 3 3 3 1 1 1 1 1
8 5 5 5 5 4 4 4 3 3 2 2 2 2
8 5 5 5 5 4 4 4 3 3 2 2 2 1 1
8 5 5 5 5 4 4 4 3 3 2 2 1 1 1 1
8 5 5 5 5 4 4 4 3 3 2 1 1 1 1 1 1
8 5 5 5 5 4 4 4 3 2 2 2 2 2 1
8 5 5 5 5 4 4 4 3 2 2 2 2 1 1 1
8 5 5 5 5 4 4 4 3 2 2 2 1 1 1 1 1
8 5 5 5 5 4 4 4 2 2 2 2 2 2 2
8 5 5 5 5 4 4 4 2 2 2 2 2 2 1 1
8 5 5 5 5 4 4 4 2 2 2 2 2 1 1 1 1
8 5 5 5 5 4 4 3 3 3 3 3 3
8 5 5 5 5 4 4 3 3 3 3 3 2 1
8 5 5 5 5 4 4 3 3 3 3 3 1 1 1
8 5 5 5 5 4 4 3 3 3 3 2 2 2
8 5 5 5 5 4 4 3 3 3 3 2 2 1 1
8 5 5 5 5 4 4 3 3 3 3 2 1 1 1 1
8 5 5 5 5 4 4 3 3 3 3 1 1 1 1 1 1
8 5 5 5 5 4 4 3 3 3 2 2 2 2 1
8 5 5 5 5 4 4 3 3 3 2 2 2 1 1 1
8 5 5 5 5 4 4 3 3 3 2 2 1 1 1 1 1
8 5 5 5 5 4 4 3 3 2 2 2 2 2 2
8 5 5 5 5 4 4 3 3 2 2 2 2 2 1 1
8 5 5 5 5 4 4 3 3 2 2 2 2 1 1 1 1
8 5 5 5 5 4 4 3 2 2 2 2 2 2 2 1
8 5 5 5 5 4 4 3 2 2 2 2 2 2 1 1 1
8 5 5 5 5 4 4 2 2 2 2 2 2 2 2 1 1
8 5 5 5 5 4 3 3 3 3 3 3 3 1
8 5 5 5 5 4 3 3 3 3 3 3 2 2
8 5 5 5 5 4 3 3 3 3 3 3 2 1 1
8 5 5 5 5 4 3 3 3 3 3 3 1 1 1 1
8 5 5 5 5 4 3 3 3 3 3 2 2 2 1
8 5 5 5 5 4 3 3 3 3 3 2 2 1 1 1
8 5 5 5 5 4 3 3 3 3 3 2 1 1 1 1 1
8 5 5 5 5 4 3 3 3 3 2 2 2 2 2
8 5 5 5 5 4 3 3 3 3 2 2 2 2 1 1
8 5 5 5 5 4 3 3 3 3 2 2 2 1 1 1 1
8 5 5 5 5 4 3 3 3 2 2 2 2 2 2 1
8 5 5 5 5 4 3 3 3 2 2 2 2 2 1 1 1
8 5 5 5 5 4 3 3 2 2 2 2 2 2 2 1 1
8 5 5 5 5 3 3 3 3 3 3 3 3 2
8 5 5 5 5 3 3 3 3 3 3 3 3 1 1
8 5 5 5 5 3 3 3 3 3 3 3 2 2 1
8 5 5 5 5 3 3 3 3 3 3 3 2 1 1 1
8 5 5 5 5 3 3 3 3 3 3 3 1 1 1 1 1
8 5 5 5 5 3 3 3 3 3 3 2 2 2 2
8 5 5 5 5 3 3 3 3 3 3 2 2 2 1 1
8 5 5 5 5 3 3 3 3 3 3 2 2 1 1 1 1
8 5 5 5 5 3 3 3 3 3 2 2 2 2 2 1
8 5 5 5 5 3 3 3 3 3 2 2 2 2 1 1 1
8 5 5 5 5 3 3 3 3 2 2 2 2 2 2 1 1
8 5 5 5 4 4 4 4 4 4 4 3
8 5 5 5 4 4 4 4 4 4 4 2 1
8 5 5 5 4 4 4 4 4 4 4 1 1 1
8 5 5 5 4 4 4 4 4 4 3 3 1
8 5 5 5 4 4 4 4 4 4 3 2 2
8 5 5 5 4 4 4 4 4 4 3 2 1 1
8 5 5 5 4 4 4 4 4 4 3 1 1 1 1
8 5 5 5 4 4 4 4 4 4 2 2 2 1
8 5 5 5 4 4 4 4 4 4 2 2 1 1 1
8 5 5 5 4 4 4 4 4 4 2 1 1 1 1 1
8 5 5 5 4 4 4 4 4 4 1 1 1 1 1 1 1
8 5 5 5 4 4 4 4 4 3 3 3 2
8 5 5 5 4 4 4 4 4 3 3 3 1 1
8 5 5 5 4 4 4 4 4 3 3 2 2 1
8 5 5 5 4 4 4 4 4 3 3 2 1 1 1
8 5 5 5 4 4 4 4 4 3 3 1 1 1 1 1
8 5 5 5 4 4 4 4 4 3 2 2 2 2
8 5 5 5 4 4 4 4 4 3 2 2 2 1 1
8 5 5 5 4 4 4 4 4 3 2 2 1 1 1 1
8 5 5 5 4 4 4 4 4 3 2 1 1 1 1 1 1
8 5 5 5 4 4 4 4 4 2 2 2 2 2 1
8 5 5 5 4 4 4 4 4 2 2 2 2 1 1 1
8 5 5 5 4 4 4 4 4 2 2 2 1 1 1 1 1
8 5 5 5 4 4 4 4 3 3 3 3 3
8 5 5 5 4 4 4 4 3 3 3 3 2 1
8 5 5 5 4 4 4 4 3 3 3 3 1 1 1
8 5 5 5 4 4 4 4 3 3 3 2 2 2
8 5 5 5 4 4 4 4 3 3 3 2 2 1 1
8 5 5 5 4 4 4 4 3 3 3 2 1 1 1 1
8 5 5 5 4 4 4 4 3 3 3 1 1 1 1 1 1
8 5 5 5 4 4 4 4 3 3 2 2 2 2 1
8 5 5 5 4 4 4 4 3 3 2 2 2 1 1 1
8 5 5 5 4 4 4 4 3 3 2 2 1 1 1 1 1
8 5 5 5 4 4 4 4 3 2 2 2 2 2 2
8 5 5 5 4 4 4 4 3 2 2 2 2 2 1 1
8 5 5 5 4 4 4 4 3 2 2 2 2 1 1 1 1
8 5 5 5 4 4 4 4 2 2 2 2 2 2 2 1
8 5 5 5 4 4 4 4 2 2 2 2 2 2 1 1 1
8 5 5 5 4 4 4 3 3 3 3 3 3 1
8 5 5 5 4 4 4 3 3 3 3 3 2 2
8 5 5 5 4 4 4 3 3 3 3 3 2 1 1
8 5 5 5 4 4 4 3 3 3 3 3 1 1 1 1
8 5 5 5 4 4 4 3 3 3 3 2 2 2 1
8 5 5 5 4 4 4 3 3 3 3 2 2 1 1 1
8 5 5 5 4 4 4 3 3 3 3 2 1 1 1 1 1
8 5 5 5 4 4 4 3 3 3 2 2 2 2 2
8 5 5 5 4 4 4 3 3 3 2 2 2 2 1 1
8 5 5 5 4 4 4 3 3 3 2 2 2 1 1 1 1
8 5 5 5 4 4 4 3 3 2 2 2 2 2 2 1
8 5 5 5 4 4 4 3 3 2 2 2 2 2 1 1 1
8 5 5 5 4 4 4 3 2 2 2 2 2 2 2 1 1
8 5 5 5 4 4 3 3 3 3 3 3 3 2
8 5 5 5 4 4 3 3 3 3 3 3 3 1 1
8 5 5 5 4 4 3 3 3 3 3 3 2 2 1
8 5 5 5 4 4 3 3 3 3 3 3 2 1 1 1
8 5 5 5 4 4 3 3 3 3 3 3 1 1 1 1 1
8 5 5 5 4 4 3 3 3 3 3 2 2 2 2
8 5 5 5 4 4 3 3 3 3 3 2 2 2 1 1
8 5 5 5 4 4 3 3 3 3 3 2 2 1 1 1 1
8 5 5 5 4 4 3 3 3 3 2 2 2 2 2 1
8 5 5 5 4 4 3 3 3 3 2 2 2 2 1 1 1
8 5 5 5 4 4 3 3 3 2 2 2 2 2 2 1 1
8 5 5 5 4 3 3 3 3 3 3 3 3 2 1
8 5 5 5 4 3 3 3 3 3 3 3 3 1 1 1
8 5 5 5 4 3 3 3 3 3 3 3 2 2 2
8 5 5 5 4 3 3 3 3 3 3 3 2 2 1 1
8 5 5 5 4 3 3 3 3 3 3 3 2 1 1 1 1
8 5 5 5 4 3 3 3 3 3 3 2 2 2 2 1
8 5 5 5 4 3 3 3 3 3 3 2 2 2 1 1 1
8 5 5 5 4 3 3 3 3 3 2 2 2 2 2 1 1
8 5 5 4 4 4 4 4 4 4 4 3 1
8 5 5 4 4 4 4 4 4 4 4 2 2
8 5 5 4 4 4 4 4 4 4 4 2 1 1
8 5 5 4 4 4 4 4 4 4 4 1 1 1 1
8 5 5 4 4 4 4 4 4 4 3 3 2
8 5 5 4 4 4 4 4 4 4 3 3 1 1
8 5 5 4 4 4 4 4 4 4 3 2 2 1
8 5 5 4 4 4 4 4 4 4 3 2 1 1 1
8 5 5 4 4 4 4 4 4 4 3 1 1 1 1 1
8 5 5 4 4 4 4 4 4 4 2 2 2 2
8 5 5 4 4 4 4 4 4 4 2 2 2 1 1
8 5 5 4 4 4 4 4 4 4 2 2 1 1 1 1
8 5 5 4 4 4 4 4 4 4 2 1 1 1 1 1 1
8 5 5 4 4 4 4 4 4 3 3 3 3
8 5 5 4 4 4 4 4 4 3 3 3 2 1
8 5 5 4 4 4 4 4 4 3 3 3 1 1 1
8 5 5 4 4 4 4 4 4 3 3 2 2 2
8 5 5 4 4 4 4 4 4 3 3 2 2 1 1
8 5 5 4 4 4 4 4 4 3 3 2 1 1 1 1
8 5 5 4 4 4 4 4 4 3 3 1 1 1 1 1 1
8 5 5 4 4 4 4 4 4 3 2 2 2 2 1
8 5 5 4 4 4 4 4 4 3 2 2 2 1 1 1
8 5 5 4 4 4 4 4 4 3 2 2 1 1 1 1 1
8 5 5 4 4 4 4 4 4 2 2 2 2 2 2
8 5 5 4 4 4 4 4 4 2 2 2 2 2 1 1
8 5 5 4 4 4 4 4 4 2 2 2 2 1 1 1 1
8 5 5 4 4 4 4 4 3 3 3 3 3 1
8 5 5 4 4 4 4 4 3 3 3 3 2 2
8 5 5 4 4 4 4 4 3 3 3 3 2 1 1
8 5 5 4 4 4 4 4 3 3 3 3 1 1 1 1
8 5 5 4 4 4 4 4 3 3 3 2 2 2 1
8 5 5 4 4 4 4 4 3 3 3 2 2 1 1 1
8 5 5 4 4 4 4 4 3 3 3 2 1 1 1 1 1
8 5 5 4 4 4 4 4 3 3 2 2 2 2 2
8 5 5 4 4 4 4 4 3 3 2 2 2 2 1 1
8 5 5 4 4 4 4 4 3 3 2 2 2 1 1 1 1
8 5 5 4 4 4 4 4 3 2 2 2 2 2 2 1
8 5 5 4 4 4 4 4 3 2 2 2 2 2 1 1 1
8 5 5 4 4 4 4 4 2 2 2 2 2 2 2 1 1
8 5 5 4 4 4 4 3 3 3 3 3 3 2
8 5 5 4 4 4 4 3 3 3 3 3 3 1 1
8 5 5 4 4 4 4 3 3 3 3 3 2 2 1
8 5 5 4 4 4 4 3 3 3 3 3 2 1 1 1
8 5 5 4 4 4 4 3 3 3 3 3 1 1 1 1 1
8 5 5 4 4 4 4 3 3 3 3 2 2 2 2
8 5 5 4 4 4 4 3 3 3 3 2 2 2 1 1
8 5 5 4 4 4 4 3 3 3 3 2 2 1 1 1 1
8 5 5 4 4 4 4 3 3 3 2 2 2 2 2 1
8 5 5 4 4 4 4 3 3 3 2 2 2 2 1 1 1
8 5 5 4 4 4 4 3 3 2 2 2 2 2 2 1 1
8 5 5 4 4 4 3 3 3 3 3 3 3 2 1
8 5 5 4 4 4 3 3 3 3 3 3 3 1 1 1
8 5 5 4 4 4 3 3 3 3 3 3 2 2 2
8 5 5 4 4 4 3 3 3 3 3 3 2 2 1 1
8 5 5 4 4 4 3 3 3 3 3 3 2 1 1 1 1
8 5 5 4 4 4 3 3 3 3 3 2 2 2 2 1
8 5 5 4 4 4 3 3 3 3 3 2 2 2 1 1 1
8 5 5 4 4 4 3 3 3 3 2 2 2 2 2 1 1
7 7 7 7 7 6 6 3 2 1 1
7 7 7 7 7 6 6 2 2 2 1
7 7 7 7 7 6 6 2 2 1 1 1
7 7 7 7 7 6 5 4 2 1 1
7 7 7 7 7 6 5 3 3 1 1
7 7 7 7 7 6 5 3 2 2 1
7 7 7 7 7 6 5 3 2 1 1 1
7 7 7 7 7 6 5 2 2 2 2
7 7 7 7 7 6 5 2 2 2 1 1
7 7 7 7 7 6 5 2 2 1 1 1 1
7 7 7 7 7 6 4 4 3 1 1
7 7 7 7 7 6 4 4 2 2 1
7 7 7 7 7 6 4 4 2 1 1 1
7 7 7 7 7 6 4 3 3 2 1
7 7 7 7 7 6 4 3 3 1 1 1
7 7 7 7 7 6 4 3 2 2 2
7 7 7 7 7 6 4 3 2 2 1 1
7 7 7 7 7 6 4 3 2 1 1 1 1
7 7 7 7 7 6 4 2 2 2 2 1
7 7 7 7 7 6 4 2 2 2 1 1 1
7 7 7 7 7 6 4 2 2 1 1 1 1 1
7 7 7 7 7 6 3 3 3 3 1
7 7 7 7 7 6 3 3 3 2 2
7 7 7 7 7 6 3 3 3 2 1 1
7 7 7 7 7 6 3 3 3 1 1 1 1
7 7 7 7 7 6 3 3 2 2 2 1
7 7 7 7 7 6 3 3 2 2 1 1 1
7 7 7 7 7 6 3 3 2 1 1 1 1 1
7 7 7 7 7 6 3 2 2 2 2 2
7 7 7 7 7 6 3 2 2 2 2 1 1
7 7 7 7 7 6 3 2 2 2 1 1 1 1
7 7 7 7 7 6 3 2 2 1 1 1 1 1 1
7 7 7 7 7 5 5 5 2 1 1
7 7 7 7 7 5 5 4 3 1 1
7 7 7 7 7 5 5 4 2 2 1
7 7 7 7 7 5 5 4 2 1 1 1
7 7 7 7 7 5 5 3 3 2 1
7 7 7 7 7 5 5 3 3 1 1 1
7 7 7 7 7 5 5 3 2 2 2
7 7 7 7 7 5 5 3 2 2 1 1
7 7 7 7 7 5 5 3 2 1 1 1 1
7 7 7 7 7 5 5 2 2 2 2 1
7 7 7 7 7 5 5 2 2 2 1 1 1
7 7 7 7 7 5 5 2 2 1 1 1 1 1
7 7 7 7 7 5 4 4 4 1 1
7 7 7 7 7 5 4 4 3 2 1
7 7 7 7 7 5 4 4 3 1 1 1
7 7 7 7 7 5 4 4 2 2 2
7 7 7 7 7 5 4 4 2 2 1 1
7 7 7 7 7 5 4 4 2 1 1 1 1
7 7 7 7 7 5 4 3 3 3 1
7 7 7 7 7 5 4 3 3 2 2
7 7 7 7 7 5 4 3 3 2 1 1
7 7 7 7 7 5 4 3 3 1 1 1 1
7 7 7 7 7 5 4 3 2 2 2 1
7 7 7 7 7 5 4 3 2 2 1 1 1
7 7 7 7 7 5 4 3 2 1 1 1 1 1
7 7 7 7 7 5 4 2 2 2 2 2
7 7 7 7 7 5 4 2 2 2 2 1 1
7 7 7 7 7 5 4 2 2 2 1 1 1 1
7 7 7 7 7 5 4 2 2 1 1 1 1 1 1
7 7 7 7 7 5 3 3 3 3 2
7 7 7 7 7 5 3 3 3 3 1 1
7 7 7 7 7 5 3 3 3 2 2 1
7 7 7 7 7 5 3 3 3 2 1 1 1
7 7 7 7 7 5 3 3 3 1 1 1 1 1
7 7 7 7 7 5 3 3 2 2 2 2
7 7 7 7 7 5 3 3 2 2 2 1 1
7 7 7 7 7 5 3 3 2 2 1 1 1 1
7 7 7 7 7 5 3 3 2 1 1 1 1 1 1
7 7 7 7 7 5 3 2 2 2 2 2 1
7 7 7 7 7 5 3 2 2 2 2 1 1 1
7 7 7 7 7 5 3 2 2 2 1 1 1 1 1
7 7 7 7 7 5 3 2 2 1 1 1 1 1 1 1
7 7 7 7 7 4 4 4 4 2 1
7 7 7 7 7 4 4 4 4 1 1 1
7 7 7 7 7 4 4 4 3 3 1
7 7 7 7 7 4 4 4 3 2 2
7 7 7 7 7 4 4 4 3 2 1 1
7 7 7 7 7 4 4 4 3 1 1 1 1
7 7 7 7 7 4 4 4 2 2 2 1
7 7 7 7 7 4 4 4 2 2 1 1 1
7 7 7 7 7 4 4 4 2 1 1 1 1 1
7 7 7 7 7 4 4 3 3 3 2
7 7 7 7 7 4 4 3 3 3 1 1
7 7 7 7 7 4 4 3 3 2 2 1
7 7 7 7 7 4 4 3 3 2 1 1 1
7 7 7 7 7 4 4 3 3 1 1 1 1 1
7 7 7 7 7 4 4 3 2 2 2 2
7 7 7 7 7 4 4 3 2 2 2 1 1
7 7 7 7 7 4 4 3 2 2 1 1 1 1
7 7 7 7 7 4 4 3 2 1 1 1 1 1 1
7 7 7 7 7 4 4 2 2 2 2 2 1
7 7 7 7 7 4 4 2 2 2 2 1 1 1
7 7 7 7 7 4 4 2 2 2 1 1 1 1 1
7 7 7 7 7 4 4 2 2 1 1 1 1 1 1 1
7 7 7 7 7 4 3 3 3 3 3
7 7 7 7 7 4 3 3 3 3 2 1
7 7 7 7 7 4 3 3 3 3 1 1 1
7 7 7 7 7 4 3 3 3 2 2 2
7 7 7 7 7 4 3 3 3 2 2 1 1
7 7 7 7 7 4 3 3 3 2 1 1 1 1
7 7 7 7 7 4 3 3 3 1 1 1 1 1 1
7 7 7 7 7 4 3 3 2 2 2 2 1
7 7 7 7 7 4 3 3 2 2 2 1 1 1
7 7 7 7 7 4 3 3 2 2 1 1 1 1 1
7 7 7 7 7 4 3 3 2 1 1 1 1 1 1 1
7 7 7 7 7 4 3 2 2 2 2 2 2
7 7 7 7 7 4 3 2 2 2 2 2 1 1
7 7 7 7 7 4 3 2 2 2 2 1 1 1 1
7 7 7 7 7 4 3 2 2 2 1 1 1 1 1 1
7 7 7 7 7 4 3 2 2 1 1 1 1 1 1 1 1
7 7 7 7 7 3 3 3 3 3 3 1
7 7 7 7 7 3 3 3 3 3 2 2
7 7 7 7 7 3 3 3 3 3 2 1 1
7 7 7 7 7 3 3 3 3 3 1 1 1 1
7 7 7 7 7 3 3 3 3 2 2 2 1
7 7 7 7 7 3 3 3 3 2 2 1 1 1
7 7 7 7 7 3 3 3 3 2 1 1 1 1 1
7 7 7 7 7 3 3 3 3 1 1 1 1 1 1 1
7 7 7 7 7 3 3 3 2 2 2 2 2
7 7 7 7 7 3 3 3 2 2 2 2 1 1
7 7 7 7 7 3 3 3 2 2 2 1 1 1 1
7 7 7 7 7 3 3 3 2 2 1 1 1 1 1 1
7 7 7 7 7 3 3 3 2 1 1 1 1 1 1 1 1
7 7 7 7 7 3 3 2 2 2 2 2 2 1
7 7 7 7 7 3 3 2 2 2 2 2 1 1 1
7 7 7 7 7 3 3 2 2 2 2 1 1 1 1 1
7 7 7 7 7 3 3 2 2 2 1 1 1 1 1 1 1
7 7 7 7 6 6 6 4 2 1 1
7 7 7 7 6 6 6 3 3 1 1
7 7 7 7 6 6 6 3 2 2 1
7 7 7 7 6 6 6 3 2 1 1 1
7 7 7 7 6 6 6 2 2 2 2
7 7 7 7 6 6 6 2 2 2 1 1
7 7 7 7 6 6 6 2 2 1 1 1 1
7 7 7 7 6 6 5 5 2 1 1
7 7 7 7 6 6 5 4 3 1 1
7 7 7 7 6 6 5 4 2 2 1
7 7 7 7 6 6 5 4 2 1 1 1
7 7 7 7 6 6 5 3 3 2 1
7 7 7 7 6 6 5 3 3 1 1 1
7 7 7 7 6 6 5 3 2 2 2
7 7 7 7 6 6 5 3 2 2 1 1
7 7 7 7 6 6 5 3 2 1 1 1 1
7 7 7 7 6 6 5 2 2 2 2 1
7 7 7 7 6 6 5 2 2 2 1 1 1
7 7 7 7 6 6 5 2 2 1 1 1 1 1
7 7 7 7 6 6 4 4 4 1 1
7 7 7 7 6 6 4 4 3 2 1
7 7 7 7 6 6 4 4 3 1 1 1
7 7 7 7 6 6 4 4 2 2 2
7 7 7 7 6 6 4 4 2 2 1 1
7 7 7 7 6 6 4 4 2 1 1 1 1
7 7 7 7 6 6 4 3 3 3 1
7 7 7 7 6 6 4 3 3 2 2
7 7 7 7 6 6 4 3 3 2 1 1
7 7 7 7 6 6 4 3 3 1 1 1 1
7 7 7 7 6 6 4 3 2 2 2 1
7 7 7 7 6 6 4 3 2 2 1 1 1
7 7 7 7 6 6 4 3 2 1 1 1 1 1
7 7 7 7 6 6 4 2 2 2 2 2
7 7 7 7 6 6 4 2 2 2 2 1 1
7 7 7 7 6 6 4 2 2 2 1 1 1 1
7 7 7 7 6 6 4 2 2 1 1 1 1 1 1
7 7 7 7 6 6 3 3 3 3 2
7 7 7 7 6 6 3 3 3 3 1 1
7 7 7 7 6 6 3 3 3 2 2 1
7 7 7 7 6 6 3 3 3 2 1 1 1
7 7 7 7 6 6 3 3 3 1 1 1 1 1
7 7 7 7 6 6 3 3 2 2 2 2
7 7 7 7 6 6 3 3 2 2 2 1 1
7 7 7 7 6 6 3 3 2 2 1 1 1 1
7 7 7 7 6 6 3 3 2 1 1 1 1 1 1
7 7 7 7 6 6 3 2 2 2 2 2 1
7 7 7 7 6 6 3 2 2 2 2 1 1 1
7 7 7 7 6 6 3 2 2 2 1 1 1 1 1
7 7 7 7 6 6 3 2 2 1 1 1 1 1 1 1
7 7 7 7 6 5 5 5 3 1 1
7 7 7 7 6 5 5 5 2 2 1
7 7 7 7 6 5 5 5 2 1 1 1
7 7 7 7 6 5 5 4 4 1 1
7 7 7 7 6 5 5 4 3 2 1
7 7 7 7 6 5 5 4 3 1 1 1
7 7 7 7 6 5 5 4 2 2 2
7 7 7 7 6 5 5 4 2 2 1 1
7 7 7 7 6 5 5 4 2 1 1 1 1
7 7 7 7 6 5 5 3 3 3 1
7 7 7 7 6 5 5 3 3 2 2
7 7 7 7 6 5 5 3 3 2 1 1
7 7 7 7 6 5 5 3 3 1 1 1 1
7 7 7 7 6 5 5 3 2 2 2 1
7 7 7 7 6 5 5 3 2 2 1 1 1
7 7 7 7 6 5 5 3 2 1 1 1 1 1
7 7 7 7 6 5 5 2 2 2 2 2
7 7 7 7 6 5 5 2 2 2 2 1 1
7 7 7 7 6 5 5 2 2 2 1 1 1 1
7 7 7 7 6 5 5 2 2 1 1 1 1 1 1
7 7 7 7 6 5 4 4 4 2 1
7 7 7 7 6 5 4 4 4 1 1 1
7 7 7 7 6 5 4 4 3 3 1
7 7 7 7 6 5 4 4 3 2 2
7 7 7 7 6 5 4 4 3 2 1 1
7 7 7 7 6 5 4 4 3 1 1 1 1
7 7 7 7 6 5 4 4 2 2 2 1
7 7 7 7 6 5 4 4 2 2 1 1 1
7 7 7 7 6 5 4 4 2 1 1 1 1 1
7 7 7 7 6 5 4 3 3 3 2
7 7 7 7 6 5 4 3 3 3 1 1
7 7 7 7 6 5 4 3 3 2 2 1
7 7 7 7 6 5 4 3 3 2 1 1 1
7 7 7 7 6 5 4 3 3 1 1 1 1 1
7 7 7 7 6 5 4 3 2 2 2 2
7 7 7 7 6 5 4 3 2 2 2 1 1
7 7 7 7 6 5 4 3 2 2 1 1 1 1
7 7 7 7 6 5 4 3 2 1 1 1 1 1 1
7 7 7 7 6 5 4 2 2 2 2 2 1
7 7 7 7 6 5 4 2 2 2 2 1 1 1
7 7 7 7 6 5 4 2 2 2 1 1 1 1 1
7 7 7 7 6 5 4 2 2 1 1 1 1 1 1 1
7 7 7 7 6 5 3 3 3 3 3
7 7 7 7 6 5 3 3 3 3 2 1
7 7 7 7 6 5 3 3 3 3 1 1 1
7 7 7 7 6 5 3 3 3 2 2 2
7 7 7 7 6 5 3 3 3 2 2 1 1
7 7 7 7 6 5 3 3 3 2 1 1 1 1
7 7 7 7 6 5 3 3 3 1 1 1 1 1 1
7 7 7 7 6 5 3 3 2 2 2 2 1
7 7 7 7 6 5 3 3 2 2 2 1 1 1
7 7 7 7 6 5 3 3 2 2 1 1 1 1 1
7 7 7 7 6 5 3 3 2 1 1 1 1 1 1 1
7 7 7 7 6 5 3 2 2 2 2 2 2
7 7 7 7 6 5 3 2 2 2 2 2 1 1
7 7 7 7 6 5 3 2 2 2 2 1 1 1 1
7 7 7 7 6 5 3 2 2 2 1 1 1 1 1 1
7 7 7 7 6 5 3 2 2 1 1 1 1 1 1 1 1
7 7 7 7 6 4 4 4 4 3 1
7 7 7 7 6 4 4 4 4 2 2
7 7 7 7 6 4 4 4 4 2 1 1
7 7 7 7 6 4 4 4 4 1 1 1 1
7 7 7 7 6 4 4 4 3 3 2
7 7 7 7 6 4 4 4 3 3 1 1
7 7 7 7 6 4 4 4 3 2 2 1
7 7 7 7 6 4 4 4 3 2 1 1 1
7 7 7 7 6 4 4 4 3 1 1 1 1 1
7 7 7 7 6 4 4 4 2 2 2 2
7 7 7 7 6 4 4 4 2 2 2 1 1
7 7 7 7 6 4 4 4 2 2 1 1 1 1
7 7 7 7 6 4 4 4 2 1 1 1 1 1 1
7 7 7 7 6 4 4 3 3 3 3
7 7 7 7 6 4 4 3 3 3 2 1
7 7 7 7 6 4 4 3 3 3 1 1 1
7 7 7 7 6 4 4 3 3 2 2 2
7 7 7 7 6 4 4 3 3 2 2 1 1
7 7 7 7 6 4 4 3 3 2 1 1 1 1
7 7 7 7 6 4 4 3 3 1 1 1 1 1 1
7 7 7 7 6 4 4 3 2 2 2 2 1
7 7 7 7 6 4 4 3 2 2 2 1 1 1
7 7 7 7 6 4 4 3 2 2 1 1 1 1 1
7 7 7 7 6 4 4 3 2 1 1 1 1 1 1 1
7 7 7 7 6 4 4 2 2 2 2 2 2
7 7 7 7 6 4 4 2 2 2 2 2 1 1
7 7 7 7 6 4 4 2 2 2 2 1 1 1 1
7 7 7 7 6 4 4 2 2 2 1 1 1 1 1 1
7 7 7 7 6 4 4 2 2 1 1 1 1 1 1 1 1
7 7 7 7 6 4 3 3 3 3 3 1
7 7 7 7 6 4 3 3 3 3 2 2
7 7 7 7 6 4 3 3 3 3 2 1 1
7 7 7 7 6 4 3 3 3 3 1 1 1 1
7 7 7 7 6 4 3 3 3 2 2 2 1
7 7 7 7 6 4 3 3 3 2 2 1 1 1
7 7 7 7 6 4 3 3 3 2 1 1 1 1 1
7 7 7 7 6 4 3 3 3 1 1 1 1 1 1 1
7 7 7 7 6 4 3 3 2 2 2 2 2
7 7 7 7 6 4 3 3 2 2 2 2 1 1
7 7 7 7 6 4 3 3 2 2 2 1 1 1 1
7 7 7 7 6 4 3 3 2 2 1 1 1 1 1 1
7 7 7 7 6 4 3 3 2 1 1 1 1 1 1 1 1
7 7 7 7 6 4 3 2 2 2 2 2 2 1
7 7 7 7 6 4 3 2 2 2 2 2 1 1 1
7 7 7 7 6 4 3 2 2 2 2 1 1 1 1 1
7 7 7 7 6 4 3 2 2 2 1 1 1 1 1 1 1
7 7 7 7 6 3 3 3 3 3 3 2
7 7 7 7 6 3 3 3 3 3 3 1 1
7 7 7 7 6 3 3 3 3 3 2 2 1
7 7 7 7 6 3 3 3 3 3 2 1 1 1
7 7 7 7 6 3 3 3 3 3 1 1 1 1 1
7 7 7 7 6 3 3 3 3 2 2 2 2
7 7 7 7 6 3 3 3 3 2 2 2 1 1
7 7 7 7 6 3 3 3 3 2 2 1 1 1 1
7 7 7 7 6 3 3 3 3 2 1 1 1 1 1 1
7 7 7 7 6 3 3 3 3 1 1 1 1 1 1 1 1
7 7 7 7 6 3 3 3 2 2 2 2 2 1
7 7 7 7 6 3 3 3 2 2 2 2 1 1 1
7 7 7 7 6 3 3 3 2 2 2 1 1 1 1 1
7 7 7 7 6 3 3 3 2 2 1 1 1 1 1 1 1
7 7 7 7 6 3 3 2 2 2 2 2 2 2
7 7 7 7 6 3 3 2 2 2 2 2 2 1 1
7 7 7 7 6 3 3 2 2 2 2 2 1 1 1 1
7 7 7 7 6 3 3 2 2 2 2 1 1 1 1 1 1
7 7 7 7 5 5 5 5 4 1 1
7 7 7 7 5 5 5 5 3 2 1
7 7 7 7 5 5 5 5 3 1 1 1
7 7 7 7 5 5 5 5 2 2 2
7 7 7 7 5 5 5 5 2 2 1 1
7 7 7 7 5 5 5 5 2 1 1 1 1
7 7 7 7 5 5 5 4 4 2 1
7 7 7 7 5 5 5 4 4 1 1 1
7 7 7 7 5 5 5 4 3 3 1
7 7 7 7 5 5 5 4 3 2 2
7 7 7 7 5 5 5 4 3 2 1 1
7 7 7 7 5 5 5 4 3 1 1 1 1
7 7 7 7 5 5 5 4 2 2 2 1
7 7 7 7 5 5 5 4 2 2 1 1 1
7 7 7 7 5 5 5 4 2 1 1 1 1 1
7 7 7 7 5 5 5 3 3 3 2
7 7 7 7 5 5 5 3 3 3 1 1
7 7 7 7 5 5 5 3 3 2 2 1
7 7 7 7 5 5 5 3 3 2 1 1 1
7 7 7 7 5 5 5 3 3 1 1 1 1 1
7 7 7 7 5 5 5 3 2 2 2 2
7 7 7 7 5 5 5 3 2 2 2 1 1
7 7 7 7 5 5 5 3 2 2 1 1 1 1
7 7 7 7 5 5 5 3 2 1 1 1 1 1 1
7 7 7 7 5 5 5 2 2 2 2 2 1
7 7 7 7 5 5 5 2 2 2 2 1 1 1
7 7 7 7 5 5 5 2 2 2 1 1 1 1 1
7 7 7 7 5 5 5 2 2 1 1 1 1 1 1 1
7 7 7 7 5 5 4 4 4 3 1
7 7 7 7 5 5 4 4 4 2 2
7 7 7 7 5 5 4 4 4 2 1 1
7 7 7 7 5 5 4 4 4 1 1 1 1
7 7 7 7 5 5 4 4 3 3 2
7 7 7 7 5 5 4 4 3 3 1 1
7 7 7 7 5 5 4 4 3 2 2 1
7 7 7 7 5 5 4 4 3 2 1 1 1
7 7 7 7 5 5 4 4 3 1 1 1 1 1
7 7 7 7 5 5 4 4 2 2 2 2
7 7 7 7 5 5 4 4 2 2 2 1 1
7 7 7 7 5 5 4 4 2 2 1 1 1 1
7 7 7 7 5 5 4 4 2 1 1 1 1 1 1
7 7 7 7 5 5 4 3 3 3 3
7 7 7 7 5 5 4 3 3 3 2 1
7 7 7 7 5 5 4 3 3 3 1 1 1
7 7 7 7 5 5 4 3 3 2 2 2
7 7 7 7 5 5 4 3 3 2 2 1 1
7 7 7 7 5 5 4 3 3 2 1 1 1 1
7 7 7 7 5 5 4 3 3 1 1 1 1 1 1
7 7 7 7 5 5 4 3 2 2 2 2 1
7 7 7 7 5 5 4 3 2 2 2 1 1 1
7 7 7 7 5 5 4 3 2 2 1 1 1 1 1
7 7 7 7 5 5 4 3 2 1 1 1 1 1 1 1
7 7 7 7 5 5 4 2 2 2 2 2 2
7 7 7 7 5 5 4 2 2 2 2 2 1 1
7 7 7 7 5 5 4 2 2 2 2 1 1 1 1
7 7 7 7 5 5 4 2 2 2 1 1 1 1 1 1
7 7 7 7 5 5 4 2 2 1 1 1 1 1 1 1 1
7 7 7 7 5 5 3 3 3 3 3 1
7 7 7 7 5 5 3 3 3 3 2 2
7 7 7 7 5 5 3 3 3 3 2 1 1
7 7 7 7 5 5 3 3 3 3 1 1 1 1
7 7 7 7 5 5 3 3 3 2 2 2 1
7 7 7 7 5 5 3 3 3 2 2 1 1 1
7 7 7 7 5 5 3 3 3 2 1 1 1 1 1
7 7 7 7 5 5 3 3 3 1 1 1 1 1 1 1
7 7 7 7 5 5 3 3 2 2 2 2 2
7 7 7 7 5 5 3 3 2 2 2 2 1 1
7 7 7 7 5 5 3 3 2 2 2 1 1 1 1
7 7 7 7 5 5 3 3 2 2 1 1 1 1 1 1
7 7 7 7 5 5 3 3 2 1 1 1 1 1 1 1 1
7 7 7 7 5 5 3 2 2 2 2 2 2 1
7 7 7 7 5 5 3 2 2 2 2 2 1 1 1
7 7 7 7 5 5 3 2 2 2 2 1 1 1 1 1
7 7 7 7 5 5 3 2 2 2 1 1 1 1 1 1 1
7 7 7 7 5 4 4 4 4 4 1
7 7 7 7 5 4 4 4 4 3 2
7 7 7 7 5 4 4 4 4 3 1 1
7 7 7 7 5 4 4 4 4 2 2 1
7 7 7 7 5 4 4 4 4 2 1 1 1
7 7 7 7 5 4 4 4 4 1 1 1 1 1
7 7 7 7 5 4 4 4 3 3 3
7 7 7 7 5 4 4 4 3 3 2 1
7 7 7 7 5 4 4 4 3 3 1 1 1
7 7 7 7 5 4 4 4 3 2 2 2
7 7 7 7 5 4 4 4 3 2 2 1 1
7 7 7 7 5 4 4 4 3 2 1 1 1 1
7 7 7 7 5 4 4 4 3 1 1 1 1 1 1
7 7 7 7 5 4 4 4 2 2 2 2 1
7 7 7 7 5 4 4 4 2 2 2 1 1 1
7 7 7 7 5 4 4 4 2 2 1 1 1 1 1
7 7 7 7 5 4 4 4 2 1 1 1 1 1 1 1
7 7 7 7 5 4 4 3 3 3 3 1
7 7 7 7 5 4 4 3 3 3 2 2
7 7 7 7 5 4 4 3 3 3 2 1 1
7 7 7 7 5 4 4 3 3 3 1 1 1 1
7 7 7 7 5 4 4 3 3 2 2 2 1
7 7 7 7 5 4 4 3 3 2 2 1 1 1
7 7 7 7 5 4 4 3 3 2 1 1 1 1 1
7 7 7 7 5 4 4 3 3 1 1 1 1 1 1 1
7 7 7 7 5 4 4 3 2 2 2 2 2
7 7 7 7 5 4 4 3 2 2 2 2 1 1
7 7 7 7 5 4 4 3 2 2 2 1 1 1 1
7 7 7 7 5 4 4 3 2 2 1 1 1 1 1 1
7 7 7 7 5 4 4 3 2 1 1 1 1 1 1 1 1
7 7 7 7 5 4 4 2 2 2 2 2 2 1
7 7 7 7 5 4 4 2 2 2 2 2 1 1 1
7 7 7 7 5 4 4 2 2 2 2 1 1 1 1 1
7 7 7 7 5 4 4 2 2 2 1 1 1 1 1 1 1
7 7 7 7 5 4 3 3 3 3 3 2
7 7 7 7 5 4 3 3 3 3 3 1 1
7 7 7 7 5 4 3 3 3 3 2 2 1
7 7 7 7 5 4 3 3 3 3 2 1 1 1
7 7 7 7 5 4 3 3 3 3 1 1 1 1 1
7 7 7 7 5 4 3 3 3 2 2 2 2
7 7 7 7 5 4 3 3 3 2 2 2 1 1
7 7 7 7 5 4 3 3 3 2 2 1 1 1 1
7 7 7 7 5 4 3 3 3 2 1 1 1 1 1 1
7 7 7 7 5 4 3 3 3 1 1 1 1 1 1 1 1
7 7 7 7 5 4 3 3 2 2 2 2 2 1
7 7 7 7 5 4 3 3 2 2 2 2 1 1 1
7 7 7 7 5 4 3 3 2 2 2 1 1 1 1 1
7 7 7 7 5 4 3 3 2 2 1 1 1 1 1 1 1
7 7 7 7 5 4 3 2 2 2 2 2 2 2
7 7 7 7 5 4 3 2 2 2 2 2 2 1 1
7 7 7 7 5 4 3 2 2 2 2 2 1 1 1 1
7 7 7 7 5 4 3 2 2 2 2 1 1 1 1 1 1
7 7 7 7 5 3 3 3 3 3 3 3
7 7 7 7 5 3 3 3 3 3 3 2 1
7 7 7 7 5 3 3 3 3 3 3 1 1 1
7 7 7 7 5 3 3 3 3 3 2 2 2
7 7 7 7 5 3 3 3 3 3 2 2 1 1
7 7 7 7 5 3 3 3 3 3 2 1 1 1 1
7 7 7 7 5 3 3 3 3 3 1 1 1 1 1 1
7 7 7 7 5 3 3 3 3 2 2 2 2 1
7 7 7 7 5 3 3 3 3 2 2 2 1 1 1
7 7 7 7 5 3 3 3 3 2 2 1 1 1 1 1
7 7 7 7 5 3 3 3 3 2 1 1 1 1 1 1 1
7 7 7 7 5 3 3 3 2 2 2 2 2 2
7 7 7 7 5 3 3 3 2 2 2 2 2 1 1
7 7 7 7 5 3 3 3 2 2 2 2 1 1 1 1
7 7 7 7 5 3 3 3 2 2 2 1 1 1 1 1 1
7 7 7 7 5 3 3 2 2 2 2 2 2 2 1
7 7 7 7 5 3 3 2 2 2 2 2 2 1 1 1
7 7 7 7 5 3 3 2 2 2 2 2 1 1 1 1 1
7 7 7 7 4 4 4 4 4 4 2
7 7 7 7 4 4 4 4 4 4 1 1
7 7 7 7 4 4 4 4 4 3 3
7 7 7 7 4 4 4 4 4 3 2 1
7 7 7 7 4 4 4 4 4 3 1 1 1
7 7 7 7 4 4 4 4 4 2 2 2
7 7 7 7 4 4 4 4 4 2 2 1 1
7 7 7 7 4 4 4 4 4 2 1 1 1 1
7 7 7 7 4 4 4 4 4 1 1 1 1 1 1
7 7 7 7 4 4 4 4 3 3 3 1
7 7 7 7 4 4 4 4 3 3 2 2
7 7 7 7 4 4 4 4 3 3 2 1 1
7 7 7 7 4 4 4 4 3 3 1 1 1 1
7 7 7 7 4 4 4 4 3 2 2 2 1
7 7 7 7 4 4 4 4 3 2 2 1 1 1
7 7 7 7 4 4 4 4 3 2 1 1 1 1 1
7 7 7 7 4 4 4 4 3 1 1 1 1 1 1 1
7 7 7 7 4 4 4 4 2 2 2 2 2
7 7 7 7 4 4 4 4 2 2 2 2 1 1
7 7 7 7 4 4 4 4 2 2 2 1 1 1 1
7 7 7 7 4 4 4 4 2 2 1 1 1 1 1 1
7 7 7 7 4 4 4 4 2 1 1 1 1 1 1 1 1
7 7 7 7 4 4 4 3 3 3 3 2
7 7 7 7 4 4 4 3 3 3 3 1 1
7 7 7 7 4 4 4 3 3 3 2 2 1
7 7 7 7 4 4 4 3 3 3 2 1 1 1
7 7 7 7 4 4 4 3 3 3 1 1 1 1 1
7 7 7 7 4 4 4 3 3 2 2 2 2
7 7 7 7 4 4 4 3 3 2 2 2 1 1
7 7 7 7 4 4 4 3 3 2 2 1 1 1 1
7 7 7 7 4 4 4 3 3 2 1 1 1 1 1 1
7 7 7 7 4 4 4 3 3 1 1 1 1 1 1 1 1
7 7 7 7 4 4 4 3 2 2 2 2 2 1
7 7 7 7 4 4 4 3 2 2 2 2 1 1 1
7 7 7 7 4 4 4 3 2 2 2 1 1 1 1 1
7 7 7 7 4 4 4 3 2 2 1 1 1 1 1 1 1
7 7 7 7 4 4 4 2 2 2 2 2 2 2
7 7 7 7 4 4 4 2 2 2 2 2 2 1 1
7 7 7 7 4 4 4 2 2 2 2 2 1 1 1 1
7 7 7 7 4 4 4 2 2 2 2 1 1 1 1 1 1
7 7 7 7 4 4 3 3 3 3 3 3
7 7 7 7 4 4 3 3 3 3 3 2 1
7 7 7 7 4 4 3 3 3 3 3 1 1 1
7 7 7 7 4 4 3 3 3 3 2 2 2
7 7 7 7 4 4 3 3 3 3 2 2 1 1
7 7 7 7 4 4 3 3 3 3 2 1 1 1 1
7 7 7 7 4 4 3 3 3 3 1 1 1 1 1 1
7 7 7 7 4 4 3 3 3 2 2 2 2 1
7 7 7 7 4 4 3 3 3 2 2 2 1 1 1
7 7 7 7 4 4 3 3 3 2 2 1 1 1 1 1
7 7 7 7 4 4 3 3 3 2 1 1 1 1 1 1 1
7 7 7 7 4 4 3 3 2 2 2 2 2 2
7 7 7 7 4 4 3 3 2 2 2 2 2 1 1
7 7 7 7 4 4 3 3 2 2 2 2 1 1 1 1
7 7 7 7 4 4 3 3 2 2 2 1 1 1 1 1 1
7 7 7 7 4 4 3 2 2 2 2 2 2 2 1
7 7 7 7 4 4 3 2 2 2 2 2 2 1 1 1
7 7 7 7 4 4 3 2 2 2 2 2 1 1 1 1 1
7 7 7 7 4 3 3 3 3 3 3 3 1
7 7 7 7 4 3 3 3 3 3 3 2 2
7 7 7 7 4 3 3 3 3 3 3 2 1 1
7 7 7 7 4 3 3 3 3 3 3 1 1 1 1
7 7 7 7 4 3 3 3 3 3 2 2 2 1
7 7 7 7 4 3 3 3 3 3 2 2 1 1 1
7 7 7 7 4 3 3 3 3 3 2 1 1 1 1 1
7 7 7 7 4 3 3 3 3 3 1 1 1 1 1 1 1
7 7 7 7 4 3 3 3 3 2 2 2 2 2
7 7 7 7 4 3 3 3 3 2 2 2 2 1 1
7 7 7 7 4 3 3 3 3 2 2 2 1 1 1 1
7 7 7 7 4 3 3 3 3 2 2 1 1 1 1 1 1
7 7 7 7 4 3 3 3 2 2 2 2 2 2 1
7 7 7 7 4 3 3 3 2 2 2 2 2 1 1 1
7 7 7 7 4 3 3 3 2 2 2 2 1 1 1 1 1
7 7 7 7 4 3 3 2 2 2 2 2 2 2 2
7 7 7 7 4 3 3 2 2 2 2 2 2 2 1 1
7 7 7 7 4 3 3 2 2 2 2 2 2 1 1 1 1
7 7 7 6 6 6 6 5 2 1 1
7 7 7 6 6 6 6 4 3 1 1
7 7 7 6 6 6 6 4 2 2 1
7 7 7 6 6 6 6 4 2 1 1 1
7 7 7 6 6 6 6 3 3 2 1
7 7 7 6 6 6 6 3 3 1 1 1
7 7 7 6 6 6 6 3 2 2 2
7 7 7 6 6 6 6 3 2 2 1 1
7 7 7 6 6 6 6 3 2 1 1 1 1
7 7 7 6 6 6 6 2 2 2 2 1
7 7 7 6 6 6 6 2 2 2 1 1 1
7 7 7 6 6 6 6 2 2 1 1 1 1 1
7 7 7 6 6 6 5 5 3 1 1
7 7 7 6 6 6 5 5 2 2 1
7 7 7 6 6 6 5 5 2 1 1 1
7 7 7 6 6 6 5 4 4 1 1
7 7 7 6 6 6 5 4 3 2 1
7 7 7 6 6 6 5 4 3 1 1 1
7 7 7 6 6 6 5 4 2 2 2
7 7 7 6 6 6 5 4 2 2 1 1
7 7 7 6 6 6 5 4 2 1 1 1 1
7 7 7 6 6 6 5 3 3 3 1
7 7 7 6 6 6 5 3 3 2 2
7 7 7 6 6 6 5 3 3 2 1 1
7 7 7 6 6 6 5 3 3 1 1 1 1
7 7 7 6 6 6 5 3 2 2 2 1
7 7 7 6 6 6 5 3 2 2 1 1 1
7 7 7 6 6 6 5 3 2 1 1 1 1 1
7 7 7 6 6 6 5 2 2 2 2 2
7 7 7 6 6 6 5 2 2 2 2 1 1
7 7 7 6 6 6 5 2 2 2 1 1 1 1
7 7 7 6 6 6 5 2 2 1 1 1 1 1 1
7 7 7 6 6 6 4 4 4 2 1
7 7 7 6 6 6 4 4 4 1 1 1
7 7 7 6 6 6 4 4 3 3 1
7 7 7 6 6 6 4 4 3 2 2
7 7 7 6 6 6 4 4 3 2 1 1
7 7 7 6 6 6 4 4 3 1 1 1 1
7 7 7 6 6 6 4 4 2 2 2 1
7 7 7 6 6 6 4 4 2 2 1 1 1
7 7 7 6 6 6 4 4 2 1 1 1 1 1
7 7 7 6 6 6 4 3 3 3 2
7 7 7 6 6 6 4 3 3 3 1 1
7 7 7 6 6 6 4 3 3 2 2 1
7 7 7 6 6 6 4 3 3 2 1 1 1
7 7 7 6 6 6 4 3 3 1 1 1 1 1
7 7 7 6 6 6 4 3 2 2 2 2
7 7 7 6 6 6 4 3 2 2 2 1 1
7 7 7 6 6 6 4 3 2 2 1 1 1 1
7 7 7 6 6 6 4 3 2 1 1 1 1 1 1
7 7 7 6 6 6 4 2 2 2 2 2 1
7 7 7 6 6 6 4 2 2 2 2 1 1 1
7 7 7 6 6 6 4 2 2 2 1 1 1 1 1
7 7 7 6 6 6 4 2 2 1 1 1 1 1 1 1
7 7 7 6 6 6 3 3 3 3 3
7 7 7 6 6 6 3 3 3 3 2 1
7 7 7 6 6 6 3 3 3 3 1 1 1
7 7 7 6 6 6 3 3 3 2 2 2
7 7 7 6 6 6 3 3 3 2 2 1 1
7 7 7 6 6 6 3 3 3 2 1 1 1 1
7 7 7 6 6 6 3 3 3 1 1 1 1 1 1
7 7 7 6 6 6 3 3 2 2 2 2 1
7 7 7 6 6 6 3 3 2 2 2 1 1 1
7 7 7 6 6 6 3 3 2 2 1 1 1 1 1
7 7 7 6 6 6 3 3 2 1 1 1 1 1 1 1
7 7 7 6 6 6 3 2 2 2 2 2 2
7 7 7 6 6 6 3 2 2 2 2 2 1 1
7 7 7 6 6 6 3 2 2 2 2 1 1 1 1
7 7 7 6 6 6 3 2 2 2 1 1 1 1 1 1
7 7 7 6 6 6 3 2 2 1 1 1 1 1 1 1 1
7 7 7 6 6 5 5 5 4 1 1
7 7 7 6 6 5 5 5 3 2 1
7 7 7 6 6 5 5 5 3 1 1 1
7 7 7 6 6 5 5 5 2 2 2
7 7 7 6 6 5 5 5 2 2 1 1
7 7 7 6 6 5 5 5 2 1 1 1 1
7 7 7 6 6 5 5 4 4 2 1
7 7 7 6 6 5 5 4 4 1 1 1
7 7 7 6 6 5 5 4 3 3 1
7 7 7 6 6 5 5 4 3 2 2
7 7 7 6 6 5 5 4 3 2 1 1
7 7 7 6 6 5 5 4 3 1 1 1 1
7 7 7 6 6 5 5 4 2 2 2 1
7 7 7 6 6 5 5 4 2 2 1 1 1
7 7 7 6 6 5 5 4 2 1 1 1 1 1
7 7 7 6 6 5 5 3 3 3 2
7 7 7 6 6 5 5 3 3 3 1 1
7 7 7 6 6 5 5 3 3 2 2 1
7 7 7 6 6 5 5 3 3 2 1 1 1
7 7 7 6 6 5 5 3 3 1 1 1 1 1
7 7 7 6 6 5 5 3 2 2 2 2
7 7 7 6 6 5 5 3 2 2 2 1 1
7 7 7 6 6 5 5 3 2 2 1 1 1 1
7 7 7 6 6 5 5 3 2 1 1 1 1 1 1
7 7 7 6 6 5 5 2 2 2 2 2 1
7 7 7 6 6 5 5 2 2 2 2 1 1 1
7 7 7 6 6 5 5 2 2 2 1 1 1 1 1
7 7 7 6 6 5 5 2 2 1 1 1 1 1 1 1
7 7 7 6 6 5 4 4 4 3 1
7 7 7 6 6 5 4 4 4 2 2
7 7 7 6 6 5 4 4 4 2 1 1
7 7 7 6 6 5 4 4 4 1 1 1 1
7 7 7 6 6 5 4 4 3 3 2
7 7 7 6 6 5 4 4 3 3 1 1
7 7 7 6 6 5 4 4 3 2 2 1
7 7 7 6 6 5 4 4 3 2 1 1 1
7 7 7 6 6 5 4 4 3 1 1 1 1 1
7 7 7 6 6 5 4 4 2 2 2 2
7 7 7 6 6 5 4 4 2 2 2 1 1
7 7 7 6 6 5 4 4 2 2 1 1 1 1
7 7 7 6 6 5 4 4 2 1 1 1 1 1 1
7 7 7 6 6 5 4 3 3 3 3
7 7 7 6 6 5 4 3 3 3 2 1
7 7 7 6 6 5 4 3 3 3 1 1 1
7 7 7 6 6 5 4 3 3 2 2 2
7 7 7 6 6 5 4 3 3 2 2 1 1
7 7 7 6 6 5 4 3 3 2 1 1 1 1
7 7 7 6 6 5 4 3 3 1 1 1 1 1 1
7 7 7 6 6 5 4 3 2 2 2 2 1
7 7 7 6 6 5 4 3 2 2 2 1 1 1
7 7 7 6 6 5 4 3 2 2 1 1 1 1 1
7 7 7 6 6 5 4 3 2 1 1 1 1 1 1 1
7 7 7 6 6 5 4 2 2 2 2 2 2
7 7 7 6 6 5 4 2 2 2 2 2 1 1
7 7 7 6 6 5 4 2 2 2 2 1 1 1 1
7 7 7 6 6 5 4 2 2 2 1 1 1 1 1 1
7 7 7 6 6 5 4 2 2 1 1 1 1 1 1 1 1
7 7 7 6 6 5 3 3 3 3 3 1
7 7 7 6 6 5 3 3 3 3 2 2
7 7 7 6 6 5 3 3 3 3 2 1 1
7 7 7 6 6 5 3 3 3 3 1 1 1 1
7 7 7 6 6 5 3 3 3 2 2 2 1
7 7 7 6 6 5 3 3 3 2 2 1 1 1
7 7 7 6 6 5 3 3 3 2 1 1 1 1 1
7 7 7 6 6 5 3 3 3 1 1 1 1 1 1 1
7 7 7 6 6 5 3 3 2 2 2 2 2
7 7 7 6 6 5 3 3 2 2 2 2 1 1
7 7 7 6 6 5 3 3 2 2 2 1 1 1 1
7 7 7 6 6 5 3 3 2 2 1 1 1 1 1 1
7 7 7 6 6 5 3 3 2 1 1 1 1 1 1 1 1
7 7 7 6 6 5 3 2 2 2 2 2 2 1
7 7 7 6 6 5 3 2 2 2 2 2 1 1 1
7 7 7 6 6 5 3 2 2 2 2 1 1 1 1 1
7 7 7 6 6 5 3 2 2 2 1 1 1 1 1 1 1
7 7 7 6 6 4 4 4 4 4 1
7 7 7 6 6 4 4 4 4 3 2
7 7 7 6 6 4 4 4 4 3 1 1
7 7 7 6 6 4 4 4 4 2 2 1
7 7 7 6 6 4 4 4 4 2 1 1 1
7 7 7 6 6 4 4 4 4 1 1 1 1 1
7 7 7 6 6 4 4 4 3 3 3
7 7 7 6 6 4 4 4 3 3 2 1
7 7 7 6 6 4 4 4 3 3 1 1 1
7 7 7 6 6 4 4 4 3 2 2 2
7 7 7 6 6 4 4 4 3 2 2 1 1
7 7 7 6 6 4 4 4 3 2 1 1 1 1
7 7 7 6 6 4 4 4 3 1 1 1 1 1 1
7 7 7 6 6 4 4 4 2 2 2 2 1
7 7 7 6 6 4 4 4 2 2 2 1 1 1
7 7 7 6 6 4 4 4 2 2 1 1 1 1 1
7 7 7 6 6 4 4 4 2 1 1 1 1 1 1 1
7 7 7 6 6 4 4 3 3 3 3 1
7 7 7 6 6 4 4 3 3 3 2 2
7 7 7 6 6 4 4 3 3 3 2 1 1
7 7 7 6 6 4 4 3 3 3 1 1 1 1
7 7 7 6 6 4 4 3 3 2 2 2 1
7 7 7 6 6 4 4 3 3 2 2 1 1 1
7 7 7 6 6 4 4 3 3 2 1 1 1 1 1
7 7 7 6 6 4 4 3 3 1 1 1 1 1 1 1
7 7 7 6 6 4 4 3 2 2 2 2 2
7 7 7 6 6 4 4 3 2 2 2 2 1 1
7 7 7 6 6 4 4 3 2 2 2 1 1 1 1
7 7 7 6 6 4 4 3 2 2 1 1 1 1 1 1
7 7 7 6 6 4 4 3 2 1 1 1 1 1 1 1 1
7 7 7 6 6 4 4 2 2 2 2 2 2 1
7 7 7 6 6 4 4 2 2 2 2 2 1 1 1
7 7 7 6 6 4 4 2 2 2 2 1 1 1 1 1
7 7 7 6 6 4 4 2 2 2 1 1 1 1 1 1 1
7 7 7 6 6 4 3 3 3 3 3 2
7 7 7 6 6 4 3 3 3 3 3 1 1
7 7 7 6 6 4 3 3 3 3 2 2 1
7 7 7 6 6 4 3 3 3 3 2 1 1 1
7 7 7 6 6 4 3 3 3 3 1 1 1 1 1
7 7 7 6 6 4 3 3 3 2 2 2 2
7 7 7 6 6 4 3 3 3 2 2 2 1 1
7 7 7 6 6 4 3 3 3 2 2 1 1 1 1
7 7 7 6 6 4 3 3 3 2 1 1 1 1 1 1
7 7 7 6 6 4 3 3 3 1 1 1 1 1 1 1 1
7 7 7 6 6 4 3 3 2 2 2 2 2 1
7 7 7 6 6 4 3 3 2 2 2 2 1 1 1
7 7 7 6 6 4 3 3 2 2 2 1 1 1 1 1
7 7 7 6 6 4 3 3 2 2 1 1 1 1 1 1 1
7 7 7 6 6 4 3 2 2 2 2 2 2 2
7 7 7 6 6 4 3 2 2 2 2 2 2 1 1
7 7 7 6 6 4 3 2 2 2 2 2 1 1 1 1
7 7 7 6 6 4 3 2 2 2 2 1 1 1 1 1 1
7 7 7 6 6 3 3 3 3 3 3 3
7 7 7 6 6 3 3 3 3 3 3 2 1
7 7 7 6 6 3 3 3 3 3 3 1 1 1
7 7 7 6 6 3 3 3 3 3 2 2 2
7 7 7 6 6 3 3 3 3 3 2 2 1 1
7 7 7 6 6 3 3 3 3 3 2 1 1 1 1
7 7 7 6 6 3 3 3 3 3 1 1 1 1 1 1
7 7 7 6 6 3 3 3 3 2 2 2 2 1
7 7 7 6 6 3 3 3 3 2 2 2 1 1 1
7 7 7 6 6 3 3 3 3 2 2 1 1 1 1 1
7 7 7 6 6 3 3 3 3 2 1 1 1 1 1 1 1
7 7 7 6 6 3 3 3 2 2 2 2 2 2
7 7 7 6 6 3 3 3 2 2 2 2 2 1 1
7 7 7 6 6 3 3 3 2 2 2 2 1 1 1 1
7 7 7 6 6 3 3 3 2 2 2 1 1 1 1 1 1
7 7 7 6 6 3 3 2 2 2 2 2 2 2 1
7 7 7 6 6 3 3 2 2 2 2 2 2 1 1 1
7 7 7 6 6 3 3 2 2 2 2 2 1 1 1 1 1
7 7 7 6 5 5 5 5 5 1 1
7 7 7 6 5 5 5 5 4 2 1
7 7 7 6 5 5 5 5 4 1 1 1
7 7 7 6 5 5 5 5 3 3 1
7 7 7 6 5 5 5 5 3 2 2
7 7 7 6 5 5 5 5 3 2 1 1
7 7 7 6 5 5 5 5 3 1 1 1 1
7 7 7 6 5 5 5 5 2 2 2 1
7 7 7 6 5 5 5 5 2 2 1 1 1
7 7 7 6 5 5 5 5 2 1 1 1 1 1
7 7 7 6 5 5 5 4 4 3 1
7 7 7 6 5 5 5 4 4 2 2
7 7 7 6 5 5 5 4 4 2 1 1
7 7 7 6 5 5 5 4 4 1 1 1 1
7 7 7 6 5 5 5 4 3 3 2
7 7 7 6 5 5 5 4 3 3 1 1
7 7 7 6 5 5 5 4 3 2 2 1
7 7 7 6 5 5 5 4 3 2 1 1 1
7 7 7 6 5 5 5 4 3 1 1 1 1 1
7 7 7 6 5 5 5 4 2 2 2 2
7 7 7 6 5 5 5 4 2 2 2 1 1
7 7 7 6 5 5 5 4 2 2 1 1 1 1
7 7 7 6 5 5 5 4 2 1 1 1 1 1 1
7 7 7 6 5 5 5 3 3 3 3
7 7 7 6 5 5 5 3 3 3 2 1
7 7 7 6 5 5 5 3 3 3 1 1 1
7 7 7 6 5 5 5 3 3 2 2 2
7 7 7 6 5 5 5 3 3 2 2 1 1
7 7 7 6 5 5 5 3 3 2 1 1 1 1
7 7 7 6 5 5 5 3 3 1 1 1 1 1 1
7 7 7 6 5 5 5 3 2 2 2 2 1
7 7 7 6 5 5 5 3 2 2 2 1 1 1
7 7 7 6 5 5 5 3 2 2 1 1 1 1 1
7 7 7 6 5 5 5 3 2 1 1 1 1 1 1 1
7 7 7 6 5 5 5 2 2 2 2 2 2
7 7 7 6 5 5 5 2 2 2 2 2 1 1
7 7 7 6 5 5 5 2 2 2 2 1 1 1 1
7 7 7 6 5 5 5 2 2 2 1 1 1 1 1 1
7 7 7 6 5 5 5 2 2 1 1 1 1 1 1 1 1
7 7 7 6 5 5 4 4 4 4 1
7 7 7 6 5 5 4 4 4 3 2
7 7 7 6 5 5 4 4 4 3 1 1
7 7 7 6 5 5 4 4 4 2 2 1
7 7 7 6 5 5 4 4 4 2 1 1 1
7 7 7 6 5 5 4 4 4 1 1 1 1 1
7 7 7 6 5 5 4 4 3 3 3
7 7 7 6 5 5 4 4 3 3 2 1
7 7 7 6 5 5 4 4 3 3 1 1 1
7 7 7 6 5 5 4 4 3 2 2 2
7 7 7 6 5 5 4 4 3 2 2 1 1
7 7 7 6 5 5 4 4 3 2 1 1 1 1
7 7 7 6 5 5 4 4 3 1 1 1 1 1 1
7 7 7 6 5 5 4 4 2 2 2 2 1
7 7 7 6 5 5 4 4 2 2 2 1 1 1
7 7 7 6 5 5 4 4 2 2 1 1 1 1 1
7 7 7 6 5 5 4 4 2 1 1 1 1 1 1 1
7 7 7 6 5 5 4 3 3 3 3 1
7 7 7 6 5 5 4 3 3 3 2 2
7 7 7 6 5 5 4 3 3 3 2 1 1
7 7 7 6 5 5 4 3 3 3 1 1 1 1
7 7 7 6 5 5 4 3 3 2 2 2 1
7 7 7 6 5 5 4 3 3 2 2 1 1 1
7 7 7 6 5 5 4 3 3 2 1 1 1 1 1
7 7 7 6 5 5 4 3 3 1 1 1 1 1 1 1
7 7 7 6 5 5 4 3 2 2 2 2 2
7 7 7 6 5 5 4 3 2 2 2 2 1 1
7 7 7 6 5 5 4 3 2 2 2 1 1 1 1
7 7 7 6 5 5 4 3 2 2 1 1 1 1 1 1
7 7 7 6 5 5 4 3 2 1 1 1 1 1 1 1 1
7 7 7 6 5 5 4 2 2 2 2 2 2 1
7 7 7 6 5 5 4 2 2 2 2 2 1 1 1
7 7 7 6 5 5 4 2 2 2 2 1 1 1 1 1
7 7 7 6 5 5 4 2 2 2 1 1 1 1 1 1 1
7 7 7 6 5 5 3 3 3 3 3 2
7 7 7 6 5 5 3 3 3 3 3 1 1
7 7 7 6 5 5 3 3 3 3 2 2 1
7 7 7 6 5 5 3 3 3 3 2 1 1 1
7 7 7 6 5 5 3 3 3 3 1 1 1 1 1
7 7 7 6 5 5 3 3 3 2 2 2 2
7 7 7 6 5 5 3 3 3 2 2 2 1 1
7 7 7 6 5 5 3 3 3 2 2 1 1 1 1
7 7 7 6 5 5 3 3 3 2 1 1 1 1 1 1
7 7 7 6 5 5 3 3 3 1 1 1 1 1 1 1 1
7 7 7 6 5 5 3 3 2 2 2 2 2 1
7 7 7 6 5 5 3 3 2 2 2 2 1 1 1
7 7 7 6 5 5 3 3 2 2 2 1 1 1 1 1
7 7 7 6 5 5 3 3 2 2 1 1 1 1 1 1 1
7 7 7 6 5 5 3 2 2 2 2 2 2 2
7 7 7 6 5 5 3 2 2 2 2 2 2 1 1
7 7 7 6 5 5 3 2 2 2 2 2 1 1 1 1
7 7 7 6 5 5 3 2 2 2 2 1 1 1 1 1 1
7 7 7 6 5 4 4 4 4 4 2
7 7 7 6 5 4 4 4 4 4 1 1
7 7 7 6 5 4 4 4 4 3 3
7 7 7 6 5 4 4 4 4 3 2 1
7 7 7 6 5 4 4 4 4 3 1 1 1
7 7 7 6 5 4 4 4 4 2 2 2
7 7 7 6 5 4 4 4 4 2 2 1 1
7 7 7 6 5 4 4 4 4 2 1 1 1 1
7 7 7 6 5 4 4 4 4 1 1 1 1 1 1
7 7 7 6 5 4 4 4 3 3 3 1
7 7 7 6 5 4 4 4 3 3 2 2
7 7 7 6 5 4 4 4 3 3 2 1 1
7 7 7 6 5 4 4 4 3 3 1 1 1 1
7 7 7 6 5 4 4 4 3 2 2 2 1
7 7 7 6 5 4 4 4 3 2 2 1 1 1
7 7 7 6 5 4 4 4 3 2 1 1 1 1 1
7 7 7 6 5 4 4 4 3 1 1 1 1 1 1 1
7 7 7 6 5 4 4 4 2 2 2 2 2
7 7 7 6 5 4 4 4 2 2 2 2 1 1
7 7 7 6 5 4 4 4 2 2 2 1 1 1 1
7 7 7 6 5 4 4 4 2 2 1 1 1 1 1 1
7 7 7 6 5 4 4 4 2 1 1 1 1 1 1 1 1
7 7 7 6 5 4 4 3 3 3 3 2
7 7 7 6 5 4 4 3 3 3 3 1 1
7 7 7 6 5 4 4 3 3 3 2 2 1
7 7 7 6 5 4 4 3 3 3 2 1 1 1
7 7 7 6 5 4 4 3 3 3 1 1 1 1 1
7 7 7 6 5 4 4 3 3 2 2 2 2
7 7 7 6 5 4 4 3 3 2 2 2 1 1
7 7 7 6 5 4 4 3 3 2 2 1 1 1 1
7 7 7 6 5 4 4 3 3 2 1 1 1 1 1 1
7 7 7 6 5 4 4 3 3 1 1 1 1 1 1 1 1
7 7 7 6 5 4 4 3 2 2 2 2 2 1
7 7 7 6 5 4 4 3 2 2 2 2 1 1 1
7 7 7 6 5 4 4 3 2 2 2 1 1 1 1 1
7 7 7 6 5 4 4 3 2 2 1 1 1 1 1 1 1
7 7 7 6 5 4 4 2 2 2 2 2 2 2
7 7 7 6 5 4 4 2 2 2 2 2 2 1 1
7 7 7 6 5 4 4 2 2 2 2 2 1 1 1 1
7 7 7 6 5 4 4 2 2 2 2 1 1 1 1 1 1
7 7 7 6 5 4 3 3 3 3 3 3
7 7 7 6 5 4 3 3 3 3 3 2 1
7 7 7 6 5 4 3 3 3 3 3 1 1 1
7 7 7 6 5 4 3 3 3 3 2 2 2
7 7 7 6 5 4 3 3 3 3 2 2 1 1
7 7 7 6 5 4 3 3 3 3 2 1 1 1 1
7 7 7 6 5 4 3 3 3 3 1 1 1 1 1 1
7 7 7 6 5 4 3 3 3 2 2 2 2 1
7 7 7 6 5 4 3 3 3 2 2 2 1 1 1
7 7 7 6 5 4 3 3 3 2 2 1 1 1 1 1
7 7 7 6 5 4 3 3 3 2 1 1 1 1 1 1 1
7 7 7 6 5 4 3 3 2 2 2 2 2 2
7 7 7 6 5 4 3 3 2 2 2 2 2 1 1
7 7 7 6 5 4 3 3 2 2 2 2 1 1 1 1
7 7 7 6 5 4 3 3 2 2 2 1 1 1 1 1 1
7 7 7 6 5 4 3 2 2 2 2 2 2 2 1
7 7 7 6 5 4 3 2 2 2 2 2 2 1 1 1
7 7 7 6 5 4 3 2 2 2 2 2 1 1 1 1 1
7 7 7 6 5 3 3 3 3 3 3 3 1
7 7 7 6 5 3 3 3 3 3 3 2 2
7 7 7 6 5 3 3 3 3 3 3 2 1 1
7 7 7 6 5 3 3 3 3 3 3 1 1 1 1
7 7 7 6 5 3 3 3 3 3 2 2 2 1
7 7 7 6 5 3 3 3 3 3 2 2 1 1 1
7 7 7 6 5 3 3 3 3 3 2 1 1 1 1 1
7 7 7 6 5 3 3 3 3 3 1 1 1 1 1 1 1
7 7 7 6 5 3 3 3 3 2 2 2 2 2
7 7 7 6 5 3 3 3 3 2 2 2 2 1 1
7 7 7 6 5 3 3 3 3 2 2 2 1 1 1 1
7 7 7 6 5 3 3 3 3 2 2 1 1 1 1 1 1
7 7 7 6 5 3 3 3 2 2 2 2 2 2 1
7 7 7 6 5 3 3 3 2 2 2 2 2 1 1 1
7 7 7 6 5 3 3 3 2 2 2 2 1 1 1 1 1
7 7 7 6 5 3 3 2 2 2 2 2 2 2 2
7 7 7 6 5 3 3 2 2 2 2 2 2 2 1 1
7 7 7 6 5 3 3 2 2 2 2 2 2 1 1 1 1
7 7 7 6 4 4 4 4 4 4 3
7 7 7 6 4 4 4 4 4 4 2 1
7 7 7 6 4 4 4 4 4 4 1 1 1
7 7 7 6 4 4 4 4 4 3 3 1
7 7 7 6 4 4 4 4 4 3 2 2
7 7 7 6 4 4 4 4 4 3 2 1 1
7 7 7 6 4 4 4 4 4 3 1 1 1 1
7 7 7 6 4 4 4 4 4 2 2 2 1
7 7 7 6 4 4 4 4 4 2 2 1 1 1
7 7 7 6 4 4 4 4 4 2 1 1 1 1 1
7 7 7 6 4 4 4 4 4 1 1 1 1 1 1 1
7 7 7 6 4 4 4 4 3 3 3 2
7 7 7 6 4 4 4 4 3 3 3 1 1
7 7 7 6 4 4 4 4 3 3 2 2 1
7 7 7 6 4 4 4 4 3 3 2 1 1 1
7 7 7 6 4 4 4 4 3 3 1 1 1 1 1
7 7 7 6 4 4 4 4 3 2 2 2 2
7 7 7 6 4 4 4 4 3 2 2 2 1 1
7 7 7 6 4 4 4 4 3 2 2 1 1 1 1
7 7 7 6 4 4 4 4 3 2 1 1 1 1 1 1
7 7 7 6 4 4 4 4 3 1 1 1 1 1 1 1 1
7 7 7 6 4 4 4 4 2 2 2 2 2 1
7 7 7 6 4 4 4 4 2 2 2 2 1 1 1
7 7 7 6 4 4 4 4 2 2 2 1 1 1 1 1
7 7 7 6 4 4 4 4 2 2 1 1 1 1 1 1 1
7 7 7 6 4 4 4 3 3 3 3 3
7 7 7 6 4 4 4 3 3 3 3 2 1
7 7 7 6 4 4 4 3 3 3 3 1 1 1
7 7 7 6 4 4 4 3 3 3 2 2 2
7 7 7 6 4 4 4 3 3 3 2 2 1 1
7 7 7 6 4 4 4 3 3 3 2 1 1 1 1
7 7 7 6 4 4 4 3 3 3 1 1 1 1 1 1
7 7 7 6 4 4 4 3 3 2 2 2 2 1
7 7 7 6 4 4 4 3 3 2 2 2 1 1 1
7 7 7 6 4 4 4 3 3 2 2 1 1 1 1 1
7 7 7 6 4 4 4 3 3 2 1 1 1 1 1 1 1
7 7 7 6 4 4 4 3 2 2 2 2 2 2
7 7 7 6 4 4 4 3 2 2 2 2 2 1 1
7 7 7 6 4 4 4 3 2 2 2 2 1 1 1 1
7 7 7 6 4 4 4 3 2 2 2 1 1 1 1 1 1
7 7 7 6 4 4 4 2 2 2 2 2 2 2 1
7 7 7 6 4 4 4 2 2 2 2 2 2 1 1 1
7 7 7 6 4 4 4 2 2 2 2 2 1 1 1 1 1
7 7 7 6 4 4 3 3 3 3 3 3 1
7 7 7 6 4 4 3 3 3 3 3 2 2
7 7 7 6 4 4 3 3 3 3 3 2 1 1
7 7 7 6 4 4 3 3 3 3 3 1 1 1 1
7 7 7 6 4 4 3 3 3 3 2 2 2 1
7 7 7 6 4 4 3 3 3 3 2 2 1 1 1
7 7 7 6 4 4 3 3 3 3 2 1 1 1 1 1
7 7 7 6 4 4 3 3 3 3 1 1 1 1 1 1 1
7 7 7 6 4 4 3 3 3 2 2 2 2 2
7 7 7 6 4 4 3 3 3 2 2 2 2 1 1
7 7 7 6 4 4 3 3 3 2 2 2 1 1 1 1
7 7 7 6 4 4 3 3 3 2 2 1 1 1 1 1 1
7 7 7 6 4 4 3 3 2 2 2 2 2 2 1
7 7 7 6 4 4 3 3 2 2 2 2 2 1 1 1
7 7 7 6 4 4 3 3 2 2 2 2 1 1 1 1 1
7 7 7 6 4 4 3 2 2 2 2 2 2 2 2
7 7 7 6 4 4 3 2 2 2 2 2 2 2 1 1
7 7 7 6 4 4 3 2 2 2 2 2 2 1 1 1 1
7 7 7 6 4 3 3 3 3 3 3 3 2
7 7 7 6 4 3 3 3 3 3 3 3 1 1
7 7 7 6 4 3 3 3 3 3 3 2 2 1
7 7 7 6 4 3 3 3 3 3 3 2 1 1 1
7 7 7 6 4 3 3 3 3 3 3 1 1 1 1 1
7 7 7 6 4 3 3 3 3 3 2 2 2 2
7 7 7 6 4 3 3 3 3 3 2 2 2 1 1
7 7 7 6 4 3 3 3 3 3 2 2 1 1 1 1
7 7 7 6 4 3 3 3 3 3 2 1 1 1 1 1 1
7 7 7 6 4 3 3 3 3 2 2 2 2 2 1
7 7 7 6 4 3 3 3 3 2 2 2 2 1 1 1
7 7 7 6 4 3 3 3 3 2 2 2 1 1 1 1 1
7 7 7 6 4 3 3 3 2 2 2 2 2 2 2
7 7 7 6 4 3 3 3 2 2 2 2 2 2 1 1
7 7 7 6 4 3 3 3 2 2 2 2 2 1 1 1 1
7 7 7 6 4 3 3 2 2 2 2 2 2 2 2 1
7 7 7 6 4 3 3 2 2 2 2 2 2 2 1 1 1
7 7 7 5 5 5 5 5 5 2 1
7 7 7 5 5 5 5 5 5 1 1 1
7 7 7 5 5 5 5 5 4 3 1
7 7 7 5 5 5 5 5 4 2 2
7 7 7 5 5 5 5 5 4 2 1 1
7 7 7 5 5 5 5 5 4 1 1 1 1
7 7 7 5 5 5 5 5 3 3 2
7 7 7 5 5 5 5 5 3 3 1 1
7 7 7 5 5 5 5 5 3 2 2 1
7 7 7 5 5 5 5 5 3 2 1 1 1
7 7 7 5 5 5 5 5 3 1 1 1 1 1
7 7 7 5 5 5 5 5 2 2 2 2
7 7 7 5 5 5 5 5 2 2 2 1 1
7 7 7 5 5 5 5 5 2 2 1 1 1 1
7 7 7 5 5 5 5 5 2 1 1 1 1 1 1
7 7 7 5 5 5 5 4 4 4 1
7 7 7 5 5 5 5 4 4 3 2
7 7 7 5 5 5 5 4 4 3 1 1
7 7 7 5 5 5 5 4 4 2 2 1
7 7 7 5 5 5 5 4 4 2 1 1 1
7 7 7 5 5 5 5 4 4 1 1 1 1 1
7 7 7 5 5 5 5 4 3 3 3
7 7 7 5 5 5 5 4 3 3 2 1
7 7 7 5 5 5 5 4 3 3 1 1 1
7 7 7 5 5 5 5 4 3 2 2 2
7 7 7 5 5 5 5 4 3 2 2 1 1
7 7 7 5 5 5 5 4 3 2 1 1 1 1
7 7 7 5 5 5 5 4 3 1 1 1 1 1 1
7 7 7 5 5 5 5 4 2 2 2 2 1
7 7 7 5 5 5 5 4 2 2 2 1 1 1
7 7 7 5 5 5 5 4 2 2 1 1 1 1 1
7 7 7 5 5 5 5 4 2 1 1 1 1 1 1 1
7 7 7 5 5 5 5 3 3 3 3 1
7 7 7 5 5 5 5 3 3 3 2 2
7 7 7 5 5 5 5 3 3 3 2 1 1
7 7 7 5 5 5 5 3 3 3 1 1 1 1
7 7 7 5 5 5 5 3 3 2 2 2 1
7 7 7 5 5 5 5 3 3 2 2 1 1 1
7 7 7 5 5 5 5 3 3 2 1 1 1 1 1
7 7 7 5 5 5 5 3 3 1 1 1 1 1 1 1
7 7 7 5 5 5 5 3 2 2 2 2 2
7 7 7 5 5 5 5 3 2 2 2 2 1 1
7 7 7 5 5 5 5 3 2 2 2 1 1 1 1
7 7 7 5 5 5 5 3 2 2 1 1 1 1 1 1
7 7 7 5 5 5 5 3 2 1 1 1 1 1 1 1 1
7 7 7 5 5 5 5 2 2 2 2 2 2 1
7 7 7 5 5 5 5 2 2 2 2 2 1 1 1
7 7 7 5 5 5 5 2 2 2 2 1 1 1 1 1
7 7 7 5 5 5 5 2 2 2 1 1 1 1 1 1 1
7 7 7 5 5 5 4 4 4 4 2
7 7 7 5 5 5 4 4 4 4 1 1
7 7 7 5 5 5 4 4 4 3 3
7 7 7 5 5 5 4 4 4 3 2 1
7 7 7 5 5 5 4 4 4 3 1 1 1
7 7 7 5 5 5 4 4 4 2 2 2
7 7 7 5 5 5 4 4 4 2 2 1 1
7 7 7 5 5 5 4 4 4 2 1 1 1 1
7 7 7 5 5 5 4 4 4 1 1 1 1 1 1
7 7 7 5 5 5 4 4 3 3 3 1
7 7 7 5 5 5 4 4 3 3 2 2
7 7 7 5 5 5 4 4 3 3 2 1 1
7 7 7 5 5 5 4 4 3 3 1 1 1 1
7 7 7 5 5 5 4 4 3 2 2 2 1
7 7 7 5 5 5 4 4 3 2 2 1 1 1
7 7 7 5 5 5 4 4 3 2 1 1 1 1 1
7 7 7 5 5 5 4 4 3 1 1 1 1 1 1 1
7 7 7 5 5 5 4 4 2 2 2 2 2
7 7 7 5 5 5 4 4 2 2 2 2 1 1
7 7 7 5 5 5 4 4 2 2 2 1 1 1 1
7 7 7 5 5 5 4 4 2 2 1 1 1 1 1 1
7 7 7 5 5 5 4 4 2 1 1 1 1 1 1 1 1
7 7 7 5 5 5 4 3 3 3 3 2
7 7 7 5 5 5 4 3 3 3 3 1 1
7 7 7 5 5 5 4 3 3 3 2 2 1
7 7 7 5 5 5 4 3 3 3 2 1 1 1
7 7 7 5 5 5 4 3 3 3 1 1 1 1 1
7 7 7 5 5 5 4 3 3 2 2 2 2
7 7 7 5 5 5 4 3 3 2 2 2 1 1
7 7 7 5 5 5 4 3 3 2 2 1 1 1 1
7 7 7 5 5 5 4 3 3 2 1 1 1 1 1 1
7 7 7 5 5 5 4 3 3 1 1 1 1 1 1 1 1
7 7 7 5 5 5 4 3 2 2 2 2 2 1
7 7 7 5 5 5 4 3 2 2 2 2 1 1 1
7 7 7 5 5 5 4 3 2 2 2 1 1 1 1 1
7 7 7 5 5 5 4 3 2 2 1 1 1 1 1 1 1
7 7 7 5 5 5 4 2 2 2 2 2 2 2
7 7 7 5 5 5 4 2 2 2 2 2 2 1 1
7 7 7 5 5 5 4 2 2 2 2 2 1 1 1 1
7 7 7 5 5 5 4 2 2 2 2 1 1 1 1 1 1
7 7 7 5 5 5 3 3 3 3 3 3
7 7 7 5 5 5 3 3 3 3 3 2 1
7 7 7 5 5 5 3 3 3 3 3 1 1 1
7 7 7 5 5 5 3 3 3 3 2 2 2
7 7 7 5 5 5 3 3 3 3 2 2 1 1
7 7 7 5 5 5 3 3 3 3 2 1 1 1 1
7 7 7 5 5 5 3 3 3 3 1 1 1 1 1 1
7 7 7 5 5 5 3 3 3 2 2 2 2 1
7 7 7 5 5 5 3 3 3 2 2 2 1 1 1
7 7 7 5 5 5 3 3 3 2 2 1 1 1 1 1
7 7 7 5 5 5 3 3 3 2 1 1 1 1 1 1 1
7 7 7 5 5 5 3 3 2 2 2 2 2 2
7 7 7 5 5 5 3 3 2 2 2 2 2 1 1
7 7 7 5 5 5 3 3 2 2 2 2 1 1 1 1
7 7 7 5 5 5 3 3 2 2 2 1 1 1 1 1 1
7 7 7 5 5 5 3 2 2 2 2 2 2 2 1
7 7 7 5 5 5 3 2 2 2 2 2 2 1 1 1
7 7 7 5 5 5 3 2 2 2 2 2 1 1 1 1 1
7 7 7 5 5 4 4 4 4 4 3
7 7 7 5 5 4 4 4 4 4 2 1
7 7 7 5 5 4 4 4 4 4 1 1 1
7 7 7 5 5 4 4 4 4 3 3 1
7 7 7 5 5 4 4 4 4 3 2 2
7 7 7 5 5 4 4 4 4 3 2 1 1
7 7 7 5 5 4 4 4 4 3 1 1 1 1
7 7 7 5 5 4 4 4 4 2 2 2 1
7 7 7 5 5 4 4 4 4 2 2 1 1 1
7 7 7 5 5 4 4 4 4 2 1 1 1 1 1
7 7 7 5 5 4 4 4 4 1 1 1 1 1 1 1
7 7 7 5 5 4 4 4 3 3 3 2
7 7 7 5 5 4 4 4 3 3 3 1 1
7 7 7 5 5 4 4 4 3 3 2 2 1
7 7 7 5 5 4 4 4 3 3 2 1 1 1
7 7 7 5 5 4 4 4 3 3 1 1 1 1 1
7 7 7 5 5 4 4 4 3 2 2 2 2
7 7 7 5 5 4 4 4 3 2 2 2 1 1
7 7 7 5 5 4 4 4 3 2 2 1 1 1 1
7 7 7 5 5 4 4 4 3 2 1 1 1 1 1 1
7 7 7 5 5 4 4 4 3 1 1 1 1 1 1 1 1
7 7 7 5 5 4 4 4 2 2 2 2 2 1
7 7 7 5 5 4 4 4 2 2 2 2 1 1 1
7 7 7 5 5 4 4 4 2 2 2 1 1 1 1 1
7 7 7 5 5 4 4 4 2 2 1 1 1 1 1 1 1
7 7 7 5 5 4 4 3 3 3 3 3
7 7 7 5 5 4 4 3 3 3 3 2 1
7 7 7 5 5 4 4 3 3 3 3 1 1 1
7 7 7 5 5 4 4 3 3 3 2 2 2
7 7 7 5 5 4 4 3 3 3 2 2 1 1
7 7 7 5 5 4 4 3 3 3 2 1 1 1 1
7 7 7 5 5 4 4 3 3 3 1 1 1 1 1 1
7 7 7 5 5 4 4 3 3 2 2 2 2 1
7 7 7 5 5 4 4 3 3 2 2 2 1 1 1
7 7 7 5 5 4 4 3 3 2 2 1 1 1 1 1
7 7 7 5 5 4 4 3 3 2 1 1 1 1 1 1 1
7 7 7 5 5 4 4 3 2 2 2 2 2 2
7 7 7 5 5 4 4 3 2 2 2 2 2 1 1
7 7 7 5 5 4 4 3 2 2 2 2 1 1 1 1
7 7 7 5 5 4 4 3 2 2 2 1 1 1 1 1 1
7 7 7 5 5 4 4 2 2 2 2 2 2 2 1
7 7 7 5 5 4 4 2 2 2 2 2 2 1 1 1
7 7 7 5 5 4 4 2 2 2 2 2 1 1 1 1 1
7 7 7 5 5 4 3 3 3 3 3 3 1
7 7 7 5 5 4 3 3 3 3 3 2 2
7 7 7 5 5 4 3 3 3 3 3 2 1 1
7 7 7 5 5 4 3 3 3 3 3 1 1 1 1
7 7 7 5 5 4 3 3 3 3 2 2 2 1
7 7 7 5 5 4 3 3 3 3 2 2 1 1 1
7 7 7 5 5 4 3 3 3 3 2 1 1 1 1 1
7 7 7 5 5 4 3 3 3 3 1 1 1 1 1 1 1
7 7 7 5 5 4 3 3 3 2 2 2 2 2
7 7 7 5 5 4 3 3 3 2 2 2 2 1 1
7 7 7 5 5 4 3 3 3 2 2 2 1 1 1 1
7 7 7 5 5 4 3 3 3 2 2 1 1 1 1 1 1
7 7 7 5 5 4 3 3 2 2 2 2 2 2 1
7 7 7 5 5 4 3 3 2 2 2 2 2 1 1 1
7 7 7 5 5 4 3 3 2 2 2 2 1 1 1 1 1
7 7 7 5 5 4 3 2 2 2 2 2 2 2 2
7 7 7 5 5 4 3 2 2 2 2 2 2 2 1 1
7 7 7 5 5 4 3 2 2 2 2 2 2 1 1 1 1
7 7 7 5 5 3 3 3 3 3 3 3 2
7 7 7 5 5 3 3 3 3 3 3 3 1 1
7 7 7 5 5 3 3 3 3 3 3 2 2 1
7 7 7 5 5 3 3 3 3 3 3 2 1 1 1
7 7 7 5 5 3 3 3 3 3 3 1 1 1 1 1
7 7 7 5 5 3 3 3 3 3 2 2 2 2
7 7 7 5 5 3 3 3 3 3 2 2 2 1 1
7 7 7 5 5 3 3 3 3 3 2 2 1 1 1 1
7 7 7 5 5 3 3 3 3 3 2 1 1 1 1 1 1
7 7 7 5 5 3 3 3 3 2 2 2 2 2 1
7 7 7 5 5 3 3 3 3 2 2 2 2 1 1 1
7 7 7 5 5 3 3 3 3 2 2 2 1 1 1 1 1
7 7 7 5 5 3 3 3 2 2 2 2 2 2 2
7 7 7 5 5 3 3 3 2 2 2 2 2 2 1 1
7 7 7 5 5 3 3 3 2 2 2 2 2 1 1 1 1
7 7 7 5 5 3 3 2 2 2 2 2 2 2 2 1
7 7 7 5 5 3 3 2 2 2 2 2 2 2 1 1 1
7 7 7 5 4 4 4 4 4 4 4
7 7 7 5 4 4 4 4 4 4 3 1
7 7 7 5 4 4 4 4 4 4 2 2
7 7 7 5 4 4 4 4 4 4 2 1 1
7 7 7 5 4 4 4 4 4 4 1 1 1 1
7 7 7 5 4 4 4 4 4 3 3 2
7 7 7 5 4 4 4 4 4 3 3 1 1
7 7 7 5 4 4 4 4 4 3 2 2 1
7 7 7 5 4 4 4 4 4 3 2 1 1 1
7 7 7 5 4 4 4 4 4 3 1 1 1 1 1
7 7 7 5 4 4 4 4 4 2 2 2 2
7 7 7 5 4 4 4 4 4 2 2 2 1 1
7 7 7 5 4 4 4 4 4 2 2 1 1 1 1
7 7 7 5 4 4 4 4 4 2 1 1 1 1 1 1
7 7 7 5 4 4 4 4 4 1 1 1 1 1 1 1 1
7 7 7 5 4 4 4 4 3 3 3 3
7 7 7 5 4 4 4 4 3 3 3 2 1
7 7 7 5 4 4 4 4 3 3 3 1 1 1
7 7 7 5 4 4 4 4 3 3 2 2 2
7 7 7 5 4 4 4 4 3 3 2 2 1 1
7 7 7 5 4 4 4 4 3 3 2 1 1 1 1
7 7 7 5 4 4 4 4 3 3 1 1 1 1 1 1
7 7 7 5 4 4 4 4 3 2 2 2 2 1
7 7 7 5 4 4 4 4 3 2 2 2 1 1 1
7 7 7 5 4 4 4 4 3 2 2 1 1 1 1 1
7 7 7 5 4 4 4 4 3 2 1 1 1 1 1 1 1
7 7 7 5 4 4 4 4 2 2 2 2 2 2
7 7 7 5 4 4 4 4 2 2 2 2 2 1 1
7 7 7 5 4 4 4 4 2 2 2 2 1 1 1 1
7 7 7 5 4 4 4 4 2 2 2 1 1 1 1 1 1
7 7 7 5 4 4 4 3 3 3 3 3 1
7 7 7 5 4 4 4 3 3 3 3 2 2
7 7 7 5 4 4 4 3 3 3 3 2 1 1
7 7 7 5 4 4 4 3 3 3 3 1 1 1 1
7 7 7 5 4 4 4 3 3 3 2 2 2 1
7 7 7 5 4 4 4 3 3 3 2 2 1 1 1
7 7 7 5 4 4 4 3 3 3 2 1 1 1 1 1
7 7 7 5 4 4 4 3 3 3 1 1 1 1 1 1 1
7 7 7 5 4 4 4 3 3 2 2 2 2 2
7 7 7 5 4 4 4 3 3 2 2 2 2 1 1
7 7 7 5 4 4 4 3 3 2 2 2 1 1 1 1
7 7 7 5 4 4 4 3 3 2 2 1 1 1 1 1 1
7 7 7 5 4 4 4 3 2 2 2 2 2 2 1
7 7 7 5 4 4 4 3 2 2 2 2 2 1 1 1
7 7 7 5 4 4 4 3 2 2 2 2 1 1 1 1 1
7 7 7 5 4 4 4 2 2 2 2 2 2 2 2
7 7 7 5 4 4 4 2 2 2 2 2 2 2 1 1
7 7 7 5 4 4 4 2 2 2 2 2 2 1 1 1 1
7 7 7 5 4 4 3 3 3 3 3 3 2
7 7 7 5 4 4 3 3 3 3 3 3 1 1
7 7 7 5 4 4 3 3 3 3 3 2 2 1
7 7 7 5 4 4 3 3 3 3 3 2 1 1 1
7 7 7 5 4 4 3 3 3 3 3 1 1 1 1 1
7 7 7 5 4 4 3 3 3 3 2 2 2 2
7 7 7 5 4 4 3 3 3 3 2 2 2 1 1
7 7 7 5 4 4 3 3 3 3 2 2 1 1 1 1
7 7 7 5 4 4 3 3 3 3 2 1 1 1 1 1 1
7 7 7 5 4 4 3 3 3 2 2 2 2 2 1
7 7 7 5 4 4 3 3 3 2 2 2 2 1 1 1
7 7 7 5 4 4 3 3 3 2 2 2 1 1 1 1 1
7 7 7 5 4 4 3 3 2 2 2 2 2 2 2
7 7 7 5 4 4 3 3 2 2 2 2 2 2 1 1
7 7 7 5 4 4 3 3 2 2 2 2 2 1 1 1 1
7 7 7 5 4 4 3 2 2 2 2 2 2 2 2 1
7 7 7 5 4 4 3 2 2 2 2 2 2 2 1 1 1
7 7 7 5 4 3 3 3 3 3 3 3 3
7 7 7 5 4 3 3 3 3 3 3 3 2 1
7 7 7 5 4 3 3 3 3 3 3 3 1 1 1
7 7 7 5 4 3 3 3 3 3 3 2 2 2
7 7 7 5 4 3 3 3 3 3 3 2 2 1 1
7 7 7 5 4 3 3 3 3 3 3 2 1 1 1 1
7 7 7 5 4 3 3 3 3 3 3 1 1 1 1 1 1
7 7 7 5 4 3 3 3 3 3 2 2 2 2 1
7 7 7 5 4 3 3 3 3 3 2 2 2 1 1 1
7 7 7 5 4 3 3 3 3 3 2 2 1 1 1 1 1
7 7 7 5 4 3 3 3 3 2 2 2 2 2 2
7 7 7 5 4 3 3 3 3 2 2 2 2 2 1 1
7 7 7 5 4 3 3 3 3 2 2 2 2 1 1 1 1
7 7 7 5 4 3 3 3 2 2 2 2 2 2 2 1
7 7 7 5 4 3 3 3 2 2 2 2 2 2 1 1 1
7 7 7 5 4 3 3 2 2 2 2 2 2 2 2 1 1
7 7 7 4 4 4 4 4 4 4 4 1
7 7 7 4 4 4 4 4 4 4 3 2
7 7 7 4 4 4 4 4 4 4 3 1 1
7 7 7 4 4 4 4 4 4 4 2 2 1
7 7 7 4 4 4 4 4 4 4 2 1 1 1
7 7 7 4 4 4 4 4 4 4 1 1 1 1 1
7 7 7 4 4 4 4 4 4 3 3 3
7 7 7 4 4 4 4 4 4 3 3 2 1
7 7 7 4 4 4 4 4 4 3 3 1 1 1
7 7 7 4 4 4 4 4 4 3 2 2 2
7 7 7 4 4 4 4 4 4 3 2 2 1 1
7 7 7 4 4 4 4 4 4 3 2 1 1 1 1
7 7 7 4 4 4 4 4 4 3 1 1 1 1 1 1
7 7 7 4 4 4 4 4 4 2 2 2 2 1
7 7 7 4 4 4 4 4 4 2 2 2 1 1 1
7 7 7 4 4 4 4 4 4 2 2 1 1 1 1 1
7 7 7 4 4 4 4 4 4 2 1 1 1 1 1 1 1
7 7 7 4 4 4 4 4 3 3 3 3 1
7 7 7 4 4 4 4 4 3 3 3 2 2
7 7 7 4 4 4 4 4 3 3 3 2 1 1
7 7 7 4 4 4 4 4 3 3 3 1 1 1 1
7 7 7 4 4 4 4 4 3 3 2 2 2 1
7 7 7 4 4 4 4 4 3 3 2 2 1 1 1
7 7 7 4 4 4 4 4 3 3 2 1 1 1 1 1
7 7 7 4 4 4 4 4 3 3 1 1 1 1 1 1 1
7 7 7 4 4 4 4 4 3 2 2 2 2 2
7 7 7 4 4 4 4 4 3 2 2 2 2 1 1
7 7 7 4 4 4 4 4 3 2 2 2 1 1 1 1
7 7 7 4 4 4 4 4 3 2 2 1 1 1 1 1 1
7 7 7 4 4 4 4 4 2 2 2 2 2 2 1
7 7 7 4 4 4 4 4 2 2 2 2 2 1 1 1
7 7 7 4 4 4 4 4 2 2 2 2 1 1 1 1 1
7 7 7 4 4 4 4 3 3 3 3 3 2
7 7 7 4 4 4 4 3 3 3 3 3 1 1
7 7 7 4 4 4 4 3 3 3 3 2 2 1
7 7 7 4 4 4 4 3 3 3 3 2 1 1 1
7 7 7 4 4 4 4 3 3 3 3 1 1 1 1 1
7 7 7 4 4 4 4 3 3 3 2 2 2 2
7 7 7 4 4 4 4 3 3 3 2 2 2 1 1
7 7 7 4 4 4 4 3 3 3 2 2 1 1 1 1
7 7 7 4 4 4 4 3 3 3 2 1 1 1 1 1 1
7 7 7 4 4 4 4 3 3 2 2 2 2 2 1
7 7 7 4 4 4 4 3 3 2 2 2 2 1 1 1
7 7 7 4 4 4 4 3 3 2 2 2 1 1 1 1 1
7 7 7 4 4 4 4 3 2 2 2 2 2 2 2
7 7 7 4 4 4 4 3 2 2 2 2 2 2 1 1
7 7 7 4 4 4 4 3 2 2 2 2 2 1 1 1 1
7 7 7 4 4 4 4 2 2 2 2 2 2 2 2 1
7 7 7 4 4 4 4 2 2 2 2 2 2 2 1 1 1
7 7 7 4 4 4 3 3 3 3 3 3 3
7 7 7 4 4 4 3 3 3 3 3 3 2 1
7 7 7 4 4 4 3 3 3 3 3 3 1 1 1
7 7 7 4 4 4 3 3 3 3 3 2 2 2
7 7 7 4 4 4 3 3 3 3 3 2 2 1 1
7 7 7 4 4 4 3 3 3 3 3 2 1 1 1 1
7 7 7 4 4 4 3 3 3 3 3 1 1 1 1 1 1
7 7 7 4 4 4 3 3 3 3 2 2 2 2 1
7 7 7 4 4 4 3 3 3 3 2 2 2 1 1 1
7 7 7 4 4 4 3 3 3 3 2 2 1 1 1 1 1
7 7 7 4 4 4 3 3 3 2 2 2 2 2 2
7 7 7 4 4 4 3 3 3 2 2 2 2 2 1 1
7 7 7 4 4 4 3 3 3 2 2 2 2 1 1 1 1
7 7 7 4 4 4 3 3 2 2 2 2 2 2 2 1
7 7 7 4 4 4 3 3 2 2 2 2 2 2 1 1 1
7 7 7 4 4 4 3 2 2 2 2 2 2 2 2 1 1
7 7 7 4 4 3 3 3 3 3 3 3 3 1
7 7 7 4 4 3 3 3 3 3 3 3 2 2
7 7 7 4 4 3 3 3 3 3 3 3 2 1 1
7 7 7 4 4 3 3 3 3 3 3 3 1 1 1 1
7 7 7 4 4 3 3 3 3 3 3 2 2 2 1
7 7 7 4 4 3 3 3 3 3 3 2 2 1 1 1
7 7 7 4 4 3 3 3 3 3 3 2 1 1 1 1 1
7 7 7 4 4 3 3 3 3 3 2 2 2 2 2
7 7 7 4 4 3 3 3 3 3 2 2 2 2 1 1
7 7 7 4 4 3 3 3 3 3 2 2 2 1 1 1 1
7 7 7 4 4 3 3 3 3 2 2 2 2 2 2 1
7 7 7 4 4 3 3 3 3 2 2 2 2 2 1 1 1
7 7 7 4 4 3 3 3 2 2 2 2 2 2 2 1 1
7 7 6 6 6 6 6 5 3 1 1
7 7 6 6 6 6 6 5 2 2 1
7 7 6 6 6 6 6 5 2 1 1 1
7 7 6 6 6 6 6 4 4 1 1
7 7 6 6 6 6 6 4 3 2 1
7 7 6 6 6 6 6 4 3 1 1 1
7 7 6 6 6 6 6 4 2 2 2
7 7 6 6 6 6 6 4 2 2 1 1
7 7 6 6 6 6 6 4 2 1 1 1 1
7 7 6 6 6 6 6 3 3 3 1
7 7 6 6 6 6 6 3 3 2 2
7 7 6 6 6 6 6 3 3 2 1 1
7 7 6 6 6 6 6 3 3 1 1 1 1
7 7 6 6 6 6 6 3 2 2 2 1
7 7 6 6 6 6 6 3 2 2 1 1 1
7 7 6 6 6 6 6 3 2 1 1 1 1 1
7 7 6 6 6 6 6 2 2 2 2 2
7 7 6 6 6 6 6 2 2 2 2 1 1
7 7 6 6 6 6 6 2 2 2 1 1 1 1
7 7 6 6 6 6 6 2 2 1 1 1 1 1 1
7 7 6 6 6 6 5 5 4 1 1
7 7 6 6 6 6 5 5 3 2 1
7 7 6 6 6 6 5 5 3 1 1 1
7 7 6 6 6 6 5 5 2 2 2
7 7 6 6 6 6 5 5 2 2 1 1
7 7 6 6 6 6 5 5 2 1 1 1 1
7 7 6 6 6 6 5 4 4 2 1
7 7 6 6 6 6 5 4 4 1 1 1
7 7 6 6 6 6 5 4 3 3 1
7 7 6 6 6 6 5 4 3 2 2
7 7 6 6 6 6 5 4 3 2 1 1
7 7 6 6 6 6 5 4 3 1 1 1 1
7 7 6 6 6 6 5 4 2 2 2 1
7 7 6 6 6 6 5 4 2 2 1 1 1
7 7 6 6 6 6 5 4 2 1 1 1 1 1
7 7 6 6 6 6 5 3 3 3 2
7 7 6 6 6 6 5 3 3 3 1 1
7 7 6 6 6 6 5 3 3 2 2 1
7 7 6 6 6 6 5 3 3 2 1 1 1
7 7 6 6 6 6 5 3 3 1 1 1 1 1
7 7 6 6 6 6 5 3 2 2 2 2
7 7 6 6 6 6 5 3 2 2 2 1 1
7 7 6 6 6 6 5 3 2 2 1 1 1 1
7 7 6 6 6 6 5 3 2 1 1 1 1 1 1
7 7 6 6 6 6 5 2 2 2 2 2 1
7 7 6 6 6 6 5 2 2 2 2 1 1 1
7 7 6 6 6 6 5 2 2 2 1 1 1 1 1
7 7 6 6 6 6 5 2 2 1 1 1 1 1 1 1
7 7 6 6 6 6 4 4 4 3 1
7 7 6 6 6 6 4 4 4 2 2
7 7 6 6 6 6 4 4 4 2 1 1
7 7 6 6 6 6 4 4 4 1 1 1 1
7 7 6 6 6 6 4 4 3 3 2
7 7 6 6 6 6 4 4 3 3 1 1
7 7 6 6 6 6 4 4 3 2 2 1
7 7 6 6 6 6 4 4 3 2 1 1 1
7 7 6 6 6 6 4 4 3 1 1 1 1 1
7 7 6 6 6 6 4 4 2 2 2 2
7 7 6 6 6 6 4 4 2 2 2 1 1
7 7 6 6 6 6 4 4 2 2 1 1 1 1
7 7 6 6 6 6 4 4 2 1 1 1 1 1 1
7 7 6 6 6 6 4 3 3 3 3
7 7 6 6 6 6 4 3 3 3 2 1
7 7 6 6 6 6 4 3 3 3 1 1 1
7 7 6 6 6 6 4 3 3 2 2 2
7 7 6 6 6 6 4 3 3 2 2 1 1
7 7 6 6 6 6 4 3 3 2 1 1 1 1
7 7 6 6 6 6 4 3 3 1 1 1 1 1 1
7 7 6 6 6 6 4 3 2 2 2 2 1
7 7 6 6 6 6 4 3 2 2 2 1 1 1
7 7 6 6 6 6 4 3 2 2 1 1 1 1 1
7 7 6 6 6 6 4 3 2 1 1 1 1 1 1 1
7 7 6 6 6 6 4 2 2 2 2 2 2
7 7 6 6 6 6 4 2 2 2 2 2 1 1
7 7 6 6 6 6 4 2 2 2 2 1 1 1 1
7 7 6 6 6 6 4 2 2 2 1 1 1 1 1 1
7 7 6 6 6 6 4 2 2 1 1 1 1 1 1 1 1
7 7 6 6 6 6 3 3 3 3 3 1
7 7 6 6 6 6 3 3 3 3 2 2
7 7 6 6 6 6 3 3 3 3 2 1 1
7 7 6 6 6 6 3 3 3 3 1 1 1 1
7 7 6 6 6 6 3 3 3 2 2 2 1
7 7 6 6 6 6 3 3 3 2 2 1 1 1
7 7 6 6 6 6 3 3 3 2 1 1 1 1 1
7 7 6 6 6 6 3 3 3 1 1 1 1 1 1 1
7 7 6 6 6 6 3 3 2 2 2 2 2
7 7 6 6 6 6 3 3 2 2 2 2 1 1
7 7 6 6 6 6 3 3 2 2 2 1 1 1 1
7 7 6 6 6 6 3 3 2 2 1 1 1 1 1 1
7 7 6 6 6 6 3 3 2 1 1 1 1 1 1 1 1
7 7 6 6 6 6 3 2 2 2 2 2 2 1
7 7 6 6 6 6 3 2 2 2 2 2 1 1 1
7 7 6 6 6 6 3 2 2 2 2 1 1 1 1 1
7 7 6 6 6 6 3 2 2 2 1 1 1 1 1 1 1
7 7 6 6 6 5 5 5 5 1 1
7 7 6 6 6 5 5 5 4 2 1
7 7 6 6 6 5 5 5 4 1 1 1
7 7 6 6 6 5 5 5 3 3 1
7 7 6 6 6 5 5 5 3 2 2
7 7 6 6 6 5 5 5 3 2 1 1
7 7 6 6 6 5 5 5 3 1 1 1 1
7 7 6 6 6 5 5 5 2 2 2 1
7 7 6 6 6 5 5 5 2 2 1 1 1
7 7 6 6 6 5 5 5 2 1 1 1 1 1
7 7 6 6 6 5 5 4 4 3 1
7 7 6 6 6 5 5 4 4 2 2
7 7 6 6 6 5 5 4 4 2 1 1
7 7 6 6 6 5 5 4 4 1 1 1 1
7 7 6 6 6 5 5 4 3 3 2
7 7 6 6 6 5 5 4 3 3 1 1
7 7 6 6 6 5 5 4 3 2 2 1
7 7 6 6 6 5 5 4 3 2 1 1 1
7 7 6 6 6 5 5 4 3 1 1 1 1 1
7 7 6 6 6 5 5 4 2 2 2 2
7 7 6 6 6 5 5 4 2 2 2 1 1
7 7 6 6 6 5 5 4 2 2 1 1 1 1
7 7 6 6 6 5 5 4 2 1 1 1 1 1 1
7 7 6 6 6 5 5 3 3 3 3
7 7 6 6 6 5 5 3 3 3 2 1
7 7 6 6 6 5 5 3 3 3 1 1 1
7 7 6 6 6 5 5 3 3 2 2 2
7 7 6 6 6 5 5 3 3 2 2 1 1
7 7 6 6 6 5 5 3 3 2 1 1 1 1
7 7 6 6 6 5 5 3 3 1 1 1 1 1 1
7 7 6 6 6 5 5 3 2 2 2 2 1
7 7 6 6 6 5 5 3 2 2 2 1 1 1
7 7 6 6 6 5 5 3 2 2 1 1 1 1 1
7 7 6 6 6 5 5 3 2 1 1 1 1 1 1 1
7 7 6 6 6 5 5 2 2 2 2 2 2
7 7 6 6 6 5 5 2 2 2 2 2 1 1
7 7 6 6 6 5 5 2 2 2 2 1 1 1 1
7 7 6 6 6 5 5 2 2 2 1 1 1 1 1 1
7 7 6 6 6 5 5 2 2 1 1 1 1 1 1 1 1
7 7 6 6 6 5 4 4 4 4 1
7 7 6 6 6 5 4 4 4 3 2
7 7 6 6 6 5 4 4 4 3 1 1
7 7 6 6 6 5 4 4 4 2 2 1
7 7 6 6 6 5 4 4 4 2 1 1 1
7 7 6 6 6 5 4 4 4 1 1 1 1 1
7 7 6 6 6 5 4 4 3 3 3
7 7 6 6 6 5 4 4 3 3 2 1
7 7 6 6 6 5 4 4 3 3 1 1 1
7 7 6 6 6 5 4 4 3 2 2 2
7 7 6 6 6 5 4 4 3 2 2 1 1
7 7 6 6 6 5 4 4 3 2 1 1 1 1
7 7 6 6 6 5 4 4 3 1 1 1 1 1 1
7 7 6 6 6 5 4 4 2 2 2 2 1
7 7 6 6 6 5 4 4 2 2 2 1 1 1
7 7 6 6 6 5 4 4 2 2 1 1 1 1 1
7 7 6 6 6 5 4 4 2 1 1 1 1 1 1 1
7 7 6 6 6 5 4 3 3 3 3 1
7 7 6 6 6 5 4 3 3 3 2 2
7 7 6 6 6 5 4 3 3 3 2 1 1
7 7 6 6 6 5 4 3 3 3 1 1 1 1
7 7 6 6 6 5 4 3 3 2 2 2 1
7 7 6 6 6 5 4 3 3 2 2 1 1 1
7 7 6 6 6 5 4 3 3 2 1 1 1 1 1
7 7 6 6 6 5 4 3 3 1 1 1 1 1 1 1
7 7 6 6 6 5 4 3 2 2 2 2 2
7 7 6 6 6 5 4 3 2 2 2 2 1 1
7 7 6 6 6 5 4 3 2 2 2 1 1 1 1
7 7 6 6 6 5 4 3 2 2 1 1 1 1 1 1
7 7 6 6 6 5 4 3 2 1 1 1 1 1 1 1 1
7 7 6 6 6 5 4 2 2 2 2 2 2 1
7 7 6 6 6 5 4 2 2 2 2 2 1 1 1
7 7 6 6 6 5 4 2 2 2 2 1 1 1 1 1
7 7 6 6 6 5 4 2 2 2 1 1 1 1 1 1 1
7 7 6 6 6 5 3 3 3 3 3 2
7 7 6 6 6 5 3 3 3 3 3 1 1
7 7 6 6 6 5 3 3 3 3 2 2 1
7 7 6 6 6 5 3 3 3 3 2 1 1 1
7 7 6 6 6 5 3 3 3 3 1 1 1 1 1
7 7 6 6 6 5 3 3 3 2 2 2 2
7 7 6 6 6 5 3 3 3 2 2 2 1 1
7 7 6 6 6 5 3 3 3 2 2 1 1 1 1
7 7 6 6 6 5 3 3 3 2 1 1 1 1 1 1
7 7 6 6 6 5 3 3 3 1 1 1 1 1 1 1 1
7 7 6 6 6 5 3 3 2 2 2 2 2 1
7 7 6 6 6 5 3 3 2 2 2 2 1 1 1
7 7 6 6 6 5 3 3 2 2 2 1 1 1 1 1
7 7 6 6 6 5 3 3 2 2 1 1 1 1 1 1 1
7 7 6 6 6 5 3 2 2 2 2 2 2 2
7 7 6 6 6 5 3 2 2 2 2 2 2 1 1
7 7 6 6 6 5 3 2 2 2 2 2 1 1 1 1
7 7 6 6 6 5 3 2 2 2 2 1 1 1 1 1 1
7 7 6 6 6 4 4 4 4 4 2
7 7 6 6 6 4 4 4 4 4 1 1
7 7 6 6 6 4 4 4 4 3 3
7 7 6 6 6 4 4 4 4 3 2 1
7 7 6 6 6 4 4 4 4 3 1 1 1
7 7 6 6 6 4 4 4 4 2 2 2
7 7 6 6 6 4 4 4 4 2 2 1 1
7 7 6 6 6 4 4 4 4 2 1 1 1 1
7 7 6 6 6 4 4 4 4 1 1 1 1 1 1
7 7 6 6 6 4 4 4 3 3 3 1
7 7 6 6 6 4 4 4 3 3 2 2
7 7 6 6 6 4 4 4 3 3 2 1 1
7 7 6 6 6 4 4 4 3 3 1 1 1 1
7 7 6 6 6 4 4 4 3 2 2 2 1
7 7 6 6 6 4 4 4 3 2 2 1 1 1
7 7 6 6 6 4 4 4 3 2 1 1 1 1 1
7 7 6 6 6 4 4 4 3 1 1 1 1 1 1 1
7 7 6 6 6 4 4 4 2 2 2 2 2
7 7 6 6 6 4 4 4 2 2 2 2 1 1
7 7 6 6 6 4 4 4 2 2 2 1 1 1 1
7 7 6 6 6 4 4 4 2 2 1 1 1 1 1 1
7 7 6 6 6 4 4 4 2 1 1 1 1 1 1 1 1
7 7 6 6 6 4 4 3 3 3 3 2
7 7 6 6 6 4 4 3 3 3 3 1 1
7 7 6 6 6 4 4 3 3 3 2 2 1
7 7 6 6 6 4 4 3 3 3 2 1 1 1
7 7 6 6 6 4 4 3 3 3 1 1 1 1 1
7 7 6 6 6 4 4 3 3 2 2 2 2
7 7 6 6 6 4 4 3 3 2 2 2 1 1
7 7 6 6 6 4 4 3 3 2 2 1 1 1 1
7 7 6 6 6 4 4 3 3 2 1 1 1 1 1 1
7 7 6 6 6 4 4 3 3 1 1 1 1 1 1 1 1
7 7 6 6 6 4 4 3 2 2 2 2 2 1
7 7 6 6 6 4 4 3 2 2 2 2 1 1 1
7 7 6 6 6 4 4 3 2 2 2 1 1 1 1 1
7 7 6 6 6 4 4 3 2 2 1 1 1 1 1 1 1
7 7 6 6 6 4 4 2 2 2 2 2 2 2
7 7 6 6 6 4 4 2 2 2 2 2 2 1 1
7 7 6 6 6 4 4 2 2 2 2 2 1 1 1 1
7 7 6 6 6 4 4 2 2 2 2 1 1 1 1 1 1
7 7 6 6 6 4 3 3 3 3 3 3
7 7 6 6 6 4 3 3 3 3 3 2 1
7 7 6 6 6 4 3 3 3 3 3 1 1 1
7 7 6 6 6 4 3 3 3 3 2 2 2
7 7 6 6 6 4 3 3 3 3 2 2 1 1
7 7 6 6 6 4 3 3 3 3 2 1 1 1 1
7 7 6 6 6 4 3 3 3 3 1 1 1 1 1 1
7 7 6 6 6 4 3 3 3 2 2 2 2 1
7 7 6 6 6 4 3 3 3 2 2 2 1 1 1
7 7 6 6 6 4 3 3 3 2 2 1 1 1 1 1
7 7 6 6 6 4 3 3 3 2 1 1 1 1 1 1 1
7 7 6 6 6 4 3 3 2 2 2 2 2 2
7 7 6 6 6 4 3 3 2 2 2 2 2 1 1
7 7 6 6 6 4 3 3 2 2 2 2 1 1 1 1
7 7 6 6 6 4 3 3 2 2 2 1 1 1 1 1 1
7 7 6 6 6 4 3 2 2 2 2 2 2 2 1
7 7 6 6 6 4 3 2 2 2 2 2 2 1 1 1
7 7 6 6 6 4 3 2 2 2 2 2 1 1 1 1 1
7 7 6 6 6 3 3 3 3 3 3 3 1
7 7 6 6 6 3 3 3 3 3 3 2 2
7 7 6 6 6 3 3 3 3 3 3 2 1 1
7 7 6 6 6 3 3 3 3 3 3 1 1 1 1
7 7 6 6 6 3 3 3 3 3 2 2 2 1
7 7 6 6 6 3 3 3 3 3 2 2 1 1 1
7 7 6 6 6 3 3 3 3 3 2 1 1 1 1 1
7 7 6 6 6 3 3 3 3 3 1 1 1 1 1 1 1
7 7 6 6 6 3 3 3 3 2 2 2 2 2
7 7 6 6 6 3 3 3 3 2 2 2 2 1 1
7 7 6 6 6 3 3 3 3 2 2 2 1 1 1 1
7 7 6 6 6 3 3 3 3 2 2 1 1 1 1 1 1
7 7 6 6 6 3 3 3 2 2 2 2 2 2 1
7 7 6 6 6 3 3 3 2 2 2 2 2 1 1 1
7 7 6 6 6 3 3 3 2 2 2 2 1 1 1 1 1
7 7 6 6 6 3 3 2 2 2 2 2 2 2 2
7 7 6 6 6 3 3 2 2 2 2 2 2 2 1 1
7 7 6 6 6 3 3 2 2 2 2 2 2 1 1 1 1
7 7 6 6 5 5 5 5 5 2 1
7 7 6 6 5 5 5 5 5 1 1 1
7 7 6 6 5 5 5 5 4 3 1
7 7 6 6 5 5 5 5 4 2 2
7 7 6 6 5 5 5 5 4 2 1 1
7 7 6 6 5 5 5 5 4 1 1 1 1
7 7 6 6 5 5 5 5 3 3 2
7 7 6 6 5 5 5 5 3 3 1 1
7 7 6 6 5 5 5 5 3 2 2 1
7 7 6 6 5 5 5 5 3 2 1 1 1
7 7 6 6 5 5 5 5 3 1 1 1 1 1
7 7 6 6 5 5 5 5 2 2 2 2
7 7 6 6 5 5 5 5 2 2 2 1 1
7 7 6 6 5 5 5 5 2 2 1 1 1 1
7 7 6 6 5 5 5 5 2 1 1 1 1 1 1
7 7 6 6 5 5 5 4 4 4 1
7 7 6 6 5 5 5 4 4 3 2
7 7 6 6 5 5 5 4 4 3 1 1
7 7 6 6 5 5 5 4 4 2 2 1
7 7 6 6 5 5 5 4 4 2 1 1 1
7 7 6 6 5 5 5 4 4 1 1 1 1 1
7 7 6 6 5 5 5 4 3 3 3
7 7 6 6 5 5 5 4 3 3 2 1
7 7 6 6 5 5 5 4 3 3 1 1 1
7 7 6 6 5 5 5 4 3 2 2 2
7 7 6 6 5 5 5 4 3 2 2 1 1
7 7 6 6 5 5 5 4 3 2 1 1 1 1
7 7 6 6 5 5 5 4 3 1 1 1 1 1 1
7 7 6 6 5 5 5 4 2 2 2 2 1
7 7 6 6 5 5 5 4 2 2 2 1 1 1
7 7 6 6 5 5 5 4 2 2 1 1 1 1 1
7 7 6 6 5 5 5 4 2 1 1 1 1 1 1 1
7 7 6 6 5 5 5 3 3 3 3 1
7 7 6 6 5 5 5 3 3 3 2 2
7 7 6 6 5 5 5 3 3 3 2 1 1
7 7 6 6 5 5 5 3 3 3 1 1 1 1
7 7 6 6 5 5 5 3 3 2 2 2 1
7 7 6 6 5 5 5 3 3 2 2 1 1 1
7 7 6 6 5 5 5 3 3 2 1 1 1 1 1
7 7 6 6 5 5 5 3 3 1 1 1 1 1 1 1
7 7 6 6 5 5 5 3 2 2 2 2 2
7 7 6 6 5 5 5 3 2 2 2 2 1 1
7 7 6 6 5 5 5 3 2 2 2 1 1 1 1
7 7 6 6 5 5 5 3 2 2 1 1 1 1 1 1
7 7 6 6 5 5 5 3 2 1 1 1 1 1 1 1 1
7 7 6 6 5 5 5 2 2 2 2 2 2 1
7 7 6 6 5 5 5 2 2 2 2 2 1 1 1
7 7 6 6 5 5 5 2 2 2 2 1 1 1 1 1
7 7 6 6 5 5 5 2 2 2 1 1 1 1 1 1 1
7 7 6 6 5 5 4 4 4 4 2
7 7 6 6 5 5 4 4 4 4 1 1
7 7 6 6 5 5 4 4 4 3 3
7 7 6 6 5 5 4 4 4 3 2 1
7 7 6 6 5 5 4 4 4 3 1 1 1
7 7 6 6 5 5 4 4 4 2 2 2
7 7 6 6 5 5 4 4 4 2 2 1 1
7 7 6 6 5 5 4 4 4 2 1 1 1 1
7 7 6 6 5 5 4 4 4 1 1 1 1 1 1
7 7 6 6 5 5 4 4 3 3 3 1
7 7 6 6 5 5 4 4 3 3 2 2
7 7 6 6 5 5 4 4 3 3 2 1 1
7 7 6 6 5 5 4 4 3 3 1 1 1 1
7 7 6 6 5 5 4 4 3 2 2 2 1
7 7 6 6 5 5 4 4 3 2 2 1 1 1
7 7 6 6 5 5 4 4 3 2 1 1 1 1 1
7 7 6 6 5 5 4 4 3 1 1 1 1 1 1 1
7 7 6 6 5 5 4 4 2 2 2 2 2
7 7 6 6 5 5 4 4 2 2 2 2 1 1
7 7 6 6 5 5 4 4 2 2 2 1 1 1 1
7 7 6 6 5 5 4 4 2 2 1 1 1 1 1 1
7 7 6 6 5 5 4 4 2 1 1 1 1 1 1 1 1
7 7 6 6 5 5 4 3 3 3 3 2
7 7 6 6 5 5 4 3 3 3 3 1 1
7 7 6 6 5 5 4 3 3 3 2 2 1
7 7 6 6 5 5 4 3 3 3 2 1 1 1
7 7 6 6 5 5 4 3 3 3 1 1 1 1 1
7 7 6 6 5 5 4 3 3 2 2 2 2
7 7 6 6 5 5 4 3 3 2 2 2 1 1
7 7 6 6 5 5 4 3 3 2 2 1 1 1 1
7 7 6 6 5 5 4 3 3 2 1 1 1 1 1 1
7 7 6 6 5 5 4 3 3 1 1 1 1 1 1 1 1
7 7 6 6 5 5 4 3 2 2 2 2 2 1
7 7 6 6 5 5 4 3 2 2 2 2 1 1 1
7 7 6 6 5 5 4 3 2 2 2 1 1 1 1 1
7 7 6 6 5 5 4 3 2 2 1 1 1 1 1 1 1
7 7 6 6 5 5 4 2 2 2 2 2 2 2
7 7 6 6 5 5 4 2 2 2 2 2 2 1 1
7 7 6 6 5 5 4 2 2 2 2 2 1 1 1 1
7 7 6 6 5 5 4 2 2 2 2 1 1 1 1 1 1
7 7 6 6 5 5 3 3 3 3 3 3
7 7 6 6 5 5 3 3 3 3 3 2 1
7 7 6 6 5 5 3 3 3 3 3 1 1 1
7 7 6 6 5 5 3 3 3 3 2 2 2
7 7 6 6 5 5 3 3 3 3 2 2 1 1
7 7 6 6 5 5 3 3 3 3 2 1 1 1 1
7 7 6 6 5 5 3 3 3 3 1 1 1 1 1 1
7 7 6 6 5 5 3 3 3 2 2 2 2 1
7 7 6 6 5 5 3 3 3 2 2 2 1 1 1
7 7 6 6 5 5 3 3 3 2 2 1 1 1 1 1
7 7 6 6 5 5 3 3 3 2 1 1 1 1 1 1 1
7 7 6 6 5 5 3 3 2 2 2 2 2 2
7 7 6 6 5 5 3 3 2 2 2 2 2 1 1
7 7 6 6 5 5 3 3 2 2 2 2 1 1 1 1
7 7 6 6 5 5 3 3 2 2 2 1 1 1 1 1 1
7 7 6 6 5 5 3 2 2 2 2 2 2 2 1
7 7 6 6 5 5 3 2 2 2 2 2 2 1 1 1
7 7 6 6 5 5 3 2 2 2 2 2 1 1 1 1 1
7 7 6 6 5 4 4 4 4 4 3
7 7 6 6 5 4 4 4 4 4 2 1
7 7 6 6 5 4 4 4 4 4 1 1 1
7 7 6 6 5 4 4 4 4 3 3 1
7 7 6 6 5 4 4 4 4 3 2 2
7 7 6 6 5 4 4 4 4 3 2 1 1
7 7 6 6 5 4 4 4 4 3 1 1 1 1
7 7 6 6 5 4 4 4 4 2 2 2 1
7 7 6 6 5 4 4 4 4 2 2 1 1 1
7 7 6 6 5 4 4 4 4 2 1 1 1 1 1
7 7 6 6 5 4 4 4 4 1 1 1 1 1 1 1
7 7 6 6 5 4 4 4 3 3 3 2
7 7 6 6 5 4 4 4 3 3 3 1 1
7 7 6 6 5 4 4 4 3 3 2 2 1
7 7 6 6 5 4 4 4 3 3 2 1 1 1
7 7 6 6 5 4 4 4 3 3 1 1 1 1 1
7 7 6 6 5 4 4 4 3 2 2 2 2
7 7 6 6 5 4 4 4 3 2 2 2 1 1
7 7 6 6 5 4 4 4 3 2 2 1 1 1 1
7 7 6 6 5 4 4 4 3 2 1 1 1 1 1 1
7 7 6 6 5 4 4 4 3 1 1 1 1 1 1 1 1
7 7 6 6 5 4 4 4 2 2 2 2 2 1
7 7 6 6 5 4 4 4 2 2 2 2 1 1 1
7 7 6 6 5 4 4 4 2 2 2 1 1 1 1 1
7 7 6 6 5 4 4 4 2 2 1 1 1 1 1 1 1
7 7 6 6 5 4 4 3 3 3 3 3
7 7 6 6 5 4 4 3 3 3 3 2 1
7 7 6 6 5 4 4 3 3 3 3 1 1 1
7 7 6 6 5 4 4 3 3 3 2 2 2
7 7 6 6 5 4 4 3 3 3 2 2 1 1
7 7 6 6 5 4 4 3 3 3 2 1 1 1 1
7 7 6 6 5 4 4 3 3 3 1 1 1 1 1 1
7 7 6 6 5 4 4 3 3 2 2 2 2 1
7 7 6 6 5 4 4 3 3 2 2 2 1 1 1
7 7 6 6 5 4 4 3 3 2 2 1 1 1 1 1
7 7 6 6 5 4 4 3 3 2 1 1 1 1 1 1 1
7 7 6 6 5 4 4 3 2 2 2 2 2 2
7 7 6 6 5 4 4 3 2 2 2 2 2 1 1
7 7 6 6 5 4 4 3 2 2 2 2 1 1 1 1
7 7 6 6 5 4 4 3 2 2 2 1 1 1 1 1 1
7 7 6 6 5 4 4 2 2 2 2 2 2 2 1
7 7 6 6 5 4 4 2 2 2 2 2 2 1 1 1
7 7 6 6 5 4 4 2 2 2 2 2 1 1 1 1 1
7 7 6 6 5 4 3 3 3 3 3 3 1
7 7 6 6 5 4 3 3 3 3 3 2 2
7 7 6 6 5 4 3 3 3 3 3 2 1 1
7 7 6 6 5 4 3 3 3 3 3 1 1 1 1
7 7 6 6 5 4 3 3 3 3 2 2 2 1
7 7 6 6 5 4 3 3 3 3 2 2 1 1 1
7 7 6 6 5 4 3 3 3 3 2 1 1 1 1 1
7 7 6 6 5 4 3 3 3 3 1 1 1 1 1 1 1
7 7 6 6 5 4 3 3 3 2 2 2 2 2
7 7 6 6 5 4 3 3 3 2 2 2 2 1 1
7 7 6 6 5 4 3 3 3 2 2 2 1 1 1 1
7 7 6 6 5 4 3 3 3 2 2 1 1 1 1 1 1
7 7 6 6 5 4 3 3 2 2 2 2 2 2 1
7 7 6 6 5 4 3 3 2 2 2 2 2 1 1 1
7 7 6 6 5 4 3 3 2 2 2 2 1 1 1 1 1
7 7 6 6 5 4 3 2 2 2 2 2 2 2 2
7 7 6 6 5 4 3 2 2 2 2 2 2 2 1 1
7 7 6 6 5 4 3 2 2 2 2 2 2 1 1 1 1
7 7 6 6 5 3 3 3 3 3 3 3 2
7 7 6 6 5 3 3 3 3 3 3 3 1 1
7 7 6 6 5 3 3 3 3 3 3 2 2 1
7 7 6 6 5 3 3 3 3 3 3 2 1 1 1
7 7 6 6 5 3 3 3 3 3 3 1 1 1 1 1
7 7 6 6 5 3 3 3 3 3 2 2 2 2
7 7 6 6 5 3 3 3 3 3 2 2 2 1 1
7 7 6 6 5 3 3 3 3 3 2 2 1 1 1 1
7 7 6 6 5 3 3 3 3 3 2 1 1 1 1 1 1
7 7 6 6 5 3 3 3 3 2 2 2 2 2 1
7 7 6 6 5 3 3 3 3 2 2 2 2 1 1 1
7 7 6 6 5 3 3 3 3 2 2 2 1 1 1 1 1
7 7 6 6 5 3 3 3 2 2 2 2 2 2 2
7 7 6 6 5 3 3 3 2 2 2 2 2 2 1 1
7 7 6 6 5 3 3 3 2 2 2 2 2 1 1 1 1
7 7 6 6 5 3 3 2 2 2 2 2 2 2 2 1
7 7 6 6 5 3 3 2 2 2 2 2 2 2 1 1 1
7 7 6 6 4 4 4 4 4 4 4
7 7 6 6 4 4 4 4 4 4 3 1
7 7 6 6 4 4 4 4 4 4 2 2
7 7 6 6 4 4 4 4 4 4 2 1 1
7 7 6 6 4 4 4 4 4 4 1 1 1 1
7 7 6 6 4 4 4 4 4 3 3 2
7 7 6 6 4 4 4 4 4 3 3 1 1
7 7 6 6 4 4 4 4 4 3 2 2 1
7 7 6 6 4 4 4 4 4 3 2 1 1 1
7 7 6 6 4 4 4 4 4 3 1 1 1 1 1
7 7 6 6 4 4 4 4 4 2 2 2 2
7 7 6 6 4 4 4 4 4 2 2 2 1 1
7 7 6 6 4 4 4 4 4 2 2 1 1 1 1
7 7 6 6 4 4 4 4 4 2 1 1 1 1 1 1
7 7 6 6 4 4 4 4 4 1 1 1 1 1 1 1 1
7 7 6 6 4 4 4 4 3 3 3 3
7 7 6 6 4 4 4 4 3 3 3 2 1
7 7 6 6 4 4 4 4 3 3 3 1 1 1
7 7 6 6 4 4 4 4 3 3 2 2 2
7 7 6 6 4 4 4 4 3 3 2 2 1 1
7 7 6 6 4 4 4 4 3 3 2 1 1 1 1
7 7 6 6 4 4 4 4 3 3 1 1 1 1 1 1
7 7 6 6 4 4 4 4 3 2 2 2 2 1
7 7 6 6 4 4 4 4 3 2 2 2 1 1 1
7 7 6 6 4 4 4 4 3 2 2 1 1 1 1 1
7 7 6 6 4 4 4 4 3 2 1 1 1 1 1 1 1
7 7 6 6 4 4 4 4 2 2 2 2 2 2
7 7 6 6 4 4 4 4 2 2 2 2 2 1 1
7 7 6 6 4 4 4 4 2 2 2 2 1 1 1 1
7 7 6 6 4 4 4 4 2 2 2 1 1 1 1 1 1
7 7 6 6 4 4 4 3 3 3 3 3 1
7 7 6 6 4 4 4 3 3 3 3 2 2
7 7 6 6 4 4 4 3 3 3 3 2 1 1
7 7 6 6 4 4 4 3 3 3 3 1 1 1 1
7 7 6 6 4 4 4 3 3 3 2 2 2 1
7 7 6 6 4 4 4 3 3 3 2 2 1 1 1
7 7 6 6 4 4 4 3 3 3 2 1 1 1 1 1
7 7 6 6 4 4 4 3 3 3 1 1 1 1 1 1 1
7 7 6 6 4 4 4 3 3 2 2 2 2 2
7 7 6 6 4 4 4 3 3 2 2 2 2 1 1
7 7 6 6 4 4 4 3 3 2 2 2 1 1 1 1
7 7 6 6 4 4 4 3 3 2 2 1 1 1 1 1 1
7 7 6 6 4 4 4 3 2 2 2 2 2 2 1
7 7 6 6 4 4 4 3 2 2 2 2 2 1 1 1
7 7 6 6 4 4 4 3 2 2 2 2 1 1 1 1 1
7 7 6 6 4 4 4 2 2 2 2 2 2 2 2
7 7 6 6 4 4 4 2 2 2 2 2 2 2 1 1
7 7 6 6 4 4 4 2 2 2 2 2 2 1 1 1 1
7 7 6 6 4 4 3 3 3 3 3 3 2
7 7 6 6 4 4 3 3 3 3 3 3 1 1
7 7 6 6 4 4 3 3 3 3 3 2 2 1
7 7 6 6 4 4 3 3 3 3 3 2 1 1 1
7 7 6 6 4 4 3 3 3 3 3 1 1 1 1 1
7 7 6 6 4 4 3 3 3 3 2 2 2 2
7 7 6 6 4 4 3 3 3 3 2 2 2 1 1
7 7 6 6 4 4 3 3 3 3 2 2 1 1 1 1
7 7 6 6 4 4 3 3 3 3 2 1 1 1 1 1 1
7 7 6 6 4 4 3 3 3 2 2 2 2 2 1
7 7 6 6 4 4 3 3 3 2 2 2 2 1 1 1
7 7 6 6 4 4 3 3 3 2 2 2 1 1 1 1 1
7 7 6 6 4 4 3 3 2 2 2 2 2 2 2
7 7 6 6 4 4 3 3 2 2 2 2 2 2 1 1
7 7 6 6 4 4 3 3 2 2 2 2 2 1 1 1 1
7 7 6 6 4 4 3 2 2 2 2 2 2 2 2 1
7 7 6 6 4 4 3 2 2 2 2 2 2 2 1 1 1
7 7 6 6 4 3 3 3 3 3 3 3 3
7 7 6 6 4 3 3 3 3 3 3 3 2 1
7 7 6 6 4 3 3 3 3 3 3 3 1 1 1
7 7 6 6 4 3 3 3 3 3 3 2 2 2
7 7 6 6 4 3 3 3 3 3 3 2 2 1 1
7 7 6 6 4 3 3 3 3 3 3 2 1 1 1 1
7 7 6 6 4 3 3 3 3 3 3 1 1 1 1 1 1
7 7 6 6 4 3 3 3 3 3 2 2 2 2 1
7 7 6 6 4 3 3 3 3 3 2 2 2 1 1 1
7 7 6 6 4 3 3 3 3 3 2 2 1 1 1 1 1
7 7 6 6 4 3 3 3 3 2 2 2 2 2 2
7 7 6 6 4 3 3 3 3 2 2 2 2 2 1 1
7 7 6 6 4 3 3 3 3 2 2 2 2 1 1 1 1
7 7 6 6 4 3 3 3 2 2 2 2 2 2 2 1
7 7 6 6 4 3 3 3 2 2 2 2 2 2 1 1 1
7 7 6 6 4 3 3 2 2 2 2 2 2 2 2 1 1
7 7 6 5 5 5 5 5 5 3 1
7 7 6 5 5 5 5 5 5 2 2
7 7 6 5 5 5 5 5 5 2 1 1
7 7 6 5 5 5 5 5 5 1 1 1 1
7 7 6 5 5 5 5 5 4 4 1
7 7 6 5 5 5 5 5 4 3 2
7 7 6 5 5 5 5 5 4 3 1 1
7 7 6 5 5 5 5 5 4 2 2 1
7 7 6 5 5 5 5 5 4 2 1 1 1
7 7 6 5 5 5 5 5 4 1 1 1 1 1
7 7 6 5 5 5 5 5 3 3 3
7 7 6 5 5 5 5 5 3 3 2 1
7 7 6 5 5 5 5 5 3 3 1 1 1
7 7 6 5 5 5 5 5 3 2 2 2
7 7 6 5 5 5 5 5 3 2 2 1 1
7 7 6 5 5 5 5 5 3 2 1 1 1 1
7 7 6 5 5 5 5 5 3 1 1 1 1 1 1
7 7 6 5 5 5 5 5 2 2 2 2 1
7 7 6 5 5 5 5 5 2 2 2 1 1 1
7 7 6 5 5 5 5 5 2 2 1 1 1 1 1
7 7 6 5 5 5 5 5 2 1 1 1 1 1 1 1
7 7 6 5 5 5 5 4 4 4 2
7 7 6 5 5 5 5 4 4 4 1 1
7 7 6 5 5 5 5 4 4 3 3
7 7 6 5 5 5 5 4 4 3 2 1
7 7 6 5 5 5 5 4 4 3 1 1 1
7 7 6 5 5 5 5 4 4 2 2 2
7 7 6 5 5 5 5 4 4 2 2 1 1
7 7 6 5 5 5 5 4 4 2 1 1 1 1
7 7 6 5 5 5 5 4 4 1 1 1 1 1 1
7 7 6 5 5 5 5 4 3 3 3 1
7 7 6 5 5 5 5 4 3 3 2 2
7 7 6 5 5 5 5 4 3 3 2 1 1
7 7 6 5 5 5 5 4 3 3 1 1 1 1
7 7 6 5 5 5 5 4 3 2 2 2 1
7 7 6 5 5 5 5 4 3 2 2 1 1 1
7 7 6 5 5 5 5 4 3 2 1 1 1 1 1
7 7 6 5 5 5 5 4 3 1 1 1 1 1 1 1
7 7 6 5 5 5 5 4 2 2 2 2 2
7 7 6 5 5 5 5 4 2 2 2 2 1 1
7 7 6 5 5 5 5 4 2 2 2 1 1 1 1
7 7 6 5 5 5 5 4 2 2 1 1 1 1 1 1
7 7 6 5 5 5 5 4 2 1 1 1 1 1 1 1 1
7 7 6 5 5 5 5 3 3 3 3 2
7 7 6 5 5 5 5 3 3 3 3 1 1
7 7 6 5 5 5 5 3 3 3 2 2 1
7 7 6 5 5 5 5 3 3 3 2 1 1 1
7 7 6 5 5 5 5 3 3 3 1 1 1 1 1
7 7 6 5 5 5 5 3 3 2 2 2 2
7 7 6 5 5 5 5 3 3 2 2 2 1 1
7 7 6 5 5 5 5 3 3 2 2 1 1 1 1
7 7 6 5 5 5 5 3 3 2 1 1 1 1 1 1
7 7 6 5 5 5 5 3 3 1 1 1 1 1 1 1 1
7 7 6 5 5 5 5 3 2 2 2 2 2 1
7 7 6 5 5 5 5 3 2 2 2 2 1 1 1
7 7 6 5 5 5 5 3 2 2 2 1 1 1 1 1
7 7 6 5 5 5 5 3 2 2 1 1 1 1 1 1 1
7 7 6 5 5 5 5 2 2 2 2 2 2 2
7 7 6 5 5 5 5 2 2 2 2 2 2 1 1
7 7 6 5 5 5 5 2 2 2 2 2 1 1 1 1
7 7 6 5 5 5 5 2 2 2 2 1 1 1 1 1 1
7 7 6 5 5 5 4 4 4 4 3
7 7 6 5 5 5 4 4 4 4 2 1
7 7 6 5 5 5 4 4 4 4 1 1 1
7 7 6 5 5 5 4 4 4 3 3 1
7 7 6 5 5 5 4 4 4 3 2 2
7 7 6 5 5 5 4 4 4 3 2 1 1
7 7 6 5 5 5 4 4 4 3 1 1 1 1
7 7 6 5 5 5 4 4 4 2 2 2 1
7 7 6 5 5 5 4 4 4 2 2 1 1 1
7 7 6 5 5 5 4 4 4 2 1 1 1 1 1
7 7 6 5 5 5 4 4 4 1 1 1 1 1 1 1
7 7 6 5 5 5 4 4 3 3 3 2
7 7 6 5 5 5 4 4 3 3 3 1 1
7 7 6 5 5 5 4 4 3 3 2 2 1
7 7 6 5 5 5 4 4 3 3 2 1 1 1
7 7 6 5 5 5 4 4 3 3 1 1 1 1 1
7 7 6 5 5 5 4 4 3 2 2 2 2
7 7 6 5 5 5 4 4 3 2 2 2 1 1
7 7 6 5 5 5 4 4 3 2 2 1 1 1 1
7 7 6 5 5 5 4 4 3 2 1 1 1 1 1 1
7 7 6 5 5 5 4 4 3 1 1 1 1 1 1 1 1
7 7 6 5 5 5 4 4 2 2 2 2 2 1
7 7 6 5 5 5 4 4 2 2 2 2 1 1 1
7 7 6 5 5 5 4 4 2 2 2 1 1 1 1 1
7 7 6 5 5 5 4 4 2 2 1 1 1 1 1 1 1
7 7 6 5 5 5 4 3 3 3 3 3
7 7 6 5 5 5 4 3 3 3 3 2 1
7 7 6 5 5 5 4 3 3 3 3 1 1 1
7 7 6 5 5 5 4 3 3 3 2 2 2
7 7 6 5 5 5 4 3 3 3 2 2 1 1
7 7 6 5 5 5 4 3 3 3 2 1 1 1 1
7 7 6 5 5 5 4 3 3 3 1 1 1 1 1 1
7 7 6 5 5 5 4 3 3 2 2 2 2 1
7 7 6 5 5 5 4 3 3 2 2 2 1 1 1
7 7 6 5 5 5 4 3 3 2 2 1 1 1 1 1
7 7 6 5 5 5 4 3 3 2 1 1 1 1 1 1 1
7 7 6 5 5 5 4 3 2 2 2 2 2 2
7 7 6 5 5 5 4 3 2 2 2 2 2 1 1
7 7 6 5 5 5 4 3 2 2 2 2 1 1 1 1
7 7 6 5 5 5 4 3 2 2 2 1 1 1 1 1 1
7 7 6 5 5 5 4 2 2 2 2 2 2 2 1
7 7 6 5 5 5 4 2 2 2 2 2 2 1 1 1
7 7 6 5 5 5 4 2 2 2 2 2 1 1 1 1 1
7 7 6 5 5 5 3 3 3 3 3 3 1
7 7 6 5 5 5 3 3 3 3 3 2 2
7 7 6 5 5 5 3 3 3 3 3 2 1 1
7 7 6 5 5 5 3 3 3 3 3 1 1 1 1
7 7 6 5 5 5 3 3 3 3 2 2 2 1
7 7 6 5 5 5 3 3 3 3 2 2 1 1 1
7 7 6 5 5 5 3 3 3 3 2 1 1 1 1 1
7 7 6 5 5 5 3 3 3 3 1 1 1 1 1 1 1
7 7 6 5 5 5 3 3 3 2 2 2 2 2
7 7 6 5 5 5 3 3 3 2 2 2 2 1 1
7 7 6 5 5 5 3 3 3 2 2 2 1 1 1 1
7 7 6 5 5 5 3 3 3 2 2 1 1 1 1 1 1
7 7 6 5 5 5 3 3 2 2 2 2 2 2 1
7 7 6 5 5 5 3 3 2 2 2 2 2 1 1 1
7 7 6 5 5 5 3 3 2 2 2 2 1 1 1 1 1
7 7 6 5 5 5 3 2 2 2 2 2 2 2 2
7 7 6 5 5 5 3 2 2 2 2 2 2 2 1 1
7 7 6 5 5 5 3 2 2 2 2 2 2 1 1 1 1
7 7 6 5 5 4 4 4 4 4 4
7 7 6 5 5 4 4 4 4 4 3 1
7 7 6 5 5 4 4 4 4 4 2 2
7 7 6 5 5 4 4 4 4 4 2 1 1
7 7 6 5 5 4 4 4 4 4 1 1 1 1
7 7 6 5 5 4 4 4 4 3 3 2
7 7 6 5 5 4 4 4 4 3 3 1 1
7 7 6 5 5 4 4 4 4 3 2 2 1
7 7 6 5 5 4 4 4 4 3 2 1 1 1
7 7 6 5 5 4 4 4 4 3 1 1 1 1 1
7 7 6 5 5 4 4 4 4 2 2 2 2
7 7 6 5 5 4 4 4 4 2 2 2 1 1
7 7 6 5 5 4 4 4 4 2 2 1 1 1 1
7 7 6 5 5 4 4 4 4 2 1 1 1 1 1 1
7 7 6 5 5 4 4 4 4 1 1 1 1 1 1 1 1
7 7 6 5 5 4 4 4 3 3 3 3
7 7 6 5 5 4 4 4 3 3 3 2 1
7 7 6 5 5 4 4 4 3 3 3 1 1 1
7 7 6 5 5 4 4 4 3 3 2 2 2
7 7 6 5 5 4 4 4 3 3 2 2 1 1
7 7 6 5 5 4 4 4 3 3 2 1 1 1 1
7 7 6 5 5 4 4 4 3 3 1 1 1 1 1 1
7 7 6 5 5 4 4 4 3 2 2 2 2 1
7 7 6 5 5 4 4 4 3 2 2 2 1 1 1
7 7 6 5 5 4 4 4 3 2 2 1 1 1 1 1
7 7 6 5 5 4 4 4 3 2 1 1 1 1 1 1 1
7 7 6 5 5 4 4 4 2 2 2 2 2 2
7 7 6 5 5 4 4 4 2 2 2 2 2 1 1
7 7 6 5 5 4 4 4 2 2 2 2 1 1 1 1
7 7 6 5 5 4 4 4 2 2 2 1 1 1 1 1 1
7 7 6 5 5 4 4 3 3 3 3 3 1
7 7 6 5 5 4 4 3 3 3 3 2 2
7 7 6 5 5 4 4 3 3 3 3 2 1 1
7 7 6 5 5 4 4 3 3 3 3 1 1 1 1
7 7 6 5 5 4 4 3 3 3 2 2 2 1
7 7 6 5 5 4 4 3 3 3 2 2 1 1 1
7 7 6 5 5 4 4 3 3 3 2 1 1 1 1 1
7 7 6 5 5 4 4 3 3 3 1 1 1 1 1 1 1
7 7 6 5 5 4 4 3 3 2 2 2 2 2
7 7 6 5 5 4 4 3 3 2 2 2 2 1 1
7 7 6 5 5 4 4 3 3 2 2 2 1 1 1 1
7 7 6 5 5 4 4 3 3 2 2 1 1 1 1 1 1
7 7 6 5 5 4 4 3 2 2 2 2 2 2 1
7 7 6 5 5 4 4 3 2 2 2 2 2 1 1 1
7 7 6 5 5 4 4 3 2 2 2 2 1 1 1 1 1
7 7 6 5 5 4 4 2 2 2 2 2 2 2 2
7 7 6 5 5 4 4 2 2 2 2 2 2 2 1 1
7 7 6 5 5 4 4 2 2 2 2 2 2 1 1 1 1
7 7 6 5 5 4 3 3 3 3 3 3 2
7 7 6 5 5 4 3 3 3 3 3 3 1 1
7 7 6 5 5 4 3 3 3 3 3 2 2 1
7 7 6 5 5 4 3 3 3 3 3 2 1 1 1
7 7 6 5 5 4 3 3 3 3 3 1 1 1 1 1
7 7 6 5 5 4 3 3 3 3 2 2 2 2
7 7 6 5 5 4 3 3 3 3 2 2 2 1 1
7 7 6 5 5 4 3 3 3 3 2 2 1 1 1 1
7 7 6 5 5 4 3 3 3 3 2 1 1 1 1 1 1
7 7 6 5 5 4 3 3 3 2 2 2 2 2 1
7 7 6 5 5 4 3 3 3 2 2 2 2 1 1 1
7 7 6 5 5 4 3 3 3 2 2 2 1 1 1 1 1
7 7 6 5 5 4 3 3 2 2 2 2 2 2 2
7 7 6 5 5 4 3 3 2 2 2 2 2 2 1 1
7 7 6 5 5 4 3 3 2 2 2 2 2 1 1 1 1
7 7 6 5 5 4 3 2 2 2 2 2 2 2 2 1
7 7 6 5 5 4 3 2 2 2 2 2 2 2 1 1 1
7 7 6 5 5 3 3 3 3 3 3 3 3
7 7 6 5 5 3 3 3 3 3 3 3 2 1
7 7 6 5 5 3 3 3 3 3 3 3 1 1 1
7 7 6 5 5 3 3 3 3 3 3 2 2 2
7 7 6 5 5 3 3 3 3 3 3 2 2 1 1
7 7 6 5 5 3 3 3 3 3 3 2 1 1 1 1
7 7 6 5 5 3 3 3 3 3 3 1 1 1 1 1 1
7 7 6 5 5 3 3 3 3 3 2 2 2 2 1
7 7 6 5 5 3 3 3 3 3 2 2 2 1 1 1
7 7 6 5 5 3 3 3 3 3 2 2 1 1 1 1 1
7 7 6 5 5 3 3 3 3 2 2 2 2 2 2
7 7 6 5 5 3 3 3 3 2 2 2 2 2 1 1
7 7 6 5 5 3 3 3 3 2 2 2 2 1 1 1 1
7 7 6 5 5 3 3 3 2 2 2 2 2 2 2 1
7 7 6 5 5 3 3 3 2 2 2 2 2 2 1 1 1
7 7 6 5 5 3 3 2 2 2 2 2 2 2 2 1 1
7 7 6 5 4 4 4 4 4 4 4 1
7 7 6 5 4 4 4 4 4 4 3 2
7 7 6 5 4 4 4 4 4 4 3 1 1
7 7 6 5 4 4 4 4 4 4 2 2 1
7 7 6 5 4 4 4 4 4 4 2 1 1 1
7 7 6 5 4 4 4 4 4 4 1 1 1 1 1
7 7 6 5 4 4 4 4 4 3 3 3
7 7 6 5 4 4 4 4 4 3 3 2 1
7 7 6 5 4 4 4 4 4 3 3 1 1 1
7 7 6 5 4 4 4 4 4 3 2 2 2
7 7 6 5 4 4 4 4 4 3 2 2 1 1
7 7 6 5 4 4 4 4 4 3 2 1 1 1 1
7 7 6 5 4 4 4 4 4 3 1 1 1 1 1 1
7 7 6 5 4 4 4 4 4 2 2 2 2 1
7 7 6 5 4 4 4 4 4 2 2 2 1 1 1
7 7 6 5 4 4 4 4 4 2 2 1 1 1 1 1
7 7 6 5 4 4 4 4 4 2 1 1 1 1 1 1 1
7 7 6 5 4 4 4 4 3 3 3 3 1
7 7 6 5 4 4 4 4 3 3 3 2 2
7 7 6 5 4 4 4 4 3 3 3 2 1 1
7 7 6 5 4 4 4 4 3 3 3 1 1 1 1
7 7 6 5 4 4 4 4 3 3 2 2 2 1
7 7 6 5 4 4 4 4 3 3 2 2 1 1 1
7 7 6 5 4 4 4 4 3 3 2 1 1 1 1 1
7 7 6 5 4 4 4 4 3 3 1 1 1 1 1 1 1
7 7 6 5 4 4 4 4 3 2 2 2 2 2
7 7 6 5 4 4 4 4 3 2 2 2 2 1 1
7 7 6 5 4 4 4 4 3 2 2 2 1 1 1 1
7 7 6 5 4 4 4 4 3 2 2 1 1 1 1 1 1
7 7 6 5 4 4 4 4 2 2 2 2 2 2 1
7 7 6 5 4 4 4 4 2 2 2 2 2 1 1 1
7 7 6 5 4 4 4 4 2 2 2 2 1 1 1 1 1
7 7 6 5 4 4 4 3 3 3 3 3 2
7 7 6 5 4 4 4 3 3 3 3 3 1 1
7 7 6 5 4 4 4 3 3 3 3 2 2 1
7 7 6 5 4 4 4 3 3 3 3 2 1 1 1
7 7 6 5 4 4 4 3 3 3 3 1 1 1 1 1
7 7 6 5 4 4 4 3 3 3 2 2 2 2
7 7 6 5 4 4 4 3 3 3 2 2 2 1 1
7 7 6 5 4 4 4 3 3 3 2 2 1 1 1 1
7 7 6 5 4 4 4 3 3 3 2 1 1 1 1 1 1
7 7 6 5 4 4 4 3 3 2 2 2 2 2 1
7 7 6 5 4 4 4 3 3 2 2 2 2 1 1 1
7 7 6 5 4 4 4 3 3 2 2 2 1 1 1 1 1
7 7 6 5 4 4 4 3 2 2 2 2 2 2 2
7 7 6 5 4 4 4 3 2 2 2 2 2 2 1 1
7 7 6 5 4 4 4 3 2 2 2 2 2 1 1 1 1
7 7 6 5 4 4 4 2 2 2 2 2 2 2 2 1
7 7 6 5 4 4 4 2 2 2 2 2 2 2 1 1 1
7 7 6 5 4 4 3 3 3 3 3 3 3
7 7 6 5 4 4 3 3 3 3 3 3 2 1
7 7 6 5 4 4 3 3 3 3 3 3 1 1 1
7 7 6 5 4 4 3 3 3 3 3 2 2 2
7 7 6 5 4 4 3 3 3 3 3 2 2 1 1
7 7 6 5 4 4 3 3 3 3 3 2 1 1 1 1
7 7 6 5 4 4 3 3 3 3 3 1 1 1 1 1 1
7 7 6 5 4 4 3 3 3 3 2 2 2 2 1
7 7 6 5 4 4 3 3 3 3 2 2 2 1 1 1
7 7 6 5 4 4 3 3 3 3 2 2 1 1 1 1 1
7 7 6 5 4 4 3 3 3 2 2 2 2 2 2
7 7 6 5 4 4 3 3 3 2 2 2 2 2 1 1
7 7 6 5 4 4 3 3 3 2 2 2 2 1 1 1 1
7 7 6 5 4 4 3 3 2 2 2 2 2 2 2 1
7 7 6 5 4 4 3 3 2 2 2 2 2 2 1 1 1
7 7 6 5 4 4 3 2 2 2 2 2 2 2 2 1 1
7 7 6 5 4 3 3 3 3 3 3 3 3 1
7 7 6 5 4 3 3 3 3 3 3 3 2 2
7 7 6 5 4 3 3 3 3 3 3 3 2 1 1
7 7 6 5 4 3 3 3 3 3 3 3 1 1 1 1
7 7 6 5 4 3 3 3 3 3 3 2 2 2 1
7 7 6 5 4 3 3 3 3 3 3 2 2 1 1 1
7 7 6 5 4 3 3 3 3 3 3 2 1 1 1 1 1
7 7 6 5 4 3 3 3 3 3 2 2 2 2 2
7 7 6 5 4 3 3 3 3 3 2 2 2 2 1 1
7 7 6 5 4 3 3 3 3 3 2 2 2 1 1 1 1
7 7 6 5 4 3 3 3 3 2 2 2 2 2 2 1
7 7 6 5 4 3 3 3 3 2 2 2 2 2 1 1 1
7 7 6 5 4 3 3 3 2 2 2 2 2 2 2 1 1
7 7 6 4 4 4 4 4 4 4 4 2
7 7 6 4 4 4 4 4 4 4 4 1 1
7 7 6 4 4 4 4 4 4 4 3 3
7 7 6 4 4 4 4 4 4 4 3 2 1
7 7 6 4 4 4 4 4 4 4 3 1 1 1
7 7 6 4 4 4 4 4 4 4 2 2 2
7 7 6 4 4 4 4 4 4 4 2 2 1 1
7 7 6 4 4 4 4 4 4 4 2 1 1 1 1
7 7 6 4 4 4 4 4 4 4 1 1 1 1 1 1
7 7 6 4 4 4 4 4 4 3 3 3 1
7 7 6 4 4 4 4 4 4 3 3 2 2
7 7 6 4 4 4 4 4 4 3 3 2 1 1
7 7 6 4 4 4 4 4 4 3 3 1 1 1 1
7 7 6 4 4 4 4 4 4 3 2 2 2 1
7 7 6 4 4 4 4 4 4 3 2 2 1 1 1
7 7 6 4 4 4 4 4 4 3 2 1 1 1 1 1
7 7 6 4 4 4 4 4 4 3 1 1 1 1 1 1 1
7 7 6 4 4 4 4 4 4 2 2 2 2 2
7 7 6 4 4 4 4 4 4 2 2 2 2 1 1
7 7 6 4 4 4 4 4 4 2 2 2 1 1 1 1
7 7 6 4 4 4 4 4 4 2 2 1 1 1 1 1 1
7 7 6 4 4 4 4 4 3 3 3 3 2
7 7 6 4 4 4 4 4 3 3 3 3 1 1
7 7 6 4 4 4 4 4 3 3 3 2 2 1
7 7 6 4 4 4 4 4 3 3 3 2 1 1 1
7 7 6 4 4 4 4 4 3 3 3 1 1 1 1 1
7 7 6 4 4 4 4 4 3 3 2 2 2 2
7 7 6 4 4 4 4 4 3 3 2 2 2 1 1
7 7 6 4 4 4 4 4 3 3 2 2 1 1 1 1
7 7 6 4 4 4 4 4 3 3 2 1 1 1 1 1 1
7 7 6 4 4 4 4 4 3 2 2 2 2 2 1
7 7 6 4 4 4 4 4 3 2 2 2 2 1 1 1
7 7 6 4 4 4 4 4 3 2 2 2 1 1 1 1 1
7 7 6 4 4 4 4 4 2 2 2 2 2 2 2
7 7 6 4 4 4 4 4 2 2 2 2 2 2 1 1
7 7 6 4 4 4 4 4 2 2 2 2 2 1 1 1 1
7 7 6 4 4 4 4 3 3 3 3 3 3
7 7 6 4 4 4 4 3 3 3 3 3 2 1
7 7 6 4 4 4 4 3 3 3 3 3 1 1 1
7 7 6 4 4 4 4 3 3 3 3 2 2 2
7 7 6 4 4 4 4 3 3 3 3 2 2 1 1
7 7 6 4 4 4 4 3 3 3 3 2 1 1 1 1
7 7 6 4 4 4 4 3 3 3 3 1 1 1 1 1 1
7 7 6 4 4 4 4 3 3 3 2 2 2 2 1
7 7 6 4 4 4 4 3 3 3 2 2 2 1 1 1
7 7 6 4 4 4 4 3 3 3 2 2 1 1 1 1 1
7 7 6 4 4 4 4 3 3 2 2 2 2 2 2
7 7 6 4 4 4 4 3 3 2 2 2 2 2 1 1
7 7 6 4 4 4 4 3 3 2 2 2 2 1 1 1 1
7 7 6 4 4 4 4 3 2 2 2 2 2 2 2 1
7 7 6 4 4 4 4 3 2 2 2 2 2 2 1 1 1
7 7 6 4 4 4 4 2 2 2 2 2 2 2 2 1 1
7 7 6 4 4 4 3 3 3 3 3 3 3 1
7 7 6 4 4 4 3 3 3 3 3 3 2 2
7 7 6 4 4 4 3 3 3 3 3 3 2 1 1
7 7 6 4 4 4 3 3 3 3 3 3 1 1 1 1
7 7 6 4 4 4 3 3 3 3 3 2 2 2 1
7 7 6 4 4 4 3 3 3 3 3 2 2 1 1 1
7 7 6 4 4 4 3 3 3 3 3 2 1 1 1 1 1
7 7 6 4 4 4 3 3 3 3 2 2 2 2 2
7 7 6 4 4 4 3 3 3 3 2 2 2 2 1 1
7 7 6 4 4 4 3 3 3 3 2 2 2 1 1 1 1
7 7 6 4 4 4 3 3 3 2 2 2 2 2 2 1
7 7 6 4 4 4 3 3 3 2 2 2 2 2 1 1 1
7 7 6 4 4 4 3 3 2 2 2 2 2 2 2 1 1
7 7 6 4 4 3 3 3 3 3 3 3 3 2
7 7 6 4 4 3 3 3 3 3 3 3 3 1 1
7 7 6 4 4 3 3 3 3 3 3 3 2 2 1
7 7 6 4 4 3 3 3 3 3 3 3 2 1 1 1
7 7 6 4 4 3 3 3 3 3 3 3 1 1 1 1 1
7 7 6 4 4 3 3 3 3 3 3 2 2 2 2
7 7 6 4 4 3 3 3 3 3 3 2 2 2 1 1
7 7 6 4 4 3 3 3 3 3 3 2 2 1 1 1 1
7 7 6 4 4 3 3 3 3 3 2 2 2 2 2 1
7 7 6 4 4 3 3 3 3 3 2 2 2 2 1 1 1
7 7 6 4 4 3 3 3 3 2 2 2 2 2 2 1 1
7 7 5 5 5 5 5 5 5 4 1
7 7 5 5 5 5 5 5 5 3 2
7 7 5 5 5 5 5 5 5 3 1 1
7 7 5 5 5 5 5 5 5 2 2 1
7 7 5 5 5 5 5 5 5 2 1 1 1
7 7 5 5 5 5 5 5 5 1 1 1 1 1
7 7 5 5 5 5 5 5 4 4 2
7 7 5 5 5 5 5 5 4 4 1 1
7 7 5 5 5 5 5 5 4 3 3
7 7 5 5 5 5 5 5 4 3 2 1
7 7 5 5 5 5 5 5 4 3 1 1 1
7 7 5 5 5 5 5 5 4 2 2 2
7 7 5 5 5 5 5 5 4 2 2 1 1
7 7 5 5 5 5 5 5 4 2 1 1 1 1
7 7 5 5 5 5 5 5 4 1 1 1 1 1 1
7 7 5 5 5 5 5 5 3 3 3 1
7 7 5 5 5 5 5 5 3 3 2 2
7 7 5 5 5 5 5 5 3 3 2 1 1
7 7 5 5 5 5 5 5 3 3 1 1 1 1
7 7 5 5 5 5 5 5 3 2 2 2 1
7 7 5 5 5 5 5 5 3 2 2 1 1 1
7 7 5 5 5 5 5 5 3 2 1 1 1 1 1
7 7 5 5 5 5 5 5 3 1 1 1 1 1 1 1
7 7 5 5 5 5 5 5 2 2 2 2 2
7 7 5 5 5 5 5 5 2 2 2 2 1 1
7 7 5 5 5 5 5 5 2 2 2 1 1 1 1
7 7 5 5 5 5 5 5 2 2 1 1 1 1 1 1
7 7 5 5 5 5 5 5 2 1 1 1 1 1 1 1 1
7 7 5 5 5 5 5 4 4 4 3
7 7 5 5 5 5 5 4 4 4 2 1
7 7 5 5 5 5 5 4 4 4 1 1 1
7 7 5 5 5 5 5 4 4 3 3 1
7 7 5 5 5 5 5 4 4 3 2 2
7 7 5 5 5 5 5 4 4 3 2 1 1
7 7 5 5 5 5 5 4 4 3 1 1 1 1
7 7 5 5 5 5 5 4 4 2 2 2 1
7 7 5 5 5 5 5 4 4 2 2 1 1 1
7 7 5 5 5 5 5 4 4 2 1 1 1 1 1
7 7 5 5 5 5 5 4 4 1 1 1 1 1 1 1
7 7 5 5 5 5 5 4 3 3 3 2
7 7 5 5 5 5 5 4 3 3 3 1 1
7 7 5 5 5 5 5 4 3 3 2 2 1
7 7 5 5 5 5 5 4 3 3 2 1 1 1
7 7 5 5 5 5 5 4 3 3 1 1 1 1 1
7 7 5 5 5 5 5 4 3 2 2 2 2
7 7 5 5 5 5 5 4 3 2 2 2 1 1
7 7 5 5 5 5 5 4 3 2 2 1 1 1 1
7 7 5 5 5 5 5 4 3 2 1 1 1 1 1 1
7 7 5 5 5 5 5 4 3 1 1 1 1 1 1 1 1
7 7 5 5 5 5 5 4 2 2 2 2 2 1
7 7 5 5 5 5 5 4 2 2 2 2 1 1 1
7 7 5 5 5 5 5 4 2 2 2 1 1 1 1 1
7 7 5 5 5 5 5 4 2 2 1 1 1 1 1 1 1
7 7 5 5 5 5 5 3 3 3 3 3
7 7 5 5 5 5 5 3 3 3 3 2 1
7 7 5 5 5 5 5 3 3 3 3 1 1 1
7 7 5 5 5 5 5 3 3 3 2 2 2
7 7 5 5 5 5 5 3 3 3 2 2 1 1
7 7 5 5 5 5 5 3 3 3 2 1 1 1 1
7 7 5 5 5 5 5 3 3 3 1 1 1 1 1 1
7 7 5 5 5 5 5 3 3 2 2 2 2 1
7 7 5 5 5 5 5 3 3 2 2 2 1 1 1
7 7 5 5 5 5 5 3 3 2 2 1 1 1 1 1
7 7 5 5 5 5 5 3 3 2 1 1 1 1 1 1 1
7 7 5 5 5 5 5 3 2 2 2 2 2 2
7 7 5 5 5 5 5 3 2 2 2 2 2 1 1
7 7 5 5 5 5 5 3 2 2 2 2 1 1 1 1
7 7 5 5 5 5 5 3 2 2 2 1 1 1 1 1 1
7 7 5 5 5 5 5 2 2 2 2 2 2 2 1
7 7 5 5 5 5 5 2 2 2 2 2 2 1 1 1
7 7 5 5 5 5 5 2 2 2 2 2 1 1 1 1 1
7 7 5 5 5 5 4 4 4 4 4
7 7 5 5 5 5 4 4 4 4 3 1
7 7 5 5 5 5 4 4 4 4 2 2
7 7 5 5 5 5 4 4 4 4 2 1 1
7 7 5 5 5 5 4 4 4 4 1 1 1 1
7 7 5 5 5 5 4 4 4 3 3 2
7 7 5 5 5 5 4 4 4 3 3 1 1
7 7 5 5 5 5 4 4 4 3 2 2 1
7 7 5 5 5 5 4 4 4 3 2 1 1 1
7 7 5 5 5 5 4 4 4 3 1 1 1 1 1
7 7 5 5 5 5 4 4 4 2 2 2 2
7 7 5 5 5 5 4 4 4 2 2 2 1 1
7 7 5 5 5 5 4 4 4 2 2 1 1 1 1
7 7 5 5 5 5 4 4 4 2 1 1 1 1 1 1
7 7 5 5 5 5 4 4 4 1 1 1 1 1 1 1 1
7 7 5 5 5 5 4 4 3 3 3 3
7 7 5 5 5 5 4 4 3 3 3 2 1
7 7 5 5 5 5 4 4 3 3 3 1 1 1
7 7 5 5 5 5 4 4 3 3 2 2 2
7 7 5 5 5 5 4 4 3 3 2 2 1 1
7 7 5 5 5 5 4 4 3 3 2 1 1 1 1
7 7 5 5 5 5 4 4 3 3 1 1 1 1 1 1
7 7 5 5 5 5 4 4 3 2 2 2 2 1
7 7 5 5 5 5 4 4 3 2 2 2 1 1 1
7 7 5 5 5 5 4 4 3 2 2 1 1 1 1 1
7 7 5 5 5 5 4 4 3 2 1 1 1 1 1 1 1
7 7 5 5 5 5 4 4 2 2 2 2 2 2
7 7 5 5 5 5 4 4 2 2 2 2 2 1 1
7 7 5 5 5 5 4 4 2 2 2 2 1 1 1 1
7 7 5 5 5 5 4 4 2 2 2 1 1 1 1 1 1
7 7 5 5 5 5 4 3 3 3 3 3 1
7 7 5 5 5 5 4 3 3 3 3 2 2
7 7 5 5 5 5 4 3 3 3 3 2 1 1
7 7 5 5 5 5 4 3 3 3 3 1 1 1 1
7 7 5 5 5 5 4 3 3 3 2 2 2 1
7 7 5 5 5 5 4 3 3 3 2 2 1 1 1
7 7 5 5 5 5 4 3 3 3 2 1 1 1 1 1
7 7 5 5 5 5 4 3 3 3 1 1 1 1 1 1 1
7 7 5 5 5 5 4 3 3 2 2 2 2 2
7 7 5 5 5 5 4 3 3 2 2 2 2 1 1
7 7 5 5 5 5 4 3 3 2 2 2 1 1 1 1
7 7 5 5 5 5 4 3 3 2 2 1 1 1 1 1 1
7 7 5 5 5 5 4 3 2 2 2 2 2 2 1
7 7 5 5 5 5 4 3 2 2 2 2 2 1 1 1
7 7 5 5 5 5 4 3 2 2 2 2 1 1 1 1 1
7 7 5 5 5 5 4 2 2 2 2 2 2 2 2
7 7 5 5 5 5 4 2 2 2 2 2 2 2 1 1
7 7 5 5 5 5 4 2 2 2 2 2 2 1 1 1 1
7 7 5 5 5 5 3 3 3 3 3 3 2
7 7 5 5 5 5 3 3 3 3 3 3 1 1
7 7 5 5 5 5 3 3 3 3 3 2 2 1
7 7 5 5 5 5 3 3 3 3 3 2 1 1 1
7 7 5 5 5 5 3 3 3 3 3 1 1 1 1 1
7 7 5 5 5 5 3 3 3 3 2 2 2 2
7 7 5 5 5 5 3 3 3 3 2 2 2 1 1
7 7 5 5 5 5 3 3 3 3 2 2 1 1 1 1
7 7 5 5 5 5 3 3 3 3 2 1 1 1 1 1 1
7 7 5 5 5 5 3 3 3 2 2 2 2 2 1
7 7 5 5 5 5 3 3 3 2 2 2 2 1 1 1
7 7 5 5 5 5 3 3 3 2 2 2 1 1 1 1 1
7 7 5 5 5 5 3 3 2 2 2 2 2 2 2
7 7 5 5 5 5 3 3 2 2 2 2 2 2 1 1
7 7 5 5 5 5 3 3 2 2 2 2 2 1 1 1 1
7 7 5 5 5 5 3 2 2 2 2 2 2 2 2 1
7 7 5 5 5 5 3 2 2 2 2 2 2 2 1 1 1
7 7 5 5 5 4 4 4 4 4 4 1
7 7 5 5 5 4 4 4 4 4 3 2
7 7 5 5 5 4 4 4 4 4 3 1 1
7 7 5 5 5 4 4 4 4 4 2 2 1
7 7 5 5 5 4 4 4 4 4 2 1 1 1
7 7 5 5 5 4 4 4 4 4 1 1 1 1 1
7 7 5 5 5 4 4 4 4 3 3 3
7 7 5 5 5 4 4 4 4 3 3 2 1
7 7 5 5 5 4 4 4 4 3 3 1 1 1
7 7 5 5 5 4 4 4 4 3 2 2 2
7 7 5 5 5 4 4 4 4 3 2 2 1 1
7 7 5 5 5 4 4 4 4 3 2 1 1 1 1
7 7 5 5 5 4 4 4 4 3 1 1 1 1 1 1
7 7 5 5 5 4 4 4 4 2 2 2 2 1
7 7 5 5 5 4 4 4 4 2 2 2 1 1 1
7 7 5 5 5 4 4 4 4 2 2 1 1 1 1 1
7 7 5 5 5 4 4 4 4 2 1 1 1 1 1 1 1
7 7 5 5 5 4 4 4 3 3 3 3 1
7 7 5 5 5 4 4 4 3 3 3 2 2
7 7 5 5 5 4 4 4 3 3 3 2 1 1
7 7 5 5 5 4 4 4 3 3 3 1 1 1 1
7 7 5 5 5 4 4 4 3 3 2 2 2 1
7 7 5 5 5 4 4 4 3 3 2 2 1 1 1
7 7 5 5 5 4 4 4 3 3 2 1 1 1 1 1
7 7 5 5 5 4 4 4 3 3 1 1 1 1 1 1 1
7 7 5 5 5 4 4 4 3 2 2 2 2 2
7 7 5 5 5 4 4 4 3 2 2 2 2 1 1
7 7 5 5 5 4 4 4 3 2 2 2 1 1 1 1
7 7 5 5 5 4 4 4 3 2 2 1 1 1 1 1 1
7 7 5 5 5 4 4 4 2 2 2 2 2 2 1
7 7 5 5 5 4 4 4 2 2 2 2 2 1 1 1
7 7 5 5 5 4 4 4 2 2 2 2 1 1 1 1 1
7 7 5 5 5 4 4 3 3 3 3 3 2
7 7 5 5 5 4 4 3 3 3 3 3 1 1
7 7 5 5 5 4 4 3 3 3 3 2 2 1
7 7 5 5 5 4 4 3 3 3 3 2 1 1 1
7 7 5 5 5 4 4 3 3 3 3 1 1 1 1 1
7 7 5 5 5 4 4 3 3 3 2 2 2 2
7 7 5 5 5 4 4 3 3 3 2 2 2 1 1
7 7 5 5 5 4 4 3 3 3 2 2 1 1 1 1
7 7 5 5 5 4 4 3 3 3 2 1 1 1 1 1 1
7 7 5 5 5 4 4 3 3 2 2 2 2 2 1
7 7 5 5 5 4 4 3 3 2 2 2 2 1 1 1
7 7 5 5 5 4 4 3 3 2 2 2 1 1 1 1 1
7 7 5 5 5 4 4 3 2 2 2 2 2 2 2
7 7 5 5 5 4 4 3 2 2 2 2 2 2 1 1
7 7 5 5 5 4 4 3 2 2 2 2 2 1 1 1 1
7 7 5 5 5 4 4 2 2 2 2 2 2 2 2 1
7 7 5 5 5 4 4 2 2 2 2 2 2 2 1 1 1
7 7 5 5 5 4 3 3 3 3 3 3 3
7 7 5 5 5 4 3 3 3 3 3 3 2 1
7 7 5 5 5 4 3 3 3 3 3 3 1 1 1
7 7 5 5 5 4 3 3 3 3 3 2 2 2
7 7 5 5 5 4 3 3 3 3 3 2 2 1 1
7 7 5 5 5 4 3 3 3 3 3 2 1 1 1 1
7 7 5 5 5 4 3 3 3 3 3 1 1 1 1 1 1
7 7 5 5 5 4 3 3 3 3 2 2 2 2 1
7 7 5 5 5 4 3 3 3 3 2 2 2 1 1 1
7 7 5 5 5 4 3 3 3 3 2 2 1 1 1 1 1
7 7 5 5 5 4 3 3 3 2 2 2 2 2 2
7 7 5 5 5 4 3 3 3 2 2 2 2 2 1 1
7 7 5 5 5 4 3 3 3 2 2 2 2 1 1 1 1
7 7 5 5 5 4 3 3 2 2 2 2 2 2 2 1
7 7 5 5 5 4 3 3 2 2 2 2 2 2 1 1 1
7 7 5 5 5 4 3 2 2 2 2 2 2 2 2 1 1
7 7 5 5 5 3 3 3 3 3 3 3 3 1
7 7 5 5 5 3 3 3 3 3 3 3 2 2
7 7 5 5 5 3 3 3 3 3 3 3 2 1 1
7 7 5 5 5 3 3 3 3 3 3 3 1 1 1 1
7 7 5 5 5 3 3 3 3 3 3 2 2 2 1
7 7 5 5 5 3 3 3 3 3 3 2 2 1 1 1
7 7 5 5 5 3 3 3 3 3 3 2 1 1 1 1 1
7 7 5 5 5 3 3 3 3 3 2 2 2 2 2
7 7 5 5 5 3 3 3 3 3 2 2 2 2 1 1
7 7 5 5 5 3 3 3 3 3 2 2 2 1 1 1 1
7 7 5 5 5 3 3 3 3 2 2 2 2 2 2 1
7 7 5 5 5 3 3 3 3 2 2 2 2 2 1 1 1
7 7 5 5 5 3 3 3 2 2 2 2 2 2 2 1 1
7 7 5 5 4 4 4 4 4 4 4 2
7 7 5 5 4 4 4 4 4 4 4 1 1
7 7 5 5 4 4 4 4 4 4 3 3
7 7 5 5 4 4 4 4 4 4 3 2 1
7 7 5 5 4 4 4 4 4 4 3 1 1 1
7 7 5 5 4 4 4 4 4 4 2 2 2
7 7 5 5 4 4 4 4 4 4 2 2 1 1
7 7 5 5 4 4 4 4 4 4 2 1 1 1 1
7 7 5 5 4 4 4 4 4 4 1 1 1 1 1 1
7 7 5 5 4 4 4 4 4 3 3 3 1
7 7 5 5 4 4 4 4 4 3 3 2 2
7 7 5 5 4 4 4 4 4 3 3 2 1 1
7 7 5 5 4 4 4 4 4 3 3 1 1 1 1
7 7 5 5 4 4 4 4 4 3 2 2 2 1
7 7 5 5 4 4 4 4 4 3 2 2 1 1 1
7 7 5 5 4 4 4 4 4 3 2 1 1 1 1 1
7 7 5 5 4 4 4 4 4 3 1 1 1 1 1 1 1
7 7 5 5 4 4 4 4 4 2 2 2 2 2
7 7 5 5 4 4 4 4 4 2 2 2 2 1 1
7 7 5 5 4 4 4 4 4 2 2 2 1 1 1 1
7 7 5 5 4 4 4 4 4 2 2 1 1 1 1 1 1
7 7 5 5 4 4 4 4 3 3 3 3 2
7 7 5 5 4 4 4 4 3 3 3 3 1 1
7 7 5 5 4 4 4 4 3 3 3 2 2 1
7 7 5 5 4 4 4 4 3 3 3 2 1 1 1
7 7 5 5 4 4 4 4 3 3 3 1 1 1 1 1
7 7 5 5 4 4 4 4 3 3 2 2 2 2
7 7 5 5 4 4 4 4 3 3 2 2 2 1 1
7 7 5 5 4 4 4 4 3 3 2 2 1 1 1 1
7 7 5 5 4 4 4 4 3 3 2 1 1 1 1 1 1
7 7 5 5 4 4 4 4 3 2 2 2 2 2 1
7 7 5 5 4 4 4 4 3 2 2 2 2 1 1 1
7 7 5 5 4 4 4 4 3 2 2 2 1 1 1 1 1
7 7 5 5 4 4 4 4 2 2 2 2 2 2 2
7 7 5 5 4 4 4 4 2 2 2 2 2 2 1 1
7 7 5 5 4 4 4 4 2 2 2 2 2 1 1 1 1
7 7 5 5 4 4 4 3 3 3 3 3 3
7 7 5 5 4 4 4 3 3 3 3 3 2 1
7 7 5 5 4 4 4 3 3 3 3 3 1 1 1
7 7 5 5 4 4 4 3 3 3 3 2 2 2
7 7 5 5 4 4 4 3 3 3 3 2 2 1 1
7 7 5 5 4 4 4 3 3 3 3 2 1 1 1 1
7 7 5 5 4 4 4 3 3 3 3 1 1 1 1 1 1
7 7 5 5 4 4 4 3 3 3 2 2 2 2 1
7 7 5 5 4 4 4 3 3 3 2 2 2 1 1 1
7 7 5 5 4 4 4 3 3 3 2 2 1 1 1 1 1
7 7 5 5 4 4 4 3 3 2 2 2 2 2 2
7 7 5 5 4 4 4 3 3 2 2 2 2 2 1 1
7 7 5 5 4 4 4 3 3 2 2 2 2 1 1 1 1
7 7 5 5 4 4 4 3 2 2 2 2 2 2 2 1
7 7 5 5 4 4 4 3 2 2 2 2 2 2 1 1 1
7 7 5 5 4 4 4 2 2 2 2 2 2 2 2 1 1
7 7 5 5 4 4 3 3 3 3 3 3 3 1
7 7 5 5 4 4 3 3 3 3 3 3 2 2
7 7 5 5 4 4 3 3 3 3 3 3 2 1 1
7 7 5 5 4 4 3 3 3 3 3 3 1 1 1 1
7 7 5 5 4 4 3 3 3 3 3 2 2 2 1
7 7 5 5 4 4 3 3 3 3 3 2 2 1 1 1
7 7 5 5 4 4 3 3 3 3 3 2 1 1 1 1 1
7 7 5 5 4 4 3 3 3 3 2 2 2 2 2
7 7 5 5 4 4 3 3 3 3 2 2 2 2 1 1
7 7 5 5 4 4 3 3 3 3 2 2 2 1 1 1 1
7 7 5 5 4 4 3 3 3 2 2 2 2 2 2 1
7 7 5 5 4 4 3 3 3 2 2 2 2 2 1 1 1
7 7 5 5 4 4 3 3 2 2 2 2 2 2 2 1 1
7 7 5 5 4 3 3 3 3 3 3 3 3 2
7 7 5 5 4 3 3 3 3 3 3 3 3 1 1
7 7 5 5 4 3 3 3 3 3 3 3 2 2 1
7 7 5 5 4 3 3 3 3 3 3 3 2 1 1 1
7 7 5 5 4 3 3 3 3 3 3 3 1 1 1 1 1
7 7 5 5 4 3 3 3 3 3 3 2 2 2 2
7 7 5 5 4 3 3 3 3 3 3 2 2 2 1 1
7 7 5 5 4 3 3 3 3 3 3 2 2 1 1 1 1
7 7 5 5 4 3 3 3 3 3 2 2 2 2 2 1
7 7 5 5 4 3 3 3 3 3 2 2 2 2 1 1 1
7 7 5 5 4 3 3 3 3 2 2 2 2 2 2 1 1
7 7 5 4 4 4 4 4 4 4 4 3
7 7 5 4 4 4 4 4 4 4 4 2 1
7 7 5 4 4 4 4 4 4 4 4 1 1 1
7 7 5 4 4 4 4 4 4 4 3 3 1
7 7 5 4 4 4 4 4 4 4 3 2 2
7 7 5 4 4 4 4 4 4 4 3 2 1 1
7 7 5 4 4 4 4 4 4 4 3 1 1 1 1
7 7 5 4 4 4 4 4 4 4 2 2 2 1
7 7 5 4 4 4 4 4 4 4 2 2 1 1 1
7 7 5 4 4 4 4 4 4 4 2 1 1 1 1 1
7 7 5 4 4 4 4 4 4 4 1 1 1 1 1 1 1
7 7 5 4 4 4 4 4 4 3 3 3 2
7 7 5 4 4 4 4 4 4 3 3 3 1 1
7 7 5 4 4 4 4 4 4 3 3 2 2 1
7 7 5 4 4 4 4 4 4 3 3 2 1 1 1
7 7 5 4 4 4 4 4 4 3 3 1 1 1 1 1
7 7 5 4 4 4 4 4 4 3 2 2 2 2
7 7 5 4 4 4 4 4 4 3 2 2 2 1 1
7 7 5 4 4 4 4 4 4 3 2 2 1 1 1 1
7 7 5 4 4 4 4 4 4 3 2 1 1 1 1 1 1
7 7 5 4 4 4 4 4 4 2 2 2 2 2 1
7 7 5 4 4 4 4 4 4 2 2 2 2 1 1 1
7 7 5 4 4 4 4 4 4 2 2 2 1 1 1 1 1
7 7 5 4 4 4 4 4 3 3 3 3 3
7 7 5 4 4 4 4 4 3 3 3 3 2 1
7 7 5 4 4 4 4 4 3 3 3 3 1 1 1
7 7 5 4 4 4 4 4 3 3 3 2 2 2
7 7 5 4 4 4 4 4 3 3 3 2 2 1 1
7 7 5 4 4 4 4 4 3 3 3 2 1 1 1 1
7 7 5 4 4 4 4 4 3 3 3 1 1 1 1 1 1
7 7 5 4 4 4 4 4 3 3 2 2 2 2 1
7 7 5 4 4 4 4 4 3 3 2 2 2 1 1 1
7 7 5 4 4 4 4 4 3 3 2 2 1 1 1 1 1
7 7 5 4 4 4 4 4 3 2 2 2 2 2 2
7 7 5 4 4 4 4 4 3 2 2 2 2 2 1 1
7 7 5 4 4 4 4 4 3 2 2 2 2 1 1 1 1
7 7 5 4 4 4 4 4 2 2 2 2 2 2 2 1
7 7 5 4 4 4 4 4 2 2 2 2 2 2 1 1 1
7 7 5 4 4 4 4 3 3 3 3 3 3 1
7 7 5 4 4 4 4 3 3 3 3 3 2 2
7 7 5 4 4 4 4 3 3 3 3 3 2 1 1
7 7 5 4 4 4 4 3 3 3 3 3 1 1 1 1
7 7 5 4 4 4 4 3 3 3 3 2 2 2 1
7 7 5 4 4 4 4 3 3 3 3 2 2 1 1 1
7 7 5 4 4 4 4 3 3 3 3 2 1 1 1 1 1
7 7 5 4 4 4 4 3 3 3 2 2 2 2 2
7 7 5 4 4 4 4 3 3 3 2 2 2 2 1 1
7 7 5 4 4 4 4 3 3 3 2 2 2 1 1 1 1
7 7 5 4 4 4 4 3 3 2 2 2 2 2 2 1
7 7 5 4 4 4 4 3 3 2 2 2 2 2 1 1 1
7 7 5 4 4 4 4 3 2 2 2 2 2 2 2 1 1
7 7 5 4 4 4 3 3 3 3 3 3 3 2
7 7 5 4 4 4 3 3 3 3 3 3 3 1 1
7 7 5 4 4 4 3 3 3 3 3 3 2 2 1
7 7 5 4 4 4 3 3 3 3 3 3 2 1 1 1
7 7 5 4 4 4 3 3 3 3 3 3 1 1 1 1 1
7 7 5 4 4 4 3 3 3 3 3 2 2 2 2
7 7 5 4 4 4 3 3 3 3 3 2 2 2 1 1
7 7 5 4 4 4 3 3 3 3 3 2 2 1 1 1 1
7 7 5 4 4 4 3 3 3 3 2 2 2 2 2 1
7 7 5 4 4 4 3 3 3 3 2 2 2 2 1 1 1
7 7 5 4 4 4 3 3 3 2 2 2 2 2 2 1 1
7 7 5 4 4 3 3 3 3 3 3 3 3 2 1
7 7 5 4 4 3 3 3 3 3 3 3 3 1 1 1
7 7 5 4 4 3 3 3 3 3 3 3 2 2 2
7 7 5 4 4 3 3 3 3 3 3 3 2 2 1 1
7 7 5 4 4 3 3 3 3 3 3 3 2 1 1 1 1
7 7 5 4 4 3 3 3 3 3 3 2 2 2 2 1
7 7 5 4 4 3 3 3 3 3 3 2 2 2 1 1 1
7 7 5 4 4 3 3 3 3 3 2 2 2 2 2 1 1
7 6 6 6 6 6 6 5 4 1 1
7 6 6 6 6 6 6 5 3 2 1
7 6 6 6 6 6 6 5 3 1 1 1
7 6 6 6 6 6 6 5 2 2 2
7 6 6 6 6 6 6 5 2 2 1 1
7 6 6 6 6 6 6 5 2 1 1 1 1
7 6 6 6 6 6 6 4 4 2 1
7 6 6 6 6 6 6 4 4 1 1 1
7 6 6 6 6 6 6 4 3 3 1
7 6 6 6 6 6 6 4 3 2 2
7 6 6 6 6 6 6 4 3 2 1 1
7 6 6 6 6 6 6 4 3 1 1 1 1
7 6 6 6 6 6 6 4 2 2 2 1
7 6 6 6 6 6 6 4 2 2 1 1 1
7 6 6 6 6 6 6 4 2 1 1 1 1 1
7 6 6 6 6 6 6 3 3 3 2
7 6 6 6 6 6 6 3 3 3 1 1
7 6 6 6 6 6 6 3 3 2 2 1
7 6 6 6 6 6 6 3 3 2 1 1 1
7 6 6 6 6 6 6 3 3 1 1 1 1 1
7 6 6 6 6 6 6 3 2 2 2 2
7 6 6 6 6 6 6 3 2 2 2 1 1
7 6 6 6 6 6 6 3 2 2 1 1 1 1
7 6 6 6 6 6 6 3 2 1 1 1 1 1 1
7 6 6 6 6 6 6 2 2 2 2 2 1
7 6 6 6 6 6 6 2 2 2 2 1 1 1
7 6 6 6 6 6 6 2 2 2 1 1 1 1 1
7 6 6 6 6 6 6 2 2 1 1 1 1 1 1 1
7 6 6 6 6 6 5 5 5 1 1
7 6 6 6 6 6 5 5 4 2 1
7 6 6 6 6 6 5 5 4 1 1 1
7 6 6 6 6 6 5 5 3 3 1
7 6 6 6 6 6 5 5 3 2 2
7 6 6 6 6 6 5 5 3 2 1 1
7 6 6 6 6 6 5 5 3 1 1 1 1
7 6 6 6 6 6 5 5 2 2 2 1
7 6 6 6 6 6 5 5 2 2 1 1 1
7 6 6 6 6 6 5 5 2 1 1 1 1 1
7 6 6 6 6 6 5 4 4 3 1
7 6 6 6 6 6 5 4 4 2 2
7 6 6 6 6 6 5 4 4 2 1 1
7 6 6 6 6 6 5 4 4 1 1 1 1
7 6 6 6 6 6 5 4 3 3 2
7 6 6 6 6 6 5 4 3 3 1 1
7 6 6 6 6 6 5 4 3 2 2 1
7 6 6 6 6 6 5 4 3 2 1 1 1
7 6 6 6 6 6 5 4 3 1 1 1 1 1
7 6 6 6 6 6 5 4 2 2 2 2
7 6 6 6 6 6 5 4 2 2 2 1 1
7 6 6 6 6 6 5 4 2 2 1 1 1 1
7 6 6 6 6 6 5 4 2 1 1 1 1 1 1
7 6 6 6 6 6 5 3 3 3 3
7 6 6 6 6 6 5 3 3 3 2 1
7 6 6 6 6 6 5 3 3 3 1 1 1
7 6 6 6 6 6 5 3 3 2 2 2
7 6 6 6 6 6 5 3 3 2 2 1 1
7 6 6 6 6 6 5 3 3 2 1 1 1 1
7 6 6 6 6 6 5 3 3 1 1 1 1 1 1
7 6 6 6 6 6 5 3 2 2 2 2 1
7 6 6 6 6 6 5 3 2 2 2 1 1 1
7 6 6 6 6 6 5 3 2 2 1 1 1 1 1
7 6 6 6 6 6 5 3 2 1 1 1 1 1 1 1
7 6 6 6 6 6 5 2 2 2 2 2 2
7 6 6 6 6 6 5 2 2 2 2 2 1 1
7 6 6 6 6 6 5 2 2 2 2 1 1 1 1
7 6 6 6 6 6 5 2 2 2 1 1 1 1 1 1
7 6 6 6 6 6 5 2 2 1 1 1 1 1 1 1 1
7 6 6 6 6 6 4 4 4 4 1
7 6 6 6 6 6 4 4 4 3 2
7 6 6 6 6 6 4 4 4 3 1 1
7 6 6 6 6 6 4 4 4 2 2 1
7 6 6 6 6 6 4 4 4 2 1 1 1
7 6 6 6 6 6 4 4 4 1 1 1 1 1
7 6 6 6 6 6 4 4 3 3 3
7 6 6 6 6 6 4 4 3 3 2 1
7 6 6 6 6 6 4 4 3 3 1 1 1
7 6 6 6 6 6 4 4 3 2 2 2
7 6 6 6 6 6 4 4 3 2 2 1 1
7 6 6 6 6 6 4 4 3 2 1 1 1 1
7 6 6 6 6 6 4 4 3 1 1 1 1 1 1
7 6 6 6 6 6 4 4 2 2 2 2 1
7 6 6 6 6 6 4 4 2 2 2 1 1 1
7 6 6 6 6 6 4 4 2 2 1 1 1 1 1
7 6 6 6 6 6 4 4 2 1 1 1 1 1 1 1
7 6 6 6 6 6 4 3 3 3 3 1
7 6 6 6 6 6 4 3 3 3 2 2
7 6 6 6 6 6 4 3 3 3 2 1 1
7 6 6 6 6 6 4 3 3 3 1 1 1 1
7 6 6 6 6 6 4 3 3 2 2 2 1
7 6 6 6 6 6 4 3 3 2 2 1 1 1
7 6 6 6 6 6 4 3 3 2 1 1 1 1 1
7 6 6 6 6 6 4 3 3 1 1 1 1 1 1 1
7 6 6 6 6 6 4 3 2 2 2 2 2
7 6 6 6 6 6 4 3 2 2 2 2 1 1
7 6 6 6 6 6 4 3 2 2 2 1 1 1 1
7 6 6 6 6 6 4 3 2 2 1 1 1 1 1 1
7 6 6 6 6 6 4 3 2 1 1 1 1 1 1 1 1
7 6 6 6 6 6 4 2 2 2 2 2 2 1
7 6 6 6 6 6 4 2 2 2 2 2 1 1 1
7 6 6 6 6 6 4 2 2 2 2 1 1 1 1 1
7 6 6 6 6 6 4 2 2 2 1 1 1 1 1 1 1
7 6 6 6 6 6 3 3 3 3 3 2
7 6 6 6 6 6 3 3 3 3 3 1 1
7 6 6 6 6 6 3 3 3 3 2 2 1
7 6 6 6 6 6 3 3 3 3 2 1 1 1
7 6 6 6 6 6 3 3 3 3 1 1 1 1 1
7 6 6 6 6 6 3 3 3 2 2 2 2
7 6 6 6 6 6 3 3 3 2 2 2 1 1
7 6 6 6 6 6 3 3 3 2 2 1 1 1 1
7 6 6 6 6 6 3 3 3 2 1 1 1 1 1 1
7 6 6 6 6 6 3 3 3 1 1 1 1 1 1 1 1
7 6 6 6 6 6 3 3 2 2 2 2 2 1
7 6 6 6 6 6 3 3 2 2 2 2 1 1 1
7 6 6 6 6 6 3 3 2 2 2 1 1 1 1 1
7 6 6 6 6 6 3 3 2 2 1 1 1 1 1 1 1
7 6 6 6 6 6 3 2 2 2 2 2 2 2
7 6 6 6 6 6 3 2 2 2 2 2 2 1 1
7 6 6 6 6 6 3 2 2 2 2 2 1 1 1 1
7 6 6 6 6 6 3 2 2 2 2 1 1 1 1 1 1
7 6 6 6 6 5 5 5 5 2 1
7 6 6 6 6 5 5 5 5 1 1 1
7 6 6 6 6 5 5 5 4 3 1
7 6 6 6 6 5 5 5 4 2 2
7 6 6 6 6 5 5 5 4 2 1 1
7 6 6 6 6 5 5 5 4 1 1 1 1
7 6 6 6 6 5 5 5 3 3 2
7 6 6 6 6 5 5 5 3 3 1 1
7 6 6 6 6 5 5 5 3 2 2 1
7 6 6 6 6 5 5 5 3 2 1 1 1
7 6 6 6 6 5 5 5 3 1 1 1 1 1
7 6 6 6 6 5 5 5 2 2 2 2
7 6 6 6 6 5 5 5 2 2 2 1 1
7 6 6 6 6 5 5 5 2 2 1 1 1 1
7 6 6 6 6 5 5 5 2 1 1 1 1 1 1
7 6 6 6 6 5 5 4 4 4 1
7 6 6 6 6 5 5 4 4 3 2
7 6 6 6 6 5 5 4 4 3 1 1
7 6 6 6 6 5 5 4 4 2 2 1
7 6 6 6 6 5 5 4 4 2 1 1 1
7 6 6 6 6 5 5 4 4 1 1 1 1 1
7 6 6 6 6 5 5 4 3 3 3
7 6 6 6 6 5 5 4 3 3 2 1
7 6 6 6 6 5 5 4 3 3 1 1 1
7 6 6 6 6 5 5 4 3 2 2 2
7 6 6 6 6 5 5 4 3 2 2 1 1
7 6 6 6 6 5 5 4 3 2 1 1 1 1
7 6 6 6 6 5 5 4 3 1 1 1 1 1 1
7 6 6 6 6 5 5 4 2 2 2 2 1
7 6 6 6 6 5 5 4 2 2 2 1 1 1
7 6 6 6 6 5 5 4 2 2 1 1 1 1 1
7 6 6 6 6 5 5 4 2 1 1 1 1 1 1 1
7 6 6 6 6 5 5 3 3 3 3 1
7 6 6 6 6 5 5 3 3 3 2 2
7 6 6 6 6 5 5 3 3 3 2 1 1
7 6 6 6 6 5 5 3 3 3 1 1 1 1
7 6 6 6 6 5 5 3 3 2 2 2 1
7 6 6 6 6 5 5 3 3 2 2 1 1 1
7 6 6 6 6 5 5 3 3 2 1 1 1 1 1
7 6 6 6 6 5 5 3 3 1 1 1 1 1 1 1
7 6 6 6 6 5 5 3 2 2 2 2 2
7 6 6 6 6 5 5 3 2 2 2 2 1 1
7 6 6 6 6 5 5 3 2 2 2 1 1 1 1
7 6 6 6 6 5 5 3 2 2 1 1 1 1 1 1
7 6 6 6 6 5 5 3 2 1 1 1 1 1 1 1 1
7 6 6 6 6 5 5 2 2 2 2 2 2 1
7 6 6 6 6 5 5 2 2 2 2 2 1 1 1
7 6 6 6 6 5 5 2 2 2 2 1 1 1 1 1
7 6 6 6 6 5 5 2 2 2 1 1 1 1 1 1 1
7 6 6 6 6 5 4 4 4 4 2
7 6 6 6 6 5 4 4 4 4 1 1
7 6 6 6 6 5 4 4 4 3 3
7 6 6 6 6 5 4 4 4 3 2 1
7 6 6 6 6 5 4 4 4 3 1 1 1
7 6 6 6 6 5 4 4 4 2 2 2
7 6 6 6 6 5 4 4 4 2 2 1 1
7 6 6 6 6 5 4 4 4 2 1 1 1 1
7 6 6 6 6 5 4 4 4 1 1 1 1 1 1
7 6 6 6 6 5 4 4 3 3 3 1
7 6 6 6 6 5 4 4 3 3 2 2
7 6 6 6 6 5 4 4 3 3 2 1 1
7 6 6 6 6 5 4 4 3 3 1 1 1 1
7 6 6 6 6 5 4 4 3 2 2 2 1
7 6 6 6 6 5 4 4 3 2 2 1 1 1
7 6 6 6 6 5 4 4 3 2 1 1 1 1 1
7 6 6 6 6 5 4 4 3 1 1 1 1 1 1 1
7 6 6 6 6 5 4 4 2 2 2 2 2
7 6 6 6 6 5 4 4 2 2 2 2 1 1
7 6 6 6 6 5 4 4 2 2 2 1 1 1 1
7 6 6 6 6 5 4 4 2 2 1 1 1 1 1 1
7 6 6 6 6 5 4 4 2 1 1 1 1 1 1 1 1
7 6 6 6 6 5 4 3 3 3 3 2
7 6 6 6 6 5 4 3 3 3 3 1 1
7 6 6 6 6 5 4 3 3 3 2 2 1
7 6 6 6 6 5 4 3 3 3 2 1 1 1
7 6 6 6 6 5 4 3 3 3 1 1 1 1 1
7 6 6 6 6 5 4 3 3 2 2 2 2
7 6 6 6 6 5 4 3 3 2 2 2 1 1
7 6 6 6 6 5 4 3 3 2 2 1 1 1 1
7 6 6 6 6 5 4 3 3 2 1 1 1 1 1 1
7 6 6 6 6 5 4 3 3 1 1 1 1 1 1 1 1
7 6 6 6 6 5 4 3 2 2 2 2 2 1
7 6 6 6 6 5 4 3 2 2 2 2 1 1 1
7 6 6 6 6 5 4 3 2 2 2 1 1 1 1 1
7 6 6 6 6 5 4 3 2 2 1 1 1 1 1 1 1
7 6 6 6 6 5 4 2 2 2 2 2 2 2
7 6 6 6 6 5 4 2 2 2 2 2 2 1 1
7 6 6 6 6 5 4 2 2 2 2 2 1 1 1 1
7 6 6 6 6 5 4 2 2 2 2 1 1 1 1 1 1
7 6 6 6 6 5 3 3 3 3 3 3
7 6 6 6 6 5 3 3 3 3 3 2 1
7 6 6 6 6 5 3 3 3 3 3 1 1 1
7 6 6 6 6 5 3 3 3 3 2 2 2
7 6 6 6 6 5 3 3 3 3 2 2 1 1
7 6 6 6 6 5 3 3 3 3 2 1 1 1 1
7 6 6 6 6 5 3 3 3 3 1 1 1 1 1 1
7 6 6 6 6 5 3 3 3 2 2 2 2 1
7 6 6 6 6 5 3 3 3 2 2 2 1 1 1
7 6 6 6 6 5 3 3 3 2 2 1 1 1 1 1
7 6 6 6 6 5 3 3 3 2 1 1 1 1 1 1 1
7 6 6 6 6 5 3 3 2 2 2 2 2 2
7 6 6 6 6 5 3 3 2 2 2 2 2 1 1
7 6 6 6 6 5 3 3 2 2 2 2 1 1 1 1
7 6 6 6 6 5 3 3 2 2 2 1 1 1 1 1 1
7 6 6 6 6 5 3 2 2 2 2 2 2 2 1
7 6 6 6 6 5 3 2 2 2 2 2 2 1 1 1
7 6 6 6 6 5 3 2 2 2 2 2 1 1 1 1 1
7 6 6 6 6 4 4 4 4 4 3
7 6 6 6 6 4 4 4 4 4 2 1
7 6 6 6 6 4 4 4 4 4 1 1 1
7 6 6 6 6 4 4 4 4 3 3 1
7 6 6 6 6 4 4 4 4 3 2 2
7 6 6 6 6 4 4 4 4 3 2 1 1
7 6 6 6 6 4 4 4 4 3 1 1 1 1
7 6 6 6 6 4 4 4 4 2 2 2 1
7 6 6 6 6 4 4 4 4 2 2 1 1 1
7 6 6 6 6 4 4 4 4 2 1 1 1 1 1
7 6 6 6 6 4 4 4 4 1 1 1 1 1 1 1
7 6 6 6 6 4 4 4 3 3 3 2
7 6 6 6 6 4 4 4 3 3 3 1 1
7 6 6 6 6 4 4 4 3 3 2 2 1
7 6 6 6 6 4 4 4 3 3 2 1 1 1
7 6 6 6 6 4 4 4 3 3 1 1 1 1 1
7 6 6 6 6 4 4 4 3 2 2 2 2
7 6 6 6 6 4 4 4 3 2 2 2 1 1
7 6 6 6 6 4 4 4 3 2 2 1 1 1 1
7 6 6 6 6 4 4 4 3 2 1 1 1 1 1 1
7 6 6 6 6 4 4 4 3 1 1 1 1 1 1 1 1
7 6 6 6 6 4 4 4 2 2 2 2 2 1
7 6 6 6 6 4 4 4 2 2 2 2 1 1 1
7 6 6 6 6 4 4 4 2 2 2 1 1 1 1 1
7 6 6 6 6 4 4 4 2 2 1 1 1 1 1 1 1
7 6 6 6 6 4 4 3 3 3 3 3
7 6 6 6 6 4 4 3 3 3 3 2 1
7 6 6 6 6 4 4 3 3 3 3 1 1 1
7 6 6 6 6 4 4 3 3 3 2 2 2
7 6 6 6 6 4 4 3 3 3 2 2 1 1
7 6 6 6 6 4 4 3 3 3 2 1 1 1 1
7 6 6 6 6 4 4 3 3 3 1 1 1 1 1 1
7 6 6 6 6 4 4 3 3 2 2 2 2 1
7 6 6 6 6 4 4 3 3 2 2 2 1 1 1
7 6 6 6 6 4 4 3 3 2 2 1 1 1 1 1
7 6 6 6 6 4 4 3 3 2 1 1 1 1 1 1 1
7 6 6 6 6 4 4 3 2 2 2 2 2 2
7 6 6 6 6 4 4 3 2 2 2 2 2 1 1
7 6 6 6 6 4 4 3 2 2 2 2 1 1 1 1
7 6 6 6 6 4 4 3 2 2 2 1 1 1 1 1 1
7 6 6 6 6 4 4 2 2 2 2 2 2 2 1
7 6 6 6 6 4 4 2 2 2 2 2 2 1 1 1
7 6 6 6 6 4 4 2 2 2 2 2 1 1 1 1 1
7 6 6 6 6 4 3 3 3 3 3 3 1
7 6 6 6 6 4 3 3 3 3 3 2 2
7 6 6 6 6 4 3 3 3 3 3 2 1 1
7 6 6 6 6 4 3 3 3 3 3 1 1 1 1
7 6 6 6 6 4 3 3 3 3 2 2 2 1
7 6 6 6 6 4 3 3 3 3 2 2 1 1 1
7 6 6 6 6 4 3 3 3 3 2 1 1 1 1 1
7 6 6 6 6 4 3 3 3 3 1 1 1 1 1 1 1
7 6 6 6 6 4 3 3 3 2 2 2 2 2
7 6 6 6 6 4 3 3 3 2 2 2 2 1 1
7 6 6 6 6 4 3 3 3 2 2 2 1 1 1 1
7 6 6 6 6 4 3 3 3 2 2 1 1 1 1 1 1
7 6 6 6 6 4 3 3 2 2 2 2 2 2 1
7 6 6 6 6 4 3 3 2 2 2 2 2 1 1 1
7 6 6 6 6 4 3 3 2 2 2 2 1 1 1 1 1
7 6 6 6 6 4 3 2 2 2 2 2 2 2 2
7 6 6 6 6 4 3 2 2 2 2 2 2 2 1 1
7 6 6 6 6 4 3 2 2 2 2 2 2 1 1 1 1
7 6 6 6 6 3 3 3 3 3 3 3 2
7 6 6 6 6 3 3 3 3 3 3 3 1 1
7 6 6 6 6 3 3 3 3 3 3 2 2 1
7 6 6 6 6 3 3 3 3 3 3 2 1 1 1
7 6 6 6 6 3 3 3 3 3 3 1 1 1 1 1
7 6 6 6 6 3 3 3 3 3 2 2 2 2
7 6 6 6 6 3 3 3 3 3 2 2 2 1 1
7 6 6 6 6 3 3 3 3 3 2 2 1 1 1 1
7 6 6 6 6 3 3 3 3 3 2 1 1 1 1 1 1
7 6 6 6 6 3 3 3 3 2 2 2 2 2 1
7 6 6 6 6 3 3 3 3 2 2 2 2 1 1 1
7 6 6 6 6 3 3 3 3 2 2 2 1 1 1 1 1
7 6 6 6 6 3 3 3 2 2 2 2 2 2 2
7 6 6 6 6 3 3 3 2 2 2 2 2 2 1 1
7 6 6 6 6 3 3 3 2 2 2 2 2 1 1 1 1
7 6 6 6 6 3 3 2 2 2 2 2 2 2 2 1
7 6 6 6 6 3 3 2 2 2 2 2 2 2 1 1 1
7 6 6 6 5 5 5 5 5 3 1
7 6 6 6 5 5 5 5 5 2 2
7 6 6 6 5 5 5 5 5 2 1 1
7 6 6 6 5 5 5 5 5 1 1 1 1
7 6 6 6 5 5 5 5 4 4 1
7 6 6 6 5 5 5 5 4 3 2
7 6 6 6 5 5 5 5 4 3 1 1
7 6 6 6 5 5 5 5 4 2 2 1
7 6 6 6 5 5 5 5 4 2 1 1 1
7 6 6 6 5 5 5 5 4 1 1 1 1 1
7 6 6 6 5 5 5 5 3 3 3
7 6 6 6 5 5 5 5 3 3 2 1
7 6 6 6 5 5 5 5 3 3 1 1 1
7 6 6 6 5 5 5 5 3 2 2 2
7 6 6 6 5 5 5 5 3 2 2 1 1
7 6 6 6 5 5 5 5 3 2 1 1 1 1
7 6 6 6 5 5 5 5 3 1 1 1 1 1 1
7 6 6 6 5 5 5 5 2 2 2 2 1
7 6 6 6 5 5 5 5 2 2 2 1 1 1
7 6 6 6 5 5 5 5 2 2 1 1 1 1 1
7 6 6 6 5 5 5 5 2 1 1 1 1 1 1 1
7 6 6 6 5 5 5 4 4 4 2
7 6 6 6 5 5 5 4 4 4 1 1
7 6 6 6 5 5 5 4 4 3 3
7 6 6 6 5 5 5 4 4 3 2 1
7 6 6 6 5 5 5 4 4 3 1 1 1
7 6 6 6 5 5 5 4 4 2 2 2
7 6 6 6 5 5 5 4 4 2 2 1 1
7 6 6 6 5 5 5 4 4 2 1 1 1 1
7 6 6 6 5 5 5 4 4 1 1 1 1 1 1
7 6 6 6 5 5 5 4 3 3 3 1
7 6 6 6 5 5 5 4 3 3 2 2
7 6 6 6 5 5 5 4 3 3 2 1 1
7 6 6 6 5 5 5 4 3 3 1 1 1 1
7 6 6 6 5 5 5 4 3 2 2 2 1
7 6 6 6 5 5 5 4 3 2 2 1 1 1
7 6 6 6 5 5 5 4 3 2 1 1 1 1 1
7 6 6 6 5 5 5 4 3 1 1 1 1 1 1 1
7 6 6 6 5 5 5 4 2 2 2 2 2
7 6 6 6 5 5 5 4 2 2 2 2 1 1
7 6 6 6 5 5 5 4 2 2 2 1 1 1 1
7 6 6 6 5 5 5 4 2 2 1 1 1 1 1 1
7 6 6 6 5 5 5 4 2 1 1 1 1 1 1 1 1
7 6 6 6 5 5 5 3 3 3 3 2
7 6 6 6 5 5 5 3 3 3 3 1 1
7 6 6 6 5 5 5 3 3 3 2 2 1
7 6 6 6 5 5 5 3 3 3 2 1 1 1
7 6 6 6 5 5 5 3 3 3 1 1 1 1 1
7 6 6 6 5 5 5 3 3 2 2 2 2
7 6 6 6 5 5 5 3 3 2 2 2 1 1
7 6 6 6 5 5 5 3 3 2 2 1 1 1 1
7 6 6 6 5 5 5 3 3 2 1 1 1 1 1 1
7 6 6 6 5 5 5 3 3 1 1 1 1 1 1 1 1
7 6 6 6 5 5 5 3 2 2 2 2 2 1
7 6 6 6 5 5 5 3 2 2 2 2 1 1 1
7 6 6 6 5 5 5 3 2 2 2 1 1 1 1 1
7 6 6 6 5 5 5 3 2 2 1 1 1 1 1 1 1
7 6 6 6 5 5 5 2 2 2 2 2 2 2
7 6 6 6 5 5 5 2 2 2 2 2 2 1 1
7 6 6 6 5 5 5 2 2 2 2 2 1 1 1 1
7 6 6 6 5 5 5 2 2 2 2 1 1 1 1 1 1
7 6 6 6 5 5 4 4 4 4 3
7 6 6 6 5 5 4 4 4 4 2 1
7 6 6 6 5 5 4 4 4 4 1 1 1
7 6 6 6 5 5 4 4 4 3 3 1
7 6 6 6 5 5 4 4 4 3 2 2
7 6 6 6 5 5 4 4 4 3 2 1 1
7 6 6 6 5 5 4 4 4 3 1 1 1 1
7 6 6 6 5 5 4 4 4 2 2 2 1
7 6 6 6 5 5 4 4 4 2 2 1 1 1
7 6 6 6 5 5 4 4 4 2 1 1 1 1 1
7 6 6 6 5 5 4 4 4 1 1 1 1 1 1 1
7 6 6 6 5 5 4 4 3 3 3 2
7 6 6 6 5 5 4 4 3 3 3 1 1
7 6 6 6 5 5 4 4 3 3 2 2 1
7 6 6 6 5 5 4 4 3 3 2 1 1 1
7 6 6 6 5 5 4 4 3 3 1 1 1 1 1
7 6 6 6 5 5 4 4 3 2 2 2 2
7 6 6 6 5 5 4 4 3 2 2 2 1 1
7 6 6 6 5 5 4 4 3 2 2 1 1 1 1
7 6 6 6 5 5 4 4 3 2 1 1 1 1 1 1
7 6 6 6 5 5 4 4 3 1 1 1 1 1 1 1 1
7 6 6 6 5 5 4 4 2 2 2 2 2 1
7 6 6 6 5 5 4 4 2 2 2 2 1 1 1
7 6 6 6 5 5 4 4 2 2 2 1 1 1 1 1
7 6 6 6 5 5 4 4 2 2 1 1 1 1 1 1 1
7 6 6 6 5 5 4 3 3 3 3 3
7 6 6 6 5 5 4 3 3 3 3 2 1
7 6 6 6 5 5 4 3 3 3 3 1 1 1
7 6 6 6 5 5 4 3 3 3 2 2 2
7 6 6 6 5 5 4 3 3 3 2 2 1 1
7 6 6 6 5 5 4 3 3 3 2 1 1 1 1
7 6 6 6 5 5 4 3 3 3 1 1 1 1 1 1
7 6 6 6 5 5 4 3 3 2 2 2 2 1
7 6 6 6 5 5 4 3 3 2 2 2 1 1 1
7 6 6 6 5 5 4 3 3 2 2 1 1 1 1 1
7 6 6 6 5 5 4 3 3 2 1 1 1 1 1 1 1
7 6 6 6 5 5 4 3 2 2 2 2 2 2
7 6 6 6 5 5 4 3 2 2 2 2 2 1 1
7 6 6 6 5 5 4 3 2 2 2 2 1 1 1 1
7 6 6 6 5 5 4 3 2 2 2 1 1 1 1 1 1
7 6 6 6 5 5 4 2 2 2 2 2 2 2 1
7 6 6 6 5 5 4 2 2 2 2 2 2 1 1 1
7 6 6 6 5 5 4 2 2 2 2 2 1 1 1 1 1
7 6 6 6 5 5 3 3 3 3 3 3 1
7 6 6 6 5 5 3 3 3 3 3 2 2
7 6 6 6 5 5 3 3 3 3 3 2 1 1
7 6 6 6 5 5 3 3 3 3 3 1 1 1 1
7 6 6 6 5 5 3 3 3 3 2 2 2 1
7 6 6 6 5 5 3 3 3 3 2 2 1 1 1
7 6 6 6 5 5 3 3 3 3 2 1 1 1 1 1
7 6 6 6 5 5 3 3 3 3 1 1 1 1 1 1 1
7 6 6 6 5 5 3 3 3 2 2 2 2 2
7 6 6 6 5 5 3 3 3 2 2 2 2 1 1
7 6 6 6 5 5 3 3 3 2 2 2 1 1 1 1
7 6 6 6 5 5 3 3 3 2 2 1 1 1 1 1 1
7 6 6 6 5 5 3 3 2 2 2 2 2 2 1
7 6 6 6 5 5 3 3 2 2 2 2 2 1 1 1
7 6 6 6 5 5 3 3 2 2 2 2 1 1 1 1 1
7 6 6 6 5 5 3 2 2 2 2 2 2 2 2
7 6 6 6 5 5 3 2 2 2 2 2 2 2 1 1
7 6 6 6 5 5 3 2 2 2 2 2 2 1 1 1 1
7 6 6 6 5 4 4 4 4 4 4
7 6 6 6 5 4 4 4 4 4 3 1
7 6 6 6 5 4 4 4 4 4 2 2
7 6 6 6 5 4 4 4 4 4 2 1 1
7 6 6 6 5 4 4 4 4 4 1 1 1 1
7 6 6 6 5 4 4 4 4 3 3 2
7 6 6 6 5 4 4 4 4 3 3 1 1
7 6 6 6 5 4 4 4 4 3 2 2 1
7 6 6 6 5 4 4 4 4 3 2 1 1 1
7 6 6 6 5 4 4 4 4 3 1 1 1 1 1
7 6 6 6 5 4 4 4 4 2 2 2 2
7 6 6 6 5 4 4 4 4 2 2 2 1 1
7 6 6 6 5 4 4 4 4 2 2 1 1 1 1
7 6 6 6 5 4 4 4 4 2 1 1 1 1 1 1
7 6 6 6 5 4 4 4 4 1 1 1 1 1 1 1 1
7 6 6 6 5 4 4 4 3 3 3 3
7 6 6 6 5 4 4 4 3 3 3 2 1
7 6 6 6 5 4 4 4 3 3 3 1 1 1
7 6 6 6 5 4 4 4 3 3 2 2 2
7 6 6 6 5 4 4 4 3 3 2 2 1 1
7 6 6 6 5 4 4 4 3 3 2 1 1 1 1
7 6 6 6 5 4 4 4 3 3 1 1 1 1 1 1
7 6 6 6 5 4 4 4 3 2 2 2 2 1
7 6 6 6 5 4 4 4 3 2 2 2 1 1 1
7 6 6 6 5 4 4 4 3 2 2 1 1 1 1 1
7 6 6 6 5 4 4 4 3 2 1 1 1 1 1 1 1
7 6 6 6 5 4 4 4 2 2 2 2 2 2
7 6 6 6 5 4 4 4 2 2 2 2 2 1 1
7 6 6 6 5 4 4 4 2 2 2 2 1 1 1 1
7 6 6 6 5 4 4 4 2 2 2 1 1 1 1 1 1
7 6 6 6 5 4 4 3 3 3 3 3 1
7 6 6 6 5 4 4 3 3 3 3 2 2
7 6 6 6 5 4 4 3 3 3 3 2 1 1
7 6 6 6 5 4 4 3 3 3 3 1 1 1 1
7 6 6 6 5 4 4 3 3 3 2 2 2 1
7 6 6 6 5 4 4 3 3 3 2 2 1 1 1
7 6 6 6 5 4 4 3 3 3 2 1 1 1 1 1
7 6 6 6 5 4 4 3 3 3 1 1 1 1 1 1 1
7 6 6 6 5 4 4 3 3 2 2 2 2 2
7 6 6 6 5 4 4 3 3 2 2 2 2 1 1
7 6 6 6 5 4 4 3 3 2 2 2 1 1 1 1
7 6 6 6 5 4 4 3 3 2 2 1 1 1 1 1 1
7 6 6 6 5 4 4 3 2 2 2 2 2 2 1
7 6 6 6 5 4 4 3 2 2 2 2 2 1 1 1
7 6 6 6 5 4 4 3 2 2 2 2 1 1 1 1 1
7 6 6 6 5 4 4 2 2 2 2 2 2 2 2
7 6 6 6 5 4 4 2 2 2 2 2 2 2 1 1
7 6 6 6 5 4 4 2 2 2 2 2 2 1 1 1 1
7 6 6 6 5 4 3 3 3 3 3 3 2
7 6 6 6 5 4 3 3 3 3 3 3 1 1
7 6 6 6 5 4 3 3 3 3 3 2 2 1
7 6 6 6 5 4 3 3 3 3 3 2 1 1 1
7 6 6 6 5 4 3 3 3 3 3 1 1 1 1 1
7 6 6 6 5 4 3 3 3 3 2 2 2 2
7 6 6 6 5 4 3 3 3 3 2 2 2 1 1
7 6 6 6 5 4 3 3 3 3 2 2 1 1 1 1
7 6 6 6 5 4 3 3 3 3 2 1 1 1 1 1 1
7 6 6 6 5 4 3 3 3 2 2 2 2 2 1
7 6 6 6 5 4 3 3 3 2 2 2 2 1 1 1
7 6 6 6 5 4 3 3 3 2 2 2 1 1 1 1 1
7 6 6 6 5 4 3 3 2 2 2 2 2 2 2
7 6 6 6 5 4 3 3 2 2 2 2 2 2 1 1
7 6 6 6 5 4 3 3 2 2 2 2 2 1 1 1 1
7 6 6 6 5 4 3 2 2 2 2 2 2 2 2 1
7 6 6 6 5 4 3 2 2 2 2 2 2 2 1 1 1
7 6 6 6 5 3 3 3 3 3 3 3 3
7 6 6 6 5 3 3 3 3 3 3 3 2 1
7 6 6 6 5 3 3 3 3 3 3 3 1 1 1
7 6 6 6 5 3 3 3 3 3 3 2 2 2
7 6 6 6 5 3 3 3 3 3 3 2 2 1 1
7 6 6 6 5 3 3 3 3 3 3 2 1 1 1 1
7 6 6 6 5 3 3 3 3 3 3 1 1 1 1 1 1
7 6 6 6 5 3 3 3 3 3 2 2 2 2 1
7 6 6 6 5 3 3 3 3 3 2 2 2 1 1 1
7 6 6 6 5 3 3 3 3 3 2 2 1 1 1 1 1
7 6 6 6 5 3 3 3 3 2 2 2 2 2 2
7 6 6 6 5 3 3 3 3 2 2 2 2 2 1 1
7 6 6 6 5 3 3 3 3 2 2 2 2 1 1 1 1
7 6 6 6 5 3 3 3 2 2 2 2 2 2 2 1
7 6 6 6 5 3 3 3 2 2 2 2 2 2 1 1 1
7 6 6 6 5 3 3 2 2 2 2 2 2 2 2 1 1
7 6 6 6 4 4 4 4 4 4 4 1
7 6 6 6 4 4 4 4 4 4 3 2
7 6 6 6 4 4 4 4 4 4 3 1 1
7 6 6 6 4 4 4 4 4 4 2 2 1
7 6 6 6 4 4 4 4 4 4 2 1 1 1
7 6 6 6 4 4 4 4 4 4 1 1 1 1 1
7 6 6 6 4 4 4 4 4 3 3 3
7 6 6 6 4 4 4 4 4 3 3 2 1
7 6 6 6 4 4 4 4 4 3 3 1 1 1
7 6 6 6 4 4 4 4 4 3 2 2 2
7 6 6 6 4 4 4 4 4 3 2 2 1 1
7 6 6 6 4 4 4 4 4 3 2 1 1 1 1
7 6 6 6 4 4 4 4 4 3 1 1 1 1 1 1
7 6 6 6 4 4 4 4 4 2 2 2 2 1
7 6 6 6 4 4 4 4 4 2 2 2 1 1 1
7 6 6 6 4 4 4 4 4 2 2 1 1 1 1 1
7 6 6 6 4 4 4 4 4 2 1 1 1 1 1 1 1
7 6 6 6 4 4 4 4 3 3 3 3 1
7 6 6 6 4 4 4 4 3 3 3 2 2
7 6 6 6 4 4 4 4 3 3 3 2 1 1
7 6 6 6 4 4 4 4 3 3 3 1 1 1 1
7 6 6 6 4 4 4 4 3 3 2 2 2 1
7 6 6 6 4 4 4 4 3 3 2 2 1 1 1
7 6 6 6 4 4 4 4 3 3 2 1 1 1 1 1
7 6 6 6 4 4 4 4 3 3 1 1 1 1 1 1 1
7 6 6 6 4 4 4 4 3 2 2 2 2 2
7 6 6 6 4 4 4 4 3 2 2 2 2 1 1
7 6 6 6 4 4 4 4 3 2 2 2 1 1 1 1
7 6 6 6 4 4 4 4 3 2 2 1 1 1 1 1 1
7 6 6 6 4 4 4 4 2 2 2 2 2 2 1
7 6 6 6 4 4 4 4 2 2 2 2 2 1 1 1
7 6 6 6 4 4 4 4 2 2 2 2 1 1 1 1 1
7 6 6 6 4 4 4 3 3 3 3 3 2
7 6 6 6 4 4 4 3 3 3 3 3 1 1
7 6 6 6 4 4 4 3 3 3 3 2 2 1
7 6 6 6 4 4 4 3 3 3 3 2 1 1 1
7 6 6 6 4 4 4 3 3 3 3 1 1 1 1 1
7 6 6 6 4 4 4 3 3 3 2 2 2 2
7 6 6 6 4 4 4 3 3 3 2 2 2 1 1
7 6 6 6 4 4 4 3 3 3 2 2 1 1 1 1
7 6 6 6 4 4 4 3 3 3 2 1 1 1 1 1 1
7 6 6 6 4 4 4 3 3 2 2 2 2 2 1
7 6 6 6 4 4 4 3 3 2 2 2 2 1 1 1
7 6 6 6 4 4 4 3 3 2 2 2 1 1 1 1 1
7 6 6 6 4 4 4 3 2 2 2 2 2 2 2
7 6 6 6 4 4 4 3 2 2 2 2 2 2 1 1
7 6 6 6 4 4 4 3 2 2 2 2 2 1 1 1 1
7 6 6 6 4 4 4 2 2 2 2 2 2 2 2 1
7 6 6 6 4 4 4 2 2 2 2 2 2 2 1 1 1
7 6 6 6 4 4 3 3 3 3 3 3 3
7 6 6 6 4 4 3 3 3 3 3 3 2 1
7 6 6 6 4 4 3 3 3 3 3 3 1 1 1
7 6 6 6 4 4 3 3 3 3 3 2 2 2
7 6 6 6 4 4 3 3 3 3 3 2 2 1 1
7 6 6 6 4 4 3 3 3 3 3 2 1 1 1 1
7 6 6 6 4 4 3 3 3 3 3 1 1 1 1 1 1
7 6 6 6 4 4 3 3 3 3 2 2 2 2 1
7 6 6 6 4 4 3 3 3 3 2 2 2 1 1 1
7 6 6 6 4 4 3 3 3 3 2 2 1 1 1 1 1
7 6 6 6 4 4 3 3 3 2 2 2 2 2 2
7 6 6 6 4 4 3 3 3 2 2 2 2 2 1 1
7 6 6 6 4 4 3 3 3 2 2 2 2 1 1 1 1
7 6 6 6 4 4 3 3 2 2 2 2 2 2 2 1
7 6 6 6 4 4 3 3 2 2 2 2 2 2 1 1 1
7 6 6 6 4 4 3 2 2 2 2 2 2 2 2 1 1
7 6 6 6 4 3 3 3 3 3 3 3 3 1
7 6 6 6 4 3 3 3 3 3 3 3 2 2
7 6 6 6 4 3 3 3 3 3 3 3 2 1 1
7 6 6 6 4 3 3 3 3 3 3 3 1 1 1 1
7 6 6 6 4 3 3 3 3 3 3 2 2 2 1
7 6 6 6 4 3 3 3 3 3 3 2 2 1 1 1
7 6 6 6 4 3 3 3 3 3 3 2 1 1 1 1 1
7 6 6 6 4 3 3 3 3 3 2 2 2 2 2
7 6 6 6 4 3 3 3 3 3 2 2 2 2 1 1
7 6 6 6 4 3 3 3 3 3 2 2 2 1 1 1 1
7 6 6 6 4 3 3 3 3 2 2 2 2 2 2 1
7 6 6 6 4 3 3 3 3 2 2 2 2 2 1 1 1
7 6 6 6 4 3 3 3 2 2 2 2 2 2 2 1 1
7 6 6 5 5 5 5 5 5 4 1
7 6 6 5 5 5 5 5 5 3 2
7 6 6 5 5 5 5 5 5 3 1 1
7 6 6 5 5 5 5 5 5 2 2 1
7 6 6 5 5 5 5 5 5 2 1 1 1
7 6 6 5 5 5 5 5 5 1 1 1 1 1
7 6 6 5 5 5 5 5 4 4 2
7 6 6 5 5 5 5 5 4 4 1 1
7 6 6 5 5 5 5 5 4 3 3
7 6 6 5 5 5 5 5 4 3 2 1
7 6 6 5 5 5 5 5 4 3 1 1 1
7 6 6 5 5 5 5 5 4 2 2 2
7 6 6 5 5 5 5 5 4 2 2 1 1
7 6 6 5 5 5 5 5 4 2 1 1 1 1
7 6 6 5 5 5 5 5 4 1 1 1 1 1 1
7 6 6 5 5 5 5 5 3 3 3 1
7 6 6 5 5 5 5 5 3 3 2 2
7 6 6 5 5 5 5 5 3 3 2 1 1
7 6 6 5 5 5 5 5 3 3 1 1 1 1
7 6 6 5 5 5 5 5 3 2 2 2 1
7 6 6 5 5 5 5 5 3 2 2 1 1 1
7 6 6 5 5 5 5 5 3 2 1 1 1 1 1
7 6 6 5 5 5 5 5 3 1 1 1 1 1 1 1
7 6 6 5 5 5 5 5 2 2 2 2 2
7 6 6 5 5 5 5 5 2 2 2 2 1 1
7 6 6 5 5 5 5 5 2 2 2 1 1 1 1
7 6 6 5 5 5 5 5 2 2 1 1 1 1 1 1
7 6 6 5 5 5 5 5 2 1 1 1 1 1 1 1 1
7 6 6 5 5 5 5 4 4 4 3
7 6 6 5 5 5 5 4 4 4 2 1
7 6 6 5 5 5 5 4 4 4 1 1 1
7 6 6 5 5 5 5 4 4 3 3 1
7 6 6 5 5 5 5 4 4 3 2 2
7 6 6 5 5 5 5 4 4 3 2 1 1
7 6 6 5 5 5 5 4 4 3 1 1 1 1
7 6 6 5 5 5 5 4 4 2 2 2 1
7 6 6 5 5 5 5 4 4 2 2 1 1 1
7 6 6 5 5 5 5 4 4 2 1 1 1 1 1
7 6 6 5 5 5 5 4 4 1 1 1 1 1 1 1
7 6 6 5 5 5 5 4 3 3 3 2
7 6 6 5 5 5 5 4 3 3 3 1 1
7 6 6 5 5 5 5 4 3 3 2 2 1
7 6 6 5 5 5 5 4 3 3 2 1 1 1
7 6 6 5 5 5 5 4 3 3 1 1 1 1 1
7 6 6 5 5 5 5 4 3 2 2 2 2
7 6 6 5 5 5 5 4 3 2 2 2 1 1
7 6 6 5 5 5 5 4 3 2 2 1 1 1 1
7 6 6 5 5 5 5 4 3 2 1 1 1 1 1 1
7 6 6 5 5 5 5 4 3 1 1 1 1 1 1 1 1
7 6 6 5 5 5 5 4 2 2 2 2 2 1
7 6 6 5 5 5 5 4 2 2 2 2 1 1 1
7 6 6 5 5 5 5 4 2 2 2 1 1 1 1 1
7 6 6 5 5 5 5 4 2 2 1 1 1 1 1 1 1
7 6 6 5 5 5 5 3 3 3 3 3
7 6 6 5 5 5 5 3 3 3 3 2 1
7 6 6 5 5 5 5 3 3 3 3 1 1 1
7 6 6 5 5 5 5 3 3 3 2 2 2
7 6 6 5 5 5 5 3 3 3 2 2 1 1
7 6 6 5 5 5 5 3 3 3 2 1 1 1 1
7 6 6 5 5 5 5 3 3 3 1 1 1 1 1 1
7 6 6 5 5 5 5 3 3 2 2 2 2 1
7 6 6 5 5 5 5 3 3 2 2 2 1 1 1
7 6 6 5 5 5 5 3 3 2 2 1 1 1 1 1
7 6 6 5 5 5 5 3 3 2 1 1 1 1 1 1 1
7 6 6 5 5 5 5 3 2 2 2 2 2 2
7 6 6 5 5 5 5 3 2 2 2 2 2 1 1
7 6 6 5 5 5 5 3 2 2 2 2 1 1 1 1
7 6 6 5 5 5 5 3 2 2 2 1 1 1 1 1 1
7 6 6 5 5 5 5 2 2 2 2 2 2 2 1
7 6 6 5 5 5 5 2 2 2 2 2 2 1 1 1
7 6 6 5 5 5 5 2 2 2 2 2 1 1 1 1 1
7 6 6 5 5 5 4 4 4 4 4
7 6 6 5 5 5 4 4 4 4 3 1
7 6 6 5 5 5 4 4 4 4 2 2
7 6 6 5 5 5 4 4 4 4 2 1 1
7 6 6 5 5 5 4 4 4 4 1 1 1 1
7 6 6 5 5 5 4 4 4 3 3 2
7 6 6 5 5 5 4 4 4 3 3 1 1
7 6 6 5 5 5 4 4 4 3 2 2 1
7 6 6 5 5 5 4 4 4 3 2 1 1 1
7 6 6 5 5 5 4 4 4 3 1 1 1 1 1
7 6 6 5 5 5 4 4 4 2 2 2 2
7 6 6 5 5 5 4 4 4 2 2 2 1 1
7 6 6 5 5 5 4 4 4 2 2 1 1 1 1
7 6 6 5 5 5 4 4 4 2 1 1 1 1 1 1
7 6 6 5 5 5 4 4 4 1 1 1 1 1 1 1 1
7 6 6 5 5 5 4 4 3 3 3 3
7 6 6 5 5 5 4 4 3 3 3 2 1
7 6 6 5 5 5 4 4 3 3 3 1 1 1
7 6 6 5 5 5 4 4 3 3 2 2 2
7 6 6 5 5 5 4 4 3 3 2 2 1 1
7 6 6 5 5 5 4 4 3 3 2 1 1 1 1
7 6 6 5 5 5 4 4 3 3 1 1 1 1 1 1
7 6 6 5 5 5 4 4 3 2 2 2 2 1
7 6 6 5 5 5 4 4 3 2 2 2 1 1 1
7 6 6 5 5 5 4 4 3 2 2 1 1 1 1 1
7 6 6 5 5 5 4 4 3 2 1 1 1 1 1 1 1
7 6 6 5 5 5 4 4 2 2 2 2 2 2
7 6 6 5 5 5 4 4 2 2 2 2 2 1 1
7 6 6 5 5 5 4 4 2 2 2 2 1 1 1 1
7 6 6 5 5 5 4 4 2 2 2 1 1 1 1 1 1
7 6 6 5 5 5 4 3 3 3 3 3 1
7 6 6 5 5 5 4 3 3 3 3 2 2
7 6 6 5 5 5 4 3 3 3 3 2 1 1
7 6 6 5 5 5 4 3 3 3 3 1 1 1 1
7 6 6 5 5 5 4 3 3 3 2 2 2 1
7 6 6 5 5 5 4 3 3 3 2 2 1 1 1
7 6 6 5 5 5 4 3 3 3 2 1 1 1 1 1
7 6 6 5 5 5 4 3 3 3 1 1 1 1 1 1 1
7 6 6 5 5 5 4 3 3 2 2 2 2 2
7 6 6 5 5 5 4 3 3 2 2 2 2 1 1
7 6 6 5 5 5 4 3 3 2 2 2 1 1 1 1
7 6 6 5 5 5 4 3 3 2 2 1 1 1 1 1 1
7 6 6 5 5 5 4 3 2 2 2 2 2 2 1
7 6 6 5 5 5 4 3 2 2 2 2 2 1 1 1
7 6 6 5 5 5 4 3 2 2 2 2 1 1 1 1 1
7 6 6 5 5 5 4 2 2 2 2 2 2 2 2
7 6 6 5 5 5 4 2 2 2 2 2 2 2 1 1
7 6 6 5 5 5 4 2 2 2 2 2 2 1 1 1 1
7 6 6 5 5 5 3 3 3 3 3 3 2
7 6 6 5 5 5 3 3 3 3 3 3 1 1
7 6 6 5 5 5 3 3 3 3 3 2 2 1
7 6 6 5 5 5 3 3 3 3 3 2 1 1 1
7 6 6 5 5 5 3 3 3 3 3 1 1 1 1 1
7 6 6 5 5 5 3 3 3 3 2 2 2 2
7 6 6 5 5 5 3 3 3 3 2 2 2 1 1
7 6 6 5 5 5 3 3 3 3 2 2 1 1 1 1
7 6 6 5 5 5 3 3 3 3 2 1 1 1 1 1 1
7 6 6 5 5 5 3 3 3 2 2 2 2 2 1
7 6 6 5 5 5 3 3 3 2 2 2 2 1 1 1
7 6 6 5 5 5 3 3 3 2 2 2 1 1 1 1 1
7 6 6 5 5 5 3 3 2 2 2 2 2 2 2
7 6 6 5 5 5 3 3 2 2 2 2 2 2 1 1
7 6 6 5 5 5 3 3 2 2 2 2 2 1 1 1 1
7 6 6 5 5 5 3 2 2 2 2 2 2 2 2 1
7 6 6 5 5 5 3 2 2 2 2 2 2 2 1 1 1
7 6 6 5 5 4 4 4 4 4 4 1
7 6 6 5 5 4 4 4 4 4 3 2
7 6 6 5 5 4 4 4 4 4 3 1 1
7 6 6 5 5 4 4 4 4 4 2 2 1
7 6 6 5 5 4 4 4 4 4 2 1 1 1
7 6 6 5 5 4 4 4 4 4 1 1 1 1 1
7 6 6 5 5 4 4 4 4 3 3 3
7 6 6 5 5 4 4 4 4 3 3 2 1
7 6 6 5 5 4 4 4 4 3 3 1 1 1
7 6 6 5 5 4 4 4 4 3 2 2 2
7 6 6 5 5 4 4 4 4 3 2 2 1 1
7 6 6 5 5 4 4 4 4 3 2 1 1 1 1
7 6 6 5 5 4 4 4 4 3 1 1 1 1 1 1
7 6 6 5 5 4 4 4 4 2 2 2 2 1
7 6 6 5 5 4 4 4 4 2 2 2 1 1 1
7 6 6 5 5 4 4 4 4 2 2 1 1 1 1 1
7 6 6 5 5 4 4 4 4 2 1 1 1 1 1 1 1
7 6 6 5 5 4 4 4 3 3 3 3 1
7 6 6 5 5 4 4 4 3 3 3 2 2
7 6 6 5 5 4 4 4 3 3 3 2 1 1
7 6 6 5 5 4 4 4 3 3 3 1 1 1 1
7 6 6 5 5 4 4 4 3 3 2 2 2 1
7 6 6 5 5 4 4 4 3 3 2 2 1 1 1
7 6 6 5 5 4 4 4 3 3 2 1 1 1 1 1
7 6 6 5 5 4 4 4 3 3 1 1 1 1 1 1 1
7 6 6 5 5 4 4 4 3 2 2 2 2 2
7 6 6 5 5 4 4 4 3 2 2 2 2 1 1
7 6 6 5 5 4 4 4 3 2 2 2 1 1 1 1
7 6 6 5 5 4 4 4 3 2 2 1 1 1 1 1 1
7 6 6 5 5 4 4 4 2 2 2 2 2 2 1
7 6 6 5 5 4 4 4 2 2 2 2 2 1 1 1
7 6 6 5 5 4 4 4 2 2 2 2 1 1 1 1 1
7 6 6 5 5 4 4 3 3 3 3 3 2
7 6 6 5 5 4 4 3 3 3 3 3 1 1
7 6 6 5 5 4 4 3 3 3 3 2 2 1
7 6 6 5 5 4 4 3 3 3 3 2 1 1 1
7 6 6 5 5 4 4 3 3 3 3 1 1 1 1 1
7 6 6 5 5 4 4 3 3 3 2 2 2 2
7 6 6 5 5 4 4 3 3 3 2 2 2 1 1
7 6 6 5 5 4 4 3 3 3 2 2 1 1 1 1
7 6 6 5 5 4 4 3 3 3 2 1 1 1 1 1 1
7 6 6 5 5 4 4 3 3 2 2 2 2 2 1
7 6 6 5 5 4 4 3 3 2 2 2 2 1 1 1
7 6 6 5 5 4 4 3 3 2 2 2 1 1 1 1 1
7 6 6 5 5 4 4 3 2 2 2 2 2 2 2
7 6 6 5 5 4 4 3 2 2 2 2 2 2 1 1
7 6 6 5 5 4 4 3 2 2 2 2 2 1 1 1 1
7 6 6 5 5 4 4 2 2 2 2 2 2 2 2 1
7 6 6 5 5 4 4 2 2 2 2 2 2 2 1 1 1
7 6 6 5 5 4 3 3 3 3 3 3 3
7 6 6 5 5 4 3 3 3 3 3 3 2 1
7 6 6 5 5 4 3 3 3 3 3 3 1 1 1
7 6 6 5 5 4 3 3 3 3 3 2 2 2
7 6 6 5 5 4 3 3 3 3 3 2 2 1 1
7 6 6 5 5 4 3 3 3 3 3 2 1 1 1 1
7 6 6 5 5 4 3 3 3 3 3 1 1 1 1 1 1
7 6 6 5 5 4 3 3 3 3 2 2 2 2 1
7 6 6 5 5 4 3 3 3 3 2 2 2 1 1 1
7 6 6 5 5 4 3 3 3 3 2 2 1 1 1 1 1
7 6 6 5 5 4 3 3 3 2 2 2 2 2 2
7 6 6 5 5 4 3 3 3 2 2 2 2 2 1 1
7 6 6 5 5 4 3 3 3 2 2 2 2 1 1 1 1
7 6 6 5 5 4 3 3 2 2 2 2 2 2 2 1
7 6 6 5 5 4 3 3 2 2 2 2 2 2 1 1 1
7 6 6 5 5 4 3 2 2 2 2 2 2 2 2 1 1
7 6 6 5 5 3 3 3 3 3 3 3 3 1
7 6 6 5 5 3 3 3 3 3 3 3 2 2
7 6 6 5 5 3 3 3 3 3 3 3 2 1 1
7 6 6 5 5 3 3 3 3 3 3 3 1 1 1 1
7 6 6 5 5 3 3 3 3 3 3 2 2 2 1
7 6 6 5 5 3 3 3 3 3 3 2 2 1 1 1
7 6 6 5 5 3 3 3 3 3 3 2 1 1 1 1 1
7 6 6 5 5 3 3 3 3 3 2 2 2 2 2
7 6 6 5 5 3 3 3 3 3 2 2 2 2 1 1
7 6 6 5 5 3 3 3 3 3 2 2 2 1 1 1 1
7 6 6 5 5 3 3 3 3 2 2 2 2 2 2 1
7 6 6 5 5 3 3 3 3 2 2 2 2 2 1 1 1
7 6 6 5 5 3 3 3 2 2 2 2 2 2 2 1 1
7 6 6 5 4 4 4 4 4 4 4 2
7 6 6 5 4 4 4 4 4 4 4 1 1
7 6 6 5 4 4 4 4 4 4 3 3
7 6 6 5 4 4 4 4 4 4 3 2 1
7 6 6 5 4 4 4 4 4 4 3 1 1 1
7 6 6 5 4 4 4 4 4 4 2 2 2
7 6 6 5 4 4 4 4 4 4 2 2 1 1
7 6 6 5 4 4 4 4 4 4 2 1 1 1 1
7 6 6 5 4 4 4 4 4 4 1 1 1 1 1 1
7 6 6 5 4 4 4 4 4 3 3 3 1
7 6 6 5 4 4 4 4 4 3 3 2 2
7 6 6 5 4 4 4 4 4 3 3 2 1 1
7 6 6 5 4 4 4 4 4 3 3 1 1 1 1
7 6 6 5 4 4 4 4 4 3 2 2 2 1
7 6 6 5 4 4 4 4 4 3 2 2 1 1 1
7 6 6 5 4 4 4 4 4 3 2 1 1 1 1 1
7 6 6 5 4 4 4 4 4 3 1 1 1 1 1 1 1
7 6 6 5 4 4 4 4 4 2 2 2 2 2
7 6 6 5 4 4 4 4 4 2 2 2 2 1 1
7 6 6 5 4 4 4 4 4 2 2 2 1 1 1 1
7 6 6 5 4 4 4 4 4 2 2 1 1 1 1 1 1
7 6 6 5 4 4 4 4 3 3 3 3 2
7 6 6 5 4 4 4 4 3 3 3 3 1 1
7 6 6 5 4 4 4 4 3 3 3 2 2 1
7 6 6 5 4 4 4 4 3 3 3 2 1 1 1
7 6 6 5 4 4 4 4 3 3 3 1 1 1 1 1
7 6 6 5 4 4 4 4 3 3 2 2 2 2
7 6 6 5 4 4 4 4 3 3 2 2 2 1 1
7 6 6 5 4 4 4 4 3 3 2 2 1 1 1 1
7 6 6 5 4 4 4 4 3 3 2 1 1 1 1 1 1
7 6 6 5 4 4 4 4 3 2 2 2 2 2 1
7 6 6 5 4 4 4 4 3 2 2 2 2 1 1 1
7 6 6 5 4 4 4 4 3 2 2 2 1 1 1 1 1
7 6 6 5 4 4 4 4 2 2 2 2 2 2 2
7 6 6 5 4 4 4 4 2 2 2 2 2 2 1 1
7 6 6 5 4 4 4 4 2 2 2 2 2 1 1 1 1
7 6 6 5 4 4 4 3 3 3 3 3 3
7 6 6 5 4 4 4 3 3 3 3 3 2 1
7 6 6 5 4 4 4 3 3 3 3 3 1 1 1
7 6 6 5 4 4 4 3 3 3 3 2 2 2
7 6 6 5 4 4 4 3 3 3 3 2 2 1 1
7 6 6 5 4 4 4 3 3 3 3 2 1 1 1 1
7 6 6 5 4 4 4 3 3 3 3 1 1 1 1 1 1
7 6 6 5 4 4 4 3 3 3 2 2 2 2 1
7 6 6 5 4 4 4 3 3 3 2 2 2 1 1 1
7 6 6 5 4 4 4 3 3 3 2 2 1 1 1 1 1
7 6 6 5 4 4 4 3 3 2 2 2 2 2 2
7 6 6 5 4 4 4 3 3 2 2 2 2 2 1 1
7 6 6 5 4 4 4 3 3 2 2 2 2 1 1 1 1
7 6 6 5 4 4 4 3 2 2 2 2 2 2 2 1
7 6 6 5 4 4 4 3 2 2 2 2 2 2 1 1 1
7 6 6 5 4 4 4 2 2 2 2 2 2 2 2 1 1
7 6 6 5 4 4 3 3 3 3 3 3 3 1
7 6 6 5 4 4 3 3 3 3 3 3 2 2
7 6 6 5 4 4 3 3 3 3 3 3 2 1 1
7 6 6 5 4 4 3 3 3 3 3 3 1 1 1 1
7 6 6 5 4 4 3 3 3 3 3 2 2 2 1
7 6 6 5 4 4 3 3 3 3 3 2 2 1 1 1
7 6 6 5 4 4 3 3 3 3 3 2 1 1 1 1 1
7 6 6 5 4 4 3 3 3 3 2 2 2 2 2
7 6 6 5 4 4 3 3 3 3 2 2 2 2 1 1
7 6 6 5 4 4 3 3 3 3 2 2 2 1 1 1 1
7 6 6 5 4 4 3 3 3 2 2 2 2 2 2 1
7 6 6 5 4 4 3 3 3 2 2 2 2 2 1 1 1
7 6 6 5 4 4 3 3 2 2 2 2 2 2 2 1 1
7 6 6 5 4 3 3 3 3 3 3 3 3 2
7 6 6 5 4 3 3 3 3 3 3 3 3 1 1
7 6 6 5 4 3 3 3 3 3 3 3 2 2 1
7 6 6 5 4 3 3 3 3 3 3 3 2 1 1 1
7 6 6 5 4 3 3 3 3 3 3 3 1 1 1 1 1
7 6 6 5 4 3 3 3 3 3 3 2 2 2 2
7 6 6 5 4 3 3 3 3 3 3 2 2 2 1 1
7 6 6 5 4 3 3 3 3 3 3 2 2 1 1 1 1
7 6 6 5 4 3 3 3 3 3 2 2 2 2 2 1
7 6 6 5 4 3 3 3 3 3 2 2 2 2 1 1 1
7 6 6 5 4 3 3 3 3 2 2 2 2 2 2 1 1
7 6 6 4 4 4 4 4 4 4 4 3
7 6 6 4 4 4 4 4 4 4 4 2 1
7 6 6 4 4 4 4 4 4 4 4 1 1 1
7 6 6 4 4 4 4 4 4 4 3 3 1
7 6 6 4 4 4 4 4 4 4 3 2 2
7 6 6 4 4 4 4 4 4 4 3 2 1 1
7 6 6 4 4 4 4 4 4 4 3 1 1 1 1
7 6 6 4 4 4 4 4 4 4 2 2 2 1
7 6 6 4 4 4 4 4 4 4 2 2 1 1 1
7 6 6 4 4 4 4 4 4 4 2 1 1 1 1 1
7 6 6 4 4 4 4 4 4 4 1 1 1 1 1 1 1
7 6 6 4 4 4 4 4 4 3 3 3 2
7 6 6 4 4 4 4 4 4 3 3 3 1 1
7 6 6 4 4 4 4 4 4 3 3 2 2 1
7 6 6 4 4 4 4 4 4 3 3 2 1 1 1
7 6 6 4 4 4 4 4 4 3 3 1 1 1 1 1
7 6 6 4 4 4 4 4 4 3 2 2 2 2
7 6 6 4 4 4 4 4 4 3 2 2 2 1 1
7 6 6 4 4 4 4 4 4 3 2 2 1 1 1 1
7 6 6 4 4 4 4 4 4 3 2 1 1 1 1 1 1
7 6 6 4 4 4 4 4 4 2 2 2 2 2 1
7 6 6 4 4 4 4 4 4 2 2 2 2 1 1 1
7 6 6 4 4 4 4 4 4 2 2 2 1 1 1 1 1
7 6 6 4 4 4 4 4 3 3 3 3 3
7 6 6 4 4 4 4 4 3 3 3 3 2 1
7 6 6 4 4 4 4 4 3 3 3 3 1 1 1
7 6 6 4 4 4 4 4 3 3 3 2 2 2
7 6 6 4 4 4 4 4 3 3 3 2 2 1 1
7 6 6 4 4 4 4 4 3 3 3 2 1 1 1 1
7 6 6 4 4 4 4 4 3 3 3 1 1 1 1 1 1
7 6 6 4 4 4 4 4 3 3 2 2 2 2 1
7 6 6 4 4 4 4 4 3 3 2 2 2 1 1 1
7 6 6 4 4 4 4 4 3 3 2 2 1 1 1 1 1
7 6 6 4 4 4 4 4 3 2 2 2 2 2 2
7 6 6 4 4 4 4 4 3 2 2 2 2 2 1 1
7 6 6 4 4 4 4 4 3 2 2 2 2 1 1 1 1
7 6 6 4 4 4 4 4 2 2 2 2 2 2 2 1
7 6 6 4 4 4 4 4 2 2 2 2 2 2 1 1 1
7 6 6 4 4 4 4 3 3 3 3 3 3 1
7 6 6 4 4 4 4 3 3 3 3 3 2 2
7 6 6 4 4 4 4 3 3 3 3 3 2 1 1
7 6 6 4 4 4 4 3 3 3 3 3 1 1 1 1
7 6 6 4 4 4 4 3 3 3 3 2 2 2 1
7 6 6 4 4 4 4 3 3 3 3 2 2 1 1 1
7 6 6 4 4 4 4 3 3 3 3 2 1 1 1 1 1
7 6 6 4 4 4 4 3 3 3 2 2 2 2 2
7 6 6 4 4 4 4 3 3 3 2 2 2 2 1 1
7 6 6 4 4 4 4 3 3 3 2 2 2 1 1 1 1
7 6 6 4 4 4 4 3 3 2 2 2 2 2 2 1
7 6 6 4 4 4 4 3 3 2 2 2 2 2 1 1 1
7 6 6 4 4 4 4 3 2 2 2 2 2 2 2 1 1
7 6 6 4 4 4 3 3 3 3 3 3 3 2
7 6 6 4 4 4 3 3 3 3 3 3 3 1 1
7 6 6 4 4 4 3 3 3 3 3 3 2 2 1
7 6 6 4 4 4 3 3 3 3 3 3 2 1 1 1
7 6 6 4 4 4 3 3 3 3 3 3 1 1 1 1 1
7 6 6 4 4 4 3 3 3 3 3 2 2 2 2
7 6 6 4 4 4 3 3 3 3 3 2 2 2 1 1
7 6 6 4 4 4 3 3 3 3 3 2 2 1 1 1 1
7 6 6 4 4 4 3 3 3 3 2 2 2 2 2 1
7 6 6 4 4 4 3 3 3 3 2 2 2 2 1 1 1
7 6 6 4 4 4 3 3 3 2 2 2 2 2 2 1 1
7 6 6 4 4 3 3 3 3 3 3 3 3 2 1
7 6 6 4 4 3 3 3 3 3 3 3 3 1 1 1
7 6 6 4 4 3 3 3 3 3 3 3 2 2 2
7 6 6 4 4 3 3 3 3 3 3 3 2 2 1 1
7 6 6 4 4 3 3 3 3 3 3 3 2 1 1 1 1
7 6 6 4 4 3 3 3 3 3 3 2 2 2 2 1
7 6 6 4 4 3 3 3 3 3 3 2 2 2 1 1 1
7 6 6 4 4 3 3 3 3 3 2 2 2 2 2 1 1
7 6 5 5 5 5 5 5 5 4 2
7 6 5 5 5 5 5 5 5 4 1 1
7 6 5 5 5 5 5 5 5 3 3
7 6 5 5 5 5 5 5 5 3 2 1
7 6 5 5 5 5 5 5 5 3 1 1 1
7 6 5 5 5 5 5 5 5 2 2 2
7 6 5 5 5 5 5 5 5 2 2 1 1
7 6 5 5 5 5 5 5 5 2 1 1 1 1
7 6 5 5 5 5 5 5 5 1 1 1 1 1 1
7 6 5 5 5 5 5 5 4 4 3
7 6 5 5 5 5 5 5 4 4 2 1
7 6 5 5 5 5 5 5 4 4 1 1 1
7 6 5 5 5 5 5 5 4 3 3 1
7 6 5 5 5 5 5 5 4 3 2 2
7 6 5 5 5 5 5 5 4 3 2 1 1
7 6 5 5 5 5 5 5 4 3 1 1 1 1
7 6 5 5 5 5 5 5 4 2 2 2 1
7 6 5 5 5 5 5 5 4 2 2 1 1 1
7 6 5 5 5 5 5 5 4 2 1 1 1 1 1
7 6 5 5 5 5 5 5 4 1 1 1 1 1 1 1
7 6 5 5 5 5 5 5 3 3 3 2
7 6 5 5 5 5 5 5 3 3 3 1 1
7 6 5 5 5 5 5 5 3 3 2 2 1
7 6 5 5 5 5 5 5 3 3 2 1 1 1
7 6 5 5 5 5 5 5 3 3 1 1 1 1 1
7 6 5 5 5 5 5 5 3 2 2 2 2
7 6 5 5 5 5 5 5 3 2 2 2 1 1
7 6 5 5 5 5 5 5 3 2 2 1 1 1 1
7 6 5 5 5 5 5 5 3 2 1 1 1 1 1 1
7 6 5 5 5 5 5 5 3 1 1 1 1 1 1 1 1
7 6 5 5 5 5 5 5 2 2 2 2 2 1
7 6 5 5 5 5 5 5 2 2 2 2 1 1 1
7 6 5 5 5 5 5 5 2 2 2 1 1 1 1 1
7 6 5 5 5 5 5 5 2 2 1 1 1 1 1 1 1
7 6 5 5 5 5 5 4 4 4 4
7 6 5 5 5 5 5 4 4 4 3 1
7 6 5 5 5 5 5 4 4 4 2 2
7 6 5 5 5 5 5 4 4 4 2 1 1
7 6 5 5 5 5 5 4 4 4 1 1 1 1
7 6 5 5 5 5 5 4 4 3 3 2
7 6 5 5 5 5 5 4 4 3 3 1 1
7 6 5 5 5 5 5 4 4 3 2 2 1
7 6 5 5 5 5 5 4 4 3 2 1 1 1
7 6 5 5 5 5 5 4 4 3 1 1 1 1 1
7 6 5 5 5 5 5 4 4 2 2 2 2
7 6 5 5 5 5 5 4 4 2 2 2 1 1
7 6 5 5 5 5 5 4 4 2 2 1 1 1 1
7 6 5 5 5 5 5 4 4 2 1 1 1 1 1 1
7 6 5 5 5 5 5 4 4 1 1 1 1 1 1 1 1
7 6 5 5 5 5 5 4 3 3 3 3
7 6 5 5 5 5 5 4 3 3 3 2 1
7 6 5 5 5 5 5 4 3 3 3 1 1 1
7 6 5 5 5 5 5 4 3 3 2 2 2
7 6 5 5 5 5 5 4 3 3 2 2 1 1
7 6 5 5 5 5 5 4 3 3 2 1 1 1 1
7 6 5 5 5 5 5 4 3 3 1 1 1 1 1 1
7 6 5 5 5 5 5 4 3 2 2 2 2 1
7 6 5 5 5 5 5 4 3 2 2 2 1 1 1
7 6 5 5 5 5 5 4 3 2 2 1 1 1 1 1
7 6 5 5 5 5 5 4 3 2 1 1 1 1 1 1 1
7 6 5 5 5 5 5 4 2 2 2 2 2 2
7 6 5 5 5 5 5 4 2 2 2 2 2 1 1
7 6 5 5 5 5 5 4 2 2 2 2 1 1 1 1
7 6 5 5 5 5 5 4 2 2 2 1 1 1 1 1 1
7 6 5 5 5 5 5 3 3 3 3 3 1
7 6 5 5 5 5 5 3 3 3 3 2 2
7 6 5 5 5 5 5 3 3 3 3 2 1 1
7 6 5 5 5 5 5 3 3 3 3 1 1 1 1
7 6 5 5 5 5 5 3 3 3 2 2 2 1
7 6 5 5 5 5 5 3 3 3 2 2 1 1 1
7 6 5 5 5 5 5 3 3 3 2 1 1 1 1 1
7 6 5 5 5 5 5 3 3 3 1 1 1 1 1 1 1
7 6 5 5 5 5 5 3 3 2 2 2 2 2
7 6 5 5 5 5 5 3 3 2 2 2 2 1 1
7 6 5 5 5 5 5 3 3 2 2 2 1 1 1 1
7 6 5 5 5 5 5 3 3 2 2 1 1 1 1 1 1
7 6 5 5 5 5 5 3 2 2 2 2 2 2 1
7 6 5 5 5 5 5 3 2 2 2 2 2 1 1 1
7 6 5 5 5 5 5 3 2 2 2 2 1 1 1 1 1
7 6 5 5 5 5 5 2 2 2 2 2 2 2 2
7 6 5 5 5 5 5 2 2 2 2 2 2 2 1 1
7 6 5 5 5 5 5 2 2 2 2 2 2 1 1 1 1
7 6 5 5 5 5 4 4 4 4 4 1
7 6 5 5 5 5 4 4 4 4 3 2
7 6 5 5 5 5 4 4 4 4 3 1 1
7 6 5 5 5 5 4 4 4 4 2 2 1
7 6 5 5 5 5 4 4 4 4 2 1 1 1
7 6 5 5 5 5 4 4 4 4 1 1 1 1 1
7 6 5 5 5 5 4 4 4 3 3 3
7 6 5 5 5 5 4 4 4 3 3 2 1
7 6 5 5 5 5 4 4 4 3 3 1 1 1
7 6 5 5 5 5 4 4 4 3 2 2 2
7 6 5 5 5 5 4 4 4 3 2 2 1 1
7 6 5 5 5 5 4 4 4 3 2 1 1 1 1
7 6 5 5 5 5 4 4 4 3 1 1 1 1 1 1
7 6 5 5 5 5 4 4 4 2 2 2 2 1
7 6 5 5 5 5 4 4 4 2 2 2 1 1 1
7 6 5 5 5 5 4 4 4 2 2 1 1 1 1 1
7 6 5 5 5 5 4 4 4 2 1 1 1 1 1 1 1
7 6 5 5 5 5 4 4 3 3 3 3 1
7 6 5 5 5 5 4 4 3 3 3 2 2
7 6 5 5 5 5 4 4 3 3 3 2 1 1
7 6 5 5 5 5 4 4 3 3 3 1 1 1 1
7 6 5 5 5 5 4 4 3 3 2 2 2 1
7 6 5 5 5 5 4 4 3 3 2 2 1 1 1
7 6 5 5 5 5 4 4 3 3 2 1 1 1 1 1
7 6 5 5 5 5 4 4 3 3 1 1 1 1 1 1 1
7 6 5 5 5 5 4 4 3 2 2 2 2 2
7 6 5 5 5 5 4 4 3 2 2 2 2 1 1
7 6 5 5 5 5 4 4 3 2 2 2 1 1 1 1
7 6 5 5 5 5 4 4 3 2 2 1 1 1 1 1 1
7 6 5 5 5 5 4 4 2 2 2 2 2 2 1
7 6 5 5 5 5 4 4 2 2 2 2 2 1 1 1
7 6 5 5 5 5 4 4 2 2 2 2 1 1 1 1 1
7 6 5 5 5 5 4 3 3 3 3 3 2
7 6 5 5 5 5 4 3 3 3 3 3 1 1
7 6 5 5 5 5 4 3 3 3 3 2 2 1
7 6 5 5 5 5 4 3 3 3 3 2 1 1 1
7 6 5 5 5 5 4 3 3 3 3 1 1 1 1 1
7 6 5 5 5 5 4 3 3 3 2 2 2 2
7 6 5 5 5 5 4 3 3 3 2 2 2 1 1
7 6 5 5 5 5 4 3 3 3 2 2 1 1 1 1
7 6 5 5 5 5 4 3 3 3 2 1 1 1 1 1 1
7 6 5 5 5 5 4 3 3 2 2 2 2 2 1
7 6 5 5 5 5 4 3 3 2 2 2 2 1 1 1
7 6 5 5 5 5 4 3 3 2 2 2 1 1 1 1 1
7 6 5 5 5 5 4 3 2 2 2 2 2 2 2
7 6 5 5 5 5 4 3 2 2 2 2 2 2 1 1
7 6 5 5 5 5 4 3 2 2 2 2 2 1 1 1 1
7 6 5 5 5 5 4 2 2 2 2 2 2 2 2 1
7 6 5 5 5 5 4 2 2 2 2 2 2 2 1 1 1
7 6 5 5 5 5 3 3 3 3 3 3 3
7 6 5 5 5 5 3 3 3 3 3 3 2 1
7 6 5 5 5 5 3 3 3 3 3 3 1 1 1
7 6 5 5 5 5 3 3 3 3 3 2 2 2
7 6 5 5 5 5 3 3 3 3 3 2 2 1 1
7 6 5 5 5 5 3 3 3 3 3 2 1 1 1 1
7 6 5 5 5 5 3 3 3 3 3 1 1 1 1 1 1
7 6 5 5 5 5 3 3 3 3 2 2 2 2 1
7 6 5 5 5 5 3 3 3 3 2 2 2 1 1 1
7 6 5 5 5 5 3 3 3 3 2 2 1 1 1 1 1
7 6 5 5 5 5 3 3 3 2 2 2 2 2 2
7 6 5 5 5 5 3 3 3 2 2 2 2 2 1 1
7 6 5 5 5 5 3 3 3 2 2 2 2 1 1 1 1
7 6 5 5 5 5 3 3 2 2 2 2 2 2 2 1
7 6 5 5 5 5 3 3 2 2 2 2 2 2 1 1 1
7 6 5 5 5 5 3 2 2 2 2 2 2 2 2 1 1
7 6 5 5 5 4 4 4 4 4 4 2
7 6 5 5 5 4 4 4 4 4 4 1 1
7 6 5 5 5 4 4 4 4 4 3 3
7 6 5 5 5 4 4 4 4 4 3 2 1
7 6 5 5 5 4 4 4 4 4 3 1 1 1
7 6 5 5 5 4 4 4 4 4 2 2 2
7 6 5 5 5 4 4 4 4 4 2 2 1 1
7 6 5 5 5 4 4 4 4 4 2 1 1 1 1
7 6 5 5 5 4 4 4 4 4 1 1 1 1 1 1
7 6 5 5 5 4 4 4 4 3 3 3 1
7 6 5 5 5 4 4 4 4 3 3 2 2
7 6 5 5 5 4 4 4 4 3 3 2 1 1
7 6 5 5 5 4 4 4 4 3 3 1 1 1 1
7 6 5 5 5 4 4 4 4 3 2 2 2 1
7 6 5 5 5 4 4 4 4 3 2 2 1 1 1
7 6 5 5 5 4 4 4 4 3 2 1 1 1 1 1
7 6 5 5 5 4 4 4 4 3 1 1 1 1 1 1 1
7 6 5 5 5 4 4 4 4 2 2 2 2 2
7 6 5 5 5 4 4 4 4 2 2 2 2 1 1
7 6 5 5 5 4 4 4 4 2 2 2 1 1 1 1
7 6 5 5 5 4 4 4 4 2 2 1 1 1 1 1 1
7 6 5 5 5 4 4 4 3 3 3 3 2
7 6 5 5 5 4 4 4 3 3 3 3 1 1
7 6 5 5 5 4 4 4 3 3 3 2 2 1
7 6 5 5 5 4 4 4 3 3 3 2 1 1 1
7 6 5 5 5 4 4 4 3 3 3 1 1 1 1 1
7 6 5 5 5 4 4 4 3 3 2 2 2 2
7 6 5 5 5 4 4 4 3 3 2 2 2 1 1
7 6 5 5 5 4 4 4 3 3 2 2 1 1 1 1
7 6 5 5 5 4 4 4 3 3 2 1 1 1 1 1 1
7 6 5 5 5 4 4 4 3 2 2 2 2 2 1
7 6 5 5 5 4 4 4 3 2 2 2 2 1 1 1
7 6 5 5 5 4 4 4 3 2 2 2 1 1 1 1 1
7 6 5 5 5 4 4 4 2 2 2 2 2 2 2
7 6 5 5 5 4 4 4 2 2 2 2 2 2 1 1
7 6 5 5 5 4 4 4 2 2 2 2 2 1 1 1 1
7 6 5 5 5 4 4 3 3 3 3 3 3
7 6 5 5 5 4 4 3 3 3 3 3 2 1
7 6 5 5 5 4 4 3 3 3 3 3 1 1 1
7 6 5 5 5 4 4 3 3 3 3 2 2 2
7 6 5 5 5 4 4 3 3 3 3 2 2 1 1
7 6 5 5 5 4 4 3 3 3 3 2 1 1 1 1
7 6 5 5 5 4 4 3 3 3 3 1 1 1 1 1 1
7 6 5 5 5 4 4 3 3 3 2 2 2 2 1
7 6 5 5 5 4 4 3 3 3 2 2 2 1 1 1
7 6 5 5 5 4 4 3 3 3 2 2 1 1 1 1 1
7 6 5 5 5 4 4 3 3 2 2 2 2 2 2
7 6 5 5 5 4 4 3 3 2 2 2 2 2 1 1
7 6 5 5 5 4 4 3 3 2 2 2 2 1 1 1 1
7 6 5 5 5 4 4 3 2 2 2 2 2 2 2 1
7 6 5 5 5 4 4 3 2 2 2 2 2 2 1 1 1
7 6 5 5 5 4 4 2 2 2 2 2 2 2 2 1 1
7 6 5 5 5 4 3 3 3 3 3 3 3 1
7 6 5 5 5 4 3 3 3 3 3 3 2 2
7 6 5 5 5 4 3 3 3 3 3 3 2 1 1
7 6 5 5 5 4 3 3 3 3 3 3 1 1 1 1
7 6 5 5 5 4 3 3 3 3 3 2 2 2 1
7 6 5 5 5 4 3 3 3 3 3 2 2 1 1 1
7 6 5 5 5 4 3 3 3 3 3 2 1 1 1 1 1
7 6 5 5 5 4 3 3 3 3 2 2 2 2 2
7 6 5 5 5 4 3 3 3 3 2 2 2 2 1 1
7 6 5 5 5 4 3 3 3 3 2 2 2 1 1 1 1
7 6 5 5 5 4 3 3 3 2 2 2 2 2 2 1
7 6 5 5 5 4 3 3 3 2 2 2 2 2 1 1 1
7 6 5 5 5 4 3 3 2 2 2 2 2 2 2 1 1
7 6 5 5 5 3 3 3 3 3 3 3 3 2
7 6 5 5 5 3 3 3 3 3 3 3 3 1 1
7 6 5 5 5 3 3 3 3 3 3 3 2 2 1
7 6 5 5 5 3 3 3 3 3 3 3 2 1 1 1
7 6 5 5 5 3 3 3 3 3 3 3 1 1 1 1 1
7 6 5 5 5 3 3 3 3 3 3 2 2 2 2
7 6 5 5 5 3 3 3 3 3 3 2 2 2 1 1
7 6 5 5 5 3 3 3 3 3 3 2 2 1 1 1 1
7 6 5 5 5 3 3 3 3 3 2 2 2 2 2 1
7 6 5 5 5 3 3 3 3 3 2 2 2 2 1 1 1
7 6 5 5 5 3 3 3 3 2 2 2 2 2 2 1 1
7 6 5 5 4 4 4 4 4 4 4 3
7 6 5 5 4 4 4 4 4 4 4 2 1
7 6 5 5 4 4 4 4 4 4 4 1 1 1
7 6 5 5 4 4 4 4 4 4 3 3 1
7 6 5 5 4 4 4 4 4 4 3 2 2
7 6 5 5 4 4 4 4 4 4 3 2 1 1
7 6 5 5 4 4 4 4 4 4 3 1 1 1 1
7 6 5 5 4 4 4 4 4 4 2 2 2 1
7 6 5 5 4 4 4 4 4 4 2 2 1 1 1
7 6 5 5 4 4 4 4 4 4 2 1 1 1 1 1
7 6 5 5 4 4 4 4 4 4 1 1 1 1 1 1 1
7 6 5 5 4 4 4 4 4 3 3 3 2
7 6 5 5 4 4 4 4 4 3 3 3 1 1
7 6 5 5 4 4 4 4 4 3 3 2 2 1
7 6 5 5 4 4 4 4 4 3 3 2 1 1 1
7 6 5 5 4 4 4 4 4 3 3 1 1 1 1 1
7 6 5 5 4 4 4 4 4 3 2 2 2 2
7 6 5 5 4 4 4 4 4 3 2 2 2 1 1
7 6 5 5 4 4 4 4 4 3 2 2 1 1 1 1
7 6 5 5 4 4 4 4 4 3 2 1 1 1 1 1 1
7 6 5 5 4 4 4 4 4 2 2 2 2 2 1
7 6 5 5 4 4 4 4 4 2 2 2 2 1 1 1
7 6 5 5 4 4 4 4 4 2 2 2 1 1 1 1 1
7 6 5 5 4 4 4 4 3 3 3 3 3
7 6 5 5 4 4 4 4 3 3 3 3 2 1
7 6 5 5 4 4 4 4 3 3 3 3 1 1 1
7 6 5 5 4 4 4 4 3 3 3 2 2 2
7 6 5 5 4 4 4 4 3 3 3 2 2 1 1
7 6 5 5 4 4 4 4 3 3 3 2 1 1 1 1
7 6 5 5 4 4 4 4 3 3 3 1 1 1 1 1 1
7 6 5 5 4 4 4 4 3 3 2 2 2 2 1
7 6 5 5 4 4 4 4 3 3 2 2 2 1 1 1
7 6 5 5 4 4 4 4 3 3 2 2 1 1 1 1 1
7 6 5 5 4 4 4 4 3 2 2 2 2 2 2
7 6 5 5 4 4 4 4 3 2 2 2 2 2 1 1
7 6 5 5 4 4 4 4 3 2 2 2 2 1 1 1 1
7 6 5 5 4 4 4 4 2 2 2 2 2 2 2 1
7 6 5 5 4 4 4 4 2 2 2 2 2 2 1 1 1
7 6 5 5 4 4 4 3 3 3 3 3 3 1
7 6 5 5 4 4 4 3 3 3 3 3 2 2
7 6 5 5 4 4 4 3 3 3 3 3 2 1 1
7 6 5 5 4 4 4 3 3 3 3 3 1 1 1 1
7 6 5 5 4 4 4 3 3 3 3 2 2 2 1
7 6 5 5 4 4 4 3 3 3 3 2 2 1 1 1
7 6 5 5 4 4 4 3 3 3 3 2 1 1 1 1 1
7 6 5 5 4 4 4 3 3 3 2 2 2 2 2
7 6 5 5 4 4 4 3 3 3 2 2 2 2 1 1
7 6 5 5 4 4 4 3 3 3 2 2 2 1 1 1 1
7 6 5 5 4 4 4 3 3 2 2 2 2 2 2 1
7 6 5 5 4 4 4 3 3 2 2 2 2 2 1 1 1
7 6 5 5 4 4 4 3 2 2 2 2 2 2 2 1 1
7 6 5 5 4 4 3 3 3 3 3 3 3 2
7 6 5 5 4 4 3 3 3 3 3 3 3 1 1
7 6 5 5 4 4 3 3 3 3 3 3 2 2 1
7 6 5 5 4 4 3 3 3 3 3 3 2 1 1 1
7 6 5 5 4 4 3 3 3 3 3 3 1 1 1 1 1
7 6 5 5 4 4 3 3 3 3 3 2 2 2 2
7 6 5 5 4 4 3 3 3 3 3 2 2 2 1 1
7 6 5 5 4 4 3 3 3 3 3 2 2 1 1 1 1
7 6 5 5 4 4 3 3 3 3 2 2 2 2 2 1
7 6 5 5 4 4 3 3 3 3 2 2 2 2 1 1 1
7 6 5 5 4 4 3 3 3 2 2 2 2 2 2 1 1
7 6 5 5 4 3 3 3 3 3 3 3 3 2 1
7 6 5 5 4 3 3 3 3 3 3 3 3 1 1 1
7 6 5 5 4 3 3 3 3 3 3 3 2 2 2
7 6 5 5 4 3 3 3 3 3 3 3 2 2 1 1
7 6 5 5 4 3 3 3 3 3 3 3 2 1 1 1 1
7 6 5 5 4 3 3 3 3 3 3 2 2 2 2 1
7 6 5 5 4 3 3 3 3 3 3 2 2 2 1 1 1
7 6 5 5 4 3 3 3 3 3 2 2 2 2 2 1 1
7 6 5 4 4 4 4 4 4 4 4 3 1
7 6 5 4 4 4 4 4 4 4 4 2 2
7 6 5 4 4 4 4 4 4 4 4 2 1 1
7 6 5 4 4 4 4 4 4 4 4 1 1 1 1
7 6 5 4 4 4 4 4 4 4 3 3 2
7 6 5 4 4 4 4 4 4 4 3 3 1 1
7 6 5 4 4 4 4 4 4 4 3 2 2 1
7 6 5 4 4 4 4 4 4 4 3 2 1 1 1
7 6 5 4 4 4 4 4 4 4 3 1 1 1 1 1
7 6 5 4 4 4 4 4 4 4 2 2 2 2
7 6 5 4 4 4 4 4 4 4 2 2 2 1 1
7 6 5 4 4 4 4 4 4 4 2 2 1 1 1 1
7 6 5 4 4 4 4 4 4 4 2 1 1 1 1 1 1
7 6 5 4 4 4 4 4 4 3 3 3 3
7 6 5 4 4 4 4 4 4 3 3 3 2 1
7 6 5 4 4 4 4 4 4 3 3 3 1 1 1
7 6 5 4 4 4 4 4 4 3 3 2 2 2
7 6 5 4 4 4 4 4 4 3 3 2 2 1 1
7 6 5 4 4 4 4 4 4 3 3 2 1 1 1 1
7 6 5 4 4 4 4 4 4 3 3 1 1 1 1 1 1
7 6 5 4 4 4 4 4 4 3 2 2 2 2 1
7 6 5 4 4 4 4 4 4 3 2 2 2 1 1 1
7 6 5 4 4 4 4 4 4 3 2 2 1 1 1 1 1
7 6 5 4 4 4 4 4 4 2 2 2 2 2 2
7 6 5 4 4 4 4 4 4 2 2 2 2 2 1 1
7 6 5 4 4 4 4 4 4 2 2 2 2 1 1 1 1
7 6 5 4 4 4 4 4 3 3 3 3 3 1
7 6 5 4 4 4 4 4 3 3 3 3 2 2
7 6 5 4 4 4 4 4 3 3 3 3 2 1 1
7 6 5 4 4 4 4 4 3 3 3 3 1 1 1 1
7 6 5 4 4 4 4 4 3 3 3 2 2 2 1
7 6 5 4 4 4 4 4 3 3 3 2 2 1 1 1
7 6 5 4 4 4 4 4 3 3 3 2 1 1 1 1 1
7 6 5 4 4 4 4 4 3 3 2 2 2 2 2
7 6 5 4 4 4 4 4 3 3 2 2 2 2 1 1
7 6 5 4 4 4 4 4 3 3 2 2 2 1 1 1 1
7 6 5 4 4 4 4 4 3 2 2 2 2 2 2 1
7 6 5 4 4 4 4 4 3 2 2 2 2 2 1 1 1
7 6 5 4 4 4 4 4 2 2 2 2 2 2 2 1 1
7 6 5 4 4 4 4 3 3 3 3 3 3 2
7 6 5 4 4 4 4 3 3 3 3 3 3 1 1
7 6 5 4 4 4 4 3 3 3 3 3 2 2 1
7 6 5 4 4 4 4 3 3 3 3 3 2 1 1 1
7 6 5 4 4 4 4 3 3 3 3 3 1 1 1 1 1
7 6 5 4 4 4 4 3 3 3 3 2 2 2 2
7 6 5 4 4 4 4 3 3 3 3 2 2 2 1 1
7 6 5 4 4 4 4 3 3 3 3 2 2 1 1 1 1
7 6 5 4 4 4 4 3 3 3 2 2 2 2 2 1
7 6 5 4 4 4 4 3 3 3 2 2 2 2 1 1 1
7 6 5 4 4 4 4 3 3 2 2 2 2 2 2 1 1
7 6 5 4 4 4 3 3 3 3 3 3 3 2 1
7 6 5 4 4 4 3 3 3 3 3 3 3 1 1 1
7 6 5 4 4 4 3 3 3 3 3 3 2 2 2
7 6 5 4 4 4 3 3 3 3 3 3 2 2 1 1
7 6 5 4 4 4 3 3 3 3 3 3 2 1 1 1 1
7 6 5 4 4 4 3 3 3 3 3 2 2 2 2 1
7 6 5 4 4 4 3 3 3 3 3 2 2 2 1 1 1
7 6 5 4 4 4 3 3 3 3 2 2 2 2 2 1 1
7 6 5 4 4 3 3 3 3 3 3 3 3 2 2
7 6 5 4 4 3 3 3 3 3 3 3 3 2 1 1
7 6 5 4 4 3 3 3 3 3 3 3 3 1 1 1 1
7 6 5 4 4 3 3 3 3 3 3 3 2 2 2 1
7 6 5 4 4 3 3 3 3 3 3 3 2 2 1 1 1
7 6 5 4 4 3 3 3 3 3 3 2 2 2 2 1 1
7 5 5 5 5 5 5 5 5 4 3
7 5 5 5 5 5 5 5 5 4 2 1
7 5 5 5 5 5 5 5 5 4 1 1 1
7 5 5 5 5 5 5 5 5 3 3 1
7 5 5 5 5 5 5 5 5 3 2 2
7 5 5 5 5 5 5 5 5 3 2 1 1
7 5 5 5 5 5 5 5 5 3 1 1 1 1
7 5 5 5 5 5 5 5 5 2 2 2 1
7 5 5 5 5 5 5 5 5 2 2 1 1 1
7 5 5 5 5 5 5 5 5 2 1 1 1 1 1
7 5 5 5 5 5 5 5 5 1 1 1 1 1 1 1
7 5 5 5 5 5 5 5 4 4 4
7 5 5 5 5 5 5 5 4 4 3 1
7 5 5 5 5 5 5 5 4 4 2 2
7 5 5 5 5 5 5 5 4 4 2 1 1
7 5 5 5 5 5 5 5 4 4 1 1 1 1
7 5 5 5 5 5 5 5 4 3 3 2
7 5 5 5 5 5 5 5 4 3 3 1 1
7 5 5 5 5 5 5 5 4 3 2 2 1
7 5 5 5 5 5 5 5 4 3 2 1 1 1
7 5 5 5 5 5 5 5 4 3 1 1 1 1 1
7 5 5 5 5 5 5 5 4 2 2 2 2
7 5 5 5 5 5 5 5 4 2 2 2 1 1
7 5 5 5 5 5 5 5 4 2 2 1 1 1 1
7 5 5 5 5 5 5 5 4 2 1 1 1 1 1 1
7 5 5 5 5 5 5 5 4 1 1 1 1 1 1 1 1
7 5 5 5 5 5 5 5 3 3 3 3
7 5 5 5 5 5 5 5 3 3 3 2 1
7 5 5 5 5 5 5 5 3 3 3 1 1 1
7 5 5 5 5 5 5 5 3 3 2 2 2
7 5 5 5 5 5 5 5 3 3 2 2 1 1
7 5 5 5 5 5 5 5 3 3 2 1 1 1 1
7 5 5 5 5 5 5 5 3 3 1 1 1 1 1 1
7 5 5 5 5 5 5 5 3 2 2 2 2 1
7 5 5 5 5 5 5 5 3 2 2 2 1 1 1
7 5 5 5 5 5 5 5 3 2 2 1 1 1 1 1
7 5 5 5 5 5 5 5 3 2 1 1 1 1 1 1 1
7 5 5 5 5 5 5 5 2 2 2 2 2 2
7 5 5 5 5 5 5 5 2 2 2 2 2 1 1
7 5 5 5 5 5 5 5 2 2 2 2 1 1 1 1
7 5 5 5 5 5 5 5 2 2 2 1 1 1 1 1 1
7 5 5 5 5 5 5 4 4 4 4 1
7 5 5 5 5 5 5 4 4 4 3 2
7 5 5 5 5 5 5 4 4 4 3 1 1
7 5 5 5 5 5 5 4 4 4 2 2 1
7 5 5 5 5 5 5 4 4 4 2 1 1 1
7 5 5 5 5 5 5 4 4 4 1 1 1 1 1
7 5 5 5 5 5 5 4 4 3 3 3
7 5 5 5 5 5 5 4 4 3 3 2 1
7 5 5 5 5 5 5 4 4 3 3 1 1 1
7 5 5 5 5 5 5 4 4 3 2 2 2
7 5 5 5 5 5 5 4 4 3 2 2 1 1
7 5 5 5 5 5 5 4 4 3 2 1 1 1 1
7 5 5 5 5 5 5 4 4 3 1 1 1 1 1 1
7 5 5 5 5 5 5 4 4 2 2 2 2 1
7 5 5 5 5 5 5 4 4 2 2 2 1 1 1
7 5 5 5 5 5 5 4 4 2 2 1 1 1 1 1
7 5 5 5 5 5 5 4 4 2 1 1 1 1 1 1 1
7 5 5 5 5 5 5 4 3 3 3 3 1
7 5 5 5 5 5 5 4 3 3 3 2 2
7 5 5 5 5 5 5 4 3 3 3 2 1 1
7 5 5 5 5 5 5 4 3 3 3 1 1 1 1
7 5 5 5 5 5 5 4 3 3 2 2 2 1
7 5 5 5 5 5 5 4 3 3 2 2 1 1 1
7 5 5 5 5 5 5 4 3 3 2 1 1 1 1 1
7 5 5 5 5 5 5 4 3 3 1 1 1 1 1 1 1
7 5 5 5 5 5 5 4 3 2 2 2 2 2
7 5 5 5 5 5 5 4 3 2 2 2 2 1 1
7 5 5 5 5 5 5 4 3 2 2 2 1 1 1 1
7 5 5 5 5 5 5 4 3 2 2 1 1 1 1 1 1
7 5 5 5 5 5 5 4 2 2 2 2 2 2 1
7 5 5 5 5 5 5 4 2 2 2 2 2 1 1 1
7 5 5 5 5 5 5 4 2 2 2 2 1 1 1 1 1
7 5 5 5 5 5 5 3 3 3 3 3 2
7 5 5 5 5 5 5 3 3 3 3 3 1 1
7 5 5 5 5 5 5 3 3 3 3 2 2 1
7 5 5 5 5 5 5 3 3 3 3 2 1 1 1
7 5 5 5 5 5 5 3 3 3 3 1 1 1 1 1
7 5 5 5 5 5 5 3 3 3 2 2 2 2
7 5 5 5 5 5 5 3 3 3 2 2 2 1 1
7 5 5 5 5 5 5 3 3 3 2 2 1 1 1 1
7 5 5 5 5 5 5 3 3 3 2 1 1 1 1 1 1
7 5 5 5 5 5 5 3 3 2 2 2 2 2 1
7 5 5 5 5 5 5 3 3 2 2 2 2 1 1 1
7 5 5 5 5 5 5 3 3 2 2 2 1 1 1 1 1
7 5 5 5 5 5 5 3 2 2 2 2 2 2 2
7 5 5 5 5 5 5 3 2 2 2 2 2 2 1 1
7 5 5 5 5 5 5 3 2 2 2 2 2 1 1 1 1
7 5 5 5 5 5 5 2 2 2 2 2 2 2 2 1
7 5 5 5 5 5 5 2 2 2 2 2 2 2 1 1 1
7 5 5 5 5 5 4 4 4 4 4 2
7 5 5 5 5 5 4 4 4 4 4 1 1
7 5 5 5 5 5 4 4 4 4 3 3
7 5 5 5 5 5 4 4 4 4 3 2 1
7 5 5 5 5 5 4 4 4 4 3 1 1 1
7 5 5 5 5 5 4 4 4 4 2 2 2
7 5 5 5 5 5 4 4 4 4 2 2 1 1
7 5 5 5 5 5 4 4 4 4 2 1 1 1 1
7 5 5 5 5 5 4 4 4 4 1 1 1 1 1 1
7 5 5 5 5 5 4 4 4 3 3 3 1
7 5 5 5 5 5 4 4 4 3 3 2 2
7 5 5 5 5 5 4 4 4 3 3 2 1 1
7 5 5 5 5 5 4 4 4 3 3 1 1 1 1
7 5 5 5 5 5 4 4 4 3 2 2 2 1
7 5 5 5 5 5 4 4 4 3 2 2 1 1 1
7 5 5 5 5 5 4 4 4 3 2 1 1 1 1 1
7 5 5 5 5 5 4 4 4 3 1 1 1 1 1 1 1
7 5 5 5 5 5 4 4 4 2 2 2 2 2
7 5 5 5 5 5 4 4 4 2 2 2 2 1 1
7 5 5 5 5 5 4 4 4 2 2 2 1 1 1 1
7 5 5 5 5 5 4 4 4 2 2 1 1 1 1 1 1
7 5 5 5 5 5 4 4 3 3 3 3 2
7 5 5 5 5 5 4 4 3 3 3 3 1 1
7 5 5 5 5 5 4 4 3 3 3 2 2 1
7 5 5 5 5 5 4 4 3 3 3 2 1 1 1
7 5 5 5 5 5 4 4 3 3 3 1 1 1 1 1
7 5 5 5 5 5 4 4 3 3 2 2 2 2
7 5 5 5 5 5 4 4 3 3 2 2 2 1 1
7 5 5 5 5 5 4 4 3 3 2 2 1 1 1 1
7 5 5 5 5 5 4 4 3 3 2 1 1 1 1 1 1
7 5 5 5 5 5 4 4 3 2 2 2 2 2 1
7 5 5 5 5 5 4 4 3 2 2 2 2 1 1 1
7 5 5 5 5 5 4 4 3 2 2 2 1 1 1 1 1
7 5 5 5 5 5 4 4 2 2 2 2 2 2 2
7 5 5 5 5 5 4 4 2 2 2 2 2 2 1 1
7 5 5 5 5 5 4 4 2 2 2 2 2 1 1 1 1
7 5 5 5 5 5 4 3 3 3 3 3 3
7 5 5 5 5 5 4 3 3 3 3 3 2 1
7 5 5 5 5 5 4 3 3 3 3 3 1 1 1
7 5 5 5 5 5 4 3 3 3 3 2 2 2
7 5 5 5 5 5 4 3 3 3 3 2 2 1 1
7 5 5 5 5 5 4 3 3 3 3 2 1 1 1 1
7 5 5 5 5 5 4 3 3 3 3 1 1 1 1 1 1
7 5 5 5 5 5 4 3 3 3 2 2 2 2 1
7 5 5 5 5 5 4 3 3 3 2 2 2 1 1 1
7 5 5 5 5 5 4 3 3 3 2 2 1 1 1 1 1
7 5 5 5 5 5 4 3 3 2 2 2 2 2 2
7 5 5 5 5 5 4 3 3 2 2 2 2 2 1 1
7 5 5 5 5 5 4 3 3 2 2 2 2 1 1 1 1
7 5 5 5 5 5 4 3 2 2 2 2 2 2 2 1
7 5 5 5 5 5 4 3 2 2 2 2 2 2 1 1 1
7 5 5 5 5 5 4 2 2 2 2 2 2 2 2 1 1
7 5 5 5 5 5 3 3 3 3 3 3 3 1
7 5 5 5 5 5 3 3 3 3 3 3 2 2
7 5 5 5 5 5 3 3 3 3 3 3 2 1 1
7 5 5 5 5 5 3 3 3 3 3 3 1 1 1 1
7 5 5 5 5 5 3 3 3 3 3 2 2 2 1
7 5 5 5 5 5 3 3 3 3 3 2 2 1 1 1
7 5 5 5 5 5 3 3 3 3 3 2 1 1 1 1 1
7 5 5 5 5 5 3 3 3 3 2 2 2 2 2
7 5 5 5 5 5 3 3 3 3 2 2 2 2 1 1
7 5 5 5 5 5 3 3 3 3 2 2 2 1 1 1 1
7 5 5 5 5 5 3 3 3 2 2 2 2 2 2 1
7 5 5 5 5 5 3 3 3 2 2 2 2 2 1 1 1
7 5 5 5 5 5 3 3 2 2 2 2 2 2 2 1 1
7 5 5 5 5 4 4 4 4 4 4 3
7 5 5 5 5 4 4 4 4 4 4 2 1
7 5 5 5 5 4 4 4 4 4 4 1 1 1
7 5 5 5 5 4 4 4 4 4 3 3 1
7 5 5 5 5 4 4 4 4 4 3 2 2
7 5 5 5 5 4 4 4 4 4 3 2 1 1
7 5 5 5 5 4 4 4 4 4 3 1 1 1 1
7 5 5 5 5 4 4 4 4 4 2 2 2 1
7 5 5 5 5 4 4 4 4 4 2 2 1 1 1
7 5 5 5 5 4 4 4 4 4 2 1 1 1 1 1
7 5 5 5 5 4 4 4 4 4 1 1 1 1 1 1 1
7 5 5 5 5 4 4 4 4 3 3 3 2
7 5 5 5 5 4 4 4 4 3 3 3 1 1
7 5 5 5 5 4 4 4 4 3 3 2 2 1
7 5 5 5 5 4 4 4 4 3 3 2 1 1 1
7 5 5 5 5 4 4 4 4 3 3 1 1 1 1 1
7 5 5 5 5 4 4 4 4 3 2 2 2 2
7 5 5 5 5 4 4 4 4 3 2 2 2 1 1
7 5 5 5 5 4 4 4 4 3 2 2 1 1 1 1
7 5 5 5 5 4 4 4 4 3 2 1 1 1 1 1 1
7 5 5 5 5 4 4 4 4 2 2 2 2 2 1
7 5 5 5 5 4 4 4 4 2 2 2 2 1 1 1
7 5 5 5 5 4 4 4 4 2 2 2 1 1 1 1 1
7 5 5 5 5 4 4 4 3 3 3 3 3
7 5 5 5 5 4 4 4 3 3 3 3 2 1
7 5 5 5 5 4 4 4 3 3 3 3 1 1 1
7 5 5 5 5 4 4 4 3 3 3 2 2 2
7 5 5 5 5 4 4 4 3 3 3 2 2 1 1
7 5 5 5 5 4 4 4 3 3 3 2 1 1 1 1
7 5 5 5 5 4 4 4 3 3 3 1 1 1 1 1 1
7 5 5 5 5 4 4 4 3 3 2 2 2 2 1
7 5 5 5 5 4 4 4 3 3 2 2 2 1 1 1
7 5 5 5 5 4 4 4 3 3 2 2 1 1 1 1 1
7 5 5 5 5 4 4 4 3 2 2 2 2 2 2
7 5 5 5 5 4 4 4 3 2 2 2 2 2 1 1
7 5 5 5 5 4 4 4 3 2 2 2 2 1 1 1 1
7 5 5 5 5 4 4 4 2 2 2 2 2 2 2 1
7 5 5 5 5 4 4 4 2 2 2 2 2 2 1 1 1
7 5 5 5 5 4 4 3 3 3 3 3 3 1
7 5 5 5 5 4 4 3 3 3 3 3 2 2
7 5 5 5 5 4 4 3 3 3 3 3 2 1 1
7 5 5 5 5 4 4 3 3 3 3 3 1 1 1 1
7 5 5 5 5 4 4 3 3 3 3 2 2 2 1
7 5 5 5 5 4 4 3 3 3 3 2 2 1 1 1
7 5 5 5 5 4 4 3 3 3 3 2 1 1 1 1 1
7 5 5 5 5 4 4 3 3 3 2 2 2 2 2
7 5 5 5 5 4 4 3 3 3 2 2 2 2 1 1
7 5 5 5 5 4 4 3 3 3 2 2 2 1 1 1 1
7 5 5 5 5 4 4 3 3 2 2 2 2 2 2 1
7 5 5 5 5 4 4 3 3 2 2 2 2 2 1 1 1
7 5 5 5 5 4 4 3 2 2 2 2 2 2 2 1 1
7 5 5 5 5 4 3 3 3 3 3 3 3 2
7 5 5 5 5 4 3 3 3 3 3 3 3 1 1
7 5 5 5 5 4 3 3 3 3 3 3 2 2 1
7 5 5 5 5 4 3 3 3 3 3 3 2 1 1 1
7 5 5 5 5 4 3 3 3 3 3 3 1 1 1 1 1
7 5 5 5 5 4 3 3 3 3 3 2 2 2 2
7 5 5 5 5 4 3 3 3 3 3 2 2 2 1 1
7 5 5 5 5 4 3 3 3 3 3 2 2 1 1 1 1
7 5 5 5 5 4 3 3 3 3 2 2 2 2 2 1
7 5 5 5 5 4 3 3 3 3 2 2 2 2 1 1 1
7 5 5 5 5 4 3 3 3 2 2 2 2 2 2 1 1
7 5 5 5 5 3 3 3 3 3 3 3 3 2 1
7 5 5 5 5 3 3 3 3 3 3 3 3 1 1 1
7 5 5 5 5 3 3 3 3 3 3 3 2 2 2
7 5 5 5 5 3 3 3 3 3 3 3 2 2 1 1
7 5 5 5 5 3 3 3 3 3 3 3 2 1 1 1 1
7 5 5 5 5 3 3 3 3 3 3 2 2 2 2 1
7 5 5 5 5 3 3 3 3 3 3 2 2 2 1 1 1
7 5 5 5 5 3 3 3 3 3 2 2 2 2 2 1 1
7 5 5 5 4 4 4 4 4 4 4 3 1
7 5 5 5 4 4 4 4 4 4 4 2 2
7 5 5 5 4 4 4 4 4 4 4 2 1 1
7 5 5 5 4 4 4 4 4 4 4 1 1 1 1
7 5 5 5 4 4 4 4 4 4 3 3 2
7 5 5 5 4 4 4 4 4 4 3 3 1 1
7 5 5 5 4 4 4 4 4 4 3 2 2 1
7 5 5 5 4 4 4 4 4 4 3 2 1 1 1
7 5 5 5 4 4 4 4 4 4 3 1 1 1 1 1
7 5 5 5 4 4 4 4 4 4 2 2 2 2
7 5 5 5 4 4 4 4 4 4 2 2 2 1 1
7 5 5 5 4 4 4 4 4 4 2 2 1 1 1 1
7 5 5 5 4 4 4 4 4 4 2 1 1 1 1 1 1
7 5 5 5 4 4 4 4 4 3 3 3 3
7 5 5 5 4 4 4 4 4 3 3 3 2 1
7 5 5 5 4 4 4 4 4 3 3 3 1 1 1
7 5 5 5 4 4 4 4 4 3 3 2 2 2
7 5 5 5 4 4 4 4 4 3 3 2 2 1 1
7 5 5 5 4 4 4 4 4 3 3 2 1 1 1 1
7 5 5 5 4 4 4 4 4 3 3 1 1 1 1 1 1
7 5 5 5 4 4 4 4 4 3 2 2 2 2 1
7 5 5 5 4 4 4 4 4 3 2 2 2 1 1 1
7 5 5 5 4 4 4 4 4 3 2 2 1 1 1 1 1
7 5 5 5 4 4 4 4 4 2 2 2 2 2 2
7 5 5 5 4 4 4 4 4 2 2 2 2 2 1 1
7 5 5 5 4 4 4 4 4 2 2 2 2 1 1 1 1
7 5 5 5 4 4 4 4 3 3 3 3 3 1
7 5 5 5 4 4 4 4 3 3 3 3 2 2
7 5 5 5 4 4 4 4 3 3 3 3 2 1 1
7 5 5 5 4 4 4 4 3 3 3 3 1 1 1 1
7 5 5 5 4 4 4 4 3 3 3 2 2 2 1
7 5 5 5 4 4 4 4 3 3 3 2 2 1 1 1
7 5 5 5 4 4 4 4 3 3 3 2 1 1 1 1 1
7 5 5 5 4 4 4 4 3 3 2 2 2 2 2
7 5 5 5 4 4 4 4 3 3 2 2 2 2 1 1
7 5 5 5 4 4 4 4 3 3 2 2 2 1 1 1 1
7 5 5 5 4 4 4 4 3 2 2 2 2 2 2 1
7 5 5 5 4 4 4 4 3 2 2 2 2 2 1 1 1
7 5 5 5 4 4 4 4 2 2 2 2 2 2 2 1 1
7 5 5 5 4 4 4 3 3 3 3 3 3 2
7 5 5 5 4 4 4 3 3 3 3 3 3 1 1
7 5 5 5 4 4 4 3 3 3 3 3 2 2 1
7 5 5 5 4 4 4 3 3 3 3 3 2 1 1 1
7 5 5 5 4 4 4 3 3 3 3 3 1 1 1 1 1
7 5 5 5 4 4 4 3 3 3 3 2 2 2 2
7 5 5 5 4 4 4 3 3 3 3 2 2 2 1 1
7 5 5 5 4 4 4 3 3 3 3 2 2 1 1 1 1
7 5 5 5 4 4 4 3 3 3 2 2 2 2 2 1
7 5 5 5 4 4 4 3 3 3 2 2 2 2 1 1 1
7 5 5 5 4 4 4 3 3 2 2 2 2 2 2 1 1
7 5 5 5 4 4 3 3 3 3 3 3 3 2 1
7 5 5 5 4 4 3 3 3 3 3 3 3 1 1 1
7 5 5 5 4 4 3 3 3 3 3 3 2 2 2
7 5 5 5 4 4 3 3 3 3 3 3 2 2 1 1
7 5 5 5 4 4 3 3 3 3 3 3 2 1 1 1 1
7 5 5 5 4 4 3 3 3 3 3 2 2 2 2 1
7 5 5 5 4 4 3 3 3 3 3 2 2 2 1 1 1
7 5 5 5 4 4 3 3 3 3 2 2 2 2 2 1 1
7 5 5 5 4 3 3 3 3 3 3 3 3 2 2
7 5 5 5 4 3 3 3 3 3 3 3 3 2 1 1
7 5 5 5 4 3 3 3 3 3 3 3 3 1 1 1 1
7 5 5 5 4 3 3 3 3 3 3 3 2 2 2 1
7 5 5 5 4 3 3 3 3 3 3 3 2 2 1 1 1
7 5 5 5 4 3 3 3 3 3 3 2 2 2 2 1 1
7 5 5 4 4 4 4 4 4 4 4 3 2
7 5 5 4 4 4 4 4 4 4 4 3 1 1
7 5 5 4 4 4 4 4 4 4 4 2 2 1
7 5 5 4 4 4 4 4 4 4 4 2 1 1 1
7 5 5 4 4 4 4 4 4 4 4 1 1 1 1 1
7 5 5 4 4 4 4 4 4 4 3 3 3
7 5 5 4 4 4 4 4 4 4 3 3 2 1
7 5 5 4 4 4 4 4 4 4 3 3 1 1 1
7 5 5 4 4 4 4 4 4 4 3 2 2 2
7 5 5 4 4 4 4 4 4 4 3 2 2 1 1
7 5 5 4 4 4 4 4 4 4 3 2 1 1 1 1
7 5 5 4 4 4 4 4 4 4 3 1 1 1 1 1 1
7 5 5 4 4 4 4 4 4 4 2 2 2 2 1
7 5 5 4 4 4 4 4 4 4 2 2 2 1 1 1
7 5 5 4 4 4 4 4 4 4 2 2 1 1 1 1 1
7 5 5 4 4 4 4 4 4 3 3 3 3 1
7 5 5 4 4 4 4 4 4 3 3 3 2 2
7 5 5 4 4 4 4 4 4 3 3 3 2 1 1
7 5 5 4 4 4 4 4 4 3 3 3 1 1 1 1
7 5 5 4 4 4 4 4 4 3 3 2 2 2 1
7 5 5 4 4 4 4 4 4 3 3 2 2 1 1 1
7 5 5 4 4 4 4 4 4 3 3 2 1 1 1 1 1
7 5 5 4 4 4 4 4 4 3 2 2 2 2 2
7 5 5 4 4 4 4 4 4 3 2 2 2 2 1 1
7 5 5 4 4 4 4 4 4 3 2 2 2 1 1 1 1
7 5 5 4 4 4 4 4 4 2 2 2 2 2 2 1
7 5 5 4 4 4 4 4 4 2 2 2 2 2 1 1 1
7 5 5 4 4 4 4 4 3 3 3 3 3 2
7 5 5 4 4 4 4 4 3 3 3 3 3 1 1
7 5 5 4 4 4 4 4 3 3 3 3 2 2 1
7 5 5 4 4 4 4 4 3 3 3 3 2 1 1 1
7 5 5 4 4 4 4 4 3 3 3 3 1 1 1 1 1
7 5 5 4 4 4 4 4 3 3 3 2 2 2 2
7 5 5 4 4 4 4 4 3 3 3 2 2 2 1 1
7 5 5 4 4 4 4 4 3 3 3 2 2 1 1 1 1
7 5 5 4 4 4 4 4 3 3 2 2 2 2 2 1
7 5 5 4 4 4 4 4 3 3 2 2 2 2 1 1 1
7 5 5 4 4 4 4 4 3 2 2 2 2 2 2 1 1
7 5 5 4 4 4 4 3 3 3 3 3 3 2 1
7 5 5 4 4 4 4 3 3 3 3 3 3 1 1 1
7 5 5 4 4 4 4 3 3 3 3 3 2 2 2
7 5 5 4 4 4 4 3 3 3 3 3 2 2 1 1
7 5 5 4 4 4 4 3 3 3 3 3 2 1 1 1 1
7 5 5 4 4 4 4 3 3 3 3 2 2 2 2 1
7 5 5 4 4 4 4 3 3 3 3 2 2 2 1 1 1
7 5 5 4 4 4 4 3 3 3 2 2 2 2 2 1 1
7 5 5 4 4 4 3 3 3 3 3 3 3 2 2
7 5 5 4 4 4 3 3 3 3 3 3 3 2 1 1
7 5 5 4 4 4 3 3 3 3 3 3 3 1 1 1 1
7 5 5 4 4 4 3 3 3 3 3 3 2 2 2 1
7 5 5 4 4 4 3 3 3 3 3 3 2 2 1 1 1
7 5 5 4 4 4 3 3 3 3 3 2 2 2 2 1 1
6 6 6 6 6 6 6 5 5 1 1
6 6 6 6 6 6 6 5 4 2 1
6 6 6 6 6 6 6 5 4 1 1 1
6 6 6 6 6 6 6 5 3 3 1
6 6 6 6 6 6 6 5 3 2 2
6 6 6 6 6 6 6 5 3 2 1 1
6 6 6 6 6 6 6 5 3 1 1 1 1
6 6 6 6 6 6 6 5 2 2 2 1
6 6 6 6 6 6 6 5 2 2 1 1 1
6 6 6 6 6 6 6 5 2 1 1 1 1 1
6 6 6 6 6 6 6 4 4 3 1
6 6 6 6 6 6 6 4 4 2 2
6 6 6 6 6 6 6 4 4 2 1 1
6 6 6 6 6 6 6 4 4 1 1 1 1
6 6 6 6 6 6 6 4 3 3 2
6 6 6 6 6 6 6 4 3 3 1 1
6 6 6 6 6 6 6 4 3 2 2 1
6 6 6 6 6 6 6 4 3 2 1 1 1
6 6 6 6 6 6 6 4 3 1 1 1 1 1
6 6 6 6 6 6 6 4 2 2 2 2
6 6 6 6 6 6 6 4 2 2 2 1 1
6 6 6 6 6 6 6 4 2 2 1 1 1 1
6 6 6 6 6 6 6 4 2 1 1 1 1 1 1
6 6 6 6 6 6 6 3 3 3 3
6 6 6 6 6 6 6 3 3 3 2 1
6 6 6 6 6 6 6 3 3 3 1 1 1
6 6 6 6 6 6 6 3 3 2 2 2
6 6 6 6 6 6 6 3 3 2 2 1 1
6 6 6 6 6 6 6 3 3 2 1 1 1 1
6 6 6 6 6 6 6 3 3 1 1 1 1 1 1
6 6 6 6 6 6 6 3 2 2 2 2 1
6 6 6 6 6 6 6 3 2 2 2 1 1 1
6 6 6 6 6 6 6 3 2 2 1 1 1 1 1
6 6 6 6 6 6 6 3 2 1 1 1 1 1 1 1
6 6 6 6 6 6 6 2 2 2 2 2 2
6 6 6 6 6 6 6 2 2 2 2 2 1 1
6 6 6 6 6 6 6 2 2 2 2 1 1 1 1
6 6 6 6 6 6 6 2 2 2 1 1 1 1 1 1
6 6 6 6 6 6 6 2 2 1 1 1 1 1 1 1 1
6 6 6 6 6 6 5 5 5 2 1
6 6 6 6 6 6 5 5 5 1 1 1
6 6 6 6 6 6 5 5 4 3 1
6 6 6 6 6 6 5 5 4 2 2
6 6 6 6 6 6 5 5 4 2 1 1
6 6 6 6 6 6 5 5 4 1 1 1 1
6 6 6 6 6 6 5 5 3 3 2
6 6 6 6 6 6 5 5 3 3 1 1
6 6 6 6 6 6 5 5 3 2 2 1
6 6 6 6 6 6 5 5 3 2 1 1 1
6 6 6 6 6 6 5 5 3 1 1 1 1 1
6 6 6 6 6 6 5 5 2 2 2 2
6 6 6 6 6 6 5 5 2 2 2 1 1
6 6 6 6 6 6 5 5 2 2 1 1 1 1
6 6 6 6 6 6 5 5 2 1 1 1 1 1 1
6 6 6 6 6 6 5 4 4 4 1
6 6 6 6 6 6 5 4 4 3 2
6 6 6 6 6 6 5 4 4 3 1 1
6 6 6 6 6 6 5 4 4 2 2 1
6 6 6 6 6 6 5 4 4 2 1 1 1
6 6 6 6 6 6 5 4 4 1 1 1 1 1
6 6 6 6 6 6 5 4 3 3 3
6 6 6 6 6 6 5 4 3 3 2 1
6 6 6 6 6 6 5 4 3 3 1 1 1
6 6 6 6 6 6 5 4 3 2 2 2
6 6 6 6 6 6 5 4 3 2 2 1 1
6 6 6 6 6 6 5 4 3 2 1 1 1 1
6 6 6 6 6 6 5 4 3 1 1 1 1 1 1
6 6 6 6 6 6 5 4 2 2 2 2 1
6 6 6 6 6 6 5 4 2 2 2 1 1 1
6 6 6 6 6 6 5 4 2 2 1 1 1 1 1
6 6 6 6 6 6 5 4 2 1 1 1 1 1 1 1
6 6 6 6 6 6 5 3 3 3 3 1
6 6 6 6 6 6 5 3 3 3 2 2
6 6 6 6 6 6 5 3 3 3 2 1 1
6 6 6 6 6 6 5 3 3 3 1 1 1 1
6 6 6 6 6 6 5 3 3 2 2 2 1
6 6 6 6 6 6 5 3 3 2 2 1 1 1
6 6 6 6 6 6 5 3 3 2 1 1 1 1 1
6 6 6 6 6 6 5 3 3 1 1 1 1 1 1 1
6 6 6 6 6 6 5 3 2 2 2 2 2
6 6 6 6 6 6 5 3 2 2 2 2 1 1
6 6 6 6 6 6 5 3 2 2 2 1 1 1 1
6 6 6 6 6 6 5 3 2 2 1 1 1 1 1 1
6 6 6 6 6 6 5 3 2 1 1 1 1 1 1 1 1
6 6 6 6 6 6 5 2 2 2 2 2 2 1
6 6 6 6 6 6 5 2 2 2 2 2 1 1 1
6 6 6 6 6 6 5 2 2 2 2 1 1 1 1 1
6 6 6 6 6 6 5 2 2 2 1 1 1 1 1 1 1
6 6 6 6 6 6 4 4 4 4 2
6 6 6 6 6 6 4 4 4 4 1 1
6 6 6 6 6 6 4 4 4 3 3
6 6 6 6 6 6 4 4 4 3 2 1
6 6 6 6 6 6 4 4 4 3 1 1 1
6 6 6 6 6 6 4 4 4 2 2 2
6 6 6 6 6 6 4 4 4 2 2 1 1
6 6 6 6 6 6 4 4 4 2 1 1 1 1
6 6 6 6 6 6 4 4 4 1 1 1 1 1 1
6 6 6 6 6 6 4 4 3 3 3 1
6 6 6 6 6 6 4 4 3 3 2 2
6 6 6 6 6 6 4 4 3 3 2 1 1
6 6 6 6 6 6 4 4 3 3 1 1 1 1
6 6 6 6 6 6 4 4 3 2 2 2 1
6 6 6 6 6 6 4 4 3 2 2 1 1 1
6 6 6 6 6 6 4 4 3 2 1 1 1 1 1
6 6 6 6 6 6 4 4 3 1 1 1 1 1 1 1
6 6 6 6 6 6 4 4 2 2 2 2 2
6 6 6 6 6 6 4 4 2 2 2 2 1 1
6 6 6 6 6 6 4 4 2 2 2 1 1 1 1
6 6 6 6 6 6 4 4 2 2 1 1 1 1 1 1
6 6 6 6 6 6 4 4 2 1 1 1 1 1 1 1 1
6 6 6 6 6 6 4 3 3 3 3 2
6 6 6 6 6 6 4 3 3 3 3 1 1
6 6 6 6 6 6 4 3 3 3 2 2 1
6 6 6 6 6 6 4 3 3 3 2 1 1 1
6 6 6 6 6 6 4 3 3 3 1 1 1 1 1
6 6 6 6 6 6 4 3 3 2 2 2 2
6 6 6 6 6 6 4 3 3 2 2 2 1 1
6 6 6 6 6 6 4 3 3 2 2 1 1 1 1
6 6 6 6 6 6 4 3 3 2 1 1 1 1 1 1
6 6 6 6 6 6 4 3 3 1 1 1 1 1 1 1 1
6 6 6 6 6 6 4 3 2 2 2 2 2 1
6 6 6 6 6 6 4 3 2 2 2 2 1 1 1
6 6 6 6 6 6 4 3 2 2 2 1 1 1 1 1
6 6 6 6 6 6 4 3 2 2 1 1 1 1 1 1 1
6 6 6 6 6 6 4 2 2 2 2 2 2 2
6 6 6 6 6 6 4 2 2 2 2 2 2 1 1
6 6 6 6 6 6 4 2 2 2 2 2 1 1 1 1
6 6 6 6 6 6 4 2 2 2 2 1 1 1 1 1 1
6 6 6 6 6 6 3 3 3 3 3 3
6 6 6 6 6 6 3 3 3 3 3 2 1
6 6 6 6 6 6 3 3 3 3 3 1 1 1
6 6 6 6 6 6 3 3 3 3 2 2 2
6 6 6 6 6 6 3 3 3 3 2 2 1 1
6 6 6 6 6 6 3 3 3 3 2 1 1 1 1
6 6 6 6 6 6 3 3 3 3 1 1 1 1 1 1
6 6 6 6 6 6 3 3 3 2 2 2 2 1
6 6 6 6 6 6 3 3 3 2 2 2 1 1 1
6 6 6 6 6 6 3 3 3 2 2 1 1 1 1 1
6 6 6 6 6 6 3 3 3 2 1 1 1 1 1 1 1
6 6 6 6 6 6 3 3 2 2 2 2 2 2
6 6 6 6 6 6 3 3 2 2 2 2 2 1 1
6 6 6 6 6 6 3 3 2 2 2 2 1 1 1 1
6 6 6 6 6 6 3 3 2 2 2 1 1 1 1 1 1
6 6 6 6 6 6 3 2 2 2 2 2 2 2 1
6 6 6 6 6 6 3 2 2 2 2 2 2 1 1 1
6 6 6 6 6 6 3 2 2 2 2 2 1 1 1 1 1
6 6 6 6 6 5 5 5 5 3 1
6 6 6 6 6 5 5 5 5 2 2
6 6 6 6 6 5 5 5 5 2 1 1
6 6 6 6 6 5 5 5 5 1 1 1 1
6 6 6 6 6 5 5 5 4 4 1
6 6 6 6 6 5 5 5 4 3 2
6 6 6 6 6 5 5 5 4 3 1 1
6 6 6 6 6 5 5 5 4 2 2 1
6 6 6 6 6 5 5 5 4 2 1 1 1
6 6 6 6 6 5 5 5 4 1 1 1 1 1
6 6 6 6 6 5 5 5 3 3 3
6 6 6 6 6 5 5 5 3 3 2 1
6 6 6 6 6 5 5 5 3 3 1 1 1
6 6 6 6 6 5 5 5 3 2 2 2
6 6 6 6 6 5 5 5 3 2 2 1 1
6 6 6 6 6 5 5 5 3 2 1 1 1 1
6 6 6 6 6 5 5 5 3 1 1 1 1 1 1
6 6 6 6 6 5 5 5 2 2 2 2 1
6 6 6 6 6 5 5 5 2 2 2 1 1 1
6 6 6 6 6 5 5 5 2 2 1 1 1 1 1
6 6 6 6 6 5 5 5 2 1 1 1 1 1 1 1
6 6 6 6 6 5 5 4 4 4 2
6 6 6 6 6 5 5 4 4 4 1 1
6 6 6 6 6 5 5 4 4 3 3
6 6 6 6 6 5 5 4 4 3 2 1
6 6 6 6 6 5 5 4 4 3 1 1 1
6 6 6 6 6 5 5 4 4 2 2 2
6 6 6 6 6 5 5 4 4 2 2 1 1
6 6 6 6 6 5 5 4 4 2 1 1 1 1
6 6 6 6 6 5 5 4 4 1 1 1 1 1 1
6 6 6 6 6 5 5 4 3 3 3 1
6 6 6 6 6 5 5 4 3 3 2 2
6 6 6 6 6 5 5 4 3 3 2 1 1
6 6 6 6 6 5 5 4 3 3 1 1 1 1
6 6 6 6 6 5 5 4 3 2 2 2 1
6 6 6 6 6 5 5 4 3 2 2 1 1 1
6 6 6 6 6 5 5 4 3 2 1 1 1 1 1
6 6 6 6 6 5 5 4 3 1 1 1 1 1 1 1
6 6 6 6 6 5 5 4 2 2 2 2 2
6 6 6 6 6 5 5 4 2 2 2 2 1 1
6 6 6 6 6 5 5 4 2 2 2 1 1 1 1
6 6 6 6 6 5 5 4 2 2 1 1 1 1 1 1
6 6 6 6 6 5 5 4 2 1 1 1 1 1 1 1 1
6 6 6 6 6 5 5 3 3 3 3 2
6 6 6 6 6 5 5 3 3 3 3 1 1
6 6 6 6 6 5 5 3 3 3 2 2 1
6 6 6 6 6 5 5 3 3 3 2 1 1 1
6 6 6 6 6 5 5 3 3 3 1 1 1 1 1
6 6 6 6 6 5 5 3 3 2 2 2 2
6 6 6 6 6 5 5 3 3 2 2 2 1 1
6 6 6 6 6 5 5 3 3 2 2 1 1 1 1
6 6 6 6 6 5 5 3 3 2 1 1 1 1 1 1
6 6 6 6 6 5 5 3 3 1 1 1 1 1 1 1 1
6 6 6 6 6 5 5 3 2 2 2 2 2 1
6 6 6 6 6 5 5 3 2 2 2 2 1 1 1
6 6 6 6 6 5 5 3 2 2 2 1 1 1 1 1
6 6 6 6 6 5 5 3 2 2 1 1 1 1 1 1 1
6 6 6 6 6 5 5 2 2 2 2 2 2 2
6 6 6 6 6 5 5 2 2 2 2 2 2 1 1
6 6 6 6 6 5 5 2 2 2 2 2 1 1 1 1
6 6 6 6 6 5 5 2 2 2 2 1 1 1 1 1 1
6 6 6 6 6 5 4 4 4 4 3
6 6 6 6 6 5 4 4 4 4 2 1
6 6 6 6 6 5 4 4 4 4 1 1 1
6 6 6 6 6 5 4 4 4 3 3 1
6 6 6 6 6 5 4 4 4 3 2 2
6 6 6 6 6 5 4 4 4 3 2 1 1
6 6 6 6 6 5 4 4 4 3 1 1 1 1
6 6 6 6 6 5 4 4 4 2 2 2 1
6 6 6 6 6 5 4 4 4 2 2 1 1 1
6 6 6 6 6 5 4 4 4 2 1 1 1 1 1
6 6 6 6 6 5 4 4 4 1 1 1 1 1 1 1
6 6 6 6 6 5 4 4 3 3 3 2
6 6 6 6 6 5 4 4 3 3 3 1 1
6 6 6 6 6 5 4 4 3 3 2 2 1
6 6 6 6 6 5 4 4 3 3 2 1 1 1
6 6 6 6 6 5 4 4 3 3 1 1 1 1 1
6 6 6 6 6 5 4 4 3 2 2 2 2
6 6 6 6 6 5 4 4 3 2 2 2 1 1
6 6 6 6 6 5 4 4 3 2 2 1 1 1 1
6 6 6 6 6 5 4 4 3 2 1 1 1 1 1 1
6 6 6 6 6 5 4 4 3 1 1 1 1 1 1 1 1
6 6 6 6 6 5 4 4 2 2 2 2 2 1
6 6 6 6 6 5 4 4 2 2 2 2 1 1 1
6 6 6 6 6 5 4 4 2 2 2 1 1 1 1 1
6 6 6 6 6 5 4 4 2 2 1 1 1 1 1 1 1
6 6 6 6 6 5 4 3 3 3 3 3
6 6 6 6 6 5 4 3 3 3 3 2 1
6 6 6 6 6 5 4 3 3 3 3 1 1 1
6 6 6 6 6 5 4 3 3 3 2 2 2
6 6 6 6 6 5 4 3 3 3 2 2 1 1
6 6 6 6 6 5 4 3 3 3 2 1 1 1 1
6 6 6 6 6 5 4 3 3 3 1 1 1 1 1 1
6 6 6 6 6 5 4 3 3 2 2 2 2 1
6 6 6 6 6 5 4 3 3 2 2 2 1 1 1
6 6 6 6 6 5 4 3 3 2 2 1 1 1 1 1
6 6 6 6 6 5 4 3 3 2 1 1 1 1 1 1 1
6 6 6 6 6 5 4 3 2 2 2 2 2 2
6 6 6 6 6 5 4 3 2 2 2 2 2 1 1
6 6 6 6 6 5 4 3 2 2 2 2 1 1 1 1
6 6 6 6 6 5 4 3 2 2 2 1 1 1 1 1 1
6 6 6 6 6 5 4 2 2 2 2 2 2 2 1
6 6 6 6 6 5 4 2 2 2 2 2 2 1 1 1
6 6 6 6 6 5 4 2 2 2 2 2 1 1 1 1 1
6 6 6 6 6 5 3 3 3 3 3 3 1
6 6 6 6 6 5 3 3 3 3 3 2 2
6 6 6 6 6 5 3 3 3 3 3 2 1 1
6 6 6 6 6 5 3 3 3 3 3 1 1 1 1
6 6 6 6 6 5 3 3 3 3 2 2 2 1
6 6 6 6 6 5 3 3 3 3 2 2 1 1 1
6 6 6 6 6 5 3 3 3 3 2 1 1 1 1 1
6 6 6 6 6 5 3 3 3 3 1 1 1 1 1 1 1
6 6 6 6 6 5 3 3 3 2 2 2 2 2
6 6 6 6 6 5 3 3 3 2 2 2 2 1 1
6 6 6 6 6 5 3 3 3 2 2 2 1 1 1 1
6 6 6 6 6 5 3 3 3 2 2 1 1 1 1 1 1
6 6 6 6 6 5 3 3 2 2 2 2 2 2 1
6 6 6 6 6 5 3 3 2 2 2 2 2 1 1 1
6 6 6 6 6 5 3 3 2 2 2 2 1 1 1 1 1
6 6 6 6 6 5 3 2 2 2 2 2 2 2 2
6 6 6 6 6 5 3 2 2 2 2 2 2 2 1 1
6 6 6 6 6 5 3 2 2 2 2 2 2 1 1 1 1
6 6 6 6 6 4 4 4 4 4 4
6 6 6 6 6 4 4 4 4 4 3 1
6 6 6 6 6 4 4 4 4 4 2 2
6 6 6 6 6 4 4 4 4 4 2 1 1
6 6 6 6 6 4 4 4 4 4 1 1 1 1
6 6 6 6 6 4 4 4 4 3 3 2
6 6 6 6 6 4 4 4 4 3 3 1 1
6 6 6 6 6 4 4 4 4 3 2 2 1
6 6 6 6 6 4 4 4 4 3 2 1 1 1
6 6 6 6 6 4 4 4 4 3 1 1 1 1 1
6 6 6 6 6 4 4 4 4 2 2 2 2
6 6 6 6 6 4 4 4 4 2 2 2 1 1
6 6 6 6 6 4 4 4 4 2 2 1 1 1 1
6 6 6 6 6 4 4 4 4 2 1 1 1 1 1 1
6 6 6 6 6 4 4 4 4 1 1 1 1 1 1 1 1
6 6 6 6 6 4 4 4 3 3 3 3
6 6 6 6 6 4 4 4 3 3 3 2 1
6 6 6 6 6 4 4 4 3 3 3 1 1 1
6 6 6 6 6 4 4 4 3 3 2 2 2
6 6 6 6 6 4 4 4 3 3 2 2 1 1
6 6 6 6 6 4 4 4 3 3 2 1 1 1 1
6 6 6 6 6 4 4 4 3 3 1 1 1 1 1 1
6 6 6 6 6 4 4 4 3 2 2 2 2 1
6 6 6 6 6 4 4 4 3 2 2 2 1 1 1
6 6 6 6 6 4 4 4 3 2 2 1 1 1 1 1
6 6 6 6 6 4 4 4 3 2 1 1 1 1 1 1 1
6 6 6 6 6 4 4 4 2 2 2 2 2 2
6 6 6 6 6 4 4 4 2 2 2 2 2 1 1
6 6 6 6 6 4 4 4 2 2 2 2 1 1 1 1
6 6 6 6 6 4 4 4 2 2 2 1 1 1 1 1 1
6 6 6 6 6 4 4 3 3 3 3 3 1
6 6 6 6 6 4 4 3 3 3 3 2 2
6 6 6 6 6 4 4 3 3 3 3 2 1 1
6 6 6 6 6 4 4 3 3 3 3 1 1 1 1
6 6 6 6 6 4 4 3 3 3 2 2 2 1
6 6 6 6 6 4 4 3 3 3 2 2 1 1 1
6 6 6 6 6 4 4 3 3 3 2 1 1 1 1 1
6 6 6 6 6 4 4 3 3 3 1 1 1 1 1 1 1
6 6 6 6 6 4 4 3 3 2 2 2 2 2
6 6 6 6 6 4 4 3 3 2 2 2 2 1 1
6 6 6 6 6 4 4 3 3 2 2 2 1 1 1 1
6 6 6 6 6 4 4 3 3 2 2 1 1 1 1 1 1
6 6 6 6 6 4 4 3 2 2 2 2 2 2 1
6 6 6 6 6 4 4 3 2 2 2 2 2 1 1 1
6 6 6 6 6 4 4 3 2 2 2 2 1 1 1 1 1
6 6 6 6 6 4 4 2 2 2 2 2 2 2 2
6 6 6 6 6 4 4 2 2 2 2 2 2 2 1 1
6 6 6 6 6 4 4 2 2 2 2 2 2 1 1 1 1
6 6 6 6 6 4 3 3 3 3 3 3 2
6 6 6 6 6 4 3 3 3 3 3 3 1 1
6 6 6 6 6 4 3 3 3 3 3 2 2 1
6 6 6 6 6 4 3 3 3 3 3 2 1 1 1
6 6 6 6 6 4 3 3 3 3 3 1 1 1 1 1
6 6 6 6 6 4 3 3 3 3 2 2 2 2
6 6 6 6 6 4 3 3 3 3 2 2 2 1 1
6 6 6 6 6 4 3 3 3 3 2 2 1 1 1 1
6 6 6 6 6 4 3 3 3 3 2 1 1 1 1 1 1
6 6 6 6 6 4 3 3 3 2 2 2 2 2 1
6 6 6 6 6 4 3 3 3 2 2 2 2 1 1 1
6 6 6 6 6 4 3 3 3 2 2 2 1 1 1 1 1
6 6 6 6 6 4 3 3 2 2 2 2 2 2 2
6 6 6 6 6 4 3 3 2 2 2 2 2 2 1 1
6 6 6 6 6 4 3 3 2 2 2 2 2 1 1 1 1
6 6 6 6 6 4 3 2 2 2 2 2 2 2 2 1
6 6 6 6 6 4 3 2 2 2 2 2 2 2 1 1 1
6 6 6 6 6 3 3 3 3 3 3 3 3
6 6 6 6 6 3 3 3 3 3 3 3 2 1
6 6 6 6 6 3 3 3 3 3 3 3 1 1 1
6 6 6 6 6 3 3 3 3 3 3 2 2 2
6 6 6 6 6 3 3 3 3 3 3 2 2 1 1
6 6 6 6 6 3 3 3 3 3 3 2 1 1 1 1
6 6 6 6 6 3 3 3 3 3 3 1 1 1 1 1 1
6 6 6 6 6 3 3 3 3 3 2 2 2 2 1
6 6 6 6 6 3 3 3 3 3 2 2 2 1 1 1
6 6 6 6 6 3 3 3 3 3 2 2 1 1 1 1 1
6 6 6 6 6 3 3 3 3 2 2 2 2 2 2
6 6 6 6 6 3 3 3 3 2 2 2 2 2 1 1
6 6 6 6 6 3 3 3 3 2 2 2 2 1 1 1 1
6 6 6 6 6 3 3 3 2 2 2 2 2 2 2 1
6 6 6 6 6 3 3 3 2 2 2 2 2 2 1 1 1
6 6 6 6 6 3 3 2 2 2 2 2 2 2 2 1 1
6 6 6 6 5 5 5 5 5 4 1
6 6 6 6 5 5 5 5 5 3 2
6 6 6 6 5 5 5 5 5 3 1 1
6 6 6 6 5 5 5 5 5 2 2 1
6 6 6 6 5 5 5 5 5 2 1 1 1
6 6 6 6 5 5 5 5 5 1 1 1 1 1
6 6 6 6 5 5 5 5 4 4 2
6 6 6 6 5 5 5 5 4 4 1 1
6 6 6 6 5 5 5 5 4 3 3
6 6 6 6 5 5 5 5 4 3 2 1
6 6 6 6 5 5 5 5 4 3 1 1 1
6 6 6 6 5 5 5 5 4 2 2 2
6 6 6 6 5 5 5 5 4 2 2 1 1
6 6 6 6 5 5 5 5 4 2 1 1 1 1
6 6 6 6 5 5 5 5 4 1 1 1 1 1 1
6 6 6 6 5 5 5 5 3 3 3 1
6 6 6 6 5 5 5 5 3 3 2 2
6 6 6 6 5 5 5 5 3 3 2 1 1
6 6 6 6 5 5 5 5 3 3 1 1 1 1
6 6 6 6 5 5 5 5 3 2 2 2 1
6 6 6 6 5 5 5 5 3 2 2 1 1 1
6 6 6 6 5 5 5 5 3 2 1 1 1 1 1
6 6 6 6 5 5 5 5 3 1 1 1 1 1 1 1
6 6 6 6 5 5 5 5 2 2 2 2 2
6 6 6 6 5 5 5 5 2 2 2 2 1 1
6 6 6 6 5 5 5 5 2 2 2 1 1 1 1
6 6 6 6 5 5 5 5 2 2 1 1 1 1 1 1
6 6 6 6 5 5 5 5 2 1 1 1 1 1 1 1 1
6 6 6 6 5 5 5 4 4 4 3
6 6 6 6 5 5 5 4 4 4 2 1
6 6 6 6 5 5 5 4 4 4 1 1 1
6 6 6 6 5 5 5 4 4 3 3 1
6 6 6 6 5 5 5 4 4 3 2 2
6 6 6 6 5 5 5 4 4 3 2 1 1
6 6 6 6 5 5 5 4 4 3 1 1 1 1
6 6 6 6 5 5 5 4 4 2 2 2 1
6 6 6 6 5 5 5 4 4 2 2 1 1 1
6 6 6 6 5 5 5 4 4 2 1 1 1 1 1
6 6 6 6 5 5 5 4 4 1 1 1 1 1 1 1
6 6 6 6 5 5 5 4 3 3 3 2
6 6 6 6 5 5 5 4 3 3 3 1 1
6 6 6 6 5 5 5 4 3 3 2 2 1
6 6 6 6 5 5 5 4 3 3 2 1 1 1
6 6 6 6 5 5 5 4 3 3 1 1 1 1 1
6 6 6 6 5 5 5 4 3 2 2 2 2
6 6 6 6 5 5 5 4 3 2 2 2 1 1
6 6 6 6 5 5 5 4 3 2 2 1 1 1 1
6 6 6 6 5 5 5 4 3 2 1 1 1 1 1 1
6 6 6 6 5 5 5 4 3 1 1 1 1 1 1 1 1
6 6 6 6 5 5 5 4 2 2 2 2 2 1
6 6 6 6 5 5 5 4 2 2 2 2 1 1 1
6 6 6 6 5 5 5 4 2 2 2 1 1 1 1 1
6 6 6 6 5 5 5 4 2 2 1 1 1 1 1 1 1
6 6 6 6 5 5 5 3 3 3 3 3
6 6 6 6 5 5 5 3 3 3 3 2 1
6 6 6 6 5 5 5 3 3 3 3 1 1 1
6 6 6 6 5 5 5 3 3 3 2 2 2
6 6 6 6 5 5 5 3 3 3 2 2 1 1
6 6 6 6 5 5 5 3 3 3 2 1 1 1 1
6 6 6 6 5 5 5 3 3 3 1 1 1 1 1 1
6 6 6 6 5 5 5 3 3 2 2 2 2 1
6 6 6 6 5 5 5 3 3 2 2 2 1 1 1
6 6 6 6 5 5 5 3 3 2 2 1 1 1 1 1
6 6 6 6 5 5 5 3 3 2 1 1 1 1 1 1 1
6 6 6 6 5 5 5 3 2 2 2 2 2 2
6 6 6 6 5 5 5 3 2 2 2 2 2 1 1
6 6 6 6 5 5 5 3 2 2 2 2 1 1 1 1
6 6 6 6 5 5 5 3 2 2 2 1 1 1 1 1 1
6 6 6 6 5 5 5 2 2 2 2 2 2 2 1
6 6 6 6 5 5 5 2 2 2 2 2 2 1 1 1
6 6 6 6 5 5 5 2 2 2 2 2 1 1 1 1 1
6 6 6 6 5 5 4 4 4 4 4
6 6 6 6 5 5 4 4 4 4 3 1
6 6 6 6 5 5 4 4 4 4 2 2
6 6 6 6 5 5 4 4 4 4 2 1 1
6 6 6 6 5 5 4 4 4 4 1 1 1 1
6 6 6 6 5 5 4 4 4 3 3 2
6 6 6 6 5 5 4 4 4 3 3 1 1
6 6 6 6 5 5 4 4 4 3 2 2 1
6 6 6 6 5 5 4 4 4 3 2 1 1 1
6 6 6 6 5 5 4 4 4 3 1 1 1 1 1
6 6 6 6 5 5 4 4 4 2 2 2 2
6 6 6 6 5 5 4 4 4 2 2 2 1 1
6 6 6 6 5 5 4 4 4 2 2 1 1 1 1
6 6 6 6 5 5 4 4 4 2 1 1 1 1 1 1
6 6 6 6 5 5 4 4 4 1 1 1 1 1 1 1 1
6 6 6 6 5 5 4 4 3 3 3 3
6 6 6 6 5 5 4 4 3 3 3 2 1
6 6 6 6 5 5 4 4 3 3 3 1 1 1
6 6 6 6 5 5 4 4 3 3 2 2 2
6 6 6 6 5 5 4 4 3 3 2 2 1 1
6 6 6 6 5 5 4 4 3 3 2 1 1 1 1
6 6 6 6 5 5 4 4 3 3 1 1 1 1 1 1
6 6 6 6 5 5 4 4 3 2 2 2 2 1
6 6 6 6 5 5 4 4 3 2 2 2 1 1 1
6 6 6 6 5 5 4 4 3 2 2 1 1 1 1 1
6 6 6 6 5 5 4 4 3 2 1 1 1 1 1 1 1
6 6 6 6 5 5 4 4 2 2 2 2 2 2
6 6 6 6 5 5 4 4 2 2 2 2 2 1 1
6 6 6 6 5 5 4 4 2 2 2 2 1 1 1 1
6 6 6 6 5 5 4 4 2 2 2 1 1 1 1 1 1
6 6 6 6 5 5 4 3 3 3 3 3 1
6 6 6 6 5 5 4 3 3 3 3 2 2
6 6 6 6 5 5 4 3 3 3 3 2 1 1
6 6 6 6 5 5 4 3 3 3 3 1 1 1 1
6 6 6 6 5 5 4 3 3 3 2 2 2 1
6 6 6 6 5 5 4 3 3 3 2 2 1 1 1
6 6 6 6 5 5 4 3 3 3 2 1 1 1 1 1
6 6 6 6 5 5 4 3 3 3 1 1 1 1 1 1 1
6 6 6 6 5 5 4 3 3 2 2 2 2 2
6 6 6 6 5 5 4 3 3 2 2 2 2 1 1
6 6 6 6 5 5 4 3 3 2 2 2 1 1 1 1
6 6 6 6 5 5 4 3 3 2 2 1 1 1 1 1 1
6 6 6 6 5 5 4 3 2 2 2 2 2 2 1
6 6 6 6 5 5 4 3 2 2 2 2 2 1 1 1
6 6 6 6 5 5 4 3 2 2 2 2 1 1 1 1 1
6 6 6 6 5 5 4 2 2 2 2 2 2 2 2
6 6 6 6 5 5 4 2 2 2 2 2 2 2 1 1
6 6 6 6 5 5 4 2 2 2 2 2 2 1 1 1 1
6 6 6 6 5 5 3 3 3 3 3 3 2
6 6 6 6 5 5 3 3 3 3 3 3 1 1
6 6 6 6 5 5 3 3 3 3 3 2 2 1
6 6 6 6 5 5 3 3 3 3 3 2 1 1 1
6 6 6 6 5 5 3 3 3 3 3 1 1 1 1 1
6 6 6 6 5 5 3 3 3 3 2 2 2 2
6 6 6 6 5 5 3 3 3 3 2 2 2 1 1
6 6 6 6 5 5 3 3 3 3 2 2 1 1 1 1
6 6 6 6 5 5 3 3 3 3 2 1 1 1 1 1 1
6 6 6 6 5 5 3 3 3 2 2 2 2 2 1
6 6 6 6 5 5 3 3 3 2 2 2 2 1 1 1
6 6 6 6 5 5 3 3 3 2 2 2 1 1 1 1 1
6 6 6 6 5 5 3 3 2 2 2 2 2 2 2
6 6 6 6 5 5 3 3 2 2 2 2 2 2 1 1
6 6 6 6 5 5 3 3 2 2 2 2 2 1 1 1 1
6 6 6 6 5 5 3 2 2 2 2 2 2 2 2 1
6 6 6 6 5 5 3 2 2 2 2 2 2 2 1 1 1
6 6 6 6 5 4 4 4 4 4 4 1
6 6 6 6 5 4 4 4 4 4 3 2
6 6 6 6 5 4 4 4 4 4 3 1 1
6 6 6 6 5 4 4 4 4 4 2 2 1
6 6 6 6 5 4 4 4 4 4 2 1 1 1
6 6 6 6 5 4 4 4 4 4 1 1 1 1 1
6 6 6 6 5 4 4 4 4 3 3 3
6 6 6 6 5 4 4 4 4 3 3 2 1
6 6 6 6 5 4 4 4 4 3 3 1 1 1
6 6 6 6 5 4 4 4 4 3 2 2 2
6 6 6 6 5 4 4 4 4 3 2 2 1 1
6 6 6 6 5 4 4 4 4 3 2 1 1 1 1
6 6 6 6 5 4 4 4 4 3 1 1 1 1 1 1
6 6 6 6 5 4 4 4 4 2 2 2 2 1
6 6 6 6 5 4 4 4 4 2 2 2 1 1 1
6 6 6 6 5 4 4 4 4 2 2 1 1 1 1 1
6 6 6 6 5 4 4 4 4 2 1 1 1 1 1 1 1
6 6 6 6 5 4 4 4 3 3 3 3 1
6 6 6 6 5 4 4 4 3 3 3 2 2
6 6 6 6 5 4 4 4 3 3 3 2 1 1
6 6 6 6 5 4 4 4 3 3 3 1 1 1 1
6 6 6 6 5 4 4 4 3 3 2 2 2 1
6 6 6 6 5 4 4 4 3 3 2 2 1 1 1
6 6 6 6 5 4 4 4 3 3 2 1 1 1 1 1
6 6 6 6 5 4 4 4 3 3 1 1 1 1 1 1 1
6 6 6 6 5 4 4 4 3 2 2 2 2 2
6 6 6 6 5 4 4 4 3 2 2 2 2 1 1
6 6 6 6 5 4 4 4 3 2 2 2 1 1 1 1
6 6 6 6 5 4 4 4 3 2 2 1 1 1 1 1 1
6 6 6 6 5 4 4 4 2 2 2 2 2 2 1
6 6 6 6 5 4 4 4 2 2 2 2 2 1 1 1
6 6 6 6 5 4 4 4 2 2 2 2 1 1 1 1 1
6 6 6 6 5 4 4 3 3 3 3 3 2
6 6 6 6 5 4 4 3 3 3 3 3 1 1
6 6 6 6 5 4 4 3 3 3 3 2 2 1
6 6 6 6 5 4 4 3 3 3 3 2 1 1 1
6 6 6 6 5 4 4 3 3 3 3 1 1 1 1 1
6 6 6 6 5 4 4 3 3 3 2 2 2 2
6 6 6 6 5 4 4 3 3 3 2 2 2 1 1
6 6 6 6 5 4 4 3 3 3 2 2 1 1 1 1
6 6 6 6 5 4 4 3 3 3 2 1 1 1 1 1 1
6 6 6 6 5 4 4 3 3 2 2 2 2 2 1
6 6 6 6 5 4 4 3 3 2 2 2 2 1 1 1
6 6 6 6 5 4 4 3 3 2 2 2 1 1 1 1 1
6 6 6 6 5 4 4 3 2 2 2 2 2 2 2
6 6 6 6 5 4 4 3 2 2 2 2 2 2 1 1
6 6 6 6 5 4 4 3 2 2 2 2 2 1 1 1 1
6 6 6 6 5 4 4 2 2 2 2 2 2 2 2 1
6 6 6 6 5 4 4 2 2 2 2 2 2 2 1 1 1
6 6 6 6 5 4 3 3 3 3 3 3 3
6 6 6 6 5 4 3 3 3 3 3 3 2 1
6 6 6 6 5 4 3 3 3 3 3 3 1 1 1
6 6 6 6 5 4 3 3 3 3 3 2 2 2
6 6 6 6 5 4 3 3 3 3 3 2 2 1 1
6 6 6 6 5 4 3 3 3 3 3 2 1 1 1 1
6 6 6 6 5 4 3 3 3 3 3 1 1 1 1 1 1
6 6 6 6 5 4 3 3 3 3 2 2 2 2 1
6 6 6 6 5 4 3 3 3 3 2 2 2 1 1 1
6 6 6 6 5 4 3 3 3 3 2 2 1 1 1 1 1
6 6 6 6 5 4 3 3 3 2 2 2 2 2 2
6 6 6 6 5 4 3 3 3 2 2 2 2 2 1 1
6 6 6 6 5 4 3 3 3 2 2 2 2 1 1 1 1
6 6 6 6 5 4 3 3 2 2 2 2 2 2 2 1
6 6 6 6 5 4 3 3 2 2 2 2 2 2 1 1 1
6 6 6 6 5 4 3 2 2 2 2 2 2 2 2 1 1
6 6 6 6 5 3 3 3 3 3 3 3 3 1
6 6 6 6 5 3 3 3 3 3 3 3 2 2
6 6 6 6 5 3 3 3 3 3 3 3 2 1 1
6 6 6 6 5 3 3 3 3 3 3 3 1 1 1 1
6 6 6 6 5 3 3 3 3 3 3 2 2 2 1
6 6 6 6 5 3 3 3 3 3 3 2 2 1 1 1
6 6 6 6 5 3 3 3 3 3 3 2 1 1 1 1 1
6 6 6 6 5 3 3 3 3 3 2 2 2 2 2
6 6 6 6 5 3 3 3 3 3 2 2 2 2 1 1
6 6 6 6 5 3 3 3 3 3 2 2 2 1 1 1 1
6 6 6 6 5 3 3 3 3 2 2 2 2 2 2 1
6 6 6 6 5 3 3 3 3 2 2 2 2 2 1 1 1
6 6 6 6 5 3 3 3 2 2 2 2 2 2 2 1 1
6 6 6 6 4 4 4 4 4 4 4 2
6 6 6 6 4 4 4 4 4 4 4 1 1
6 6 6 6 4 4 4 4 4 4 3 3
6 6 6 6 4 4 4 4 4 4 3 2 1
6 6 6 6 4 4 4 4 4 4 3 1 1 1
6 6 6 6 4 4 4 4 4 4 2 2 2
6 6 6 6 4 4 4 4 4 4 2 2 1 1
6 6 6 6 4 4 4 4 4 4 2 1 1 1 1
6 6 6 6 4 4 4 4 4 4 1 1 1 1 1 1
6 6 6 6 4 4 4 4 4 3 3 3 1
6 6 6 6 4 4 4 4 4 3 3 2 2
6 6 6 6 4 4 4 4 4 3 3 2 1 1
6 6 6 6 4 4 4 4 4 3 3 1 1 1 1
6 6 6 6 4 4 4 4 4 3 2 2 2 1
6 6 6 6 4 4 4 4 4 3 2 2 1 1 1
6 6 6 6 4 4 4 4 4 3 2 1 1 1 1 1
6 6 6 6 4 4 4 4 4 3 1 1 1 1 1 1 1
6 6 6 6 4 4 4 4 4 2 2 2 2 2
6 6 6 6 4 4 4 4 4 2 2 2 2 1 1
6 6 6 6 4 4 4 4 4 2 2 2 1 1 1 1
6 6 6 6 4 4 4 4 4 2 2 1 1 1 1 1 1
6 6 6 6 4 4 4 4 3 3 3 3 2
6 6 6 6 4 4 4 4 3 3 3 3 1 1
6 6 6 6 4 4 4 4 3 3 3 2 2 1
6 6 6 6 4 4 4 4 3 3 3 2 1 1 1
6 6 6 6 4 4 4 4 3 3 3 1 1 1 1 1
6 6 6 6 4 4 4 4 3 3 2 2 2 2
6 6 6 6 4 4 4 4 3 3 2 2 2 1 1
6 6 6 6 4 4 4 4 3 3 2 2 1 1 1 1
6 6 6 6 4 4 4 4 3 3 2 1 1 1 1 1 1
6 6 6 6 4 4 4 4 3 2 2 2 2 2 1
6 6 6 6 4 4 4 4 3 2 2 2 2 1 1 1
6 6 6 6 4 4 4 4 3 2 2 2 1 1 1 1 1
6 6 6 6 4 4 4 4 2 2 2 2 2 2 2
6 6 6 6 4 4 4 4 2 2 2 2 2 2 1 1
6 6 6 6 4 4 4 4 2 2 2 2 2 1 1 1 1
6 6 6 6 4 4 4 3 3 3 3 3 3
6 6 6 6 4 4 4 3 3 3 3 3 2 1
6 6 6 6 4 4 4 3 3 3 3 3 1 1 1
6 6 6 6 4 4 4 3 3 3 3 2 2 2
6 6 6 6 4 4 4 3 3 3 3 2 2 1 1
6 6 6 6 4 4 4 3 3 3 3 2 1 1 1 1
6 6 6 6 4 4 4 3 3 3 3 1 1 1 1 1 1
6 6 6 6 4 4 4 3 3 3 2 2 2 2 1
6 6 6 6 4 4 4 3 3 3 2 2 2 1 1 1
6 6 6 6 4 4 4 3 3 3 2 2 1 1 1 1 1
6 6 6 6 4 4 4 3 3 2 2 2 2 2 2
6 6 6 6 4 4 4 3 3 2 2 2 2 2 1 1
6 6 6 6 4 4 4 3 3 2 2 2 2 1 1 1 1
6 6 6 6 4 4 4 3 2 2 2 2 2 2 2 1
6 6 6 6 4 4 4 3 2 2 2 2 2 2 1 1 1
6 6 6 6 4 4 4 2 2 2 2 2 2 2 2 1 1
6 6 6 6 4 4 3 3 3 3 3 3 3 1
6 6 6 6 4 4 3 3 3 3 3 3 2 2
6 6 6 6 4 4 3 3 3 3 3 3 2 1 1
6 6 6 6 4 4 3 3 3 3 3 3 1 1 1 1
6 6 6 6 4 4 3 3 3 3 3 2 2 2 1
6 6 6 6 4 4 3 3 3 3 3 2 2 1 1 1
6 6 6 6 4 4 3 3 3 3 3 2 1 1 1 1 1
6 6 6 6 4 4 3 3 3 3 2 2 2 2 2
6 6 6 6 4 4 3 3 3 3 2 2 2 2 1 1
6 6 6 6 4 4 3 3 3 3 2 2 2 1 1 1 1
6 6 6 6 4 4 3 3 3 2 2 2 2 2 2 1
6 6 6 6 4 4 3 3 3 2 2 2 2 2 1 1 1
6 6 6 6 4 4 3 3 2 2 2 2 2 2 2 1 1
6 6 6 6 4 3 3 3 3 3 3 3 3 2
6 6 6 6 4 3 3 3 3 3 3 3 3 1 1
6 6 6 6 4 3 3 3 3 3 3 3 2 2 1
6 6 6 6 4 3 3 3 3 3 3 3 2 1 1 1
6 6 6 6 4 3 3 3 3 3 3 3 1 1 1 1 1
6 6 6 6 4 3 3 3 3 3 3 2 2 2 2
6 6 6 6 4 3 3 3 3 3 3 2 2 2 1 1
6 6 6 6 4 3 3 3 3 3 3 2 2 1 1 1 1
6 6 6 6 4 3 3 3 3 3 2 2 2 2 2 1
6 6 6 6 4 3 3 3 3 3 2 2 2 2 1 1 1
6 6 6 6 4 3 3 3 3 2 2 2 2 2 2 1 1
6 6 6 5 5 5 5 5 5 4 2
6 6 6 5 5 5 5 5 5 4 1 1
6 6 6 5 5 5 5 5 5 3 3
6 6 6 5 5 5 5 5 5 3 2 1
6 6 6 5 5 5 5 5 5 3 1 1 1
6 6 6 5 5 5 5 5 5 2 2 2
6 6 6 5 5 5 5 5 5 2 2 1 1
6 6 6 5 5 5 5 5 5 2 1 1 1 1
6 6 6 5 5 5 5 5 5 1 1 1 1 1 1
6 6 6 5 5 5 5 5 4 4 3
6 6 6 5 5 5 5 5 4 4 2 1
6 6 6 5 5 5 5 5 4 4 1 1 1
6 6 6 5 5 5 5 5 4 3 3 1
6 6 6 5 5 5 5 5 4 3 2 2
6 6 6 5 5 5 5 5 4 3 2 1 1
6 6 6 5 5 5 5 5 4 3 1 1 1 1
6 6 6 5 5 5 5 5 4 2 2 2 1
6 6 6 5 5 5 5 5 4 2 2 1 1 1
6 6 6 5 5 5 5 5 4 2 1 1 1 1 1
6 6 6 5 5 5 5 5 4 1 1 1 1 1 1 1
6 6 6 5 5 5 5 5 3 3 3 2
6 6 6 5 5 5 5 5 3 3 3 1 1
6 6 6 5 5 5 5 5 3 3 2 2 1
6 6 6 5 5 5 5 5 3 3 2 1 1 1
6 6 6 5 5 5 5 5 3 3 1 1 1 1 1
6 6 6 5 5 5 5 5 3 2 2 2 2
6 6 6 5 5 5 5 5 3 2 2 2 1 1
6 6 6 5 5 5 5 5 3 2 2 1 1 1 1
6 6 6 5 5 5 5 5 3 2 1 1 1 1 1 1
6 6 6 5 5 5 5 5 3 1 1 1 1 1 1 1 1
6 6 6 5 5 5 5 5 2 2 2 2 2 1
6 6 6 5 5 5 5 5 2 2 2 2 1 1 1
6 6 6 5 5 5 5 5 2 2 2 1 1 1 1 1
6 6 6 5 5 5 5 5 2 2 1 1 1 1 1 1 1
6 6 6 5 5 5 5 4 4 4 4
6 6 6 5 5 5 5 4 4 4 3 1
6 6 6 5 5 5 5 4 4 4 2 2
6 6 6 5 5 5 5 4 4 4 2 1 1
6 6 6 5 5 5 5 4 4 4 1 1 1 1
6 6 6 5 5 5 5 4 4 3 3 2
6 6 6 5 5 5 5 4 4 3 3 1 1
6 6 6 5 5 5 5 4 4 3 2 2 1
6 6 6 5 5 5 5 4 4 3 2 1 1 1
6 6 6 5 5 5 5 4 4 3 1 1 1 1 1
6 6 6 5 5 5 5 4 4 2 2 2 2
6 6 6 5 5 5 5 4 4 2 2 2 1 1
6 6 6 5 5 5 5 4 4 2 2 1 1 1 1
6 6 6 5 5 5 5 4 4 2 1 1 1 1 1 1
6 6 6 5 5 5 5 4 4 1 1 1 1 1 1 1 1
6 6 6 5 5 5 5 4 3 3 3 3
6 6 6 5 5 5 5 4 3 3 3 2 1
6 6 6 5 5 5 5 4 3 3 3 1 1 1
6 6 6 5 5 5 5 4 3 3 2 2 2
6 6 6 5 5 5 5 4 3 3 2 2 1 1
6 6 6 5 5 5 5 4 3 3 2 1 1 1 1
6 6 6 5 5 5 5 4 3 3 1 1 1 1 1 1
6 6 6 5 5 5 5 4 3 2 2 2 2 1
6 6 6 5 5 5 5 4 3 2 2 2 1 1 1
6 6 6 5 5 5 5 4 3 2 2 1 1 1 1 1
6 6 6 5 5 5 5 4 3 2 1 1 1 1 1 1 1
6 6 6 5 5 5 5 4 2 2 2 2 2 2
6 6 6 5 5 5 5 4 2 2 2 2 2 1 1
6 6 6 5 5 5 5 4 2 2 2 2 1 1 1 1
6 6 6 5 5 5 5 4 2 2 2 1 1 1 1 1 1
6 6 6 5 5 5 5 3 3 3 3 3 1
6 6 6 5 5 5 5 3 3 3 3 2 2
6 6 6 5 5 5 5 3 3 3 3 2 1 1
6 6 6 5 5 5 5 3 3 3 3 1 1 1 1
6 6 6 5 5 5 5 3 3 3 2 2 2 1
6 6 6 5 5 5 5 3 3 3 2 2 1 1 1
6 6 6 5 5 5 5 3 3 3 2 1 1 1 1 1
6 6 6 5 5 5 5 3 3 3 1 1 1 1 1 1 1
6 6 6 5 5 5 5 3 3 2 2 2 2 2
6 6 6 5 5 5 5 3 3 2 2 2 2 1 1
6 6 6 5 5 5 5 3 3 2 2 2 1 1 1 1
6 6 6 5 5 5 5 3 3 2 2 1 1 1 1 1 1
6 6 6 5 5 5 5 3 2 2 2 2 2 2 1
6 6 6 5 5 5 5 3 2 2 2 2 2 1 1 1
6 6 6 5 5 5 5 3 2 2 2 2 1 1 1 1 1
6 6 6 5 5 5 5 2 2 2 2 2 2 2 2
6 6 6 5 5 5 5 2 2 2 2 2 2 2 1 1
6 6 6 5 5 5 5 2 2 2 2 2 2 1 1 1 1
6 6 6 5 5 5 4 4 4 4 4 1
6 6 6 5 5 5 4 4 4 4 3 2
6 6 6 5 5 5 4 4 4 4 3 1 1
6 6 6 5 5 5 4 4 4 4 2 2 1
6 6 6 5 5 5 4 4 4 4 2 1 1 1
6 6 6 5 5 5 4 4 4 4 1 1 1 1 1
6 6 6 5 5 5 4 4 4 3 3 3
6 6 6 5 5 5 4 4 4 3 3 2 1
6 6 6 5 5 5 4 4 4 3 3 1 1 1
6 6 6 5 5 5 4 4 4 3 2 2 2
6 6 6 5 5 5 4 4 4 3 2 2 1 1
6 6 6 5 5 5 4 4 4 3 2 1 1 1 1
6 6 6 5 5 5 4 4 4 3 1 1 1 1 1 1
6 6 6 5 5 5 4 4 4 2 2 2 2 1
6 6 6 5 5 5 4 4 4 2 2 2 1 1 1
6 6 6 5 5 5 4 4 4 2 2 1 1 1 1 1
6 6 6 5 5 5 4 4 4 2 1 1 1 1 1 1 1
6 6 6 5 5 5 4 4 3 3 3 3 1
6 6 6 5 5 5 4 4 3 3 3 2 2
6 6 6 5 5 5 4 4 3 3 3 2 1 1
6 6 6 5 5 5 4 4 3 3 3 1 1 1 1
6 6 6 5 5 5 4 4 3 3 2 2 2 1
6 6 6 5 5 5 4 4 3 3 2 2 1 1 1
6 6 6 5 5 5 4 4 3 3 2 1 1 1 1 1
6 6 6 5 5 5 4 4 3 3 1 1 1 1 1 1 1
6 6 6 5 5 5 4 4 3 2 2 2 2 2
6 6 6 5 5 5 4 4 3 2 2 2 2 1 1
6 6 6 5 5 5 4 4 3 2 2 2 1 1 1 1
6 6 6 5 5 5 4 4 3 2 2 1 1 1 1 1 1
6 6 6 5 5 5 4 4 2 2 2 2 2 2 1
6 6 6 5 5 5 4 4 2 2 2 2 2 1 1 1
6 6 6 5 5 5 4 4 2 2 2 2 1 1 1 1 1
6 6 6 5 5 5 4 3 3 3 3 3 2
6 6 6 5 5 5 4 3 3 3 3 3 1 1
6 6 6 5 5 5 4 3 3 3 3 2 2 1
6 6 6 5 5 5 4 3 3 3 3 2 1 1 1
6 6 6 5 5 5 4 3 3 3 3 1 1 1 1 1
6 6 6 5 5 5 4 3 3 3 2 2 2 2
6 6 6 5 5 5 4 3 3 3 2 2 2 1 1
6 6 6 5 5 5 4 3 3 3 2 2 1 1 1 1
6 6 6 5 5 5 4 3 3 3 2 1 1 1 1 1 1
6 6 6 5 5 5 4 3 3 2 2 2 2 2 1
6 6 6 5 5 5 4 3 3 2 2 2 2 1 1 1
6 6 6 5 5 5 4 3 3 2 2 2 1 1 1 1 1
6 6 6 5 5 5 4 3 2 2 2 2 2 2 2
6 6 6 5 5 5 4 3 2 2 2 2 2 2 1 1
6 6 6 5 5 5 4 3 2 2 2 2 2 1 1 1 1
6 6 6 5 5 5 4 2 2 2 2 2 2 2 2 1
6 6 6 5 5 5 4 2 2 2 2 2 2 2 1 1 1
6 6 6 5 5 5 3 3 3 3 3 3 3
6 6 6 5 5 5 3 3 3 3 3 3 2 1
6 6 6 5 5 5 3 3 3 3 3 3 1 1 1
6 6 6 5 5 5 3 3 3 3 3 2 2 2
6 6 6 5 5 5 3 3 3 3 3 2 2 1 1
6 6 6 5 5 5 3 3 3 3 3 2 1 1 1 1
6 6 6 5 5 5 3 3 3 3 3 1 1 1 1 1 1
6 6 6 5 5 5 3 3 3 3 2 2 2 2 1
6 6 6 5 5 5 3 3 3 3 2 2 2 1 1 1
6 6 6 5 5 5 3 3 3 3 2 2 1 1 1 1 1
6 6 6 5 5 5 3 3 3 2 2 2 2 2 2
6 6 6 5 5 5 3 3 3 2 2 2 2 2 1 1
6 6 6 5 5 5 3 3 3 2 2 2 2 1 1 1 1
6 6 6 5 5 5 3 3 2 2 2 2 2 2 2 1
6 6 6 5 5 5 3 3 2 2 2 2 2 2 1 1 1
6 6 6 5 5 5 3 2 2 2 2 2 2 2 2 1 1
6 6 6 5 5 4 4 4 4 4 4 2
6 6 6 5 5 4 4 4 4 4 4 1 1
6 6 6 5 5 4 4 4 4 4 3 3
6 6 6 5 5 4 4 4 4 4 3 2 1
6 6 6 5 5 4 4 4 4 4 3 1 1 1
6 6 6 5 5 4 4 4 4 4 2 2 2
6 6 6 5 5 4 4 4 4 4 2 2 1 1
6 6 6 5 5 4 4 4 4 4 2 1 1 1 1
6 6 6 5 5 4 4 4 4 4 1 1 1 1 1 1
6 6 6 5 5 4 4 4 4 3 3 3 1
6 6 6 5 5 4 4 4 4 3 3 2 2
6 6 6 5 5 4 4 4 4 3 3 2 1 1
6 6 6 5 5 4 4 4 4 3 3 1 1 1 1
6 6 6 5 5 4 4 4 4 3 2 2 2 1
6 6 6 5 5 4 4 4 4 3 2 2 1 1 1
6 6 6 5 5 4 4 4 4 3 2 1 1 1 1 1
6 6 6 5 5 4 4 4 4 3 1 1 1 1 1 1 1
6 6 6 5 5 4 4 4 4 2 2 2 2 2
6 6 6 5 5 4 4 4 4 2 2 2 2 1 1
6 6 6 5 5 4 4 4 4 2 2 2 1 1 1 1
6 6 6 5 5 4 4 4 4 2 2 1 1 1 1 1 1
6 6 6 5 5 4 4 4 3 3 3 3 2
6 6 6 5 5 4 4 4 3 3 3 3 1 1
6 6 6 5 5 4 4 4 3 3 3 2 2 1
6 6 6 5 5 4 4 4 3 3 3 2 1 1 1
6 6 6 5 5 4 4 4 3 3 3 1 1 1 1 1
6 6 6 5 5 4 4 4 3 3 2 2 2 2
6 6 6 5 5 4 4 4 3 3 2 2 2 1 1
6 6 6 5 5 4 4 4 3 3 2 2 1 1 1 1
6 6 6 5 5 4 4 4 3 3 2 1 1 1 1 1 1
6 6 6 5 5 4 4 4 3 2 2 2 2 2 1
6 6 6 5 5 4 4 4 3 2 2 2 2 1 1 1
6 6 6 5 5 4 4 4 3 2 2 2 1 1 1 1 1
6 6 6 5 5 4 4 4 2 2 2 2 2 2 2
6 6 6 5 5 4 4 4 2 2 2 2 2 2 1 1
6 6 6 5 5 4 4 4 2 2 2 2 2 1 1 1 1
6 6 6 5 5 4 4 3 3 3 3 3 3
6 6 6 5 5 4 4 3 3 3 3 3 2 1
6 6 6 5 5 4 4 3 3 3 3 3 1 1 1
6 6 6 5 5 4 4 3 3 3 3 2 2 2
6 6 6 5 5 4 4 3 3 3 3 2 2 1 1
6 6 6 5 5 4 4 3 3 3 3 2 1 1 1 1
6 6 6 5 5 4 4 3 3 3 3 1 1 1 1 1 1
6 6 6 5 5 4 4 3 3 3 2 2 2 2 1
6 6 6 5 5 4 4 3 3 3 2 2 2 1 1 1
6 6 6 5 5 4 4 3 3 3 2 2 1 1 1 1 1
6 6 6 5 5 4 4 3 3 2 2 2 2 2 2
6 6 6 5 5 4 4 3 3 2 2 2 2 2 1 1
6 6 6 5 5 4 4 3 3 2 2 2 2 1 1 1 1
6 6 6 5 5 4 4 3 2 2 2 2 2 2 2 1
6 6 6 5 5 4 4 3 2 2 2 2 2 2 1 1 1
6 6 6 5 5 4 4 2 2 2 2 2 2 2 2 1 1
6 6 6 5 5 4 3 3 3 3 3 3 3 1
6 6 6 5 5 4 3 3 3 3 3 3 2 2
6 6 6 5 5 4 3 3 3 3 3 3 2 1 1
6 6 6 5 5 4 3 3 3 3 3 3 1 1 1 1
6 6 6 5 5 4 3 3 3 3 3 2 2 2 1
6 6 6 5 5 4 3 3 3 3 3 2 2 1 1 1
6 6 6 5 5 4 3 3 3 3 3 2 1 1 1 1 1
6 6 6 5 5 4 3 3 3 3 2 2 2 2 2
6 6 6 5 5 4 3 3 3 3 2 2 2 2 1 1
6 6 6 5 5 4 3 3 3 3 2 2 2 1 1 1 1
6 6 6 5 5 4 3 3 3 2 2 2 2 2 2 1
6 6 6 5 5 4 3 3 3 2 2 2 2 2 1 1 1
6 6 6 5 5 4 3 3 2 2 2 2 2 2 2 1 1
6 6 6 5 5 3 3 3 3 3 3 3 3 2
6 6 6 5 5 3 3 3 3 3 3 3 3 1 1
6 6 6 5 5 3 3 3 3 3 3 3 2 2 1
6 6 6 5 5 3 3 3 3 3 3 3 2 1 1 1
6 6 6 5 5 3 3 3 3 3 3 3 1 1 1 1 1
6 6 6 5 5 3 3 3 3 3 3 2 2 2 2
6 6 6 5 5 3 3 3 3 3 3 2 2 2 1 1
6 6 6 5 5 3 3 3 3 3 3 2 2 1 1 1 1
6 6 6 5 5 3 3 3 3 3 2 2 2 2 2 1
6 6 6 5 5 3 3 3 3 3 2 2 2 2 1 1 1
6 6 6 5 5 3 3 3 3 2 2 2 2 2 2 1 1
6 6 6 5 4 4 4 4 4 4 4 3
6 6 6 5 4 4 4 4 4 4 4 2 1
6 6 6 5 4 4 4 4 4 4 4 1 1 1
6 6 6 5 4 4 4 4 4 4 3 3 1
6 6 6 5 4 4 4 4 4 4 3 2 2
6 6 6 5 4 4 4 4 4 4 3 2 1 1
6 6 6 5 4 4 4 4 4 4 3 1 1 1 1
6 6 6 5 4 4 4 4 4 4 2 2 2 1
6 6 6 5 4 4 4 4 4 4 2 2 1 1 1
6 6 6 5 4 4 4 4 4 4 2 1 1 1 1 1
6 6 6 5 4 4 4 4 4 4 1 1 1 1 1 1 1
6 6 6 5 4 4 4 4 4 3 3 3 2
6 6 6 5 4 4 4 4 4 3 3 3 1 1
6 6 6 5 4 4 4 4 4 3 3 2 2 1
6 6 6 5 4 4 4 4 4 3 3 2 1 1 1
6 6 6 5 4 4 4 4 4 3 3 1 1 1 1 1
6 6 6 5 4 4 4 4 4 3 2 2 2 2
6 6 6 5 4 4 4 4 4 3 2 2 2 1 1
6 6 6 5 4 4 4 4 4 3 2 2 1 1 1 1
6 6 6 5 4 4 4 4 4 3 2 1 1 1 1 1 1
6 6 6 5 4 4 4 4 4 2 2 2 2 2 1
6 6 6 5 4 4 4 4 4 2 2 2 2 1 1 1
6 6 6 5 4 4 4 4 4 2 2 2 1 1 1 1 1
6 6 6 5 4 4 4 4 3 3 3 3 3
6 6 6 5 4 4 4 4 3 3 3 3 2 1
6 6 6 5 4 4 4 4 3 3 3 3 1 1 1
6 6 6 5 4 4 4 4 3 3 3 2 2 2
6 6 6 5 4 4 4 4 3 3 3 2 2 1 1
6 6 6 5 4 4 4 4 3 3 3 2 1 1 1 1
6 6 6 5 4 4 4 4 3 3 3 1 1 1 1 1 1
6 6 6 5 4 4 4 4 3 3 2 2 2 2 1
6 6 6 5 4 4 4 4 3 3 2 2 2 1 1 1
6 6 6 5 4 4 4 4 3 3 2 2 1 1 1 1 1
6 6 6 5 4 4 4 4 3 2 2 2 2 2 2
6 6 6 5 4 4 4 4 3 2 2 2 2 2 1 1
6 6 6 5 4 4 4 4 3 2 2 2 2 1 1 1 1
6 6 6 5 4 4 4 4 2 2 2 2 2 2 2 1
6 6 6 5 4 4 4 4 2 2 2 2 2 2 1 1 1
6 6 6 5 4 4 4 3 3 3 3 3 3 1
6 6 6 5 4 4 4 3 3 3 3 3 2 2
6 6 6 5 4 4 4 3 3 3 3 3 2 1 1
6 6 6 5 4 4 4 3 3 3 3 3 1 1 1 1
6 6 6 5 4 4 4 3 3 3 3 2 2 2 1
6 6 6 5 4 4 4 3 3 3 3 2 2 1 1 1
6 6 6 5 4 4 4 3 3 3 3 2 1 1 1 1 1
6 6 6 5 4 4 4 3 3 3 2 2 2 2 2
6 6 6 5 4 4 4 3 3 3 2 2 2 2 1 1
6 6 6 5 4 4 4 3 3 3 2 2 2 1 1 1 1
6 6 6 5 4 4 4 3 3 2 2 2 2 2 2 1
6 6 6 5 4 4 4 3 3 2 2 2 2 2 1 1 1
6 6 6 5 4 4 4 3 2 2 2 2 2 2 2 1 1
6 6 6 5 4 4 3 3 3 3 3 3 3 2
6 6 6 5 4 4 3 3 3 3 3 3 3 1 1
6 6 6 5 4 4 3 3 3 3 3 3 2 2 1
6 6 6 5 4 4 3 3 3 3 3 3 2 1 1 1
6 6 6 5 4 4 3 3 3 3 3 3 1 1 1 1 1
6 6 6 5 4 4 3 3 3 3 3 2 2 2 2
6 6 6 5 4 4 3 3 3 3 3 2 2 2 1 1
6 6 6 5 4 4 3 3 3 3 3 2 2 1 1 1 1
6 6 6 5 4 4 3 3 3 3 2 2 2 2 2 1
6 6 6 5 4 4 3 3 3 3 2 2 2 2 1 1 1
6 6 6 5 4 4 3 3 3 2 2 2 2 2 2 1 1
6 6 6 5 4 3 3 3 3 3 3 3 3 2 1
6 6 6 5 4 3 3 3 3 3 3 3 3 1 1 1
6 6 6 5 4 3 3 3 3 3 3 3 2 2 2
6 6 6 5 4 3 3 3 3 3 3 3 2 2 1 1
6 6 6 5 4 3 3 3 3 3 3 3 2 1 1 1 1
6 6 6 5 4 3 3 3 3 3 3 2 2 2 2 1
6 6 6 5 4 3 3 3 3 3 3 2 2 2 1 1 1
6 6 6 5 4 3 3 3 3 3 2 2 2 2 2 1 1
6 6 6 4 4 4 4 4 4 4 4 3 1
6 6 6 4 4 4 4 4 4 4 4 2 2
6 6 6 4 4 4 4 4 4 4 4 2 1 1
6 6 6 4 4 4 4 4 4 4 4 1 1 1 1
6 6 6 4 4 4 4 4 4 4 3 3 2
6 6 6 4 4 4 4 4 4 4 3 3 1 1
6 6 6 4 4 4 4 4 4 4 3 2 2 1
6 6 6 4 4 4 4 4 4 4 3 2 1 1 1
6 6 6 4 4 4 4 4 4 4 3 1 1 1 1 1
6 6 6 4 4 4 4 4 4 4 2 2 2 2
6 6 6 4 4 4 4 4 4 4 2 2 2 1 1
6 6 6 4 4 4 4 4 4 4 2 2 1 1 1 1
6 6 6 4 4 4 4 4 4 4 2 1 1 1 1 1 1
6 6 6 4 4 4 4 4 4 3 3 3 3
6 6 6 4 4 4 4 4 4 3 3 3 2 1
6 6 6 4 4 4 4 4 4 3 3 3 1 1 1
6 6 6 4 4 4 4 4 4 3 3 2 2 2
6 6 6 4 4 4 4 4 4 3 3 2 2 1 1
6 6 6 4 4 4 4 4 4 3 3 2 1 1 1 1
6 6 6 4 4 4 4 4 4 3 3 1 1 1 1 1 1
6 6 6 4 4 4 4 4 4 3 2 2 2 2 1
6 6 6 4 4 4 4 4 4 3 2 2 2 1 1 1
6 6 6 4 4 4 4 4 4 3 2 2 1 1 1 1 1
6 6 6 4 4 4 4 4 4 2 2 2 2 2 2
6 6 6 4 4 4 4 4 4 2 2 2 2 2 1 1
6 6 6 4 4 4 4 4 4 2 2 2 2 1 1 1 1
6 6 6 4 4 4 4 4 3 3 3 3 3 1
6 6 6 4 4 4 4 4 3 3 3 3 2 2
6 6 6 4 4 4 4 4 3 3 3 3 2 1 1
6 6 6 4 4 4 4 4 3 3 3 3 1 1 1 1
6 6 6 4 4 4 4 4 3 3 3 2 2 2 1
6 6 6 4 4 4 4 4 3 3 3 2 2 1 1 1
6 6 6 4 4 4 4 4 3 3 3 2 1 1 1 1 1
6 6 6 4 4 4 4 4 3 3 2 2 2 2 2
6 6 6 4 4 4 4 4 3 3 2 2 2 2 1 1
6 6 6 4 4 4 4 4 3 3 2 2 2 1 1 1 1
6 6 6 4 4 4 4 4 3 2 2 2 2 2 2 1
6 6 6 4 4 4 4 4 3 2 2 2 2 2 1 1 1
6 6 6 4 4 4 4 4 2 2 2 2 2 2 2 1 1
6 6 6 4 4 4 4 3 3 3 3 3 3 2
6 6 6 4 4 4 4 3 3 3 3 3 3 1 1
6 6 6 4 4 4 4 3 3 3 3 3 2 2 1
6 6 6 4 4 4 4 3 3 3 3 3 2 1 1 1
6 6 6 4 4 4 4 3 3 3 3 3 1 1 1 1 1
6 6 6 4 4 4 4 3 3 3 3 2 2 2 2
6 6 6 4 4 4 4 3 3 3 3 2 2 2 1 1
6 6 6 4 4 4 4 3 3 3 3 2 2 1 1 1 1
6 6 6 4 4 4 4 3 3 3 2 2 2 2 2 1
6 6 6 4 4 4 4 3 3 3 2 2 2 2 1 1 1
6 6 6 4 4 4 4 3 3 2 2 2 2 2 2 1 1
6 6 6 4 4 4 3 3 3 3 3 3 3 2 1
6 6 6 4 4 4 3 3 3 3 3 3 3 1 1 1
6 6 6 4 4 4 3 3 3 3 3 3 2 2 2
6 6 6 4 4 4 3 3 3 3 3 3 2 2 1 1
6 6 6 4 4 4 3 3 3 3 3 3 2 1 1 1 1
6 6 6 4 4 4 3 3 3 3 3 2 2 2 2 1
6 6 6 4 4 4 3 3 3 3 3 2 2 2 1 1 1
6 6 6 4 4 4 3 3 3 3 2 2 2 2 2 1 1
6 6 6 4 4 3 3 3 3 3 3 3 3 2 2
6 6 6 4 4 3 3 3 3 3 3 3 3 2 1 1
6 6 6 4 4 3 3 3 3 3 3 3 3 1 1 1 1
6 6 6 4 4 3 3 3 3 3 3 3 2 2 2 1
6 6 6 4 4 3 3 3 3 3 3 3 2 2 1 1 1
6 6 6 4 4 3 3 3 3 3 3 2 2 2 2 1 1
6 6 5 5 5 5 5 5 5 4 3
6 6 5 5 5 5 5 5 5 4 2 1
6 6 5 5 5 5 5 5 5 4 1 1 1
6 6 5 5 5 5 5 5 5 3 3 1
6 6 5 5 5 5 5 5 5 3 2 2
6 6 5 5 5 5 5 5 5 3 2 1 1
6 6 5 5 5 5 5 5 5 3 1 1 1 1
6 6 5 5 5 5 5 5 5 2 2 2 1
6 6 5 5 5 5 5 5 5 2 2 1 1 1
6 6 5 5 5 5 5 5 5 2 1 1 1 1 1
6 6 5 5 5 5 5 5 5 1 1 1 1 1 1 1
6 6 5 5 5 5 5 5 4 4 4
6 6 5 5 5 5 5 5 4 4 3 1
6 6 5 5 5 5 5 5 4 4 2 2
6 6 5 5 5 5 5 5 4 4 2 1 1
6 6 5 5 5 5 5 5 4 4 1 1 1 1
6 6 5 5 5 5 5 5 4 3 3 2
6 6 5 5 5 5 5 5 4 3 3 1 1
6 6 5 5 5 5 5 5 4 3 2 2 1
6 6 5 5 5 5 5 5 4 3 2 1 1 1
6 6 5 5 5 5 5 5 4 3 1 1 1 1 1
6 6 5 5 5 5 5 5 4 2 2 2 2
6 6 5 5 5 5 5 5 4 2 2 2 1 1
6 6 5 5 5 5 5 5 4 2 2 1 1 1 1
6 6 5 5 5 5 5 5 4 2 1 1 1 1 1 1
6 6 5 5 5 5 5 5 4 1 1 1 1 1 1 1 1
6 6 5 5 5 5 5 5 3 3 3 3
6 6 5 5 5 5 5 5 3 3 3 2 1
6 6 5 5 5 5 5 5 3 3 3 1 1 1
6 6 5 5 5 5 5 5 3 3 2 2 2
6 6 5 5 5 5 5 5 3 3 2 2 1 1
6 6 5 5 5 5 5 5 3 3 2 1 1 1 1
6 6 5 5 5 5 5 5 3 3 1 1 1 1 1 1
6 6 5 5 5 5 5 5 3 2 2 2 2 1
6 6 5 5 5 5 5 5 3 2 2 2 1 1 1
6 6 5 5 5 5 5 5 3 2 2 1 1 1 1 1
6 6 5 5 5 5 5 5 3 2 1 1 1 1 1 1 1
6 6 5 5 5 5 5 5 2 2 2 2 2 2
6 6 5 5 5 5 5 5 2 2 2 2 2 1 1
6 6 5 5 5 5 5 5 2 2 2 2 1 1 1 1
6 6 5 5 5 5 5 5 2 2 2 1 1 1 1 1 1
6 6 5 5 5 5 5 4 4 4 4 1
6 6 5 5 5 5 5 4 4 4 3 2
6 6 5 5 5 5 5 4 4 4 3 1 1
6 6 5 5 5 5 5 4 4 4 2 2 1
6 6 5 5 5 5 5 4 4 4 2 1 1 1
6 6 5 5 5 5 5 4 4 4 1 1 1 1 1
6 6 5 5 5 5 5 4 4 3 3 3
6 6 5 5 5 5 5 4 4 3 3 2 1
6 6 5 5 5 5 5 4 4 3 3 1 1 1
6 6 5 5 5 5 5 4 4 3 2 2 2
6 6 5 5 5 5 5 4 4 3 2 2 1 1
6 6 5 5 5 5 5 4 4 3 2 1 1 1 1
6 6 5 5 5 5 5 4 4 3 1 1 1 1 1 1
6 6 5 5 5 5 5 4 4 2 2 2 2 1
6 6 5 5 5 5 5 4 4 2 2 2 1 1 1
6 6 5 5 5 5 5 4 4 2 2 1 1 1 1 1
6 6 5 5 5 5 5 4 4 2 1 1 1 1 1 1 1
6 6 5 5 5 5 5 4 3 3 3 3 1
6 6 5 5 5 5 5 4 3 3 3 2 2
6 6 5 5 5 5 5 4 3 3 3 2 1 1
6 6 5 5 5 5 5 4 3 3 3 1 1 1 1
6 6 5 5 5 5 5 4 3 3 2 2 2 1
6 6 5 5 5 5 5 4 3 3 2 2 1 1 1
6 6 5 5 5 5 5 4 3 3 2 1 1 1 1 1
6 6 5 5 5 5 5 4 3 3 1 1 1 1 1 1 1
6 6 5 5 5 5 5 4 3 2 2 2 2 2
6 6 5 5 5 5 5 4 3 2 2 2 2 1 1
6 6 5 5 5 5 5 4 3 2 2 2 1 1 1 1
6 6 5 5 5 5 5 4 3 2 2 1 1 1 1 1 1
6 6 5 5 5 5 5 4 2 2 2 2 2 2 1
6 6 5 5 5 5 5 4 2 2 2 2 2 1 1 1
6 6 5 5 5 5 5 4 2 2 2 2 1 1 1 1 1
6 6 5 5 5 5 5 3 3 3 3 3 2
6 6 5 5 5 5 5 3 3 3 3 3 1 1
6 6 5 5 5 5 5 3 3 3 3 2 2 1
6 6 5 5 5 5 5 3 3 3 3 2 1 1 1
6 6 5 5 5 5 5 3 3 3 3 1 1 1 1 1
6 6 5 5 5 5 5 3 3 3 2 2 2 2
6 6 5 5 5 5 5 3 3 3 2 2 2 1 1
6 6 5 5 5 5 5 3 3 3 2 2 1 1 1 1
6 6 5 5 5 5 5 3 3 3 2 1 1 1 1 1 1
6 6 5 5 5 5 5 3 3 2 2 2 2 2 1
6 6 5 5 5 5 5 3 3 2 2 2 2 1 1 1
6 6 5 5 5 5 5 3 3 2 2 2 1 1 1 1 1
6 6 5 5 5 5 5 3 2 2 2 2 2 2 2
6 6 5 5 5 5 5 3 2 2 2 2 2 2 1 1
6 6 5 5 5 5 5 3 2 2 2 2 2 1 1 1 1
6 6 5 5 5 5 5 2 2 2 2 2 2 2 2 1
6 6 5 5 5 5 5 2 2 2 2 2 2 2 1 1 1
6 6 5 5 5 5 4 4 4 4 4 2
6 6 5 5 5 5 4 4 4 4 4 1 1
6 6 5 5 5 5 4 4 4 4 3 3
6 6 5 5 5 5 4 4 4 4 3 2 1
6 6 5 5 5 5 4 4 4 4 3 1 1 1
6 6 5 5 5 5 4 4 4 4 2 2 2
6 6 5 5 5 5 4 4 4 4 2 2 1 1
6 6 5 5 5 5 4 4 4 4 2 1 1 1 1
6 6 5 5 5 5 4 4 4 4 1 1 1 1 1 1
6 6 5 5 5 5 4 4 4 3 3 3 1
6 6 5 5 5 5 4 4 4 3 3 2 2
6 6 5 5 5 5 4 4 4 3 3 2 1 1
6 6 5 5 5 5 4 4 4 3 3 1 1 1 1
6 6 5 5 5 5 4 4 4 3 2 2 2 1
6 6 5 5 5 5 4 4 4 3 2 2 1 1 1
6 6 5 5 5 5 4 4 4 3 2 1 1 1 1 1
6 6 5 5 5 5 4 4 4 3 1 1 1 1 1 1 1
6 6 5 5 5 5 4 4 4 2 2 2 2 2
6 6 5 5 5 5 4 4 4 2 2 2 2 1 1
6 6 5 5 5 5 4 4 4 2 2 2 1 1 1 1
6 6 5 5 5 5 4 4 4 2 2 1 1 1 1 1 1
6 6 5 5 5 5 4 4 3 3 3 3 2
6 6 5 5 5 5 4 4 3 3 3 3 1 1
6 6 5 5 5 5 4 4 3 3 3 2 2 1
6 6 5 5 5 5 4 4 3 3 3 2 1 1 1
6 6 5 5 5 5 4 4 3 3 3 1 1 1 1 1
6 6 5 5 5 5 4 4 3 3 2 2 2 2
6 6 5 5 5 5 4 4 3 3 2 2 2 1 1
6 6 5 5 5 5 4 4 3 3 2 2 1 1 1 1
6 6 5 5 5 5 4 4 3 3 2 1 1 1 1 1 1
6 6 5 5 5 5 4 4 3 2 2 2 2 2 1
6 6 5 5 5 5 4 4 3 2 2 2 2 1 1 1
6 6 5 5 5 5 4 4 3 2 2 2 1 1 1 1 1
6 6 5 5 5 5 4 4 2 2 2 2 2 2 2
6 6 5 5 5 5 4 4 2 2 2 2 2 2 1 1
6 6 5 5 5 5 4 4 2 2 2 2 2 1 1 1 1
6 6 5 5 5 5 4 3 3 3 3 3 3
6 6 5 5 5 5 4 3 3 3 3 3 2 1
6 6 5 5 5 5 4 3 3 3 3 3 1 1 1
6 6 5 5 5 5 4 3 3 3 3 2 2 2
6 6 5 5 5 5 4 3 3 3 3 2 2 1 1
6 6 5 5 5 5 4 3 3 3 3 2 1 1 1 1
6 6 5 5 5 5 4 3 3 3 3 1 1 1 1 1 1
6 6 5 5 5 5 4 3 3 3 2 2 2 2 1
6 6 5 5 5 5 4 3 3 3 2 2 2 1 1 1
6 6 5 5 5 5 4 3 3 3 2 2 1 1 1 1 1
6 6 5 5 5 5 4 3 3 2 2 2 2 2 2
6 6 5 5 5 5 4 3 3 2 2 2 2 2 1 1
6 6 5 5 5 5 4 3 3 2 2 2 2 1 1 1 1
6 6 5 5 5 5 4 3 2 2 2 2 2 2 2 1
6 6 5 5 5 5 4 3 2 2 2 2 2 2 1 1 1
6 6 5 5 5 5 4 2 2 2 2 2 2 2 2 1 1
6 6 5 5 5 5 3 3 3 3 3 3 3 1
6 6 5 5 5 5 3 3 3 3 3 3 2 2
6 6 5 5 5 5 3 3 3 3 3 3 2 1 1
6 6 5 5 5 5 3 3 3 3 3 3 1 1 1 1
6 6 5 5 5 5 3 3 3 3 3 2 2 2 1
6 6 5 5 5 5 3 3 3 3 3 2 2 1 1 1
6 6 5 5 5 5 3 3 3 3 3 2 1 1 1 1 1
6 6 5 5 5 5 3 3 3 3 2 2 2 2 2
6 6 5 5 5 5 3 3 3 3 2 2 2 2 1 1
6 6 5 5 5 5 3 3 3 3 2 2 2 1 1 1 1
6 6 5 5 5 5 3 3 3 2 2 2 2 2 2 1
6 6 5 5 5 5 3 3 3 2 2 2 2 2 1 1 1
6 6 5 5 5 5 3 3 2 2 2 2 2 2 2 1 1
6 6 5 5 5 4 4 4 4 4 4 3
6 6 5 5 5 4 4 4 4 4 4 2 1
6 6 5 5 5 4 4 4 4 4 4 1 1 1
6 6 5 5 5 4 4 4 4 4 3 3 1
6 6 5 5 5 4 4 4 4 4 3 2 2
6 6 5 5 5 4 4 4 4 4 3 2 1 1
6 6 5 5 5 4 4 4 4 4 3 1 1 1 1
6 6 5 5 5 4 4 4 4 4 2 2 2 1
6 6 5 5 5 4 4 4 4 4 2 2 1 1 1
6 6 5 5 5 4 4 4 4 4 2 1 1 1 1 1
6 6 5 5 5 4 4 4 4 4 1 1 1 1 1 1 1
6 6 5 5 5 4 4 4 4 3 3 3 2
6 6 5 5 5 4 4 4 4 3 3 3 1 1
6 6 5 5 5 4 4 4 4 3 3 2 2 1
6 6 5 5 5 4 4 4 4 3 3 2 1 1 1
6 6 5 5 5 4 4 4 4 3 3 1 1 1 1 1
6 6 5 5 5 4 4 4 4 3 2 2 2 2
6 6 5 5 5 4 4 4 4 3 2 2 2 1 1
6 6 5 5 5 4 4 4 4 3 2 2 1 1 1 1
6 6 5 5 5 4 4 4 4 3 2 1 1 1 1 1 1
6 6 5 5 5 4 4 4 4 2 2 2 2 2 1
6 6 5 5 5 4 4 4 4 2 2 2 2 1 1 1
6 6 5 5 5 4 4 4 4 2 2 2 1 1 1 1 1
6 6 5 5 5 4 4 4 3 3 3 3 3
6 6 5 5 5 4 4 4 3 3 3 3 2 1
6 6 5 5 5 4 4 4 3 3 3 3 1 1 1
6 6 5 5 5 4 4 4 3 3 3 2 2 2
6 6 5 5 5 4 4 4 3 3 3 2 2 1 1
6 6 5 5 5 4 4 4 3 3 3 2 1 1 1 1
6 6 5 5 5 4 4 4 3 3 3 1 1 1 1 1 1
6 6 5 5 5 4 4 4 3 3 2 2 2 2 1
6 6 5 5 5 4 4 4 3 3 2 2 2 1 1 1
6 6 5 5 5 4 4 4 3 3 2 2 1 1 1 1 1
6 6 5 5 5 4 4 4 3 2 2 2 2 2 2
6 6 5 5 5 4 4 4 3 2 2 2 2 2 1 1
6 6 5 5 5 4 4 4 3 2 2 2 2 1 1 1 1
6 6 5 5 5 4 4 4 2 2 2 2 2 2 2 1
6 6 5 5 5 4 4 4 2 2 2 2 2 2 1 1 1
6 6 5 5 5 4 4 3 3 3 3 3 3 1
6 6 5 5 5 4 4 3 3 3 3 3 2 2
6 6 5 5 5 4 4 3 3 3 3 3 2 1 1
6 6 5 5 5 4 4 3 3 3 3 3 1 1 1 1
6 6 5 5 5 4 4 3 3 3 3 2 2 2 1
6 6 5 5 5 4 4 3 3 3 3 2 2 1 1 1
6 6 5 5 5 4 4 3 3 3 3 2 1 1 1 1 1
6 6 5 5 5 4 4 3 3 3 2 2 2 2 2
6 6 5 5 5 4 4 3 3 3 2 2 2 2 1 1
6 6 5 5 5 4 4 3 3 3 2 2 2 1 1 1 1
6 6 5 5 5 4 4 3 3 2 2 2 2 2 2 1
6 6 5 5 5 4 4 3 3 2 2 2 2 2 1 1 1
6 6 5 5 5 4 4 3 2 2 2 2 2 2 2 1 1
6 6 5 5 5 4 3 3 3 3 3 3 3 2
6 6 5 5 5 4 3 3 3 3 3 3 3 1 1
6 6 5 5 5 4 3 3 3 3 3 3 2 2 1
6 6 5 5 5 4 3 3 3 3 3 3 2 1 1 1
6 6 5 5 5 4 3 3 3 3 3 3 1 1 1 1 1
6 6 5 5 5 4 3 3 3 3 3 2 2 2 2
6 6 5 5 5 4 3 3 3 3 3 2 2 2 1 1
6 6 5 5 5 4 3 3 3 3 3 2 2 1 1 1 1
6 6 5 5 5 4 3 3 3 3 2 2 2 2 2 1
6 6 5 5 5 4 3 3 3 3 2 2 2 2 1 1 1
6 6 5 5 5 4 3 3 3 2 2 2 2 2 2 1 1
6 6 5 5 5 3 3 3 3 3 3 3 3 2 1
6 6 5 5 5 3 3 3 3 3 3 3 3 1 1 1
6 6 5 5 5 3 3 3 3 3 3 3 2 2 2
6 6 5 5 5 3 3 3 3 3 3 3 2 2 1 1
6 6 5 5 5 3 3 3 3 3 3 3 2 1 1 1 1
6 6 5 5 5 3 3 3 3 3 3 2 2 2 2 1
6 6 5 5 5 3 3 3 3 3 3 2 2 2 1 1 1
6 6 5 5 5 3 3 3 3 3 2 2 2 2 2 1 1
6 6 5 5 4 4 4 4 4 4 4 3 1
6 6 5 5 4 4 4 4 4 4 4 2 2
6 6 5 5 4 4 4 4 4 4 4 2 1 1
6 6 5 5 4 4 4 4 4 4 4 1 1 1 1
6 6 5 5 4 4 4 4 4 4 3 3 2
6 6 5 5 4 4 4 4 4 4 3 3 1 1
6 6 5 5 4 4 4 4 4 4 3 2 2 1
6 6 5 5 4 4 4 4 4 4 3 2 1 1 1
6 6 5 5 4 4 4 4 4 4 3 1 1 1 1 1
6 6 5 5 4 4 4 4 4 4 2 2 2 2
6 6 5 5 4 4 4 4 4 4 2 2 2 1 1
6 6 5 5 4 4 4 4 4 4 2 2 1 1 1 1
6 6 5 5 4 4 4 4 4 4 2 1 1 1 1 1 1
6 6 5 5 4 4 4 4 4 3 3 3 3
6 6 5 5 4 4 4 4 4 3 3 3 2 1
6 6 5 5 4 4 4 4 4 3 3 3 1 1 1
6 6 5 5 4 4 4 4 4 3 3 2 2 2
6 6 5 5 4 4 4 4 4 3 3 2 2 1 1
6 6 5 5 4 4 4 4 4 3 3 2 1 1 1 1
6 6 5 5 4 4 4 4 4 3 3 1 1 1 1 1 1
6 6 5 5 4 4 4 4 4 3 2 2 2 2 1
6 6 5 5 4 4 4 4 4 3 2 2 2 1 1 1
6 6 5 5 4 4 4 4 4 3 2 2 1 1 1 1 1
6 6 5 5 4 4 4 4 4 2 2 2 2 2 2
6 6 5 5 4 4 4 4 4 2 2 2 2 2 1 1
6 6 5 5 4 4 4 4 4 2 2 2 2 1 1 1 1
6 6 5 5 4 4 4 4 3 3 3 3 3 1
6 6 5 5 4 4 4 4 3 3 3 3 2 2
6 6 5 5 4 4 4 4 3 3 3 3 2 1 1
6 6 5 5 4 4 4 4 3 3 3 3 1 1 1 1
6 6 5 5 4 4 4 4 3 3 3 2 2 2 1
6 6 5 5 4 4 4 4 3 3 3 2 2 1 1 1
6 6 5 5 4 4 4 4 3 3 3 2 1 1 1 1 1
6 6 5 5 4 4 4 4 3 3 2 2 2 2 2
6 6 5 5 4 4 4 4 3 3 2 2 2 2 1 1
6 6 5 5 4 4 4 4 3 3 2 2 2 1 1 1 1
6 6 5 5 4 4 4 4 3 2 2 2 2 2 2 1
6 6 5 5 4 4 4 4 3 2 2 2 2 2 1 1 1
6 6 5 5 4 4 4 4 2 2 2 2 2 2 2 1 1
6 6 5 5 4 4 4 3 3 3 3 3 3 2
6 6 5 5 4 4 4 3 3 3 3 3 3 1 1
6 6 5 5 4 4 4 3 3 3 3 3 2 2 1
6 6 5 5 4 4 4 3 3 3 3 3 2 1 1 1
6 6 5 5 4 4 4 3 3 3 3 3 1 1 1 1 1
6 6 5 5 4 4 4 3 3 3 3 2 2 2 2
6 6 5 5 4 4 4 3 3 3 3 2 2 2 1 1
6 6 5 5 4 4 4 3 3 3 3 2 2 1 1 1 1
6 6 5 5 4 4 4 3 3 3 2 2 2 2 2 1
6 6 5 5 4 4 4 3 3 3 2 2 2 2 1 1 1
6 6 5 5 4 4 4 3 3 2 2 2 2 2 2 1 1
6 6 5 5 4 4 3 3 3 3 3 3 3 2 1
6 6 5 5 4 4 3 3 3 3 3 3 3 1 1 1
6 6 5 5 4 4 3 3 3 3 3 3 2 2 2
6 6 5 5 4 4 3 3 3 3 3 3 2 2 1 1
6 6 5 5 4 4 3 3 3 3 3 3 2 1 1 1 1
6 6 5 5 4 4 3 3 3 3 3 2 2 2 2 1
6 6 5 5 4 4 3 3 3 3 3 2 2 2 1 1 1
6 6 5 5 4 4 3 3 3 3 2 2 2 2 2 1 1
6 6 5 5 4 3 3 3 3 3 3 3 3 2 2
6 6 5 5 4 3 3 3 3 3 3 3 3 2 1 1
6 6 5 5 4 3 3 3 3 3 3 3 3 1 1 1 1
6 6 5 5 4 3 3 3 3 3 3 3 2 2 2 1
6 6 5 5 4 3 3 3 3 3 3 3 2 2 1 1 1
6 6 5 5 4 3 3 3 3 3 3 2 2 2 2 1 1
6 6 5 4 4 4 4 4 4 4 4 3 2
6 6 5 4 4 4 4 4 4 4 4 3 1 1
6 6 5 4 4 4 4 4 4 4 4 2 2 1
6 6 5 4 4 4 4 4 4 4 4 2 1 1 1
6 6 5 4 4 4 4 4 4 4 4 1 1 1 1 1
6 6 5 4 4 4 4 4 4 4 3 3 3
6 6 5 4 4 4 4 4 4 4 3 3 2 1
6 6 5 4 4 4 4 4 4 4 3 3 1 1 1
6 6 5 4 4 4 4 4 4 4 3 2 2 2
6 6 5 4 4 4 4 4 4 4 3 2 2 1 1
6 6 5 4 4 4 4 4 4 4 3 2 1 1 1 1
6 6 5 4 4 4 4 4 4 4 3 1 1 1 1 1 1
6 6 5 4 4 4 4 4 4 4 2 2 2 2 1
6 6 5 4 4 4 4 4 4 4 2 2 2 1 1 1
6 6 5 4 4 4 4 4 4 4 2 2 1 1 1 1 1
6 6 5 4 4 4 4 4 4 3 3 3 3 1
6 6 5 4 4 4 4 4 4 3 3 3 2 2
6 6 5 4 4 4 4 4 4 3 3 3 2 1 1
6 6 5 4 4 4 4 4 4 3 3 3 1 1 1 1
6 6 5 4 4 4 4 4 4 3 3 2 2 2 1
6 6 5 4 4 4 4 4 4 3 3 2 2 1 1 1
6 6 5 4 4 4 4 4 4 3 3 2 1 1 1 1 1
6 6 5 4 4 4 4 4 4 3 2 2 2 2 2
6 6 5 4 4 4 4 4 4 3 2 2 2 2 1 1
6 6 5 4 4 4 4 4 4 3 2 2 2 1 1 1 1
6 6 5 4 4 4 4 4 4 2 2 2 2 2 2 1
6 6 5 4 4 4 4 4 4 2 2 2 2 2 1 1 1
6 6 5 4 4 4 4 4 3 3 3 3 3 2
6 6 5 4 4 4 4 4 3 3 3 3 3 1 1
6 6 5 4 4 4 4 4 3 3 3 3 2 2 1
6 6 5 4 4 4 4 4 3 3 3 3 2 1 1 1
6 6 5 4 4 4 4 4 3 3 3 3 1 1 1 1 1
6 6 5 4 4 4 4 4 3 3 3 2 2 2 2
6 6 5 4 4 4 4 4 3 3 3 2 2 2 1 1
6 6 5 4 4 4 4 4 3 3 3 2 2 1 1 1 1
6 6 5 4 4 4 4 4 3 3 2 2 2 2 2 1
6 6 5 4 4 4 4 4 3 3 2 2 2 2 1 1 1
6 6 5 4 4 4 4 4 3 2 2 2 2 2 2 1 1
6 6 5 4 4 4 4 3 3 3 3 3 3 2 1
6 6 5 4 4 4 4 3 3 3 3 3 3 1 1 1
6 6 5 4 4 4 4 3 3 3 3 3 2 2 2
6 6 5 4 4 4 4 3 3 3 3 3 2 2 1 1
6 6 5 4 4 4 4 3 3 3 3 3 2 1 1 1 1
6 6 5 4 4 4 4 3 3 3 3 2 2 2 2 1
6 6 5 4 4 4 4 3 3 3 3 2 2 2 1 1 1
6 6 5 4 4 4 4 3 3 3 2 2 2 2 2 1 1
6 6 5 4 4 4 3 3 3 3 3 3 3 2 2
6 6 5 4 4 4 3 3 3 3 3 3 3 2 1 1
6 6 5 4 4 4 3 3 3 3 3 3 3 1 1 1 1
6 6 5 4 4 4 3 3 3 3 3 3 2 2 2 1
6 6 5 4 4 4 3 3 3 3 3 3 2 2 1 1 1
6 6 5 4 4 4 3 3 3 3 3 2 2 2 2 1 1
6 5 5 5 5 5 5 5 5 4 4
6 5 5 5 5 5 5 5 5 4 3 1
6 5 5 5 5 5 5 5 5 4 2 2
6 5 5 5 5 5 5 5 5 4 2 1 1
6 5 5 5 5 5 5 5 5 4 1 1 1 1
6 5 5 5 5 5 5 5 5 3 3 2
6 5 5 5 5 5 5 5 5 3 3 1 1
6 5 5 5 5 5 5 5 5 3 2 2 1
6 5 5 5 5 5 5 5 5 3 2 1 1 1
6 5 5 5 5 5 5 5 5 3 1 1 1 1 1
6 5 5 5 5 5 5 5 5 2 2 2 2
6 5 5 5 5 5 5 5 5 2 2 2 1 1
6 5 5 5 5 5 5 5 5 2 2 1 1 1 1
6 5 5 5 5 5 5 5 5 2 1 1 1 1 1 1
6 5 5 5 5 5 5 5 5 1 1 1 1 1 1 1 1
6 5 5 5 5 5 5 5 4 4 4 1
6 5 5 5 5 5 5 5 4 4 3 2
6 5 5 5 5 5 5 5 4 4 3 1 1
6 5 5 5 5 5 5 5 4 4 2 2 1
6 5 5 5 5 5 5 5 4 4 2 1 1 1
6 5 5 5 5 5 5 5 4 4 1 1 1 1 1
6 5 5 5 5 5 5 5 4 3 3 3
6 5 5 5 5 5 5 5 4 3 3 2 1
6 5 5 5 5 5 5 5 4 3 3 1 1 1
6 5 5 5 5 5 5 5 4 3 2 2 2
6 5 5 5 5 5 5 5 4 3 2 2 1 1
6 5 5 5 5 5 5 5 4 3 2 1 1 1 1
6 5 5 5 5 5 5 5 4 3 1 1 1 1 1 1
6 5 5 5 5 5 5 5 4 2 2 2 2 1
6 5 5 5 5 5 5 5 4 2 2 2 1 1 1
6 5 5 5 5 5 5 5 4 2 2 1 1 1 1 1
6 5 5 5 5 5 5 5 4 2 1 1 1 1 1 1 1
6 5 5 5 5 5 5 5 3 3 3 3 1
6 5 5 5 5 5 5 5 3 3 3 2 2
6 5 5 5 5 5 5 5 3 3 3 2 1 1
6 5 5 5 5 5 5 5 3 3 3 1 1 1 1
6 5 5 5 5 5 5 5 3 3 2 2 2 1
6 5 5 5 5 5 5 5 3 3 2 2 1 1 1
6 5 5 5 5 5 5 5 3 3 2 1 1 1 1 1
6 5 5 5 5 5 5 5 3 3 1 1 1 1 1 1 1
6 5 5 5 5 5 5 5 3 2 2 2 2 2
6 5 5 5 5 5 5 5 3 2 2 2 2 1 1
6 5 5 5 5 5 5 5 3 2 2 2 1 1 1 1
6 5 5 5 5 5 5 5 3 2 2 1 1 1 1 1 1
6 5 5 5 5 5 5 5 2 2 2 2 2 2 1
6 5 5 5 5 5 5 5 2 2 2 2 2 1 1 1
6 5 5 5 5 5 5 5 2 2 2 2 1 1 1 1 1
6 5 5 5 5 5 5 4 4 4 4 2
6 5 5 5 5 5 5 4 4 4 4 1 1
6 5 5 5 5 5 5 4 4 4 3 3
6 5 5 5 5 5 5 4 4 4 3 2 1
6 5 5 5 5 5 5 4 4 4 3 1 1 1
6 5 5 5 5 5 5 4 4 4 2 2 2
6 5 5 5 5 5 5 4 4 4 2 2 1 1
6 5 5 5 5 5 5 4 4 4 2 1 1 1 1
6 5 5 5 5 5 5 4 4 4 1 1 1 1 1 1
6 5 5 5 5 5 5 4 4 3 3 3 1
6 5 5 5 5 5 5 4 4 3 3 2 2
6 5 5 5 5 5 5 4 4 3 3 2 1 1
6 5 5 5 5 5 5 4 4 3 3 1 1 1 1
6 5 5 5 5 5 5 4 4 3 2 2 2 1
6 5 5 5 5 5 5 4 4 3 2 2 1 1 1
6 5 5 5 5 5 5 4 4 3 2 1 1 1 1 1
6 5 5 5 5 5 5 4 4 3 1 1 1 1 1 1 1
6 5 5 5 5 5 5 4 4 2 2 2 2 2
6 5 5 5 5 5 5 4 4 2 2 2 2 1 1
6 5 5 5 5 5 5 4 4 2 2 2 1 1 1 1
6 5 5 5 5 5 5 4 4 2 2 1 1 1 1 1 1
6 5 5 5 5 5 5 4 3 3 3 3 2
6 5 5 5 5 5 5 4 3 3 3 3 1 1
6 5 5 5 5 5 5 4 3 3 3 2 2 1
6 5 5 5 5 5 5 4 3 3 3 2 1 1 1
6 5 5 5 5 5 5 4 3 3 3 1 1 1 1 1
6 5 5 5 5 5 5 4 3 3 2 2 2 2
6 5 5 5 5 5 5 4 3 3 2 2 2 1 1
6 5 5 5 5 5 5 4 3 3 2 2 1 1 1 1
6 5 5 5 5 5 5 4 3 3 2 1 1 1 1 1 1
6 5 5 5 5 5 5 4 3 2 2 2 2 2 1
6 5 5 5 5 5 5 4 3 2 2 2 2 1 1 1
6 5 5 5 5 5 5 4 3 2 2 2 1 1 1 1 1
6 5 5 5 5 5 5 4 2 2 2 2 2 2 2
6 5 5 5 5 5 5 4 2 2 2 2 2 2 1 1
6 5 5 5 5 5 5 4 2 2 2 2 2 1 1 1 1
6 5 5 5 5 5 5 3 3 3 3 3 3
6 5 5 5 5 5 5 3 3 3 3 3 2 1
6 5 5 5 5 5 5 3 3 3 3 3 1 1 1
6 5 5 5 5 5 5 3 3 3 3 2 2 2
6 5 5 5 5 5 5 3 3 3 3 2 2 1 1
6 5 5 5 5 5 5 3 3 3 3 2 1 1 1 1
6 5 5 5 5 5 5 3 3 3 3 1 1 1 1 1 1
6 5 5 5 5 5 5 3 3 3 2 2 2 2 1
6 5 5 5 5 5 5 3 3 3 2 2 2 1 1 1
6 5 5 5 5 5 5 3 3 3 2 2 1 1 1 1 1
6 5 5 5 5 5 5 3 3 2 2 2 2 2 2
6 5 5 5 5 5 5 3 3 2 2 2 2 2 1 1
6 5 5 5 5 5 5 3 3 2 2 2 2 1 1 1 1
6 5 5 5 5 5 5 3 2 2 2 2 2 2 2 1
6 5 5 5 5 5 5 3 2 2 2 2 2 2 1 1 1
6 5 5 5 5 5 5 2 2 2 2 2 2 2 2 1 1
6 5 5 5 5 5 4 4 4 4 4 3
6 5 5 5 5 5 4 4 4 4 4 2 1
6 5 5 5 5 5 4 4 4 4 4 1 1 1
6 5 5 5 5 5 4 4 4 4 3 3 1
6 5 5 5 5 5 4 4 4 4 3 2 2
6 5 5 5 5 5 4 4 4 4 3 2 1 1
6 5 5 5 5 5 4 4 4 4 3 1 1 1 1
6 5 5 5 5 5 4 4 4 4 2 2 2 1
6 5 5 5 5 5 4 4 4 4 2 2 1 1 1
6 5 5 5 5 5 4 4 4 4 2 1 1 1 1 1
6 5 5 5 5 5 4 4 4 4 1 1 1 1 1 1 1
6 5 5 5 5 5 4 4 4 3 3 3 2
6 5 5 5 5 5 4 4 4 3 3 3 1 1
6 5 5 5 5 5 4 4 4 3 3 2 2 1
6 5 5 5 5 5 4 4 4 3 3 2 1 1 1
6 5 5 5 5 5 4 4 4 3 3 1 1 1 1 1
6 5 5 5 5 5 4 4 4 3 2 2 2 2
6 5 5 5 5 5 4 4 4 3 2 2 2 1 1
6 5 5 5 5 5 4 4 4 3 2 2 1 1 1 1
6 5 5 5 5 5 4 4 4 3 2 1 1 1 1 1 1
6 5 5 5 5 5 4 4 4 2 2 2 2 2 1
6 5 5 5 5 5 4 4 4 2 2 2 2 1 1 1
6 5 5 5 5 5 4 4 4 2 2 2 1 1 1 1 1
6 5 5 5 5 5 4 4 3 3 3 3 3
6 5 5 5 5 5 4 4 3 3 3 3 2 1
6 5 5 5 5 5 4 4 3 3 3 3 1 1 1
6 5 5 5 5 5 4 4 3 3 3 2 2 2
6 5 5 5 5 5 4 4 3 3 3 2 2 1 1
6 5 5 5 5 5 4 4 3 3 3 2 1 1 1 1
6 5 5 5 5 5 4 4 3 3 3 1 1 1 1 1 1
6 5 5 5 5 5 4 4 3 3 2 2 2 2 1
6 5 5 5 5 5 4 4 3 3 2 2 2 1 1 1
6 5 5 5 5 5 4 4 3 3 2 2 1 1 1 1 1
6 5 5 5 5 5 4 4 3 2 2 2 2 2 2
6 5 5 5 5 5 4 4 3 2 2 2 2 2 1 1
6 5 5 5 5 5 4 4 3 2 2 2 2 1 1 1 1
6 5 5 5 5 5 4 4 2 2 2 2 2 2 2 1
6 5 5 5 5 5 4 4 2 2 2 2 2 2 1 1 1
6 5 5 5 5 5 4 3 3 3 3 3 3 1
6 5 5 5 5 5 4 3 3 3 3 3 2 2
6 5 5 5 5 5 4 3 3 3 3 3 2 1 1
6 5 5 5 5 5 4 3 3 3 3 3 1 1 1 1
6 5 5 5 5 5 4 3 3 3 3 2 2 2 1
6 5 5 5 5 5 4 3 3 3 3 2 2 1 1 1
6 5 5 5 5 5 4 3 3 3 3 2 1 1 1 1 1
6 5 5 5 5 5 4 3 3 3 2 2 2 2 2
6 5 5 5 5 5 4 3 3 3 2 2 2 2 1 1
6 5 5 5 5 5 4 3 3 3 2 2 2 1 1 1 1
6 5 5 5 5 5 4 3 3 2 2 2 2 2 2 1
6 5 5 5 5 5 4 3 3 2 2 2 2 2 1 1 1
6 5 5 5 5 5 4 3 2 2 2 2 2 2 2 1 1
6 5 5 5 5 5 3 3 3 3 3 3 3 2
6 5 5 5 5 5 3 3 3 3 3 3 3 1 1
6 5 5 5 5 5 3 3 3 3 3 3 2 2 1
6 5 5 5 5 5 3 3 3 3 3 3 2 1 1 1
6 5 5 5 5 5 3 3 3 3 3 3 1 1 1 1 1
6 5 5 5 5 5 3 3 3 3 3 2 2 2 2
6 5 5 5 5 5 3 3 3 3 3 2 2 2 1 1
6 5 5 5 5 5 3 3 3 3 3 2 2 1 1 1 1
6 5 5 5 5 5 3 3 3 3 2 2 2 2 2 1
6 5 5 5 5 5 3 3 3 3 2 2 2 2 1 1 1
6 5 5 5 5 5 3 3 3 2 2 2 2 2 2 1 1
6 5 5 5 5 4 4 4 4 4 4 3 1
6 5 5 5 5 4 4 4 4 4 4 2 2
6 5 5 5 5 4 4 4 4 4 4 2 1 1
6 5 5 5 5 4 4 4 4 4 4 1 1 1 1
6 5 5 5 5 4 4 4 4 4 3 3 2
6 5 5 5 5 4 4 4 4 4 3 3 1 1
6 5 5 5 5 4 4 4 4 4 3 2 2 1
6 5 5 5 5 4 4 4 4 4 3 2 1 1 1
6 5 5 5 5 4 4 4 4 4 3 1 1 1 1 1
6 5 5 5 5 4 4 4 4 4 2 2 2 2
6 5 5 5 5 4 4 4 4 4 2 2 2 1 1
6 5 5 5 5 4 4 4 4 4 2 2 1 1 1 1
6 5 5 5 5 4 4 4 4 4 2 1 1 1 1 1 1
6 5 5 5 5 4 4 4 4 3 3 3 3
6 5 5 5 5 4 4 4 4 3 3 3 2 1
6 5 5 5 5 4 4 4 4 3 3 3 1 1 1
6 5 5 5 5 4 4 4 4 3 3 2 2 2
6 5 5 5 5 4 4 4 4 3 3 2 2 1 1
6 5 5 5 5 4 4 4 4 3 3 2 1 1 1 1
6 5 5 5 5 4 4 4 4 3 3 1 1 1 1 1 1
6 5 5 5 5 4 4 4 4 3 2 2 2 2 1
6 5 5 5 5 4 4 4 4 3 2 2 2 1 1 1
6 5 5 5 5 4 4 4 4 3 2 2 1 1 1 1 1
6 5 5 5 5 4 4 4 4 2 2 2 2 2 2
6 5 5 5 5 4 4 4 4 2 2 2 2 2 1 1
6 5 5 5 5 4 4 4 4 2 2 2 2 1 1 1 1
6 5 5 5 5 4 4 4 3 3 3 3 3 1
6 5 5 5 5 4 4 4 3 3 3 3 2 2
6 5 5 5 5 4 4 4 3 3 3 3 2 1 1
6 5 5 5 5 4 4 4 3 3 3 3 1 1 1 1
6 5 5 5 5 4 4 4 3 3 3 2 2 2 1
6 5 5 5 5 4 4 4 3 3 3 2 2 1 1 1
6 5 5 5 5 4 4 4 3 3 3 2 1 1 1 1 1
6 5 5 5 5 4 4 4 3 3 2 2 2 2 2
6 5 5 5 5 4 4 4 3 3 2 2 2 2 1 1
6 5 5 5 5 4 4 4 3 3 2 2 2 1 1 1 1
6 5 5 5 5 4 4 4 3 2 2 2 2 2 2 1
6 5 5 5 5 4 4 4 3 2 2 2 2 2 1 1 1
6 5 5 5 5 4 4 4 2 2 2 2 2 2 2 1 1
6 5 5 5 5 4 4 3 3 3 3 3 3 2
6 5 5 5 5 4 4 3 3 3 3 3 3 1 1
6 5 5 5 5 4 4 3 3 3 3 3 2 2 1
6 5 5 5 5 4 4 3 3 3 3 3 2 1 1 1
6 5 5 5 5 4 4 3 3 3 3 3 1 1 1 1 1
6 5 5 5 5 4 4 3 3 3 3 2 2 2 2
6 5 5 5 5 4 4 3 3 3 3 2 2 2 1 1
6 5 5 5 5 4 4 3 3 3 3 2 2 1 1 1 1
6 5 5 5 5 4 4 3 3 3 2 2 2 2 2 1
6 5 5 5 5 4 4 3 3 3 2 2 2 2 1 1 1
6 5 5 5 5 4 4 3 3 2 2 2 2 2 2 1 1
6 5 5 5 5 4 3 3 3 3 3 3 3 2 1
6 5 5 5 5 4 3 3 3 3 3 3 3 1 1 1
6 5 5 5 5 4 3 3 3 3 3 3 2 2 2
6 5 5 5 5 4 3 3 3 3 3 3 2 2 1 1
6 5 5 5 5 4 3 3 3 3 3 3 2 1 1 1 1
6 5 5 5 5 4 3 3 3 3 3 2 2 2 2 1
6 5 5 5 5 4 3 3 3 3 3 2 2 2 1 1 1
6 5 5 5 5 4 3 3 3 3 2 2 2 2 2 1 1
6 5 5 5 5 3 3 3 3 3 3 3 3 2 2
6 5 5 5 5 3 3 3 3 3 3 3 3 2 1 1
6 5 5 5 5 3 3 3 3 3 3 3 3 1 1 1 1
6 5 5 5 5 3 3 3 3 3 3 3 2 2 2 1
6 5 5 5 5 3 3 3 3 3 3 3 2 2 1 1 1
6 5 5 5 5 3 3 3 3 3 3 2 2 2 2 1 1
6 5 5 5 4 4 4 4 4 4 4 3 2
6 5 5 5 4 4 4 4 4 4 4 3 1 1
6 5 5 5 4 4 4 4 4 4 4 2 2 1
6 5 5 5 4 4 4 4 4 4 4 2 1 1 1
6 5 5 5 4 4 4 4 4 4 4 1 1 1 1 1
6 5 5 5 4 4 4 4 4 4 3 3 3
6 5 5 5 4 4 4 4 4 4 3 3 2 1
6 5 5 5 4 4 4 4 4 4 3 3 1 1 1
6 5 5 5 4 4 4 4 4 4 3 2 2 2
6 5 5 5 4 4 4 4 4 4 3 2 2 1 1
6 5 5 5 4 4 4 4 4 4 3 2 1 1 1 1
6 5 5 5 4 4 4 4 4 4 3 1 1 1 1 1 1
6 5 5 5 4 4 4 4 4 4 2 2 2 2 1
6 5 5 5 4 4 4 4 4 4 2 2 2 1 1 1
6 5 5 5 4 4 4 4 4 4 2 2 1 1 1 1 1
6 5 5 5 4 4 4 4 4 3 3 3 3 1
6 5 5 5 4 4 4 4 4 3 3 3 2 2
6 5 5 5 4 4 4 4 4 3 3 3 2 1 1
6 5 5 5 4 4 4 4 4 3 3 3 1 1 1 1
6 5 5 5 4 4 4 4 4 3 3 2 2 2 1
6 5 5 5 4 4 4 4 4 3 3 2 2 1 1 1
6 5 5 5 4 4 4 4 4 3 3 2 1 1 1 1 1
6 5 5 5 4 4 4 4 4 3 2 2 2 2 2
6 5 5 5 4 4 4 4 4 3 2 2 2 2 1 1
6 5 5 5 4 4 4 4 4 3 2 2 2 1 1 1 1
6 5 5 5 4 4 4 4 4 2 2 2 2 2 2 1
6 5 5 5 4 4 4 4 4 2 2 2 2 2 1 1 1
6 5 5 5 4 4 4 4 3 3 3 3 3 2
6 5 5 5 4 4 4 4 3 3 3 3 3 1 1
6 5 5 5 4 4 4 4 3 3 3 3 2 2 1
6 5 5 5 4 4 4 4 3 3 3 3 2 1 1 1
6 5 5 5 4 4 4 4 3 3 3 3 1 1 1 1 1
6 5 5 5 4 4 4 4 3 3 3 2 2 2 2
6 5 5 5 4 4 4 4 3 3 3 2 2 2 1 1
6 5 5 5 4 4 4 4 3 3 3 2 2 1 1 1 1
6 5 5 5 4 4 4 4 3 3 2 2 2 2 2 1
6 5 5 5 4 4 4 4 3 3 2 2 2 2 1 1 1
6 5 5 5 4 4 4 4 3 2 2 2 2 2 2 1 1
6 5 5 5 4 4 4 3 3 3 3 3 3 2 1
6 5 5 5 4 4 4 3 3 3 3 3 3 1 1 1
6 5 5 5 4 4 4 3 3 3 3 3 2 2 2
6 5 5 5 4 4 4 3 3 3 3 3 2 2 1 1
6 5 5 5 4 4 4 3 3 3 3 3 2 1 1 1 1
6 5 5 5 4 4 4 3 3 3 3 2 2 2 2 1
6 5 5 5 4 4 4 3 3 3 3 2 2 2 1 1 1
6 5 5 5 4 4 4 3 3 3 2 2 2 2 2 1 1
6 5 5 5 4 4 3 3 3 3 3 3 3 2 2
6 5 5 5 4 4 3 3 3 3 3 3 3 2 1 1
6 5 5 5 4 4 3 3 3 3 3 3 3 1 1 1 1
6 5 5 5 4 4 3 3 3 3 3 3 2 2 2 1
6 5 5 5 4 4 3 3 3 3 3 3 2 2 1 1 1
6 5 5 5 4 4 3 3 3 3 3 2 2 2 2 1 1
6 5 5 4 4 4 4 4 4 4 4 3 3
6 5 5 4 4 4 4 4 4 4 4 3 2 1
6 5 5 4 4 4 4 4 4 4 4 3 1 1 1
6 5 5 4 4 4 4 4 4 4 4 2 2 2
6 5 5 4 4 4 4 4 4 4 4 2 2 1 1
6 5 5 4 4 4 4 4 4 4 4 2 1 1 1 1
6 5 5 4 4 4 4 4 4 4 4 1 1 1 1 1 1
6 5 5 4 4 4 4 4 4 4 3 3 3 1
6 5 5 4 4 4 4 4 4 4 3 3 2 2
6 5 5 4 4 4 4 4 4 4 3 3 2 1 1
6 5 5 4 4 4 4 4 4 4 3 3 1 1 1 1
6 5 5 4 4 4 4 4 4 4 3 2 2 2 1
6 5 5 4 4 4 4 4 4 4 3 2 2 1 1 1
6 5 5 4 4 4 4 4 4 4 3 2 1 1 1 1 1
6 5 5 4 4 4 4 4 4 4 2 2 2 2 2
6 5 5 4 4 4 4 4 4 4 2 2 2 2 1 1
6 5 5 4 4 4 4 4 4 4 2 2 2 1 1 1 1
6 5 5 4 4 4 4 4 4 3 3 3 3 2
6 5 5 4 4 4 4 4 4 3 3 3 3 1 1
6 5 5 4 4 4 4 4 4 3 3 3 2 2 1
6 5 5 4 4 4 4 4 4 3 3 3 2 1 1 1
6 5 5 4 4 4 4 4 4 3 3 3 1 1 1 1 1
6 5 5 4 4 4 4 4 4 3 3 2 2 2 2
6 5 5 4 4 4 4 4 4 3 3 2 2 2 1 1
6 5 5 4 4 4 4 4 4 3 3 2 2 1 1 1 1
6 5 5 4 4 4 4 4 4 3 2 2 2 2 2 1
6 5 5 4 4 4 4 4 4 3 2 2 2 2 1 1 1
6 5 5 4 4 4 4 4 4 2 2 2 2 2 2 1 1
6 5 5 4 4 4 4 4 3 3 3 3 3 2 1
6 5 5 4 4 4 4 4 3 3 3 3 3 1 1 1
6 5 5 4 4 4 4 4 3 3 3 3 2 2 2
6 5 5 4 4 4 4 4 3 3 3 3 2 2 1 1
6 5 5 4 4 4 4 4 3 3 3 3 2 1 1 1 1
6 5 5 4 4 4 4 4 3 3 3 2 2 2 2 1
6 5 5 4 4 4 4 4 3 3 3 2 2 2 1 1 1
6 5 5 4 4 4 4 4 3 3 2 2 2 2 2 1 1
6 5 5 4 4 4 4 3 3 3 3 3 3 2 2
6 5 5 4 4 4 4 3 3 3 3 3 3 2 1 1
6 5 5 4 4 4 4 3 3 3 3 3 3 1 1 1 1
6 5 5 4 4 4 4 3 3 3 3 3 2 2 2 1
6 5 5 4 4 4 4 3 3 3 3 3 2 2 1 1 1
6 5 5 4 4 4 4 3 3 3 3 2 2 2 2 1 1
